날짜,북컨물동량,남컨물동량,서컨물동량,남해2지선_가락IC-서부산TG,남해2지선_서부산IC-가락IC,남해선(순천-부산)_김해JC-동김해IC,남해선(순천-부산)_북부산TG-김해JC,부산신항선_남진례IC-대청IC,부산신항선_대청IC-진해IC,부산신항선_진례JC-남진례IC,부산신항선_진해IC-남문대교,중앙선_대감JC-대동IC,중앙선_대동IC-초정IC
2022-01-01,10619.0,5804.0,0.0,0.0,1897.39,890.81,671.73,283.06,506.96,,57.76,1122.69,1004.25
2022-01-02,10337.0,2533.0,0.0,0.0,7325.14,788.31,621.61,374.31,599.2,,67.11,1046.69,943.84
2022-01-03,7351.0,4163.0,0.0,0.0,19744.53,6021.34,4661.58,1841.58,2797.07,,780.67,8200.74,7035.58
2022-01-04,16035.0,3820.0,0.0,0.0,18011.1,6659.27,5166.8,2174.01,3255.9,,977.66,9421.62,8064.83
2022-01-05,4045.0,2479.0,0.0,0.0,19513.18,6760.28,5286.98,2170.43,3276.56,,986.79,9514.49,8097.19
2022-01-06,4342.0,7859.0,0.0,0.0,19520.0,7206.23,5455.05,2105.95,3137.3,,946.28,9918.42,8567.63
2022-01-07,14637.0,7902.0,0.0,0.0,17488.91,6489.65,5104.1,2289.26,3380.9,,960.79,9077.14,7758.9
2022-01-08,8198.0,1901.0,0.0,0.0,10278.48,3168.06,2447.42,1077.36,1767.03,,290.36,4037.44,3581.6
2022-01-09,6172.0,4081.0,0.0,0.0,7188.8,888.43,697.61,547.71,911.13,,95.27,1149.75,1030.5
2022-01-10,11349.0,14317.0,0.0,0.0,20780.6,6715.87,5258.92,2032.2,3010.31,,891.58,9301.71,7940.45
2022-01-11,9109.0,6975.0,0.0,0.0,20821.09,7105.66,5353.91,2191.43,3221.58,,1007.8,9793.11,8398.29
2022-01-12,11078.0,7457.0,0.0,0.0,18946.84,6854.15,5339.13,2275.5,3334.37,,1055.97,9452.36,8109.19
2022-01-13,6335.0,6719.0,0.0,0.0,18579.32,7042.8,5433.66,2194.39,3245.33,,1010.3,9951.75,8505.28
2022-01-14,6648.0,3276.0,0.0,0.0,18349.75,6775.65,5192.0,2285.19,3359.68,,971.42,9439.53,8056.4
2022-01-15,17708.0,7583.0,0.0,0.0,10053.95,3201.45,2479.79,1045.43,1736.19,,278.71,4147.52,3683.83
2022-01-16,5937.0,7415.0,0.0,0.0,7457.72,857.25,671.62,547.87,933.97,,94.14,1141.58,1025.68
2022-01-17,12022.0,2585.0,0.0,0.0,20407.12,6664.66,5163.67,2018.28,2959.64,,891.82,9326.91,7935.74
2022-01-18,11610.0,2289.0,0.0,0.0,18956.78,7463.27,5380.46,2186.29,3215.33,,992.31,9818.65,8378.24
2022-01-19,9486.0,2870.0,0.0,0.0,20160.89,8536.07,5454.01,2004.99,2976.69,,931.56,9966.01,8481.27
2022-01-20,6039.0,5996.0,0.0,0.0,19245.27,8379.42,5332.16,2237.98,3293.21,,1025.25,9619.33,8324.48
2022-01-21,12714.0,10763.0,0.0,0.0,17431.17,8308.73,5215.52,2309.91,3367.59,,1025.5,9590.6,8229.81
2022-01-22,9507.0,6264.0,0.0,0.0,10559.73,4091.86,2595.14,1162.85,1905.76,,341.79,4457.97,3930.38
2022-01-23,7769.0,8145.0,0.0,0.0,7881.74,1146.97,721.09,301.56,509.85,,63.18,1192.05,1074.73
2022-01-24,12668.0,6034.0,0.0,0.0,20901.85,8897.19,5616.74,2204.24,3247.59,,1000.42,10071.49,8576.59
2022-01-25,8807.0,8963.0,0.0,0.0,21252.78,9167.42,5770.9,2302.73,3391.3,,1080.87,10440.97,8885.9
2022-01-26,9291.0,2866.0,0.0,0.0,19120.76,9067.68,5724.87,2439.62,3528.98,,1188.68,10659.87,9032.56
2022-01-27,18086.0,9002.0,0.0,0.0,19265.13,8745.39,5514.93,2342.44,3411.68,,1116.66,10271.01,8799.44
2022-01-28,10561.0,6075.0,0.0,0.0,16749.12,8053.35,4862.84,2202.4,3221.53,,930.78,9311.24,7971.38
2022-01-29,15330.0,5493.0,0.0,0.0,9359.62,3446.15,2188.0,711.64,1131.88,,231.58,4059.07,3641.49
2022-01-30,8249.0,6699.0,0.0,0.0,3045.42,988.77,628.06,218.66,357.18,,49.14,1045.19,948.82
2022-01-31,5577.0,2824.0,0.0,0.0,2742.04,1253.0,801.85,189.94,318.83,,43.5,1175.16,1068.12
2022-02-01,4910.0,3257.0,0.0,,,262.69,171.55,105.12,169.4,,11.99,240.01,216.0
2022-02-02,7153.0,2148.0,0.0,,,1327.93,855.16,281.28,429.73,,60.03,1379.3,1240.5
2022-02-03,9397.0,7489.0,0.0,,,6820.69,4364.38,1755.04,2624.91,,787.47,7522.13,6417.23
2022-02-04,7936.0,3964.0,0.0,,,7729.59,4843.21,2054.59,3045.39,,997.83,8971.82,7673.29
2022-02-05,10882.0,7412.0,0.0,,,3779.56,2432.48,1053.49,1710.05,,337.62,4095.29,3627.37
2022-02-06,11195.0,1291.0,0.0,,,1178.31,745.72,500.87,869.76,,97.61,1233.84,1114.64
2022-02-07,7962.0,9749.0,0.0,,,8121.58,5231.85,2102.38,3085.99,,989.88,9321.39,8008.23
2022-02-08,15399.0,4521.0,0.0,,,8473.56,5388.8,2388.82,3502.64,,1150.69,10021.2,8568.47
2022-02-09,5987.0,3832.0,0.0,,,8313.21,5261.69,2254.87,3326.42,,1024.73,9807.92,8380.41
2022-02-10,11521.0,3425.0,0.0,,,8656.45,5387.14,2329.31,3435.53,,1122.26,9992.86,8579.13
2022-02-11,7383.0,5771.0,0.0,,,7980.63,5020.77,2386.08,3506.16,,1059.15,9348.57,7970.37
2022-02-12,11660.0,8490.0,0.0,,,3800.33,2426.15,1132.69,1886.84,,1622.71,4218.54,3739.32
2022-02-13,9818.0,5046.0,0.0,,,1188.41,734.09,416.13,707.68,,116.96,1281.55,1152.13
2022-02-14,11564.0,6080.0,0.0,,,8415.0,5197.92,2197.11,3210.39,,1081.65,9531.95,8120.78
2022-02-15,9639.0,4279.0,0.0,,,8444.49,5193.2,2183.25,3192.05,,1024.1,9740.13,8349.84
2022-02-16,15764.0,10163.0,0.0,,,8091.99,5097.66,2231.88,3263.12,,1062.67,9242.55,7925.7
2022-02-17,10557.0,6153.0,0.0,,,8159.55,5182.37,2277.73,3292.85,,1088.6,9731.38,8345.3
2022-02-18,10032.0,6361.0,0.0,,,8495.89,5198.55,2371.42,3452.67,,1094.73,9668.99,8138.16
2022-02-19,11117.0,5968.0,0.0,,,3763.92,2413.42,805.22,1296.84,,244.75,4045.23,3577.82
2022-02-20,9735.0,9464.0,0.0,,,1107.6,702.04,294.05,493.11,,62.62,1192.83,1070.43
2022-02-21,14138.0,4888.0,0.0,,,8155.64,5228.46,1958.5,2889.83,,920.31,9643.67,8236.81
2022-02-22,10356.0,9948.0,0.0,,,8287.05,5342.91,2025.99,3023.49,,976.05,9874.37,8484.03
2022-02-23,12511.0,8067.0,0.0,,,8692.67,5397.21,2128.44,3090.34,,1010.13,9948.05,8516.12
2022-02-24,13739.0,5172.0,0.0,,,8250.57,5412.04,2225.18,3285.34,,1085.84,10507.84,8976.87
2022-02-25,12608.0,3040.0,0.0,,,8538.45,5352.02,2309.12,3339.81,,1042.45,10238.43,8770.82
2022-02-26,13809.0,11912.0,0.0,,,4685.56,2878.66,1293.42,2062.54,,367.62,5349.78,4728.55
2022-02-27,12118.0,3641.0,0.0,,,1225.33,747.08,398.99,671.6,,81.56,1372.15,1240.75
2022-02-28,13634.0,7636.0,0.0,,,8137.56,5039.12,2106.31,3169.13,,913.74,9740.49,8404.09
2022-03-01,10179.0,2530.0,0.0,0.0,12323.13,3596.51,2204.14,1008.9,1639.66,,302.11,,
2022-03-02,10458.0,4214.0,0.0,0.0,20024.37,7607.38,5005.33,2105.02,3097.92,,991.64,,
2022-03-03,8928.0,10826.0,0.0,0.0,18640.24,7452.86,5653.02,2309.0,3442.56,,1126.1,,
2022-03-04,18710.0,4518.0,0.0,0.0,17398.69,6996.55,5229.03,2402.23,3499.64,,1141.31,,
2022-03-05,9802.0,7498.0,0.0,0.0,10860.48,3231.6,2475.69,1117.96,1806.13,,361.2,,
2022-03-06,8132.0,9536.0,0.0,0.0,7466.72,1026.62,770.32,448.28,773.91,,94.64,,
2022-03-07,8687.0,6737.0,0.0,0.0,20926.22,7308.48,5562.06,2337.59,3444.5,,1115.15,,
2022-03-08,10468.0,5577.0,0.0,0.0,19028.89,7219.05,5467.43,2333.32,3468.65,,1110.38,,
2022-03-09,10518.0,7447.0,0.0,0.0,14248.65,2813.16,2217.1,1026.91,1667.22,,273.05,,
2022-03-10,14040.0,6865.0,0.0,0.0,18953.19,6971.1,5394.79,2236.32,3328.8,,1102.12,,
2022-03-11,8288.0,3369.0,0.0,0.0,18809.72,7363.78,5528.52,2467.83,3597.53,,1172.12,,
2022-03-12,10069.0,11865.0,0.0,0.0,9344.79,4036.33,3148.8,1056.92,1714.16,,327.83,,
2022-03-13,11159.0,4172.0,0.0,0.0,6826.8,856.43,675.89,265.19,441.08,,52.68,,
2022-03-14,10793.0,12758.0,0.0,0.0,19005.21,6565.57,4973.1,1948.37,2865.85,,898.78,,
2022-03-15,10322.0,1055.0,0.0,0.0,19270.59,7049.67,5316.96,2099.61,3081.3,,1009.15,,
2022-03-16,9755.0,6026.0,0.0,0.0,18599.19,7074.75,5390.41,2007.32,2966.71,,975.92,,
2022-03-17,10852.0,9830.0,0.0,0.0,19280.38,7036.2,5334.21,1995.42,2946.69,,945.24,,
2022-03-18,9838.0,2954.0,0.0,0.0,15987.07,6206.64,4645.69,1886.51,2804.26,,834.36,,
2022-03-19,7917.0,4234.0,0.0,0.0,10563.4,2785.75,2221.68,667.11,1118.31,,183.39,,
2022-03-20,10052.0,8368.0,0.0,0.0,7906.05,864.55,667.3,258.61,442.54,,47.58,,
2022-03-21,11122.0,12739.0,0.0,0.0,19954.91,6998.73,5305.25,1990.49,2976.69,,920.3,,
2022-03-22,12196.0,5506.0,0.0,0.0,18858.92,7078.2,5406.34,2090.17,3069.61,,1006.62,,
2022-03-23,11679.0,6066.0,0.0,0.0,19172.97,6952.48,5409.66,2006.01,2997.6,,961.72,,
2022-03-24,9759.0,7483.0,0.0,0.0,19101.03,7243.18,5496.81,2073.79,3058.79,,979.73,,
2022-03-25,15832.0,6644.0,0.0,0.0,17934.45,6897.73,5219.65,2041.88,3022.89,,904.37,,
2022-03-26,5010.0,6046.0,0.0,0.0,8111.29,2716.0,2121.61,764.07,1275.77,,221.07,,
2022-03-27,13316.0,5564.0,0.0,0.0,7050.6,925.51,702.59,286.34,484.9,,55.79,,
2022-03-28,17755.0,7046.0,0.0,0.0,20022.05,6894.64,5162.08,1929.46,2871.85,,889.5,,
2022-03-29,8644.0,6657.0,0.0,0.0,18404.9,7136.6,5376.69,2120.84,3165.99,,1003.35,,
2022-03-30,13923.0,8062.0,0.0,0.0,17404.74,6784.07,5233.12,1953.8,2883.78,,905.46,,
2022-03-31,8812.0,2898.0,0.0,0.0,17932.38,6863.17,5201.99,1968.94,2909.34,,886.8,,
2022-04-01,12383.0,5505.0,0.0,0.0,18545.83,6839.93,5083.32,2303.31,3437.27,,978.5,9522.63,8176.81
2022-04-02,5372.0,6664.0,0.0,0.0,8225.32,2802.41,2137.91,1118.63,1868.67,,248.15,3429.13,3020.82
2022-04-03,16190.0,12389.0,0.0,0.0,7384.05,916.33,706.55,340.76,583.38,,57.43,1181.77,1062.43
2022-04-04,12316.0,2470.0,0.0,0.0,21783.51,7000.66,5362.08,2084.88,3077.03,,917.93,9574.12,8203.77
2022-04-05,9262.0,4792.0,0.0,0.0,19322.85,7034.57,5433.14,2263.73,3364.14,,1086.58,9893.66,8380.8
2022-04-06,10516.0,11087.0,0.0,0.0,18352.65,7041.43,5285.94,2288.55,3413.24,,1019.3,9610.41,8129.55
2022-04-07,12876.0,7246.0,0.0,0.0,18608.48,6796.12,5071.68,2215.96,3322.91,,1021.76,9471.77,8081.51
2022-04-08,7954.0,4124.0,0.0,0.0,18053.7,7108.32,5260.26,2272.95,3325.66,,964.02,9742.95,8266.68
2022-04-09,8640.0,5396.0,0.0,0.0,9694.27,3737.32,2899.52,994.25,1645.87,,262.96,4710.5,4130.28
2022-04-10,10868.0,6289.0,0.0,0.0,8006.61,1004.21,772.78,383.25,647.58,,69.92,1282.1,1159.07
2022-04-11,9330.0,8752.0,0.0,0.0,18931.49,6677.19,5108.08,2077.56,3087.91,,916.13,9372.29,8039.37
2022-04-12,4794.0,9204.0,0.0,0.0,19230.06,7152.88,5506.34,2205.76,3289.66,,1010.0,10071.99,8712.63
2022-04-13,15093.0,5061.0,0.0,0.0,17412.74,6877.17,5349.96,1938.39,2895.42,,911.19,10161.5,8748.85
2022-04-14,17170.0,5393.0,0.0,0.0,17534.51,7025.7,5329.53,1968.56,2935.24,,944.46,10145.51,8705.82
2022-04-15,9305.0,5445.0,0.0,0.0,18330.4,7026.87,5198.19,2304.46,3415.17,,1018.84,9755.58,8151.5
2022-04-16,9387.0,7881.0,0.0,0.0,11975.99,3461.87,2615.37,1134.49,1849.23,,316.2,4340.88,3931.47
2022-04-17,10054.0,9163.0,0.0,0.0,7131.13,1174.14,892.53,329.81,552.88,,67.66,1495.73,1404.63
2022-04-18,11546.0,9519.0,0.0,0.0,19433.28,7092.34,5337.35,2126.67,3137.93,,983.95,9925.87,8561.77
2022-04-19,12249.0,7502.0,0.0,0.0,18681.45,7264.09,5440.7,2217.5,3267.38,,1045.4,10183.2,8668.65
2022-04-20,10733.0,6389.0,0.0,0.0,20194.06,7133.16,5322.51,2191.52,3219.67,,1050.54,9833.97,8307.01
2022-04-21,10182.0,6568.0,0.0,0.0,17631.35,6931.99,5131.35,2161.81,3227.2,,1070.95,9797.49,8299.63
2022-04-22,10751.0,5082.0,0.0,0.0,17309.24,6621.9,5074.06,2352.84,3438.77,,1018.15,9384.91,8163.73
2022-04-23,15120.0,5331.0,0.0,0.0,8905.7,3411.65,2602.96,1130.77,1853.01,,311.79,4406.82,3993.73
2022-04-24,12453.0,5303.0,0.0,0.0,7599.12,985.26,759.09,355.36,592.56,,64.9,1270.39,1221.86
2022-04-25,17345.0,4144.0,0.0,0.0,17980.98,6744.29,5210.13,2020.43,3030.3,,868.13,9480.12,8390.08
2022-04-26,11731.0,7720.0,0.0,0.0,13141.64,5303.32,4386.01,1764.48,2618.98,,813.46,8351.18,7220.68
2022-04-27,11643.0,3006.0,0.0,0.0,19207.86,6882.93,5146.22,2048.38,3097.07,,964.9,9488.61,7119.4
2022-04-28,9949.0,3920.0,0.0,0.0,18950.81,7178.98,5395.75,2177.0,3294.68,,1049.81,10177.37,7570.44
2022-04-29,12784.0,7610.0,0.0,0.0,16380.98,6282.88,4558.73,1903.19,2799.2,,823.23,8658.87,6528.67
2022-04-30,12633.0,4100.0,0.0,0.0,8184.16,2945.59,2229.6,815.92,1334.82,,223.25,3626.98,2869.79
2022-05-01,14569.0,4444.0,0.0,,,920.61,690.67,323.19,532.4,,62.04,,
2022-05-02,10009.0,4715.0,0.0,,,6972.49,5199.27,1831.97,2744.76,,808.83,,
2022-05-03,13356.0,5233.0,0.0,,,7346.91,5469.44,2146.38,3195.62,,1018.83,,
2022-05-04,,,0.0,,,7417.84,5519.11,2233.81,3319.08,,987.13,,
2022-05-05,8380.0,17897.0,0.0,,,3240.55,2453.36,1124.09,1762.69,,248.36,,
2022-05-06,8282.0,6409.0,0.0,,,6517.25,4873.65,2125.55,3182.65,,909.01,,
2022-05-07,14462.0,8710.0,0.0,,,2993.35,2289.5,1078.02,1710.14,,244.95,,
2022-05-08,14302.0,6329.0,0.0,,,970.74,742.65,323.86,528.11,,50.02,,
2022-05-09,8321.0,7305.0,0.0,,,6639.36,4970.18,2051.35,3047.03,,893.76,,
2022-05-10,12813.0,2387.0,0.0,,,6691.47,5067.94,2299.54,3402.09,,1077.96,,
2022-05-11,8218.0,3987.0,0.0,,,6612.28,5137.89,2175.41,3224.33,,974.82,,
2022-05-12,8180.0,3463.0,0.0,,,6589.53,5211.9,2002.99,3095.02,,945.28,,
2022-05-13,12442.0,10109.0,0.0,,,6277.87,4861.59,2173.22,3263.5,,918.11,,
2022-05-14,10482.0,3244.0,0.0,,,3261.75,2528.06,874.84,1449.78,,218.08,,
2022-05-15,11373.0,2569.0,0.0,,,992.62,753.31,383.37,646.43,,66.87,,
2022-05-16,13991.0,3323.0,0.0,,,6695.59,5106.71,1964.14,2941.23,,897.71,,
2022-05-17,4429.0,11198.0,0.0,,,6925.68,5351.54,2050.84,3028.59,,969.79,,
2022-05-18,10658.0,3642.0,0.0,,,6831.55,5277.61,1963.85,2985.15,,946.72,,
2022-05-19,16070.0,10865.0,0.0,,,6963.94,5402.0,2052.11,3094.75,,970.92,,
2022-05-20,8372.0,6877.0,0.0,,,6721.83,5180.18,2064.31,3132.65,,899.33,,
2022-05-21,8764.0,5123.0,0.0,,,3247.64,2576.43,966.5,1629.48,,257.48,,
2022-05-22,20761.0,9139.0,0.0,,,1104.75,857.28,499.62,863.92,,90.33,,
2022-05-23,14192.0,7769.0,0.0,,,9003.97,5693.22,1957.67,2953.12,,900.27,,
2022-05-24,8828.0,7593.0,0.0,,,9474.77,6041.63,2123.6,3192.63,,1022.55,,
2022-05-25,14323.0,4667.0,0.0,,,9622.54,6076.3,2215.35,3288.64,,1025.15,,
2022-05-26,9265.0,5552.0,0.0,,,9291.51,5763.55,2132.02,3260.57,,1014.62,,
2022-05-27,7994.0,13431.0,0.0,,,9175.49,5639.5,2199.62,3322.12,,977.35,,
2022-05-28,15794.0,3950.0,0.0,,,5001.6,3232.25,1052.83,1822.84,,259.89,,
2022-05-29,13375.0,7437.0,0.0,,,1511.33,948.46,513.94,875.96,,102.77,,
2022-05-30,6681.0,5718.0,0.0,,,8443.79,5288.89,1789.24,2729.68,,819.97,,
2022-05-31,14713.0,9588.0,0.0,,,8807.7,5769.32,2077.84,3136.41,,957.82,,
2022-06-01,10707.0,5180.0,0.0,,,4716.62,2998.41,912.19,1511.53,,255.43,,
2022-06-02,9799.0,6927.0,0.0,,,8250.48,5807.91,2268.67,3459.77,,1144.28,,
2022-06-03,7146.0,4610.0,0.0,,,7858.49,6065.8,2655.63,3911.85,,1262.2,,
2022-06-04,7962.0,4581.0,0.0,,,4495.14,3511.72,1589.16,2479.79,,491.0,,
2022-06-05,10770.0,5215.0,0.0,,,1073.4,803.77,314.3,526.33,,58.43,,
2022-06-06,4848.0,5766.0,0.0,,,3263.58,2436.79,1009.89,1565.01,,302.21,,
2022-06-07,11476.0,5127.0,0.0,,,4962.15,3855.5,1258.15,2054.32,,428.1,,
2022-06-08,10527.0,4312.0,0.0,,,4830.86,3761.52,1388.57,2305.85,,499.07,,
2022-06-09,10512.0,3663.0,0.0,,,5012.04,3930.86,1354.43,2241.01,,498.35,,
2022-06-10,6396.0,2064.0,0.0,,,4664.63,3688.28,1593.74,2570.22,,540.16,,
2022-06-11,7480.0,8752.0,0.0,,,2592.84,2108.36,934.38,1603.21,,212.28,,
2022-06-12,14210.0,5598.0,0.0,,,936.36,749.0,551.09,954.09,,106.32,,
2022-06-13,2108.0,6559.0,0.0,,,4620.86,3782.61,1492.56,2438.05,,510.85,,
2022-06-14,7809.0,4898.0,0.0,,,4569.68,3598.65,1312.97,2114.19,,506.68,,
2022-06-15,8421.0,3370.0,0.0,,,6263.04,5093.74,1868.8,2937.3,,863.2,,
2022-06-16,8997.0,8050.0,0.0,,,7876.53,6315.74,2342.88,3566.95,,1172.83,,
2022-06-17,5632.0,7073.0,0.0,,,7908.45,6234.67,2366.47,3474.58,,1047.94,,
2022-06-18,10615.0,6842.0,0.0,,,4283.86,3445.38,1363.66,2229.88,,435.91,,
2022-06-19,11877.0,8429.0,0.0,,,1372.49,1104.57,375.44,633.58,,79.4,,
2022-06-20,8246.0,4900.0,0.0,,,7435.54,6030.15,2185.34,3264.65,,985.59,,
2022-06-21,9536.0,3958.0,0.0,,,7807.62,6267.56,2333.39,3526.08,,1097.41,,
2022-06-22,9215.0,2242.0,0.0,,,7628.82,6190.25,2398.69,3631.19,,1130.98,,
2022-06-23,11160.0,10403.0,0.0,,,7059.32,6120.26,2350.31,3545.91,,1131.56,,
2022-06-24,14511.0,,0.0,,,6263.8,5112.17,2037.4,3028.26,,903.9,,
2022-06-25,4445.0,13196.0,0.0,,,3513.61,2952.54,1037.07,1732.6,,340.42,,
2022-06-26,13010.0,4964.0,0.0,,,1069.96,894.58,330.99,595.57,,73.88,,
2022-06-27,11054.0,7848.0,0.0,,,6175.25,5476.58,1960.18,2965.44,,924.62,,
2022-06-28,13193.0,7375.0,0.0,,,6994.46,5760.6,2050.02,3106.71,,1003.55,,
2022-06-29,7898.0,1472.0,0.0,,,6918.14,5522.47,2055.78,3081.57,,999.32,,
2022-06-30,8612.0,10177.0,0.0,,,6977.93,5606.63,2087.17,3156.92,,1019.45,,
2022-07-01,10916.0,4290.0,0.0,,,7263.09,5828.84,2342.24,3522.24,,1033.25,,
2022-07-02,13373.0,4032.0,0.0,,,3626.66,2983.97,1087.65,1820.14,,304.56,,
2022-07-03,7127.0,7276.0,0.0,,,1185.41,968.05,351.81,605.28,,80.65,,
2022-07-04,10800.0,,0.0,,,6829.39,5536.36,1849.79,2759.47,,848.82,,
2022-07-05,9238.0,8581.0,0.0,,,6974.18,5732.9,2176.88,3304.59,,1026.29,,
2022-07-06,13851.0,8239.0,0.0,,,7034.53,5850.8,681.98,1139.17,,371.34,,
2022-07-07,6829.0,7091.0,0.0,,,7121.25,5874.42,,,,,,
2022-07-08,9343.0,5476.0,0.0,,,6927.18,5753.49,1085.19,1500.92,,369.95,,
2022-07-09,14161.0,6709.0,0.0,,,3192.64,2697.83,978.57,1658.96,,277.15,,
2022-07-10,14480.0,3579.0,0.0,,,997.5,834.55,295.0,518.66,,59.12,,
2022-07-11,11723.0,12036.0,0.0,,,6096.44,5099.74,1925.98,2909.1,,878.83,,
2022-07-12,12274.0,6906.0,0.0,,,6816.31,5557.39,2067.86,3102.88,,965.55,,
2022-07-13,9346.0,6603.0,0.0,,,6964.47,5867.43,2077.34,3173.7,,927.7,,
2022-07-14,8384.0,6837.0,0.0,,,6819.76,5672.62,2053.56,3073.32,,947.04,,
2022-07-15,12036.0,2346.0,0.0,,,7185.29,5723.1,2142.19,3191.57,,947.22,,
2022-07-16,8409.0,6791.0,0.0,,,3140.85,2609.01,1018.03,1714.6,,294.59,,
2022-07-17,12306.0,8041.0,0.0,,,1041.16,863.02,444.71,776.85,,90.82,,
2022-07-18,12442.0,6905.0,0.0,,,5303.21,4601.24,1726.74,2580.14,,802.55,,
2022-07-19,8425.0,7922.0,0.0,,,6639.01,5551.74,2032.63,3028.28,,957.28,,
2022-07-20,13599.0,4104.0,0.0,,,6741.99,5441.84,2090.75,3124.19,,946.59,,
2022-07-21,8261.0,6710.0,0.0,,,6757.89,5568.41,2003.14,3006.47,,948.78,,
2022-07-22,12048.0,8083.0,0.0,,,7394.86,5947.41,2271.83,3406.5,,1011.63,,
2022-07-23,12984.0,15728.0,0.0,,,3136.53,2674.51,1110.62,1874.65,,321.46,,
2022-07-24,9870.0,5120.0,0.0,,,954.03,786.08,317.42,537.18,,67.12,,
2022-07-25,10427.0,,0.0,,,6734.87,5510.33,2054.11,3092.45,,918.66,,
2022-07-26,12069.0,4925.0,0.0,,,7202.93,5961.7,2126.92,3207.59,,959.62,,
2022-07-27,10347.0,3167.0,0.0,,,7142.78,5800.34,2307.78,3460.47,,1068.29,,
2022-07-28,7330.0,10284.0,0.0,,,6936.07,5824.99,2369.43,3513.56,,1108.2,,
2022-07-29,13428.0,5901.0,0.0,,,6651.96,5219.27,2297.67,3407.0,,979.97,,
2022-07-30,11894.0,3674.0,0.0,,,2557.48,2161.01,1250.69,2076.25,,301.37,,
2022-07-31,5433.0,2929.0,0.0,,,885.04,726.6,466.03,776.8,,80.42,,
2022-08-01,17911.0,4311.0,0.0,0.0,19900.41,4582.32,3729.76,1447.77,2279.33,,597.43,,
2022-08-02,9691.0,1630.0,0.0,0.0,14647.63,5024.45,4071.73,1529.19,2468.16,,684.59,,
2022-08-03,8174.0,13229.0,0.0,0.0,16852.44,4796.79,3856.98,1430.7,2290.32,,607.51,,
2022-08-04,14618.0,6404.0,0.0,0.0,16417.86,5379.09,4399.8,1565.33,2445.82,,677.53,,
2022-08-05,8698.0,5803.0,0.0,0.0,15601.97,5273.84,4322.96,1674.75,2589.72,,681.74,,
2022-08-06,14215.0,5502.0,0.0,0.0,8677.74,2440.27,2026.75,770.22,1318.58,,199.27,,
2022-08-07,7892.0,6643.0,0.0,0.0,6531.3,1027.43,831.7,347.43,594.51,,59.13,,
2022-08-08,8459.0,5015.0,0.0,0.0,16947.29,6230.44,5158.04,1250.22,1938.89,,525.14,,
2022-08-09,7818.0,3223.0,0.0,0.0,17442.48,6812.2,5599.15,1804.8,2737.46,,816.06,,
2022-08-10,9323.0,7584.0,0.0,0.0,19424.46,6682.35,5700.93,1880.43,2839.07,,795.35,,
2022-08-11,12168.0,2627.0,0.0,0.0,18783.33,6596.41,5561.58,1956.08,2921.75,,831.86,,
2022-08-12,4591.0,,0.0,0.0,17897.63,6394.89,5214.79,2059.28,3088.35,,841.47,,
2022-08-13,10455.0,6532.0,0.0,0.0,9236.34,3119.01,2523.41,1182.8,1892.61,,289.85,,
2022-08-14,9742.0,4296.0,0.0,0.0,4408.59,873.96,714.22,321.23,566.27,,54.3,,
2022-08-15,5504.0,3441.0,0.0,0.0,13543.18,2547.24,2041.06,1050.29,1734.2,,258.62,,
2022-08-16,9884.0,10387.0,0.0,0.0,19057.96,6169.78,5179.82,1750.84,2678.89,,786.92,,
2022-08-17,7172.0,5618.0,0.0,0.0,16223.34,5905.64,4963.54,1985.38,2951.72,,927.01,,
2022-08-18,15071.0,2141.0,0.0,0.0,16991.48,7064.81,5733.63,2210.84,3332.85,,1051.56,,
2022-08-19,11775.0,7833.0,0.0,0.0,16379.29,7016.45,5781.48,2185.63,3251.65,,933.62,,
2022-08-20,17606.0,5304.0,0.0,0.0,9627.01,3210.14,2853.33,907.74,1504.67,,260.44,,
2022-08-21,6906.0,7178.0,0.0,0.0,7380.03,1078.47,856.22,307.29,536.47,,59.66,,
2022-08-22,8690.0,4134.0,0.0,0.0,18646.81,7256.0,5962.91,1981.46,2985.3,,836.98,,
2022-08-23,11166.0,16329.0,0.0,0.0,16836.46,7318.4,5978.44,2065.24,3116.35,,938.71,,
2022-08-24,9453.0,5276.0,0.0,0.0,15367.31,6155.99,5199.43,1899.94,2851.34,,870.62,,
2022-08-25,11162.0,2826.0,0.0,0.0,17302.78,7458.05,6030.36,2195.75,3286.02,,1005.04,,
2022-08-26,9859.0,7956.0,0.0,0.0,17070.0,7632.74,6064.06,2221.5,3359.73,,941.4,,
2022-08-27,3453.0,8090.0,0.0,0.0,9132.54,3634.98,2985.69,1031.26,1722.11,,317.07,,
2022-08-28,5841.0,7711.0,0.0,0.0,6583.49,1136.2,916.39,273.14,472.6,,47.04,,
2022-08-29,9745.0,11523.0,0.0,0.0,17524.37,7286.14,5853.41,1979.09,3009.62,,830.6,,
2022-08-30,16314.0,5163.0,0.0,0.0,16764.44,7115.91,6118.05,2109.06,3205.7,,949.92,,
2022-08-31,12111.0,6863.0,0.0,0.0,14820.09,5516.42,5146.63,1770.01,2756.88,,831.15,,
2022-09-01,4864.0,4636.0,0.0,,,6116.21,5198.43,1998.08,3021.77,,887.02,,
2022-09-02,13972.0,10441.0,0.0,,,6715.05,5550.0,2076.25,3082.04,,924.6,,
2022-09-03,8676.0,5525.0,0.0,,,3322.0,2910.37,941.83,1583.85,,274.46,,
2022-09-04,6287.0,6458.0,0.0,,,1062.04,902.84,255.46,463.78,,48.11,,
2022-09-05,,,0.0,,,4198.68,3638.92,1134.84,1841.63,,362.74,,
2022-09-06,,,,,,3035.07,2400.47,685.01,1153.88,,233.49,,
2022-09-07,6196.0,3008.0,0.0,,,7882.77,6296.03,2208.9,3257.12,,1008.35,,
2022-09-08,10143.0,5692.0,0.0,,,6782.57,5292.11,2113.69,3063.96,,854.24,,
2022-09-09,15674.0,6352.0,0.0,,,1467.63,1191.75,303.01,493.77,,61.01,,
2022-09-10,2705.0,3081.0,0.0,,,259.56,216.82,93.5,153.28,,11.46,,
2022-09-11,7782.0,2832.0,0.0,,,443.3,368.93,192.72,320.43,,27.92,,
2022-09-12,10432.0,11074.0,0.0,,,1363.58,1154.36,422.4,708.74,,85.22,,
2022-09-13,9539.0,7778.0,0.0,,,6279.11,5131.0,1666.49,2599.68,,756.12,,
2022-09-14,6746.0,7748.0,0.0,,,7472.52,6012.37,2205.15,3314.67,,1039.44,,
2022-09-15,10787.0,2569.0,0.0,,,7483.31,5984.67,2181.16,3301.5,,1005.87,,
2022-09-16,9691.0,8297.0,0.0,,,7592.43,6088.74,2218.02,3340.25,,928.44,,
2022-09-17,8154.0,4186.0,0.0,,,3484.52,2936.19,876.59,1466.48,,257.79,,
2022-09-18,,,0.0,,,1200.91,994.38,253.13,441.2,,48.53,,
2022-09-19,,,0.0,,,4821.22,3793.7,1442.01,2239.47,,543.23,,
2022-09-20,7888.0,3712.0,0.0,,,7687.47,6172.02,2032.29,3052.58,,953.08,,
2022-09-21,11862.0,11727.0,0.0,,,7593.96,6108.03,1965.37,3002.29,,930.67,,
2022-09-22,10348.0,7070.0,0.0,,,7545.12,6072.27,2095.24,3056.75,,1260.99,,
2022-09-23,9995.0,7487.0,0.0,,,7831.56,6146.19,2287.62,3363.02,,991.46,,
2022-09-24,13582.0,10813.0,0.0,,,3738.03,3037.68,1049.05,1661.31,,287.42,,
2022-09-25,10050.0,4943.0,0.0,,,1173.55,960.91,320.59,523.24,,64.15,,
2022-09-26,9191.0,8314.0,0.0,,,7218.39,5967.15,1960.75,2865.29,,886.3,,
2022-09-27,13740.0,4950.0,0.0,,,7369.36,6118.34,2015.65,3000.77,,968.6,,
2022-09-28,8700.0,9164.0,0.0,,,7236.52,5901.22,2229.01,3299.38,,1028.76,,
2022-09-29,13776.0,8146.0,0.0,,,7529.99,6136.43,2126.1,3173.06,,997.38,,
2022-09-30,11099.0,3751.0,0.0,,,7304.44,5889.24,2309.31,3397.1,,947.68,,
2022-10-01,15765.0,2837.0,0.0,,,3377.36,2781.54,1065.18,1649.27,,259.76,4187.3,3275.12
2022-10-02,6088.0,10129.0,0.0,,,934.92,757.53,313.64,526.58,,48.46,1169.35,939.36
2022-10-03,15692.0,4692.0,0.0,,,2584.65,2100.36,928.6,1515.09,,234.0,3673.58,2967.63
2022-10-04,11116.0,7706.0,0.0,,,6826.59,5559.51,1820.5,2762.02,,805.22,9407.1,7000.96
2022-10-05,6821.0,6494.0,0.0,,,6933.06,5666.05,2209.28,3260.2,,1002.65,9865.57,7349.84
2022-10-06,9118.0,1578.0,0.0,,,7019.0,5855.88,2130.03,3159.49,,948.21,10050.76,7443.53
2022-10-07,6681.0,4853.0,0.0,,,7396.69,5897.96,2406.18,3517.67,,987.72,10214.68,7551.46
2022-10-08,2839.0,7012.0,0.0,,,3657.61,2934.09,1188.92,1821.92,,290.22,4410.68,3398.44
2022-10-09,10777.0,5652.0,0.0,,,1045.56,871.55,363.02,592.09,,62.19,1379.58,1111.58
2022-10-10,6226.0,8771.0,0.0,,,2738.79,2174.47,903.82,1432.45,,206.5,3606.94,2863.47
2022-10-11,7549.0,4282.0,0.0,,,6550.41,5412.05,1836.22,2778.93,,824.73,9283.08,6864.89
2022-10-12,6543.0,14803.0,0.0,,,7086.25,5804.37,2160.17,3208.81,,997.89,10250.64,7633.74
2022-10-13,10811.0,4579.0,0.0,,,7393.35,5925.23,2188.15,3260.63,,980.66,10127.17,7516.06
2022-10-14,12220.0,,0.0,,,7440.77,5922.77,2209.92,3277.8,,901.98,10405.02,7700.91
2022-10-15,13848.0,2396.0,0.0,,,3651.8,3013.05,1025.71,1623.02,,261.35,4445.89,3478.24
2022-10-16,3999.0,11179.0,0.0,,,1425.87,1178.95,358.59,579.2,,62.03,1858.34,1494.06
2022-10-17,14995.0,6006.0,0.0,,,6755.92,5466.22,1897.99,2773.13,,837.7,9217.86,6862.22
2022-10-18,10142.0,922.0,0.0,,,7161.97,5890.93,2192.36,3215.46,,1029.07,10121.71,7401.97
2022-10-19,3944.0,10579.0,0.0,,,6769.72,5602.88,2167.0,3158.64,,1007.62,9500.91,7052.18
2022-10-20,12620.0,6707.0,0.0,,,6961.21,5833.65,2130.97,3143.93,,972.21,10197.96,7541.27
2022-10-21,7530.0,8342.0,0.0,,,7000.18,5722.41,2121.98,3067.34,,895.29,10025.29,7384.52
2022-10-22,7677.0,6914.0,0.0,,,3704.38,3018.42,861.17,1359.34,,213.36,4348.88,3409.3
2022-10-23,8306.0,5143.0,0.0,,,1392.02,1133.98,264.31,424.92,,49.22,1748.84,1411.44
2022-10-24,11537.0,8448.0,0.0,,,6655.96,5396.08,1914.91,2826.36,,865.91,9483.34,7014.94
2022-10-25,8690.0,5889.0,0.0,,,7107.35,5624.47,2059.68,3026.26,,934.83,9987.87,7452.98
2022-10-26,11221.0,9774.0,0.0,,,7118.38,5578.9,2012.51,2979.59,,928.78,9843.77,7341.45
2022-10-27,11355.0,2244.0,0.0,,,7031.34,5588.58,2153.82,3198.08,,977.3,9867.78,7436.32
2022-10-28,10503.0,6440.0,0.0,,,7026.1,5525.8,2155.23,3150.08,,866.82,9745.83,7140.63
2022-10-29,10787.0,3978.0,0.0,,,3432.76,2750.95,866.06,1374.95,,214.03,4111.99,3131.58
2022-10-30,7102.0,8956.0,0.0,,,1251.29,980.04,264.56,430.57,,45.79,1547.8,1205.43
2022-10-31,4565.0,7442.0,0.0,,,6531.16,5287.74,1839.28,2706.69,,791.1,9130.02,6648.84
2022-11-01,11711.0,8856.0,0.0,,,6857.12,5556.81,1896.39,2871.59,,868.67,,
2022-11-02,9686.0,6444.0,0.0,,,6802.84,5459.68,1934.35,2909.64,,867.9,,
2022-11-03,13260.0,9544.0,0.0,,,6787.46,5513.73,2180.22,3220.49,,977.35,,
2022-11-04,9882.0,8930.0,0.0,,,6671.73,5307.48,2174.19,3171.41,,851.82,,
2022-11-05,9078.0,8100.0,0.0,,,2955.36,2353.63,818.05,1307.2,,203.15,,
2022-11-06,12371.0,2183.0,0.0,,,1123.65,910.73,320.42,523.46,,57.36,,
2022-11-07,8816.0,9424.0,0.0,,,6572.8,5230.26,1918.69,2788.53,,811.04,,
2022-11-08,5441.0,3425.0,0.0,,,7041.66,5590.99,2074.3,3067.78,,914.01,,
2022-11-09,12584.0,4704.0,0.0,,,6798.3,5484.71,2046.8,3031.25,,916.24,,
2022-11-10,9796.0,9376.0,0.0,,,7012.91,5440.91,2110.41,3141.83,,933.05,,
2022-11-11,7820.0,1938.0,0.0,,,6767.99,5266.86,2221.59,3280.58,,892.92,,
2022-11-12,10497.0,6498.0,0.0,,,2911.95,2421.22,937.84,1508.69,,232.19,,
2022-11-13,7296.0,11955.0,0.0,,,1042.05,852.55,408.31,682.21,,79.61,,
2022-11-14,11602.0,6776.0,0.0,,,6704.53,5274.45,1940.88,2894.04,,841.14,,
2022-11-15,6245.0,4806.0,0.0,,,6905.52,5563.72,2111.7,3071.35,,964.05,,
2022-11-16,8416.0,6180.0,0.0,,,6980.2,5608.31,2052.96,3204.83,,1002.41,,
2022-11-17,13186.0,8802.0,0.0,,,7157.97,5683.25,2116.53,3099.44,,1017.07,,
2022-11-18,6813.0,9343.0,0.0,,,7050.12,5642.85,2372.07,3407.96,,1051.47,,
2022-11-19,12572.0,2609.0,0.0,,,3597.77,2933.36,1046.89,1646.82,,321.24,,
2022-11-20,15976.0,5708.0,0.0,,,1482.35,1217.78,348.77,562.78,,75.53,,
2022-11-21,7988.0,10573.0,0.0,,,6848.53,5819.63,2315.87,3377.8,,1170.67,,
2022-11-22,8880.0,3994.0,0.0,,,6766.78,6034.31,2409.71,3440.05,,1341.94,,
2022-11-23,11533.0,9344.0,0.0,,,7388.4,6525.31,2533.42,3641.89,,1411.36,,
2022-11-24,5997.0,9102.0,0.0,,,5552.78,4497.6,1468.93,2332.82,,550.27,,
2022-11-25,8420.0,4193.0,0.0,,,3988.2,3648.91,1410.42,2256.02,,429.4,,
2022-11-26,6906.0,5361.0,0.0,,,2222.76,1995.02,665.21,1119.91,,149.17,,
2022-11-27,8823.0,12296.0,0.0,,,816.83,677.76,310.6,511.06,,60.89,,
2022-11-28,10227.0,5474.0,0.0,,,4436.77,3660.29,1105.63,1789.69,,407.09,,
2022-11-29,12964.0,4674.0,0.0,,,4666.7,3802.01,1299.68,2098.39,,528.16,,
2022-11-30,9437.0,7122.0,0.0,,,4861.13,3954.42,1434.02,2276.37,,608.33,,
2022-12-01,8028.0,7011.0,0.0,0.0,16746.22,5151.88,4142.25,1426.67,2252.98,,646.28,,
2022-12-02,4067.0,2155.0,0.0,0.0,15715.53,5254.08,4213.36,1566.82,2420.63,,630.86,,
2022-12-03,4683.0,6504.0,0.0,0.0,9160.92,2545.07,2125.78,698.43,1144.64,,202.51,,
2022-12-04,8771.0,3387.0,0.0,0.0,8783.42,1039.8,861.02,300.63,509.83,,64.16,,
2022-12-05,9514.0,2858.0,0.0,0.0,19340.14,5472.49,4407.0,1359.34,2120.64,,635.36,,
2022-12-06,8320.0,3107.0,0.0,0.0,18568.57,5787.05,4814.92,1600.92,2464.7,,824.08,,
2022-12-07,3677.0,7752.0,0.0,0.0,19340.53,6356.78,5153.29,1869.6,2795.44,,939.04,,
2022-12-08,10307.0,10779.0,0.0,0.0,18830.0,6287.72,5168.63,1834.05,2752.1,,931.96,,
2022-12-09,6457.0,2060.0,0.0,0.0,17679.93,6535.71,5270.23,1992.47,2959.22,,890.91,,
2022-12-10,6831.0,3608.0,0.0,0.0,11427.37,3479.58,2949.87,892.62,1442.89,,255.86,,
2022-12-11,11919.0,4447.0,0.0,0.0,8590.22,1133.09,949.39,274.41,462.39,,53.08,,
2022-12-12,11629.0,10417.0,0.0,0.0,20210.96,6697.53,5493.93,1911.94,2802.16,,862.24,,
2022-12-13,8047.0,2272.0,0.0,0.0,20184.07,7256.0,5869.3,2061.42,3035.92,,1002.65,,
2022-12-14,9087.0,8650.0,0.0,0.0,20186.67,7223.25,5909.97,2095.74,3069.29,,1007.44,,
2022-12-15,9236.0,7056.0,0.0,0.0,18548.95,7246.36,5931.85,2195.93,3212.97,,1040.43,,
2022-12-16,7088.0,6481.0,0.0,0.0,17841.22,7066.13,5605.64,2376.53,3410.54,,1041.09,,
2022-12-17,13629.0,3277.0,0.0,0.0,10231.16,3498.45,2832.33,953.7,1533.32,,270.84,,
2022-12-18,7260.0,13875.0,0.0,0.0,7680.84,1329.72,1066.52,334.79,578.61,,72.74,,
2022-12-19,15770.0,7781.0,0.0,0.0,20366.09,6816.41,5519.8,1770.83,2625.91,,806.45,,
2022-12-20,8882.0,3420.0,0.0,0.0,19858.6,7246.11,5871.51,2017.49,2977.35,,952.44,,
2022-12-21,14913.0,9141.0,0.0,0.0,18057.52,6550.63,5446.62,1940.43,2859.98,,912.74,,
2022-12-22,9237.0,5340.0,0.0,0.0,18780.08,7074.92,5767.44,2028.91,2992.47,,924.52,,
2022-12-23,5969.0,2538.0,0.0,0.0,16566.06,6396.56,5177.32,2022.32,3005.2,,846.1,,
2022-12-24,5886.0,4619.0,0.0,0.0,10651.14,2623.59,2139.11,978.02,1651.33,,265.22,,
2022-12-25,8929.0,2749.0,0.0,0.0,7088.69,1021.13,820.05,273.06,473.68,,52.68,,
2022-12-26,7209.0,9533.0,0.0,0.0,19590.9,6434.33,5327.2,1788.2,2664.63,,816.61,,
2022-12-27,11972.0,,0.0,0.0,19664.74,6778.42,5534.52,2053.01,3122.89,,1010.96,,
2022-12-28,13394.0,11437.0,0.0,0.0,19821.19,6893.63,5612.7,1884.9,2798.78,,851.39,,
2022-12-29,8407.0,,0.0,0.0,18323.79,6744.13,5575.53,1928.01,2875.06,,884.06,,
2022-12-30,8995.0,8303.0,0.0,0.0,15949.99,5867.51,4699.78,1660.74,2484.4,,649.4,,
2022-12-31,9399.0,,0.0,0.0,7772.16,2025.28,1704.05,761.71,1288.78,,180.15,,
2023-01-01,10776.0,5497.0,0.0,,,617.26,507.23,316.86,562.2,,53.48,,
2023-01-02,10945.0,,0.0,,,5972.96,4809.3,1648.38,2495.52,,716.79,,
2023-01-03,9882.0,10374.0,0.0,,,6834.01,5447.99,2000.85,3031.21,,883.19,,
2023-01-04,9796.0,6613.0,0.0,,,6505.62,5398.34,1978.56,2988.23,,861.9,,
2023-01-05,8180.0,,0.0,,,6791.51,5516.78,1980.54,3022.26,,901.01,,
2023-01-06,13881.0,,0.0,,,6872.09,5535.04,2117.69,3181.17,,904.53,,
2023-01-07,6748.0,5746.0,0.0,,,3031.1,2507.19,894.5,1522.75,,252.75,,
2023-01-08,8841.0,5830.0,0.0,,,940.56,786.65,293.96,507.28,,57.06,,
2023-01-09,10321.0,4998.0,0.0,,,6731.5,5535.52,1986.58,2960.61,,857.85,,
2023-01-10,8013.0,3955.0,0.0,,,6804.22,5688.05,2186.62,3271.71,,990.07,,
2023-01-11,9153.0,5466.0,0.0,,,6627.31,5599.7,2230.06,3322.91,,1019.0,,
2023-01-12,10738.0,10782.0,0.0,,,6953.32,5741.9,2166.92,3250.99,,990.87,,
2023-01-13,10123.0,,0.0,,,5572.99,4777.06,1912.5,2819.78,,849.4,,
2023-01-14,4661.0,2376.0,0.0,,,2715.56,2245.54,863.04,1450.9,,250.39,,
2023-01-15,11259.0,5945.0,0.0,,,1029.5,846.77,278.89,494.51,,57.0,,
2023-01-16,7791.0,12239.0,0.0,,,7473.81,5862.61,2027.03,3029.46,,927.87,,
2023-01-17,10180.0,,0.0,,,7510.47,6042.36,2208.57,3237.55,,1010.42,,
2023-01-18,5687.0,8362.0,0.0,,,7531.87,6101.78,2110.41,3124.44,,969.72,,
2023-01-19,10246.0,,0.0,,,7258.77,5789.0,2252.76,3297.26,,1020.85,,
2023-01-20,6584.0,4855.0,0.0,,,6249.66,4854.06,1888.26,2779.67,,761.72,,
2023-01-21,7975.0,4386.0,0.0,,,1529.63,1205.6,294.22,497.19,,62.72,,
2023-01-22,6979.0,2231.0,0.0,,,247.44,207.64,107.4,176.15,,13.12,,
2023-01-23,5882.0,7563.0,0.0,,,556.46,456.14,220.53,374.23,,34.06,,
2023-01-24,9784.0,,0.0,,,1486.9,1178.97,479.37,821.55,,101.51,,
2023-01-25,6248.0,10182.0,0.0,,,5383.45,4253.18,1418.84,2174.29,,646.8,,
2023-01-26,9778.0,6177.0,0.0,,,6664.31,5376.46,1756.06,2683.27,,868.44,,
2023-01-27,10617.0,,0.0,,,6791.28,5357.75,2024.28,3056.31,,947.88,,
2023-01-28,11970.0,3249.0,0.0,,,2985.05,2406.57,766.96,1311.96,,234.28,,
2023-01-29,9720.0,,0.0,,,1016.25,817.13,348.77,625.24,,76.64,,
2023-01-30,10750.0,6736.0,0.0,,,6776.2,5395.15,1999.37,2970.74,,900.69,,
2023-01-31,10232.0,,0.0,,,7133.57,5716.74,2102.82,3137.31,,945.61,,
2023-02-01,11468.0,9000.0,0.0,,,6731.05,5428.29,2005.62,3070.67,,904.52,9512.8,7116.29
2023-02-02,4070.0,14336.0,0.0,,,6868.04,5549.46,2107.56,3127.25,,982.7,9789.27,7253.25
2023-02-03,12461.0,,0.0,,,6566.65,5272.01,2124.63,3120.87,,908.48,9643.06,7169.85
2023-02-04,13603.0,917.0,0.0,,,2770.96,2274.43,798.89,1349.65,,225.94,3724.38,2944.45
2023-02-05,7988.0,5093.0,0.0,,,941.11,758.24,291.24,504.73,,59.19,1235.61,995.22
2023-02-06,9316.0,6800.0,0.0,,,6899.04,5573.56,1913.77,2856.99,,860.09,9665.34,7170.5
2023-02-07,17908.0,11642.0,0.0,,,7111.15,5725.03,2111.17,3156.88,,1038.16,10230.68,7553.26
2023-02-08,11199.0,5897.0,0.0,,,6998.24,5648.98,2019.74,3011.18,,926.62,9948.52,7371.43
2023-02-09,6512.0,5572.0,0.0,,,7008.35,5587.8,2076.32,3110.29,,964.05,10021.52,7437.97
2023-02-10,8921.0,,0.0,,,5933.23,4717.53,1868.58,2801.38,,831.87,8368.99,6230.34
2023-02-11,19121.0,6285.0,0.0,,,2900.76,2389.88,783.16,1313.78,,219.3,3862.65,3026.13
2023-02-12,8961.0,4745.0,0.0,,,1000.33,814.62,280.15,476.2,,52.48,1318.23,1048.35
2023-02-13,9468.0,9184.0,0.0,,,6280.06,5147.47,1806.86,2756.31,,838.11,8630.48,6187.33
2023-02-14,5078.0,10685.0,0.0,,,7405.16,5947.58,2287.06,3375.42,,1104.05,10335.31,7659.52
2023-02-15,14693.0,4646.0,0.0,,,7312.88,5842.12,2272.8,3355.36,,1085.76,10298.68,7608.57
2023-02-16,4511.0,11491.0,0.0,,,7262.38,5827.82,2158.3,3180.49,,1009.96,10424.35,7668.94
2023-02-17,13719.0,,0.0,,,6705.48,5390.31,2287.54,3386.58,,1020.73,9742.56,6868.41
2023-02-18,11477.0,12990.0,0.0,,,2837.84,2318.46,732.64,1218.32,,209.61,3658.61,2800.43
2023-02-19,9994.0,4236.0,0.0,,,1003.07,804.9,16.68,25.94,,6.54,1299.34,1018.68
2023-02-20,16602.0,10625.0,0.0,,,6381.81,5233.09,1539.54,2174.41,,698.44,9423.34,6579.77
2023-02-21,6818.0,4397.0,0.0,,,7143.98,5864.62,2172.46,3209.3,,1062.16,10360.67,7235.27
2023-02-22,10254.0,11835.0,0.0,,,6844.34,5680.22,2207.56,3273.77,,1067.56,10205.12,7159.46
2023-02-23,10013.0,9125.0,0.0,,,7196.05,5920.46,2143.13,3193.11,,1062.24,10776.24,7379.97
2023-02-24,18246.0,3603.0,0.0,,,7196.03,5713.07,1696.61,2366.83,,700.72,10293.86,7257.62
2023-02-25,7674.0,8045.0,0.0,,,3133.56,2568.63,944.43,1550.89,,267.24,4285.55,3233.38
2023-02-26,15165.0,5151.0,0.0,,,1137.53,927.44,53.26,101.31,,19.94,1527.7,1185.96
2023-02-27,8079.0,9655.0,0.0,,,6766.4,5566.62,1691.57,2395.05,,757.46,9721.1,6737.13
2023-02-28,8305.0,,0.0,,,7058.03,5705.59,2086.22,3077.8,,957.17,10282.14,7201.38
2023-03-01,11905.0,16000.0,0.0,0.0,18062.76,3074.44,2504.98,1130.98,1864.87,,327.98,,
2023-03-02,14539.0,6063.0,0.0,0.0,20747.58,6888.44,5705.95,2133.36,3210.36,,1064.41,,
2023-03-03,3919.0,12793.0,0.0,0.0,18156.06,7130.86,5849.11,2309.42,3412.69,,1035.99,,
2023-03-04,13711.0,4557.0,0.0,0.0,12723.57,3157.78,2597.03,885.33,1473.63,,244.12,,
2023-03-05,12034.0,7012.0,0.0,0.0,8600.26,1032.28,840.89,337.46,581.67,,62.45,,
2023-03-06,16253.0,13619.0,0.0,0.0,22080.23,6973.15,5639.51,1944.38,2940.53,,908.77,,
2023-03-07,7953.0,6776.0,0.0,0.0,21465.36,7183.54,5788.88,2163.51,3263.88,,1022.87,,
2023-03-08,7216.0,7465.0,0.0,0.0,21286.31,6941.12,5664.56,2195.74,3281.6,,1020.24,,
2023-03-09,14131.0,6099.0,0.0,0.0,21596.11,7004.2,5755.04,1447.96,2233.53,,719.31,,
2023-03-10,11670.0,,0.0,0.0,17198.33,6601.92,5602.35,2234.84,3368.38,,1008.03,,
2023-03-11,869.0,6697.0,0.0,0.0,11840.99,2819.34,2417.12,1038.87,1712.13,,276.43,,
2023-03-12,12224.0,7605.0,0.0,0.0,8235.97,995.14,818.35,291.96,484.76,,52.32,,
2023-03-13,9723.0,7584.0,0.0,0.0,20404.8,6890.19,5786.8,1978.42,2992.95,,960.99,,
2023-03-14,7150.0,8395.0,0.0,0.0,21958.19,7409.7,5920.79,2331.95,3479.89,,1134.42,,
2023-03-15,13694.0,6305.0,0.0,0.0,20177.3,7213.9,5811.31,2225.15,3263.63,,1079.76,,
2023-03-16,3689.0,8885.0,0.0,0.0,21890.04,7218.86,5795.68,2325.68,3482.76,,1158.54,,
2023-03-17,18565.0,6880.0,0.0,0.0,20674.0,7022.65,5654.4,2400.95,3569.15,,1137.2,,
2023-03-18,7091.0,9094.0,0.0,0.0,13156.91,3007.22,2525.3,1049.73,1768.97,,306.56,,
2023-03-19,11368.0,11886.0,0.0,0.0,7334.28,1015.99,827.76,354.9,593.84,,62.62,,
2023-03-20,7471.0,2063.0,0.0,0.0,21494.38,6763.94,5569.53,2084.79,3106.62,,974.46,,
2023-03-21,14117.0,8008.0,0.0,0.0,21087.05,7261.76,6096.33,2285.74,3385.58,,1102.31,,
2023-03-22,9487.0,8066.0,0.0,0.0,20336.7,7085.01,6103.81,2305.97,3476.87,,1121.41,,
2023-03-23,13879.0,12070.0,0.0,0.0,15234.5,5488.39,5296.05,2014.69,2963.73,,975.21,,
2023-03-24,12933.0,,0.0,0.0,17448.78,7092.88,5710.65,2373.41,3433.23,,1023.8,,
2023-03-25,5999.0,9271.0,0.0,0.0,9972.74,3373.33,2759.85,989.09,1621.53,,246.57,,
2023-03-26,15088.0,4794.0,0.0,0.0,7778.14,1215.5,1003.17,382.0,657.62,,69.75,,
2023-03-27,7730.0,9926.0,0.0,0.0,20423.63,7566.11,6032.34,2445.1,3581.74,,1098.69,,
2023-03-28,15186.0,9617.0,0.0,0.0,27322.55,7389.36,6044.63,2352.48,3500.94,,1106.07,,
2023-03-29,6482.0,11080.0,0.0,0.0,21589.0,7170.4,5887.29,2335.53,3553.54,,1085.35,,
2023-03-30,25727.0,10991.0,0.0,0.0,20152.62,7186.92,5840.11,2230.43,3332.23,,1020.92,,
2023-03-31,3585.0,,0.0,0.0,18978.25,6897.47,5544.9,2147.89,3260.58,,921.42,,
2023-04-01,11580.0,9605.0,0.0,0.0,11461.07,2901.94,2406.1,910.97,1500.94,,213.67,3616.39,2768.94
2023-04-02,5162.0,7546.0,0.0,0.0,7137.4,1077.29,898.96,310.42,519.02,,50.13,1394.51,1097.43
2023-04-03,13299.0,5985.0,0.0,0.0,21188.92,6829.48,5558.82,2018.98,3041.54,,908.15,9492.28,6704.94
2023-04-04,10756.0,,0.0,0.0,19801.45,7200.42,5824.49,2242.71,3338.74,,1017.78,10269.71,7278.15
2023-04-05,8863.0,4607.0,0.0,0.0,12624.28,5134.37,5031.73,1710.97,2547.36,,794.33,8540.54,5950.7
2023-04-06,12659.0,8960.0,0.0,0.0,18476.9,6649.31,5274.58,2045.0,3089.1,,940.85,9603.33,6826.74
2023-04-07,15835.0,,0.0,0.0,17199.24,7180.6,5690.17,2263.5,3326.37,,953.26,9960.1,7079.67
2023-04-08,5851.0,7628.0,0.0,0.0,10987.41,3250.32,2667.88,795.92,1344.6,,199.1,4009.01,3032.25
2023-04-09,13810.0,5320.0,0.0,0.0,7992.02,1141.66,920.35,385.52,651.07,,65.67,1439.23,1130.66
2023-04-10,8054.0,9258.0,0.0,0.0,20680.1,7217.22,5657.23,2102.12,3096.11,,950.61,9974.32,6986.82
2023-04-11,8644.0,5692.0,0.0,0.0,20065.32,7461.2,6062.36,2047.15,3092.98,,985.3,10375.25,7308.15
2023-04-12,7964.0,9703.0,0.0,0.0,21263.22,7193.09,5763.81,2157.59,3203.34,,1001.47,10133.13,7152.64
2023-04-13,8349.0,6666.0,0.0,0.0,20722.26,7200.69,5727.79,2320.51,3433.56,,1066.81,10111.07,7165.27
2023-04-14,9629.0,,0.0,0.0,17751.67,6788.27,5539.21,2232.0,3299.1,,945.01,9888.21,7029.75
2023-04-15,19285.0,6665.0,0.0,0.0,10251.5,2917.26,2490.16,770.13,1292.66,,194.23,3672.81,2788.04
2023-04-16,7939.0,9560.0,0.0,0.0,7194.78,1084.32,898.7,208.01,343.69,,35.94,1404.63,1097.33
2023-04-17,7132.0,8496.0,0.0,0.0,20355.03,6920.11,5639.44,2165.28,3187.8,,986.23,9723.06,6785.73
2023-04-18,12508.0,,0.0,0.0,18786.35,7243.3,5994.08,2224.57,3314.77,,1062.44,10641.2,7460.3
2023-04-19,7714.0,6625.0,0.0,0.0,18671.17,6610.88,5775.64,2277.59,3416.12,,1095.11,10256.14,7218.58
2023-04-20,11709.0,8925.0,0.0,0.0,20292.58,7314.6,5974.29,2334.97,3468.41,,1092.87,10437.07,7361.56
2023-04-21,9942.0,,0.0,0.0,18626.0,7171.57,5766.39,2325.64,3395.78,,1057.54,10057.51,7159.22
2023-04-22,17099.0,8231.0,0.0,0.0,11616.62,3107.17,2546.51,864.04,1423.5,,228.07,3888.0,2963.55
2023-04-23,11906.0,7584.0,0.0,0.0,8109.59,1109.37,928.8,250.99,424.35,,44.1,1453.71,1142.79
2023-04-24,6106.0,7888.0,0.0,0.0,19525.4,6838.39,5638.26,2085.04,3071.88,,994.63,9685.01,6746.09
2023-04-25,10050.0,9127.0,0.0,0.0,17901.44,6858.51,5576.14,2072.14,3012.75,,1019.91,9538.46,6696.88
2023-04-26,17200.0,7925.0,0.0,0.0,19632.63,7158.96,5781.65,2282.82,3406.73,,1150.55,10218.26,7242.38
2023-04-27,4522.0,8330.0,0.0,0.0,19337.63,7322.77,5948.18,2317.97,3435.49,,1147.43,10716.95,7568.87
2023-04-28,18460.0,4518.0,0.0,0.0,18966.28,7077.75,5764.66,2301.93,3343.82,,1047.19,10427.21,7434.4
2023-04-29,6185.0,10276.0,0.0,0.0,8509.58,2788.38,2529.57,870.13,1416.17,,230.15,3783.44,2910.4
2023-04-30,13084.0,10741.0,0.0,0.0,5472.96,933.92,775.74,285.67,490.89,,47.19,1232.68,967.08
2023-05-01,9590.0,7849.0,0.0,0.0,13588.09,2606.76,2101.71,779.64,1296.94,,218.28,3409.94,2614.55
2023-05-02,13613.0,8456.0,0.0,0.0,18575.63,6538.54,5449.02,2052.53,3057.53,,983.09,9294.3,6588.16
2023-05-03,5902.0,5128.0,0.0,0.0,19322.9,6524.9,5521.81,2299.3,3387.8,,1145.46,9813.24,6987.66
2023-05-04,10765.0,9038.0,0.0,0.0,16453.28,7183.58,5831.62,2278.13,3307.77,,990.8,10476.75,7557.78
2023-05-05,8865.0,,0.0,0.0,7324.28,1921.7,1829.23,733.63,1161.76,,166.36,2987.93,2347.78
2023-05-06,10406.0,6673.0,0.0,0.0,6549.57,1559.59,1579.1,534.8,895.93,,126.98,2365.74,1848.2
2023-05-07,11509.0,6223.0,0.0,0.0,7425.93,963.59,788.02,284.97,461.54,,46.32,1192.25,941.48
2023-05-08,11583.0,,0.0,0.0,20707.24,6767.07,5433.87,1872.25,2829.62,,920.4,8708.81,6603.57
2023-05-09,7213.0,11997.0,0.0,0.0,19701.94,7146.39,5780.44,2137.77,3193.13,,999.91,10261.04,7289.63
2023-05-10,10098.0,4554.0,0.0,0.0,19211.71,6701.0,5559.67,2144.5,3194.05,,1013.42,9226.05,6507.93
2023-05-11,12557.0,11290.0,0.0,0.0,19027.55,6656.29,5933.24,2211.1,3277.81,,1077.64,10313.63,7333.46
2023-05-12,10197.0,,0.0,0.0,16829.04,6955.9,5550.21,2306.81,3384.62,,1045.56,9662.49,6873.42
2023-05-13,12082.0,9813.0,0.0,0.0,11156.14,3058.87,2596.25,709.83,1170.62,,196.47,3913.04,2996.75
2023-05-14,11775.0,7033.0,0.0,0.0,7440.09,1083.84,881.13,231.74,394.0,,39.59,1447.0,1127.5
2023-05-15,8917.0,8381.0,0.0,0.0,20013.52,7062.84,5746.33,2148.52,3185.34,,1018.3,9797.5,6876.13
2023-05-16,11691.0,10043.0,0.0,0.0,19235.66,6752.2,5767.16,2238.89,3331.0,,1079.99,9890.01,6841.21
2023-05-17,10629.0,7920.0,0.0,0.0,19257.08,6438.19,5752.34,2141.23,3180.31,,1031.8,9988.41,7041.93
2023-05-18,11645.0,3693.0,0.0,0.0,17887.31,6568.99,5566.33,1982.44,2944.51,,985.3,9930.64,6971.94
2023-05-19,13212.0,,0.0,0.0,16169.05,6743.06,5546.61,2069.73,3068.88,,965.52,9804.41,7043.0
2023-05-20,4390.0,7222.0,0.0,0.0,11420.81,3217.31,2640.73,789.63,1301.8,,214.24,4076.33,3120.45
2023-05-21,6535.0,8190.0,0.0,0.0,8201.4,1299.58,1050.92,214.79,358.32,,36.03,1698.88,1338.33
2023-05-22,7275.0,8793.0,0.0,0.0,19391.61,6944.85,5674.67,2027.73,2982.27,,992.94,9951.32,6991.14
2023-05-23,16018.0,5462.0,0.0,0.0,19803.67,7112.76,5798.72,2071.19,3088.09,,1042.83,10326.88,7313.22
2023-05-24,9662.0,10345.0,0.0,0.0,20049.4,6832.07,5856.94,2333.55,3442.39,,1146.19,10371.88,7291.85
2023-05-25,16585.0,14887.0,0.0,5104.3,19878.74,7270.25,5950.99,2358.87,3444.7,,1169.83,10605.01,7517.55
2023-05-26,8175.0,,0.0,12392.52,18281.87,7029.35,5781.11,2437.2,3520.36,,1098.27,10165.42,7286.33
2023-05-27,14783.0,7448.0,0.0,8709.03,11827.08,2702.36,2216.43,773.17,1221.05,,180.93,3598.97,2796.39
2023-05-28,7619.0,6955.0,0.0,2775.58,4750.77,804.47,722.95,231.57,385.04,,38.9,1191.33,938.79
2023-05-29,8840.0,,0.0,9956.08,12921.9,2201.43,2173.24,841.28,1326.01,,244.29,3501.22,2708.46
2023-05-30,14042.0,5616.0,0.0,11768.25,17387.81,5780.01,5369.42,2100.54,3120.12,,999.49,9311.1,6585.7
2023-05-31,10682.0,10815.0,0.0,12919.79,19691.01,7015.22,5570.28,2189.55,3252.12,,1071.08,10038.41,7110.01
2023-06-01,5618.0,5288.0,0.0,11522.24,17879.52,6705.38,5585.69,714.74,1010.85,,272.57,10155.93,7203.06
2023-06-02,10816.0,,0.0,6540.68,17835.51,6916.07,5547.83,2227.98,3299.53,,1004.42,10136.83,7261.68
2023-06-03,9278.0,5632.0,0.0,8653.8,12244.71,3150.74,2610.47,945.8,1561.18,,235.89,4140.02,3203.96
2023-06-04,12041.0,6044.0,0.0,5586.64,7652.39,1043.41,856.78,246.51,416.0,,41.82,1442.34,1141.51
2023-06-05,6010.0,4041.0,0.0,12806.4,19962.9,6181.22,5119.1,1949.04,2982.78,,886.58,8901.53,6371.2
2023-06-06,8828.0,10340.0,0.0,11352.83,16213.27,3034.35,2455.63,1006.79,1707.32,,256.27,4222.74,3275.6
2023-06-07,17672.0,11062.0,0.0,0.0,20533.39,6959.89,5696.82,1992.43,2997.57,,946.5,9970.14,7012.72
2023-06-08,5323.0,3935.0,0.0,0.0,19981.64,7133.43,5785.7,2323.15,3422.49,,1168.97,10695.7,7535.25
2023-06-09,11462.0,,0.0,0.0,19463.0,7241.18,5778.93,2229.14,3288.77,,1031.05,10379.65,7333.93
2023-06-10,6792.0,7639.0,0.0,0.0,12172.69,3409.5,2663.75,896.05,1462.86,,233.06,4311.27,3309.36
2023-06-11,9795.0,8622.0,0.0,0.0,8247.73,1116.54,935.72,241.27,396.13,,40.8,1575.28,1236.71
2023-06-12,12147.0,6096.0,0.0,0.0,20022.87,6637.65,5560.19,1937.3,2888.58,,937.94,9781.42,6866.6
2023-06-13,7919.0,,0.0,0.0,19826.87,7120.7,5814.56,2130.59,3193.84,,1039.96,10387.05,7366.53
2023-06-14,11362.0,3200.0,0.0,0.0,19880.32,6380.22,5565.27,2138.06,3194.37,,1060.09,10010.32,7086.22
2023-06-15,13100.0,11455.0,0.0,8889.55,18826.96,7003.5,5740.3,2043.18,3033.38,,998.97,10232.15,7293.97
2023-06-16,9306.0,,0.0,11663.1,17481.19,6771.27,5400.46,2291.62,3379.44,,1019.26,9664.18,6851.67
2023-06-17,13728.0,10550.0,0.0,9042.25,12510.62,3120.11,2595.71,938.34,1552.61,,244.73,3987.12,3039.63
2023-06-18,8731.0,8502.0,0.0,5622.53,7411.91,1093.51,883.67,276.08,463.31,,43.5,1464.04,1139.29
2023-06-19,6332.0,5823.0,0.0,9207.43,20990.33,6840.77,5663.7,2199.4,3279.13,,1060.52,9622.42,6799.44
2023-06-20,10657.0,,0.0,0.0,20863.14,7198.59,5832.73,2404.47,3583.77,,1160.91,10380.5,7571.14
2023-06-21,10929.0,6779.0,0.0,0.0,15614.97,5120.69,5270.49,1975.41,2926.2,,956.32,9174.14,6505.17
2023-06-22,7590.0,5700.0,0.0,0.0,20234.98,7322.3,5959.22,2458.59,3637.4,,1222.3,10462.54,7504.49
2023-06-23,11132.0,,0.0,0.0,19276.69,6801.66,5516.63,2393.53,3521.25,,1085.21,9884.35,7035.27
2023-06-24,16439.0,10633.0,0.0,0.0,15120.34,3001.67,2524.38,1018.8,1673.46,,281.83,4017.75,3067.25
2023-06-25,7435.0,6392.0,0.0,0.0,6097.0,1100.1,915.03,254.95,417.18,,49.76,1577.17,1228.91
2023-06-26,5701.0,,0.0,0.0,16885.5,5365.97,5060.92,1773.44,2581.18,,817.96,8533.82,5973.18
2023-06-27,11924.0,,0.0,0.0,18984.55,6881.18,5765.36,2140.6,3181.1,,1044.73,10016.56,7086.45
2023-06-28,12058.0,10924.0,0.0,0.0,18848.55,6112.12,5367.64,2124.13,3183.65,,1070.03,9622.77,6811.27
2023-06-29,12771.0,11198.0,0.0,0.0,16507.68,6145.01,5468.22,1916.59,2937.6,,966.38,9679.85,6803.08
2023-06-30,15567.0,,0.0,0.0,14735.11,5008.1,4551.12,1703.99,2630.6,,789.25,8110.48,5818.73
2023-07-01,6894.0,8671.0,0.0,,,2317.41,2090.08,842.19,1449.36,,221.41,3268.6,0.0
2023-07-02,12934.0,3839.0,0.0,,,1080.31,914.39,296.72,531.57,,54.18,1497.93,0.0
2023-07-03,7526.0,8232.0,0.0,,,6272.05,5310.94,2056.49,3172.72,,910.38,9359.34,0.0
2023-07-04,11569.0,8407.0,0.0,,,6654.51,5610.91,2202.34,3390.76,,1048.01,10058.41,0.0
2023-07-05,8039.0,5028.0,0.0,,,6348.54,5316.16,1970.15,3001.34,,929.81,9481.31,0.0
2023-07-06,9428.0,6724.0,0.0,,,6775.79,5621.45,2268.0,3481.75,,1064.51,10319.71,0.0
2023-07-07,8431.0,5386.0,0.0,,,6043.59,5228.5,1998.45,3061.13,,871.91,9165.59,0.0
2023-07-08,4193.0,7404.0,0.0,,,2146.87,2124.1,698.36,1241.11,,185.83,3300.78,0.0
2023-07-09,3543.0,5253.0,0.0,,,936.01,843.38,195.24,346.49,,33.23,1388.42,0.0
2023-07-10,7440.0,,0.0,,,6253.63,5273.27,2041.43,3190.34,,972.94,9339.48,0.0
2023-07-11,10424.0,,0.0,,,6344.46,5464.62,1270.32,2020.7,,596.8,9537.13,0.0
2023-07-12,5629.0,8480.0,0.0,,,5555.93,5115.73,1885.23,2912.35,,881.39,8962.49,0.0
2023-07-13,16401.0,7628.0,0.0,,,5854.11,5302.88,1993.57,3073.69,,966.91,9331.88,0.0
2023-07-14,7661.0,,0.0,,,5460.31,4850.98,1972.63,3036.52,,909.38,8537.27,0.0
2023-07-15,7945.0,5640.0,0.0,,,2444.71,2127.32,744.06,1301.03,,234.63,3332.52,0.0
2023-07-16,9706.0,10302.0,0.0,,,821.93,854.97,236.57,412.41,,43.71,1356.84,0.0
2023-07-17,8190.0,,0.0,,,6004.85,5233.25,1960.65,2981.37,,1016.89,9021.81,0.0
2023-07-18,13066.0,,0.0,,,5308.79,5089.68,1965.94,2996.22,,1050.15,8830.11,0.0
2023-07-19,7727.0,8282.0,0.0,,,6030.92,5310.26,2152.04,3272.1,,1171.2,9390.97,0.0
2023-07-20,10463.0,10257.0,0.0,,,6720.88,5746.56,2422.21,3679.44,,1339.31,10230.04,0.0
2023-07-21,4898.0,,0.0,,,6444.02,5295.18,2281.47,3446.64,,1185.23,9314.44,0.0
2023-07-22,2300.0,7887.0,0.0,,,2717.49,2365.49,875.57,1497.59,,282.04,3838.86,0.0
2023-07-23,10515.0,5326.0,0.0,,,845.87,737.8,201.48,352.11,,38.8,1244.47,0.0
2023-07-24,14488.0,,0.0,,,5834.46,5108.92,1711.53,2577.67,,856.53,8639.3,0.0
2023-07-25,8213.0,,0.0,,,6833.71,5687.77,2110.17,3128.5,,1076.98,9926.0,0.0
2023-07-26,10722.0,6925.0,0.0,,,7049.71,5762.62,1977.64,3017.21,,990.06,10082.13,0.0
2023-07-27,9551.0,9452.0,0.0,,,7311.81,6028.29,2081.85,3175.73,,1028.88,10241.35,0.0
2023-07-28,15615.0,,0.0,,,6486.98,5250.74,2231.78,3358.32,,997.83,9132.24,0.0
2023-07-29,5874.0,9856.0,0.0,,,2720.52,2201.07,896.25,1539.24,,234.67,3641.66,0.0
2023-07-30,14182.0,7169.0,0.0,,,922.87,740.89,237.48,413.04,,36.53,1328.29,0.0
2023-07-31,9793.0,,0.0,,,4940.82,3897.43,1692.62,2673.86,,733.02,7028.69,0.0
2023-08-01,5344.0,,0.0,,,5238.45,4203.58,1486.17,2410.58,,654.63,,
2023-08-02,10515.0,10571.0,0.0,,,5129.98,3987.86,1519.91,2479.52,,659.38,,
2023-08-03,13571.0,7749.0,0.0,,,5443.1,4425.2,1575.54,2580.26,,717.97,,
2023-08-04,5966.0,,0.0,,,5492.78,4413.24,1742.05,2763.94,,726.65,,
2023-08-05,9473.0,4877.0,0.0,,,2353.43,1981.96,820.92,1468.47,,216.2,,
2023-08-06,8329.0,,0.0,,,885.9,708.32,281.34,502.8,,47.74,,
2023-08-07,8917.0,9833.0,0.0,,,7211.32,4838.63,1715.46,2665.71,,769.9,,
2023-08-08,7430.0,,0.0,,,8074.8,5100.77,2068.7,3188.54,,898.84,,
2023-08-09,,,,,,5059.42,3378.86,1325.36,2169.89,,501.84,,
2023-08-10,,,,,,1701.66,1807.91,539.41,924.75,,172.49,,
2023-08-11,6219.0,6011.0,0.0,,,8849.9,5761.99,2326.5,3556.39,,1103.32,,
2023-08-12,7404.0,7323.0,0.0,,,4172.04,2726.64,1111.72,1922.27,,371.3,,
2023-08-13,16832.0,8573.0,0.0,,,1270.52,810.44,240.81,428.47,,42.19,,
2023-08-14,7228.0,10820.0,0.0,,,8003.26,5082.96,2048.74,3284.4,,1036.5,,
2023-08-15,8910.0,6023.0,0.0,,,4318.43,2663.69,1091.64,2000.49,,400.91,,
2023-08-16,9450.0,5341.0,0.0,,,8713.35,5759.72,2322.02,3600.14,,1209.58,,
2023-08-17,12524.0,8926.0,0.0,,,9351.81,6130.0,2489.6,3809.76,,1353.9,,
2023-08-18,8047.0,4799.0,0.0,,,8668.96,5514.9,2419.38,3696.68,,1232.98,,
2023-08-19,7938.0,5296.0,0.0,,,3916.29,2725.68,996.94,1725.14,,385.43,,
2023-08-20,7765.0,6824.0,0.0,,,1365.2,866.92,335.67,595.19,,65.49,,
2023-08-21,8306.0,9519.0,0.0,,,8908.45,5789.63,2178.02,3320.1,,1133.02,,
2023-08-22,12978.0,,0.0,,,8951.69,5865.92,2568.59,3848.27,,1368.12,,
2023-08-23,8219.0,6416.0,0.0,,,9069.95,5876.85,2421.72,3748.17,,1296.28,,
2023-08-24,11375.0,6914.0,0.0,,,7903.8,5348.81,1989.08,2997.02,,1031.0,,
2023-08-25,15619.0,,0.0,,,8960.06,5727.6,2297.59,3492.62,,1157.56,,
2023-08-26,7405.0,9910.0,0.0,,,4308.29,2848.16,1095.28,1900.28,,406.64,,
2023-08-27,11742.0,7754.0,0.0,,,1479.14,971.57,451.05,777.08,,97.48,,
2023-08-28,10110.0,6398.0,0.0,,,8749.19,5775.19,2098.49,3244.18,,1062.7,,
2023-08-29,11926.0,11455.0,0.0,,,8826.13,5675.67,2122.21,3323.3,,1165.86,,
2023-08-30,11868.0,10731.0,0.0,,,7877.84,5358.97,1941.57,3049.29,,1001.13,,
2023-08-31,9105.0,11465.0,0.0,,,8411.09,5526.33,2144.66,3293.8,,1126.77,,
2023-09-01,13358.0,,0.0,10673.77,15475.96,7466.38,5024.72,2016.61,3108.44,,1018.49,8732.3,0.0
2023-09-02,7950.0,9785.0,0.0,7418.84,9753.02,3508.09,2411.63,898.0,1592.22,,319.68,3751.28,0.0
2023-09-03,13024.0,4943.0,0.0,5560.89,7046.71,1440.7,966.93,337.73,598.34,,64.03,1549.71,0.0
2023-09-04,7923.0,10762.0,0.0,14226.24,20602.39,8408.84,5635.83,2104.08,3268.14,,1045.19,9663.56,0.0
2023-09-05,11961.0,,0.0,13146.27,19046.97,8654.65,5669.18,2115.43,3334.54,,1100.93,10353.86,0.0
2023-09-06,6351.0,8390.0,0.0,13232.26,18911.35,8506.52,5685.46,2070.55,3211.75,,1042.82,10001.94,0.0
2023-09-07,12941.0,4297.0,0.0,13910.12,19797.83,8284.62,5552.28,2044.62,3148.55,,1070.57,9797.27,0.0
2023-09-08,12967.0,6070.0,0.0,12672.55,17642.39,8650.74,5640.24,2246.58,3460.65,,1099.82,10088.07,0.0
2023-09-09,8765.0,8831.0,0.0,8113.65,10566.19,3909.53,2640.46,794.52,1412.73,,245.64,4055.11,0.0
2023-09-10,6759.0,8166.0,0.0,5230.44,6788.46,1500.23,1007.71,243.31,428.39,,41.84,1605.83,0.0
2023-09-11,11005.0,,0.0,13505.11,19804.64,8453.0,5596.65,1933.23,3027.91,,1001.51,9770.88,0.0
2023-09-12,14246.0,8257.0,0.0,12561.89,19290.6,8969.09,5960.33,2324.27,3562.46,,1225.01,10696.97,0.0
2023-09-13,14691.0,6359.0,0.0,12149.74,18626.58,8812.99,5911.22,2324.81,3567.18,,1201.95,10517.11,0.0
2023-09-14,9147.0,5375.0,0.0,11432.35,17843.4,8235.69,5873.83,2259.45,3457.77,,1200.72,10276.62,0.0
2023-09-15,12417.0,,0.0,11373.5,16466.8,8325.48,5578.66,2156.57,3293.31,,1087.13,9968.94,0.0
2023-09-16,10157.0,7829.0,0.0,7941.93,10288.67,3469.14,1710.41,773.22,1344.96,,270.97,3914.24,0.0
2023-09-17,7511.0,8383.0,0.0,5714.28,6778.26,1179.52,936.55,204.13,354.99,,39.02,1447.33,0.0
2023-09-18,12371.0,,0.0,13982.22,18906.1,8701.09,5753.5,2077.77,3196.89,,1069.79,10138.17,0.0
2023-09-19,8337.0,7326.0,0.0,13661.5,19484.28,8989.64,6143.1,2225.34,3400.62,,1149.94,11149.36,0.0
2023-09-20,10304.0,6079.0,0.0,12301.94,18233.98,8721.58,5980.55,2090.44,3218.36,,1113.61,10613.09,0.0
2023-09-21,11690.0,6834.0,0.0,11792.28,17624.77,8152.57,5575.99,1937.73,2945.87,,1054.1,10043.68,0.0
2023-09-22,11994.0,,0.0,13355.37,18751.62,9022.79,5935.35,2390.08,3595.87,,1233.65,10653.69,0.0
2023-09-23,13253.0,8280.0,0.0,9703.51,12948.09,4594.19,3140.28,1041.96,1750.46,,387.12,5011.86,0.0
2023-09-24,7089.0,6791.0,0.0,6056.5,7814.5,1574.39,1063.86,221.88,391.0,,48.33,1767.19,0.0
2023-09-25,12010.0,12152.0,0.0,14563.49,21323.59,9443.93,6184.43,2203.72,3323.9,,1133.63,10662.15,0.0
2023-09-26,11761.0,,0.0,11283.18,16756.22,9163.46,6292.98,2261.76,3418.5,,1196.22,11364.07,0.0
2023-09-27,11291.0,9423.0,0.0,10959.8,14886.65,8268.08,5296.02,1873.86,2833.41,,842.5,9512.78,0.0
2023-09-28,10907.0,3952.0,0.0,3253.68,3768.66,1891.14,1298.05,263.3,435.59,,50.21,2197.1,0.0
2023-09-29,3236.0,,0.0,732.02,870.82,337.72,236.77,88.04,143.83,,10.48,322.01,0.0
2023-09-30,8458.0,6768.0,0.0,1204.67,1567.74,801.39,546.87,162.03,277.47,,25.51,849.01,0.0
2023-10-01,12199.0,,0.0,,,882.59,594.28,229.78,399.51,,36.98,904.75,0.0
2023-10-02,12954.0,,0.0,,,2351.83,1562.47,795.79,1381.36,,209.02,2616.19,0.0
2023-10-03,7471.0,,0.0,,,2728.43,1798.4,764.82,1319.49,,195.58,3016.07,0.0
2023-10-04,19204.0,6460.0,0.0,,,7964.25,5352.41,1792.36,2837.5,,901.35,9265.7,0.0
2023-10-05,8258.0,,0.0,,,9226.42,5966.92,2287.3,3492.82,,1171.27,10765.05,0.0
2023-10-06,6518.0,,0.0,,,9231.91,6220.7,2385.73,3644.08,,1156.48,10688.45,0.0
2023-10-07,7981.0,7296.0,0.0,,,4382.57,2952.61,1256.45,2163.05,,420.36,4741.9,0.0
2023-10-08,3758.0,,0.0,,,1241.35,833.1,243.91,433.84,,41.82,1328.35,0.0
2023-10-09,5496.0,,0.0,,,3688.61,2442.89,1196.36,2068.5,,388.6,4251.21,0.0
2023-10-10,9266.0,,0.0,,,8400.95,5720.6,2135.91,3267.47,,1071.56,9898.68,0.0
2023-10-11,9507.0,6921.0,0.0,,,8935.14,5987.69,2246.71,3420.94,,1123.52,10538.98,0.0
2023-10-12,9257.0,5178.0,0.0,,,6881.47,6049.35,2379.27,3656.67,,1207.05,10758.19,0.0
2023-10-13,6959.0,,0.0,,,5535.14,5792.11,2367.2,3618.24,,1114.6,10417.48,0.0
2023-10-14,10137.0,8008.0,0.0,,,2644.57,2896.25,995.4,1744.4,,293.51,4419.81,0.0
2023-10-15,6575.0,3103.0,0.0,,,1025.25,1089.66,292.6,512.6,,52.56,1735.04,0.0
2023-10-16,12563.0,5480.0,0.0,,,5274.97,5688.79,2077.06,3238.6,,1005.63,10016.83,0.0
2023-10-17,8495.0,,0.0,,,5770.17,6105.48,2308.2,3515.51,,1126.15,10696.62,0.0
2023-10-18,7883.0,6371.0,0.0,,,6985.69,5877.82,2062.64,3167.19,,1036.19,10329.6,0.0
2023-10-19,11372.0,4893.0,0.0,,,6992.55,5864.16,2104.28,3249.11,,1073.31,10410.56,0.0
2023-10-20,6679.0,,0.0,,,6958.76,5612.76,1995.78,3008.21,,906.32,9927.24,0.0
2023-10-21,8004.0,9217.0,0.0,,,3242.77,2764.3,830.15,1374.69,,244.04,4155.85,0.0
2023-10-22,14238.0,5998.0,0.0,,,1494.42,1074.8,263.62,444.57,,49.91,1749.05,0.0
2023-10-23,11408.0,9139.0,0.0,,,8030.95,5604.86,1935.04,2941.64,,907.75,9871.39,0.0
2023-10-24,11589.0,,0.0,,,8795.13,5908.8,2117.87,3235.86,,1051.28,10378.84,0.0
2023-10-25,7549.0,6760.0,0.0,,,8826.14,6005.07,2156.43,3287.2,,1116.96,10491.61,0.0
2023-10-26,13248.0,5395.0,0.0,,,8840.06,5902.52,2110.87,3188.2,,1077.81,10544.69,0.0
2023-10-27,15209.0,,0.0,,,8494.41,5535.97,2086.68,3175.03,,986.01,9812.62,0.0
2023-10-28,9574.0,12027.0,0.0,,,3950.42,2652.12,902.65,1532.08,,285.87,4148.64,0.0
2023-10-29,8704.0,7297.0,0.0,,,1501.94,988.78,243.23,412.36,,47.57,1622.18,0.0
2023-10-30,15985.0,7563.0,0.0,,,8160.2,5436.08,1941.3,2966.07,,909.26,9410.33,0.0
2023-10-31,7667.0,,0.0,,,8630.17,5902.03,2049.96,3183.36,,1047.35,10424.12,0.0
2023-11-01,11793.0,7080.0,0.0,12355.31,17026.81,7036.33,5396.09,1895.44,2937.37,,929.4,9543.85,0.0
2023-11-02,12669.0,5943.0,0.0,12581.53,16574.0,6503.95,5626.65,1904.57,2971.68,,927.65,9964.73,0.0
2023-11-03,10095.0,,0.0,11730.69,15292.61,6354.77,5303.0,1983.88,3056.44,,891.34,9432.96,0.0
2023-11-04,14469.0,8472.0,0.0,7566.01,9484.28,2659.25,2223.78,879.01,1508.23,,240.94,3633.68,0.0
2023-11-05,9972.0,,0.0,5730.91,6903.01,1112.1,983.03,302.09,524.32,,53.45,1528.25,0.0
2023-11-06,9505.0,6187.0,0.0,13839.72,19609.58,6008.56,5138.86,1796.24,2764.89,,862.05,8688.95,0.0
2023-11-07,8582.0,,0.0,13292.64,18294.26,6825.54,5650.37,2065.86,3203.55,,1013.37,9848.27,0.0
2023-11-08,9482.0,5485.0,0.0,13914.51,19183.33,6746.74,5613.11,2024.67,3191.4,,971.39,9906.31,0.0
2023-11-09,11401.0,8753.0,0.0,13776.63,19293.4,6977.29,5945.75,2090.32,3251.24,,1041.71,10200.2,0.0
2023-11-10,11509.0,5457.0,0.0,13842.52,18996.69,6779.79,5488.69,2128.54,3266.7,,970.94,9608.73,0.0
2023-11-11,11742.0,9403.0,0.0,10174.23,12530.96,2966.87,2474.17,886.5,1498.36,,248.36,3901.97,0.0
2023-11-12,12419.0,7146.0,0.0,6186.29,7405.03,1274.23,1043.97,273.56,476.12,,51.37,1713.45,0.0
2023-11-13,12023.0,8134.0,0.0,14590.14,19934.25,6512.11,5387.49,1924.2,2998.28,,916.96,9227.66,0.0
2023-11-14,15173.0,9344.0,0.0,12909.27,17790.27,6731.6,5709.58,2038.85,3109.05,,1009.05,10018.4,0.0
2023-11-15,9867.0,3989.0,0.0,13573.53,19100.24,6472.33,5434.98,2048.55,3214.4,,1026.57,9714.66,0.0
2023-11-16,13357.0,3750.0,0.0,12665.31,19142.37,6680.42,5491.72,2006.57,3087.49,,1035.32,9738.63,0.0
2023-11-17,7351.0,,0.0,12534.52,17028.82,6600.33,5382.64,2013.43,3084.79,,946.09,9436.69,0.0
2023-11-18,7505.0,,0.0,9623.37,11869.73,2911.13,1991.84,964.22,1652.1,,297.99,3805.45,0.0
2023-11-19,6646.0,4981.0,0.0,6422.16,7681.69,1158.67,978.04,341.18,593.6,,64.57,1524.7,0.0
2023-11-20,11307.0,13903.0,0.0,14058.01,19251.42,6666.5,5436.82,1979.22,3044.31,,990.16,9403.73,0.0
2023-11-21,11001.0,4418.0,0.0,13374.6,18565.75,6981.22,5756.64,2137.8,3273.82,,1073.68,10357.14,0.0
2023-11-22,11008.0,4002.0,0.0,14784.22,20215.57,6823.27,5649.67,2202.08,3351.21,,1139.4,10002.88,0.0
2023-11-23,7794.0,6276.0,0.0,13749.82,19045.2,6941.86,5650.38,2053.82,3137.35,,1073.44,10251.61,0.0
2023-11-24,12932.0,,0.0,13426.04,18084.28,6874.77,5562.7,2135.09,3208.87,,1011.7,9817.92,0.0
2023-11-25,14965.0,5226.0,0.0,9419.74,11566.26,3125.61,2630.74,1137.85,1915.66,,359.62,4029.59,0.0
2023-11-26,4792.0,8063.0,0.0,6567.39,7983.62,1051.84,896.29,399.5,707.19,,81.49,1368.21,0.0
2023-11-27,15764.0,,0.0,13816.88,20111.0,6094.68,5005.79,1991.13,3102.4,,971.06,8791.78,0.0
2023-11-28,16688.0,14425.0,0.0,14069.87,19875.42,6841.14,5574.55,2250.42,3418.68,,1116.39,9875.68,0.0
2023-11-29,9806.0,10179.0,0.0,14146.13,20880.54,6716.88,5441.97,1978.12,3043.35,,1008.78,9824.38,0.0
2023-11-30,8114.0,10142.0,0.0,12870.75,17921.39,6559.04,5404.93,1991.66,3102.49,,1051.91,9726.62,0.0
2023-12-01,9744.0,,0.0,,,6442.76,5286.5,2035.23,3104.24,,957.76,9322.17,0.0
2023-12-02,17882.0,6835.0,0.0,,,2811.83,2370.12,889.26,1558.39,,283.48,3653.0,0.0
2023-12-03,9449.0,4202.0,0.0,,,1038.97,880.73,440.09,761.97,,86.17,1400.07,0.0
2023-12-04,16289.0,4888.0,0.0,,,6038.54,4172.29,2038.28,3171.44,,1028.97,9121.65,0.0
2023-12-05,7843.0,5027.0,0.0,,,6768.54,0.0,2110.04,3227.83,,1043.87,9927.95,0.0
2023-12-06,11459.0,6922.0,0.0,,,6601.09,0.0,2166.09,3294.15,,1086.08,9850.54,0.0
2023-12-07,4386.0,5900.0,0.0,,,6446.35,0.0,2224.71,3405.14,,1142.18,9838.11,0.0
2023-12-08,15657.0,7462.0,0.0,,,6605.65,0.0,2197.38,3330.76,,1006.92,9884.54,0.0
2023-12-09,7830.0,8330.0,0.0,,,2959.36,0.0,1092.91,1878.67,,331.64,3932.95,0.0
2023-12-10,8788.0,7310.0,0.0,,,979.92,0.0,388.15,681.39,,75.81,1374.98,0.0
2023-12-11,11370.0,6546.0,0.0,,,6269.73,0.0,1793.61,2709.27,,910.71,8881.22,0.0
2023-12-12,19524.0,4948.0,0.0,,,6897.88,0.0,2019.04,3063.67,,1041.82,10124.08,0.0
2023-12-13,4911.0,9753.0,0.0,,,6675.05,0.0,2190.56,3290.78,,1136.47,10327.85,0.0
2023-12-14,13064.0,5194.0,0.0,,,6748.8,0.0,2249.13,3370.44,,1189.34,9817.45,0.0
2023-12-15,11960.0,,0.0,,,5360.92,0.0,1927.2,2854.27,,954.66,8439.65,0.0
2023-12-16,8017.0,6482.0,0.0,,,2823.88,0.0,865.54,1457.01,,277.74,3594.75,0.0
2023-12-17,10572.0,9282.0,0.0,,,1065.84,0.0,291.13,503.07,,55.78,1395.32,0.0
2023-12-18,5321.0,6875.0,0.0,,,6377.44,0.0,2037.04,3028.56,,978.02,9317.63,0.0
2023-12-19,12292.0,,0.0,,,7021.48,0.0,2131.74,3171.97,,1086.96,10335.95,0.0
2023-12-20,3096.0,5323.0,0.0,,,6717.23,0.0,2056.03,3088.42,,1060.13,9711.42,0.0
2023-12-21,17468.0,4728.0,0.0,,,6665.28,0.0,2019.73,3054.39,,1068.35,9878.93,0.0
2023-12-22,3971.0,,0.0,,,6270.5,0.0,1940.38,2868.32,,904.12,9293.41,0.0
2023-12-23,13653.0,7628.0,0.0,,,2672.69,0.0,914.46,1522.55,,292.93,3811.62,0.0
2023-12-24,7140.0,,0.0,,,704.07,0.0,272.58,493.49,,52.7,966.48,0.0
2023-12-25,11355.0,,0.0,,,2137.03,0.0,790.53,1337.09,,206.1,3028.71,0.0
2023-12-26,7427.0,10179.0,0.0,,,6077.65,0.0,1868.54,2814.88,,926.27,9597.96,0.0
2023-12-27,15324.0,3664.0,0.0,,,6778.13,0.0,2169.7,3206.13,,1058.65,10390.66,0.0
2023-12-28,11585.0,,0.0,,,6595.28,0.0,2048.2,3051.47,,976.1,10034.93,0.0
2023-12-29,7972.0,5390.0,0.0,,,5897.58,0.0,1778.05,2641.14,,780.44,9068.59,0.0
2023-12-30,9689.0,5733.0,0.0,,,2511.15,0.0,727.22,1207.5,,198.01,3565.19,0.0
2023-12-31,5393.0,,0.0,,,593.69,0.0,206.97,386.6,,34.79,796.9,0.0
2024-01-01,11122.0,,0.0,7052.32,8218.23,842.81,0.0,341.47,610.13,,57.64,,
2024-01-02,10287.0,,0.0,14165.57,19842.12,5623.79,0.0,1512.63,2370.22,,718.81,,
2024-01-03,8474.0,,0.0,14600.67,21281.97,6644.52,0.0,1811.83,2743.97,,900.67,,
2024-01-04,10851.0,11183.0,0.0,13565.61,19319.2,6774.42,0.0,1911.02,2922.33,,984.91,,
2024-01-05,6185.0,5525.0,0.0,11130.69,15653.96,6442.71,0.0,1944.42,2961.49,,939.98,,
2024-01-06,12289.0,2727.0,0.0,9217.22,11818.69,2686.38,0.0,946.31,1650.82,,317.05,,
2024-01-07,7368.0,,0.0,6713.05,8100.23,984.53,0.0,266.38,474.45,,53.59,,
2024-01-08,9960.0,4754.0,0.0,13954.32,19659.6,6272.7,0.0,1730.39,2626.25,,865.12,,
2024-01-09,7335.0,,0.0,12395.94,18823.82,6713.04,0.0,1786.5,2749.54,,917.74,,
2024-01-10,6807.0,4501.0,0.0,13886.04,19516.49,6404.92,0.0,1782.61,2707.68,,917.43,,
2024-01-11,10216.0,7976.0,0.0,14358.37,20085.01,6888.17,0.0,1988.95,2968.62,,1031.98,,
2024-01-12,13333.0,8279.0,0.0,12614.33,17665.64,6722.27,0.0,2084.85,3107.18,,1040.87,,
2024-01-13,9923.0,8349.0,0.0,9219.26,11693.9,2919.67,0.0,815.19,1390.21,,268.27,,
2024-01-14,8258.0,,0.0,6028.47,7328.68,928.39,0.0,275.81,484.34,,52.84,,
2024-01-15,14264.0,,0.0,15247.72,20852.84,6485.75,0.0,1603.63,2446.37,,793.48,,
2024-01-16,12033.0,3676.0,0.0,14081.76,20081.45,6636.85,0.0,1815.46,2745.53,,901.97,,
2024-01-17,12474.0,5460.0,0.0,14218.59,21292.49,6949.13,0.0,1827.35,2759.77,,912.44,,
2024-01-18,5413.0,4762.0,0.0,12119.21,18050.76,6764.63,0.0,1778.01,2708.21,,918.85,,
2024-01-19,8201.0,4424.0,0.0,11987.01,17238.62,6381.32,0.0,2052.58,3106.4,,986.12,,
2024-01-20,7609.0,5464.0,0.0,8847.07,11657.22,2780.84,0.0,790.89,1340.11,,252.34,,
2024-01-21,7612.0,6058.0,0.0,6148.72,7596.57,1025.51,0.0,254.39,452.58,,50.66,,
2024-01-22,7728.0,14640.0,0.0,14205.63,19223.29,6318.71,0.0,1781.64,2680.03,,896.07,,
2024-01-23,15948.0,1367.0,0.0,13486.91,18906.51,6554.27,0.0,1903.32,2844.08,,971.79,,
2024-01-24,6159.0,10881.0,0.0,13662.47,19023.25,6190.82,0.0,1864.81,2869.46,,975.46,,
2024-01-25,12835.0,5161.0,0.0,14059.15,19772.63,6588.68,0.0,1940.49,2913.83,,1016.24,,
2024-01-26,6486.0,,0.0,13119.13,18175.25,6606.13,0.0,2026.84,3050.28,,1003.9,,
2024-01-27,12245.0,8824.0,0.0,9859.94,12435.06,2901.56,0.0,872.84,1474.19,,281.87,,
2024-01-28,11945.0,9067.0,0.0,5916.33,7103.01,1129.28,0.0,248.25,435.58,,48.84,,
2024-01-29,7088.0,,0.0,15484.86,21497.51,6668.37,0.0,1805.68,2754.06,,921.03,,
2024-01-30,12746.0,,0.0,14193.27,20055.95,6909.44,0.0,2053.1,3094.72,,1052.84,,
2024-01-31,12013.0,7081.0,0.0,13326.55,18970.95,6382.31,0.0,1887.13,2868.59,,969.77,,
2024-02-01,10349.0,8433.0,0.0,13365.3,20173.9,6406.49,0.0,1928.27,2912.31,,977.54,9467.47,0.0
2024-02-02,15804.0,,0.0,12192.29,17335.75,6803.47,0.0,2121.4,3170.1,,1037.47,10314.73,0.0
2024-02-03,8982.0,8743.0,0.0,9165.22,12442.81,2911.51,0.0,894.18,1563.82,,298.86,4128.86,0.0
2024-02-04,12781.0,3960.0,0.0,6271.32,8031.16,1046.03,0.0,242.95,443.0,,48.94,1447.99,0.0
2024-02-05,14113.0,8898.0,0.0,13524.05,19625.79,6288.68,0.0,1829.88,2704.15,,924.65,8735.96,0.0
2024-02-06,10651.0,,0.0,13166.31,19438.73,7101.32,0.0,2199.35,3253.31,,1140.57,10572.23,0.0
2024-02-07,4756.0,5008.0,0.0,13268.01,18649.7,7015.48,0.0,2185.03,3287.21,,1108.83,10636.97,0.0
2024-02-08,14128.0,,0.0,11143.9,15283.61,5743.47,0.0,1820.76,2732.21,,798.42,8642.42,0.0
2024-02-09,8103.0,5483.0,0.0,3474.26,4228.08,1268.43,0.0,258.12,448.47,,44.99,1764.0,0.0
2024-02-10,,,0.0,444.88,514.39,314.8,0.0,95.77,155.77,,10.38,359.24,0.0
2024-02-11,2749.0,1865.0,0.0,2728.95,3338.37,528.32,0.0,157.96,268.98,,23.83,684.64,0.0
2024-02-12,13340.0,8002.0,0.0,8809.95,10592.29,1428.79,0.0,454.07,769.36,,93.75,1911.79,0.0
2024-02-13,14094.0,,0.0,14447.2,19877.31,5851.81,0.0,1640.64,2500.32,,799.73,8474.11,0.0
2024-02-14,6102.0,2976.0,0.0,13676.09,18876.73,6403.64,0.0,1992.07,2992.3,,1001.9,9634.91,0.0
2024-02-15,11677.0,6448.0,0.0,14033.52,17207.19,6527.93,0.0,2023.27,3019.88,,1013.71,10107.33,0.0
2024-02-16,5374.0,,0.0,13324.91,18061.61,6396.8,0.0,2130.85,3160.35,,1043.2,9770.56,0.0
2024-02-17,8925.0,7315.0,0.0,9499.64,11675.74,2938.97,0.0,1099.83,1903.96,,347.57,4396.5,0.0
2024-02-18,14862.0,,0.0,5711.91,6997.6,1169.63,0.0,271.58,492.81,,56.05,1677.28,0.0
2024-02-19,6290.0,,0.0,12408.99,16484.39,5670.12,0.0,1743.93,2592.34,,886.82,8356.24,0.0
2024-02-20,4350.0,,0.0,13336.84,19518.15,6259.7,0.0,1877.46,2785.21,,954.34,9346.25,0.0
2024-02-21,10241.0,10551.0,0.0,12619.07,18439.46,5914.58,0.0,1794.34,2653.35,,893.84,8468.32,0.0
2024-02-22,15132.0,11717.0,0.0,12831.6,19118.35,6185.44,0.0,1893.27,2845.58,,1003.41,9249.86,0.0
2024-02-23,6286.0,,0.0,12166.46,17150.64,6428.52,0.0,2166.7,3211.24,,1070.81,9842.99,0.0
2024-02-24,10919.0,10813.0,0.0,9376.03,12805.03,2946.27,0.0,860.32,1490.59,,291.76,4203.42,0.0
2024-02-25,18332.0,13280.0,0.0,6732.75,8509.26,1024.95,0.0,329.25,565.97,,68.9,1486.96,0.0
2024-02-26,5348.0,8569.0,0.0,15184.22,20373.6,6453.67,0.0,1968.05,2968.5,,983.23,9791.88,0.0
2024-02-27,17484.0,,0.0,14539.95,20876.47,7127.22,0.0,2233.66,3319.55,,1146.38,10357.74,0.0
2024-02-28,18314.0,6061.0,0.0,11889.74,16103.04,6981.0,0.0,2257.17,3317.9,,1147.86,10009.29,0.0
2024-02-29,15207.0,4673.0,0.0,12044.39,16335.03,6369.13,0.0,2150.47,3148.49,,1093.54,9602.3,0.0
2024-03-01,17584.0,,0.0,,,2874.17,0.0,1253.71,2053.7,,375.71,,
2024-03-02,9761.0,13630.0,0.0,,,2245.42,0.0,820.98,1403.25,,223.75,,
2024-03-03,23680.0,6986.0,0.0,,,977.95,0.0,331.33,566.8,,59.86,,
2024-03-04,18278.0,,0.0,,,6658.59,0.0,2039.0,3136.16,,1031.05,,
2024-03-05,7800.0,4712.0,0.0,,,6437.75,0.0,1979.69,2938.84,,1069.31,,
2024-03-06,11168.0,12313.0,0.0,,,7126.55,0.0,2065.33,3079.85,,1098.43,,
2024-03-07,8587.0,8217.0,0.0,,,7273.6,0.0,2192.05,3268.57,,1143.04,,
2024-03-08,12667.0,,0.0,,,6984.0,0.0,2140.44,3220.25,,1070.31,,
2024-03-09,13148.0,9519.0,6.0,,,3012.58,0.0,847.1,1463.66,,253.31,,
2024-03-10,5347.0,9620.0,673.0,,,1019.73,0.0,277.25,493.8,,53.89,,
2024-03-11,11206.0,,11.0,,,6740.51,0.0,2013.65,3002.27,,1042.49,,
2024-03-12,21800.0,13560.0,158.0,,,6777.02,0.0,2102.54,3127.08,,1143.96,,
2024-03-13,12129.0,5113.0,1561.0,,,7294.14,0.0,2268.36,3413.87,,1205.99,,
2024-03-14,5640.0,9834.0,1118.0,,,7231.89,0.0,2239.1,3349.3,,1185.52,,
2024-03-15,21423.0,,163.0,,,6958.53,0.0,2260.52,3361.98,,1109.96,,
2024-03-16,7252.0,4986.0,1.0,,,3004.22,0.0,1046.63,1798.25,,332.26,,
2024-03-17,10267.0,,751.0,,,1167.12,0.0,296.57,532.43,,59.98,,
2024-03-18,13613.0,,86.0,,,6926.75,0.0,2056.03,3049.78,,1055.27,,
2024-03-19,13553.0,1898.0,189.0,,,7212.37,0.0,2292.55,3380.09,,1221.88,,
2024-03-20,6980.0,7412.0,2197.0,,,7222.04,0.0,1975.2,2976.68,,1076.04,,
2024-03-21,9704.0,14846.0,921.0,,,7343.86,0.0,2114.36,3128.36,,1116.27,,
2024-03-22,8986.0,7593.0,1119.0,,,7158.9,0.0,2110.76,2965.4,,1034.88,,
2024-03-23,17945.0,6952.0,144.0,,,2984.15,0.0,840.73,1335.66,,259.93,,
2024-03-24,8804.0,9987.0,657.0,,,980.39,0.0,288.86,472.51,,59.82,,
2024-03-25,11950.0,,108.0,,,6554.2,0.0,1906.09,2698.76,,985.5,,
2024-03-26,13181.0,,238.0,,,6416.53,0.0,1997.93,2807.59,,1063.68,,
2024-03-27,10873.0,5095.0,138.0,,,7020.46,0.0,2161.02,3047.49,,1162.72,,
2024-03-28,13969.0,5810.0,992.0,,,5792.79,0.0,1886.66,2616.92,,1022.59,,
2024-03-29,8296.0,8479.0,2037.0,,,6574.35,0.0,2086.37,2926.41,,1004.16,,
2024-03-30,15514.0,12290.0,1.0,,,3228.22,0.0,957.52,1480.49,,258.21,,
2024-03-31,8030.0,,1439.0,,,1189.62,0.0,313.14,505.62,,57.52,,
2024-04-01,14425.0,,204.0,14743.56,22223.3,6790.39,0.0,1956.24,2790.02,,967.44,9606.86,0.0
2024-04-02,11186.0,6498.0,99.0,13968.37,22168.29,7161.49,0.0,2148.49,3040.16,,1087.82,10372.8,0.0
2024-04-03,10549.0,11516.0,176.0,10871.25,14834.51,5665.07,0.0,1845.46,2606.42,,1019.6,8611.98,0.0
2024-04-04,13806.0,8025.0,616.0,13360.56,21540.64,6636.08,0.0,2269.05,3244.22,,1254.49,9914.01,0.0
2024-04-05,8443.0,,663.0,11416.48,18802.08,7372.57,0.0,2275.69,3218.59,,1158.66,10253.58,0.0
2024-04-06,14375.0,10748.0,1014.0,7656.48,11229.97,3176.21,0.0,1101.73,1706.58,,359.79,4211.82,0.0
2024-04-07,14263.0,,,5766.06,9084.12,1145.37,0.0,328.98,524.72,,62.56,1583.32,0.0
2024-04-08,5383.0,,,12809.09,21999.54,6683.05,0.0,2105.12,2984.26,,1144.88,9769.06,0.0
2024-04-09,14132.0,9442.0,0.0,12887.63,20374.42,7340.52,0.0,2294.16,3228.3,,1205.12,10717.73,0.0
2024-04-10,7470.0,5398.0,70.0,10456.25,15064.06,3359.39,0.0,886.93,1388.96,,246.01,4703.13,0.0
2024-04-11,11750.0,13707.0,584.0,13378.59,21310.45,7012.07,0.0,2123.46,3035.44,,1153.86,10390.74,0.0
2024-04-12,9209.0,,451.0,12413.69,18810.75,6920.04,0.0,2062.13,2904.95,,1026.13,10262.46,0.0
2024-04-13,12769.0,8523.0,0.0,8232.62,11257.55,3328.04,0.0,1102.13,1697.52,,370.7,4261.86,0.0
2024-04-14,6612.0,,485.0,6644.59,8989.67,1158.4,0.0,347.53,558.6,,69.25,1645.58,0.0
2024-04-15,13339.0,5868.0,887.0,11796.41,17758.34,5583.6,0.0,1952.94,2747.93,,1028.98,9107.13,0.0
2024-04-16,12757.0,,144.0,12559.89,19103.39,6452.44,0.0,2329.2,3317.03,,1289.07,9879.86,0.0
2024-04-17,9685.0,8729.0,463.0,13703.01,22079.29,6998.43,0.0,2249.37,3217.8,,1248.62,10201.38,0.0
2024-04-18,3852.0,5742.0,999.0,13198.9,21526.17,7080.11,0.0,2248.63,3127.77,,1218.64,10432.94,0.0
2024-04-19,15103.0,11700.0,755.0,12821.2,19978.1,6733.29,0.0,2192.15,3052.73,,1132.79,10059.18,0.0
2024-04-20,4005.0,1498.0,484.0,8187.67,11402.87,2759.8,0.0,1106.68,1703.6,,424.12,4114.3,0.0
2024-04-21,8279.0,,,5533.73,7347.18,1133.24,0.0,343.53,541.96,,74.77,1579.46,0.0
2024-04-22,13758.0,,44.0,13525.76,22009.14,6586.5,0.0,2173.58,3060.42,,1201.23,9549.05,0.0
2024-04-23,10076.0,,128.0,13028.56,21135.11,7283.71,0.0,2292.29,3154.64,,1261.08,10410.46,0.0
2024-04-24,12738.0,10998.0,1.0,13377.48,21072.45,6691.8,0.0,2235.89,3118.5,,1257.49,9782.81,0.0
2024-04-25,19998.0,5402.0,667.0,12270.26,20961.7,7207.93,0.0,2244.24,3114.95,,1250.37,10451.74,0.0
2024-04-26,3841.0,9290.0,0.0,11679.05,18330.5,6650.11,0.0,2239.63,3125.6,,1167.58,9947.46,0.0
2024-04-27,8298.0,10253.0,763.0,8591.22,12093.34,3181.88,0.0,1190.29,1820.74,,399.18,4057.85,0.0
2024-04-28,14166.0,,881.0,8552.69,11593.41,1284.67,0.0,316.52,505.14,,71.02,1788.12,0.0
2024-04-29,10046.0,5972.0,1432.0,12390.89,17299.16,6086.03,0.0,1968.9,2760.57,,1150.35,8831.97,0.0
2024-04-30,14877.0,6733.0,0.0,11623.31,17223.31,6973.32,0.0,2256.77,3205.19,,1270.79,10659.95,0.0
2024-05-01,9096.0,9217.0,240.0,,,2770.08,0.0,655.39,1077.56,,228.6,,
2024-05-02,10002.0,,1144.0,,,7407.31,0.0,2189.7,3096.77,,1196.56,,
2024-05-03,11811.0,10167.0,1038.0,,,7561.2,0.0,2224.14,3105.82,,1126.22,,
2024-05-04,12251.0,7033.0,1577.0,,,3230.49,0.0,1107.03,1632.47,,311.26,,
2024-05-05,13106.0,7447.0,0.0,,,868.19,0.0,287.12,454.37,,50.64,,
2024-05-06,10970.0,7083.0,0.0,,,2214.16,0.0,857.82,1309.25,,225.97,,
2024-05-07,7442.0,,348.0,,,7029.27,0.0,2090.6,2956.09,,1182.37,,
2024-05-08,8064.0,5122.0,137.0,,,7334.86,0.0,2149.14,3037.8,,1235.8,,
2024-05-09,7810.0,8790.0,498.0,,,7437.19,0.0,2148.45,3040.37,,1235.92,,
2024-05-10,21119.0,8174.0,161.0,,,7282.76,0.0,2128.74,2975.83,,1098.39,,
2024-05-11,5420.0,4907.0,480.0,,,3109.45,0.0,916.81,1453.96,,337.94,,
2024-05-12,14200.0,12554.0,1916.0,,,966.31,0.0,295.48,465.13,,60.81,,
2024-05-13,8725.0,,996.0,,,7025.27,0.0,1986.91,2809.16,,1087.5,,
2024-05-14,11920.0,10210.0,1080.0,,,7570.93,0.0,2317.39,3224.65,,1224.29,,
2024-05-15,7740.0,6696.0,44.0,,,3332.08,0.0,926.35,1482.28,,305.91,,
2024-05-16,4208.0,3641.0,1207.0,,,7690.99,0.0,2244.67,3098.05,,1258.95,,
2024-05-17,10765.0,,1013.0,,,7651.19,0.0,2180.73,3004.23,,1155.59,,
2024-05-18,12528.0,5039.0,0.0,,,3455.76,0.0,990.75,1544.67,,360.11,,
2024-05-19,9845.0,,864.0,,,1192.07,0.0,327.5,527.02,,64.47,,
2024-05-20,11361.0,,8.0,,,7190.56,0.0,1951.7,2747.95,,1028.08,,
2024-05-21,11167.0,,2106.0,,,7120.0,0.0,2173.85,3027.8,,1175.04,,
2024-05-22,17424.0,7824.0,43.0,,,7218.98,0.0,2050.32,2901.65,,1115.96,,
2024-05-23,3985.0,6701.0,3878.0,,,7527.29,0.0,2100.0,2934.23,,1144.59,,
2024-05-24,8643.0,,275.0,,,6989.6,0.0,2186.75,3034.61,,1127.95,,
2024-05-25,9333.0,6350.0,692.0,,,3076.54,0.0,980.41,1524.68,,332.39,,
2024-05-26,10373.0,,0.0,,,1001.6,0.0,289.86,459.26,,57.19,,
2024-05-27,14151.0,,102.0,,,6840.06,0.0,1928.16,2744.77,,1075.58,,
2024-05-28,7858.0,1132.0,593.0,,,7022.05,0.0,2052.3,2890.12,,1137.21,,
2024-05-29,9775.0,7674.0,0.0,,,6878.11,0.0,1989.09,2797.97,,1069.42,,
2024-05-30,15100.0,4938.0,4157.0,,,6622.16,0.0,2099.42,2939.94,,1137.73,,
2024-05-31,7281.0,,1574.0,,,6926.95,0.0,1976.0,2770.94,,1022.43,,
2024-06-01,13448.0,9053.0,2003.0,5395.89,8296.55,2994.98,0.0,927.34,1462.96,,318.41,3918.59,0.0
2024-06-02,9598.0,,3796.0,110.41,7652.2,1222.0,0.0,256.4,411.88,,53.5,1699.27,0.0
2024-06-03,10385.0,,508.0,4508.45,18882.4,7667.54,0.0,1885.19,2654.5,,1015.46,9755.99,0.0
2024-06-04,5869.0,,820.0,13357.28,19637.53,8890.66,0.0,2067.28,2892.03,,1182.29,10355.07,0.0
2024-06-05,9031.0,5640.0,2154.0,9772.0,17175.57,8731.46,0.0,2162.6,3023.36,,1188.57,10285.43,0.0
2024-06-06,7983.0,3886.0,1455.0,2979.43,13421.95,4014.67,0.0,1038.57,1620.64,,349.01,4781.84,0.0
2024-06-07,10497.0,8983.0,551.0,3847.73,17574.24,7927.59,0.0,2092.85,2931.75,,1095.53,9403.21,0.0
2024-06-08,8501.0,9084.0,1887.0,2211.44,9787.45,3230.82,0.0,814.6,1224.86,,254.36,3849.67,0.0
2024-06-09,9918.0,,228.0,3624.35,6989.96,1293.4,0.0,327.31,514.14,,59.27,1485.17,0.0
2024-06-10,6091.0,,906.0,3669.86,18586.81,8334.93,0.0,1895.44,2694.4,,1036.53,9984.61,0.0
2024-06-11,8515.0,,4358.0,4440.08,19199.66,8881.2,0.0,2214.34,3135.91,,1224.98,10575.92,0.0
2024-06-12,12334.0,7273.0,1073.0,4301.23,19183.1,8675.26,0.0,2021.37,2849.29,,1065.42,10401.88,0.0
2024-06-13,8281.0,8534.0,2359.0,3918.3,19029.39,8761.18,0.0,2015.4,2811.16,,1077.8,10360.01,0.0
2024-06-14,6977.0,,561.0,3951.96,17110.41,8750.24,0.0,2229.35,3064.13,,1163.87,10260.82,0.0
2024-06-15,14967.0,6549.0,841.0,3006.02,11743.66,3869.08,0.0,811.52,1271.14,,231.23,4181.4,0.0
2024-06-16,7544.0,13293.0,117.0,2939.74,8229.82,1375.8,0.0,283.33,459.76,,58.32,1544.49,0.0
2024-06-17,12075.0,,6015.0,10177.72,20133.06,8296.76,0.0,1787.09,2519.03,,942.7,9787.93,0.0
2024-06-18,10306.0,,50.0,12871.15,19336.29,9100.34,0.0,2078.91,2889.87,,1115.57,10562.8,0.0
2024-06-19,5455.0,6809.0,981.0,12206.11,18382.35,8769.49,0.0,2048.42,2826.88,,1081.1,10226.63,0.0
2024-06-20,13246.0,7611.0,1479.0,11744.02,17618.67,7104.9,0.0,2105.95,2917.47,,1140.11,10159.05,0.0
2024-06-21,9434.0,,276.0,12004.47,17817.7,5419.01,0.0,2162.76,2930.6,,1123.93,10283.71,0.0
2024-06-22,10536.0,6678.0,1.0,6340.33,8626.98,2220.93,0.0,932.63,1434.92,,345.06,4039.38,0.0
2024-06-23,9027.0,9714.0,606.0,6033.51,8140.0,957.34,0.0,255.35,407.88,,50.02,1438.95,0.0
2024-06-24,13275.0,,59.0,12913.34,19270.18,6371.63,0.0,1942.24,2698.73,,1026.97,9813.99,0.0
2024-06-25,8409.0,,342.0,12287.92,19111.57,6968.23,0.0,2143.84,2961.15,,1136.27,10636.89,0.0
2024-06-26,9382.0,12515.0,1981.0,13492.02,20548.51,6998.4,0.0,2141.35,2944.09,,1140.53,10509.44,0.0
2024-06-27,10550.0,6957.0,2416.0,12038.32,18363.4,6169.25,0.0,1969.54,2702.81,,1068.34,9893.36,0.0
2024-06-28,6942.0,10798.0,396.0,12178.83,18466.6,6509.05,0.0,1924.99,2655.5,,967.54,9760.63,0.0
2024-06-29,9894.0,,919.0,7331.85,10362.17,2530.85,0.0,888.56,1345.78,,311.85,3789.29,0.0
2024-06-30,14458.0,6581.0,2137.0,,,986.09,0.0,228.56,368.69,,46.66,1452.34,0.0
2024-07-01,7567.0,9355.0,2166.0,,,5841.25,0.0,1706.27,2442.85,,915.49,,
2024-07-02,12902.0,,655.0,,,4597.56,0.0,1687.87,2370.46,,949.26,,
2024-07-03,6555.0,12302.0,368.0,,,6010.59,0.0,1803.59,2509.06,,955.42,,
2024-07-04,14460.0,5587.0,1033.0,,,6732.85,0.0,1946.59,2717.31,,1025.38,,
2024-07-05,7251.0,9597.0,933.0,,,6394.41,0.0,1942.01,2709.93,,983.66,,
2024-07-06,5568.0,6525.0,1167.0,,,2544.06,0.0,842.93,1320.26,,269.27,,
2024-07-07,12095.0,6875.0,1564.0,,,908.88,0.0,251.27,399.18,,46.83,,
2024-07-08,8124.0,,2011.0,,,5974.68,0.0,1751.21,2457.96,,929.98,,
2024-07-09,5845.0,7063.0,2054.0,,,6201.99,0.0,1749.36,2434.01,,936.11,,
2024-07-10,13885.0,7954.0,194.0,,,5621.99,0.0,1705.11,2322.84,,884.38,,
2024-07-11,10499.0,,545.0,,,6029.59,0.0,1970.69,2716.66,,1065.04,,
2024-07-12,9242.0,,171.0,,,6294.37,0.0,2096.42,2901.63,,1055.64,,
2024-07-13,8961.0,5270.0,40.0,,,2606.67,0.0,834.01,1308.69,,282.86,,
2024-07-14,8836.0,,,,,828.75,0.0,284.46,439.04,,52.5,,
2024-07-15,9819.0,,208.0,,,5558.44,0.0,1811.4,2502.26,,946.93,,
2024-07-16,8375.0,,2151.0,,,4914.07,0.0,1813.59,2496.96,,1013.85,,
2024-07-17,9774.0,8139.0,1828.0,,,5999.88,0.0,2044.29,2844.53,,1101.9,,
2024-07-18,6530.0,6669.0,493.0,,,5989.24,0.0,1979.52,2737.55,,1067.94,,
2024-07-19,11945.0,10850.0,0.0,,,5450.96,0.0,2054.96,2820.72,,1038.46,,
2024-07-20,9717.0,10605.0,970.0,,,2472.71,0.0,1001.57,1540.78,,330.35,,
2024-07-21,10161.0,8353.0,707.0,,,983.2,0.0,288.32,464.38,,55.11,,
2024-07-22,9053.0,10393.0,251.0,,,6743.56,0.0,2064.18,2863.18,,1080.93,,
2024-07-23,11596.0,6001.0,206.0,,,6944.13,0.0,2238.76,3096.07,,1231.22,,
2024-07-24,11463.0,5339.0,626.0,,,6298.46,0.0,2133.21,2903.22,,1145.62,,
2024-07-25,9392.0,9146.0,2633.0,,,6776.7,0.0,2245.64,3074.06,,1173.18,,
2024-07-26,10452.0,8050.0,1540.0,,,6379.33,0.0,2300.14,3138.99,,1197.07,,
2024-07-27,13754.0,7285.0,6565.0,,,2569.49,0.0,983.17,1492.04,,355.36,,
2024-07-28,5565.0,11799.0,35.0,,,938.17,0.0,299.16,473.38,,58.37,,
2024-07-29,11871.0,5808.0,106.0,,,5651.67,0.0,1907.76,2675.49,,990.65,,
2024-07-30,6850.0,,1612.0,,,5774.92,0.0,1828.91,2583.64,,946.01,,
2024-07-31,13847.0,9513.0,842.0,,,5017.62,0.0,1825.14,2609.81,,921.56,,
2024-08-01,5670.0,9038.0,2458.0,12381.89,18316.22,4437.27,0.0,1687.65,2436.85,,817.69,6560.36,0.0
2024-08-02,16972.0,12793.0,209.0,8229.48,12199.93,3703.27,0.0,1316.76,1909.32,,613.16,5485.08,0.0
2024-08-03,8020.0,6002.0,499.0,5648.04,7977.35,1845.37,0.0,934.79,1456.26,,278.41,2643.75,0.0
2024-08-04,6022.0,7595.0,2205.0,6505.86,8932.72,841.94,0.0,342.59,534.84,,58.58,1304.48,0.0
2024-08-05,7802.0,12333.0,120.0,12261.93,19983.77,5555.04,0.0,1530.1,2141.92,,726.64,8034.34,0.0
2024-08-06,10797.0,,1676.0,11759.19,19439.28,6415.76,0.0,1839.61,2522.55,,880.37,8749.11,0.0
2024-08-07,6736.0,5485.0,2157.0,11960.8,18854.88,6095.93,0.0,1900.37,2602.7,,902.16,8719.21,0.0
2024-08-08,9069.0,7776.0,2115.0,12746.39,18921.89,6403.67,0.0,2076.37,2843.57,,1050.81,9459.47,0.0
2024-08-09,8985.0,6239.0,375.0,11956.13,18067.21,6238.17,0.0,2231.25,3053.93,,1095.1,9233.34,0.0
2024-08-10,10029.0,8531.0,4163.0,8985.81,12172.35,2564.08,0.0,956.65,1461.29,,295.6,3642.83,0.0
2024-08-11,10603.0,,1746.0,6222.0,7975.46,918.28,0.0,327.4,518.57,,61.32,1355.24,0.0
2024-08-12,3287.0,6678.0,90.0,13287.98,19702.8,6528.95,0.0,2115.55,2925.35,,1087.32,9370.01,0.0
2024-08-13,7190.0,,4731.0,13004.11,18943.81,7128.12,0.0,2403.53,3293.72,,1307.11,10514.38,0.0
2024-08-14,7075.0,10092.0,1031.0,12717.58,18964.1,6839.32,0.0,2499.29,3421.4,,1266.53,9478.34,0.0
2024-08-15,11620.0,6355.0,380.0,10708.0,14372.02,2882.37,0.0,1321.95,2077.24,,481.72,4238.81,0.0
2024-08-16,12019.0,,1695.0,12000.98,17442.86,6013.08,0.0,2171.99,3031.88,,1094.83,9030.18,0.0
2024-08-17,3164.0,6190.0,5992.0,8155.44,11119.09,2565.87,0.0,1131.63,1744.7,,394.03,3711.23,0.0
2024-08-18,16564.0,4836.0,6951.0,6621.69,8328.56,954.47,0.0,272.22,432.29,,49.25,1391.17,0.0
2024-08-19,7494.0,11032.0,552.0,13451.02,19862.29,6614.3,0.0,2134.88,2949.8,,1129.24,9598.88,0.0
2024-08-20,7816.0,7460.0,1342.0,12173.53,17934.17,6495.33,0.0,1668.67,2216.07,,886.74,4285.84,0.0
2024-08-21,7911.0,5321.0,1141.0,11494.58,16396.45,6029.89,0.0,2020.04,2800.26,,1109.67,9165.84,0.0
2024-08-22,11521.0,7355.0,337.0,11651.76,16608.04,6530.51,0.0,2080.21,2895.05,,1152.74,9586.75,0.0
2024-08-23,8709.0,,703.0,,,6753.1,0.0,2179.24,2998.67,,1137.87,9743.88,0.0
2024-08-24,10914.0,6585.0,1252.0,8286.04,12036.12,2790.64,0.0,972.17,1472.83,,328.33,3860.74,0.0
2024-08-25,11759.0,,3162.0,6260.76,8401.56,995.6,0.0,340.52,527.15,,63.46,1434.9,0.0
2024-08-26,,,1501.0,13377.45,20546.43,6601.01,0.0,2042.61,2817.77,,1093.79,9665.02,0.0
2024-08-27,9815.0,9128.0,509.0,12087.9,18135.67,6882.68,0.0,2144.62,2952.88,,1180.15,10042.14,0.0
2024-08-28,11194.0,8458.0,1341.0,12395.95,18438.49,6626.01,0.0,1986.73,2734.13,,1084.46,9954.27,0.0
2024-08-29,9800.0,6280.0,372.0,12267.69,17613.06,6617.66,0.0,1990.83,2740.82,,1084.39,7331.59,0.0
2024-08-30,10074.0,,3662.0,10577.86,15175.71,6726.42,0.0,1604.23,2250.08,,825.66,9634.6,0.0
2024-08-31,5822.0,8218.0,1.0,7514.06,10346.32,2753.25,0.0,1007.2,1533.49,,328.15,3670.8,0.0
2024-09-01,10766.0,9999.0,960.0,5650.11,7425.9,1031.26,0.0,245.29,388.19,,48.49,,
2024-09-02,15133.0,6062.0,3791.0,,,6720.21,0.0,1859.18,2620.74,,980.6,,
2024-09-03,1442.0,,1474.0,12010.5,18849.13,6970.04,0.0,2041.97,2840.75,,1113.14,,
2024-09-04,8901.0,7145.0,1080.0,13023.66,18408.79,6863.62,0.0,2181.61,3007.86,,1186.27,,
2024-09-05,11859.0,6067.0,1401.0,12534.0,17696.19,6897.98,0.0,2263.65,3110.22,,1276.31,,
2024-09-06,6914.0,,196.0,10978.4,15908.0,7144.12,0.0,2321.81,3181.14,,1209.42,,
2024-09-07,7795.0,8772.0,0.0,7880.79,10428.95,3052.55,0.0,965.66,1465.95,,345.32,,
2024-09-08,12162.0,8760.0,447.0,5757.95,7533.74,1145.52,0.0,242.41,380.7,,47.44,,
2024-09-09,3681.0,4247.0,1956.0,13641.81,21061.96,7107.9,0.0,2054.23,2802.04,,1104.07,,
2024-09-10,11751.0,,2224.0,13919.63,20208.25,7342.02,0.0,2238.03,3036.06,,1233.2,,
2024-09-11,11920.0,6017.0,2404.0,11638.0,16896.43,6673.0,0.0,2132.29,2908.93,,1176.63,,
2024-09-12,12106.0,14820.0,1473.0,12534.99,18029.13,7553.36,0.0,1997.06,2708.12,,1066.97,,
2024-09-13,11225.0,6448.0,2464.0,11030.18,15418.2,6526.55,0.0,2205.82,3012.02,,1128.89,,
2024-09-14,9728.0,8319.0,233.0,7234.46,8870.14,2603.83,0.0,757.05,1123.27,,224.17,,
2024-09-15,5703.0,4651.0,1656.0,1536.11,1894.24,826.64,0.0,188.28,305.81,,28.92,,
2024-09-16,5766.0,,435.0,1534.16,1878.54,762.93,0.0,218.17,364.57,,35.77,,
2024-09-17,7764.0,,1475.0,357.61,414.98,303.85,0.0,86.92,136.98,,11.33,,
2024-09-18,3534.0,5952.0,1475.0,7211.12,8774.36,1150.53,0.0,357.9,561.29,,66.74,,
2024-09-19,5878.0,8572.0,589.0,12541.83,17021.9,5873.01,0.0,1587.69,2216.3,,843.95,,
2024-09-20,11652.0,,153.0,11532.8,16618.72,6121.82,0.0,1943.55,2685.77,,1109.31,,
2024-09-21,11133.0,10572.0,0.0,4478.85,5463.14,1863.92,0.0,781.8,1026.01,,265.41,,
2024-09-22,8120.0,4410.0,0.0,6830.03,8913.24,1043.72,0.0,307.3,492.97,,76.75,,
2024-09-23,6976.0,,677.0,12932.13,18256.0,6793.94,0.0,1851.34,2536.63,,972.52,,
2024-09-24,10121.0,,256.0,12689.1,18729.68,7195.95,0.0,2021.06,2765.39,,1087.98,,
2024-09-25,8803.0,4126.0,511.0,,,,,2001.77,2763.96,,1088.17,,
2024-09-26,7348.0,5310.0,741.0,12945.73,20652.4,6812.99,0.0,2035.5,2793.11,,1100.71,,
2024-09-27,4940.0,,2362.0,12222.6,18529.97,7181.17,0.0,2264.77,3061.8,,1175.69,,
2024-09-28,15998.0,5924.0,1279.0,8280.01,11718.7,3282.33,0.0,1097.63,1611.69,,439.81,,
2024-09-29,6905.0,6341.0,1921.0,7236.57,9268.33,1202.96,0.0,253.89,405.16,,56.39,,
2024-09-30,8249.0,,2296.0,13250.24,20187.34,6771.11,0.0,2141.72,2919.39,,1149.84,,
2024-10-01,14642.0,,197.0,11393.34,16473.62,4212.33,0.0,1300.77,1934.3,,542.04,,
2024-10-02,6862.0,7305.0,5190.0,13660.37,21880.16,7210.62,0.0,2257.37,3108.23,,1253.04,,
2024-10-03,7378.0,6375.0,343.0,10336.24,15326.03,3189.9,0.0,967.14,1459.05,,339.45,,
2024-10-04,9459.0,7130.0,1121.0,12806.06,18978.94,6351.99,0.0,2114.51,2916.54,,1114.97,,
2024-10-05,6925.0,9165.0,308.0,8016.45,10947.19,2997.97,0.0,988.21,1490.43,,343.77,,
2024-10-06,12015.0,,144.0,6438.78,8562.03,1083.09,0.0,250.05,386.97,,46.77,,
2024-10-07,7743.0,,3833.0,13227.47,20738.52,6471.87,0.0,1765.01,2421.24,,907.64,,
2024-10-08,9972.0,,153.0,13260.28,19477.08,7200.2,0.0,2209.34,3048.08,,1170.38,,
2024-10-09,5658.0,5294.0,105.0,10010.43,13422.98,3692.39,0.0,1097.25,1714.53,,428.03,,
2024-10-10,6536.0,7894.0,2247.0,13652.82,19675.53,7053.05,0.0,2219.52,3030.4,,1210.59,,
2024-10-11,9912.0,6520.0,968.0,12306.35,17213.85,7131.46,0.0,2382.54,3254.61,,1221.87,,
2024-10-12,9559.0,14179.0,172.0,7960.25,10664.7,3124.44,0.0,801.97,1159.8,,218.79,,
2024-10-13,7629.0,,272.0,6666.43,8471.88,1161.79,0.0,342.03,503.84,,57.97,,
2024-10-14,11743.0,7928.0,2663.0,13622.97,20123.1,6628.05,0.0,2059.42,2831.39,,1068.93,,
2024-10-15,8266.0,,737.0,11086.68,15358.8,5846.11,0.0,2117.1,2868.94,,1135.79,,
2024-10-16,14754.0,4782.0,90.0,13068.82,18632.89,6965.22,0.0,2241.34,3081.05,,1174.18,,
2024-10-17,5305.0,7412.0,968.0,12816.36,18795.85,7269.4,0.0,2214.41,3069.12,,1204.43,,
2024-10-18,8093.0,,911.0,11808.22,17178.03,6445.66,0.0,2118.59,2839.66,,1063.96,,
2024-10-19,8305.0,10980.0,449.0,7318.3,9341.9,2847.54,0.0,1000.92,1494.04,,314.18,,
2024-10-20,9070.0,,2136.0,5120.28,6768.35,1251.77,0.0,293.63,454.16,,53.69,,
2024-10-21,6849.0,11001.0,1070.0,13497.69,20689.32,6785.92,0.0,2126.79,2916.4,,1117.27,,
2024-10-22,9821.0,,390.0,10069.87,13729.6,4848.07,0.0,1826.94,2474.72,,953.19,,
2024-10-23,9102.0,8929.0,710.0,,,,,1898.97,2617.26,,1008.1,,
2024-10-24,10953.0,4007.0,132.0,,,,,2269.82,3095.74,,1268.04,,
2024-10-25,12326.0,9984.0,2820.0,12566.47,18151.8,6761.24,0.0,2314.53,3141.03,,1187.7,,
2024-10-26,6917.0,3457.0,3371.0,9212.99,12070.91,3022.46,0.0,1098.38,1655.92,,370.32,,
2024-10-27,5795.0,,960.0,6287.14,8171.06,1203.89,0.0,287.35,441.4,,55.67,,
2024-10-28,11507.0,,1718.0,13254.9,18400.73,6694.21,0.0,1920.83,2642.74,,950.24,,
2024-10-29,7159.0,,1007.0,14136.99,20043.11,7258.58,0.0,2085.5,2882.19,,1051.16,,
2024-10-30,5706.0,6189.0,1551.0,13313.85,18676.54,6933.64,0.0,2038.81,2825.48,,1029.99,,
2024-10-31,12174.0,8516.0,1962.0,12553.47,18563.25,6743.25,0.0,2111.53,2906.17,,1105.34,,
2024-11-01,16350.0,,1254.0,,,5002.87,0.0,,,,,8137.38,0.0
2024-11-02,5001.0,8007.0,88.0,,,2536.06,0.0,,,,,3295.61,0.0
2024-11-03,9007.0,,,,,1159.06,0.0,,,,,1532.09,0.0
2024-11-04,7596.0,,118.0,,,6445.77,0.0,,,,,9638.89,0.0
2024-11-05,8573.0,,1304.0,,,6708.23,0.0,,,,,9726.08,0.0
2024-11-06,12618.0,6211.0,2095.0,,,6616.21,0.0,,,,,9799.66,0.0
2024-11-07,12938.0,8985.0,982.0,,,6515.22,0.0,,,,,9865.66,0.0
2024-11-08,6692.0,,,,,6631.66,0.0,,,,,9725.27,0.0
2024-11-09,5262.0,9605.0,3979.0,,,2718.43,0.0,,,,,3736.01,0.0
2024-11-10,9737.0,7122.0,290.0,,,1088.51,0.0,,,,,1494.8,0.0
2024-11-11,9219.0,,89.0,,,6202.84,0.0,,,,,9473.57,0.0
2024-11-12,5533.0,6871.0,3986.0,,,6639.16,0.0,,,,,9976.9,0.0
2024-11-13,11467.0,2719.0,1380.0,,,6607.1,0.0,,,,,9907.86,0.0
2024-11-14,10105.0,8713.0,763.0,,,6554.68,0.0,,,,,9841.62,0.0
2024-11-15,6568.0,1388.0,1872.0,,,6040.71,0.0,,,,,9623.29,0.0
2024-11-16,6481.0,11527.0,2440.0,,,2707.06,0.0,,,,,3707.26,0.0
2024-11-17,6410.0,,875.0,,,1098.71,0.0,,,,,1473.87,0.0
2024-11-18,9787.0,,465.0,,,6492.52,0.0,,,,,9550.33,0.0
2024-11-19,8040.0,,4253.0,,,6738.63,0.0,,,,,10117.24,0.0
2024-11-20,9563.0,6137.0,54.0,,,6626.72,0.0,,,,,10324.01,0.0
2024-11-21,5811.0,9510.0,581.0,,,6600.08,0.0,,,,,9846.88,0.0
2024-11-22,13965.0,,466.0,,,6698.89,0.0,,,,,9679.93,0.0
2024-11-23,15494.0,8294.0,661.0,,,2884.49,0.0,,,,,3659.9,0.0
2024-11-24,4955.0,,3804.0,,,1062.46,0.0,,,,,1470.96,0.0
2024-11-25,14721.0,,312.0,,,6421.59,0.0,,,,,9609.62,0.0
2024-11-26,3072.0,,1919.0,,,6449.34,0.0,,,,,9449.6,0.0
2024-11-27,11420.0,9187.0,288.0,,,7229.36,0.0,,,,,9610.79,0.0
2024-11-28,10016.0,4309.0,119.0,,,6693.21,0.0,,,,,10151.75,0.0
2024-11-29,4998.0,,703.0,,,6637.87,0.0,,,,,9754.37,0.0
2024-11-30,9025.0,8929.0,2301.0,,,2885.77,0.0,,,,,3753.57,0.0
2024-12-01,8064.0,6787.0,478.0,5949.52,7412.81,917.01,0.0,,,,,,
2024-12-02,10269.0,,2415.0,15165.01,21843.33,6193.24,0.0,,,,,,
2024-12-03,11599.0,,527.0,13764.7,20476.81,6909.62,0.0,,,,,,
2024-12-04,4586.0,2639.0,1575.0,14031.61,21163.1,6647.64,0.0,,,,,,
2024-12-05,11074.0,8274.0,1681.0,13965.22,20765.76,6796.91,0.0,,,,,,
2024-12-06,5231.0,,2121.0,15564.39,22627.91,6605.56,0.0,,,,,,
2024-12-07,14129.0,8766.0,488.0,9517.93,12433.75,2726.79,0.0,,,,,,
2024-12-08,8745.0,3406.0,1216.0,6852.39,8465.98,1015.35,0.0,,,,,,
2024-12-09,8370.0,,1558.0,8587.26,12160.74,4068.73,0.0,,,,,,
2024-12-10,12200.0,,634.0,13503.86,19764.73,6726.93,0.0,,,,,,
2024-12-11,10523.0,4630.0,120.0,14126.93,20979.38,6745.88,0.0,,,,,,
2024-12-12,8180.0,11576.0,140.0,14294.93,20460.89,6708.57,0.0,,,,,,
2024-12-13,9955.0,,1794.0,12862.58,19028.71,6594.73,0.0,,,,,,
2024-12-14,9243.0,5088.0,1253.0,9275.11,12163.68,2778.93,0.0,,,,,,
2024-12-15,8567.0,,983.0,5557.5,7095.25,1003.15,0.0,,,,,,
2024-12-16,11100.0,,0.0,14715.66,21547.1,6318.14,0.0,,,,,,
2024-12-17,12182.0,,455.0,14022.94,20556.81,6769.89,0.0,,,,,,
2024-12-18,4256.0,9555.0,208.0,13885.41,19877.07,6797.26,0.0,,,,,,
2024-12-19,5731.0,6500.0,1586.0,14163.66,20062.01,6498.34,0.0,,,,,,
2024-12-20,8254.0,,3326.0,14101.09,19964.59,6576.0,0.0,,,,,,
2024-12-21,9186.0,5736.0,427.0,10565.18,13465.44,2930.38,0.0,,,,,,
2024-12-22,8775.0,9605.0,1854.0,6836.45,8287.71,951.87,0.0,,,,,,
2024-12-23,8525.0,,3177.0,14805.19,20695.1,6557.12,0.0,,,,,,
2024-12-24,12909.0,9970.0,4830.0,13306.74,19595.01,6659.74,0.0,,,,,,
2024-12-25,10102.0,14586.0,2387.0,12865.37,17180.23,2477.5,0.0,,,,,,
2024-12-26,8650.0,,3366.0,15452.47,22485.97,6622.39,0.0,,,,,,
2024-12-27,8172.0,,1338.0,13314.25,19224.85,6432.58,0.0,,,,,,
2024-12-28,7889.0,,1078.0,10381.05,13566.36,2776.71,0.0,,,,,,
2024-12-29,6780.0,6679.0,750.0,7373.46,9851.54,901.86,0.0,,,,,,
2024-12-30,12438.0,,713.0,14293.85,22188.24,6408.68,0.0,,,,,,
2024-12-31,9571.0,,463.0,11486.24,17647.64,5676.61,0.0,248.74,342.78,,74.47,,
2025-01-01,6322.0,,4095.0,,,1102.87,0.0,346.19,596.77,,78.72,1572.06,0.0
2025-01-02,9357.0,4551.0,5087.0,,,5725.84,0.0,1667.9,2378.08,,970.51,8385.62,0.0
2025-01-03,14206.0,,151.0,,,6357.71,0.0,1950.14,2752.21,,1146.26,9170.15,0.0
2025-01-04,6814.0,5975.0,1181.0,,,2573.71,0.0,1011.6,1637.26,,476.29,3580.59,0.0
2025-01-05,7927.0,10366.0,2693.0,,,939.66,0.0,401.61,654.79,,125.84,1282.92,0.0
2025-01-06,,,1552.0,,,6338.37,0.0,1787.98,2523.24,,1048.59,8921.24,0.0
2025-01-07,8417.0,,1735.0,,,6450.75,0.0,1920.39,2684.22,,1130.03,9659.64,0.0
2025-01-08,9525.0,7981.0,1580.0,,,6214.49,0.0,1838.25,2585.54,,1099.0,9259.48,0.0
2025-01-09,6556.0,4326.0,861.0,,,6296.01,0.0,1953.33,2735.04,,1157.2,9256.74,0.0
2025-01-10,11700.0,,2199.0,,,7630.67,,,,,,9097.73,
2025-01-11,5881.0,5104.0,1702.0,,,3104.09,0.0,1001.86,1601.49,,458.52,3498.13,0.0
2025-01-12,7367.0,,741.0,,,1214.25,0.0,448.98,742.4,,144.07,1385.26,0.0
2025-01-13,7480.0,4733.0,988.0,,,7844.08,0.0,1976.88,2789.38,,1175.96,9163.41,0.0
2025-01-14,13295.0,,99.0,,,8430.61,0.0,2065.98,2895.14,,1237.16,10009.16,0.0
2025-01-15,10897.0,7173.0,602.0,,,8394.15,0.0,1957.73,2752.95,,1192.01,10031.8,0.0
2025-01-16,8534.0,5330.0,2579.0,,,8309.4,0.0,2086.23,2893.22,,1259.84,10168.07,0.0
2025-01-17,10454.0,,1248.0,,,8342.84,0.0,2166.55,3024.05,,1239.7,9847.89,0.0
2025-01-18,6435.0,14053.0,1938.0,,,3524.18,0.0,1175.75,1822.2,,538.12,4049.55,0.0
2025-01-19,10269.0,4603.0,8505.0,,,1219.9,0.0,381.97,628.17,,113.88,1410.29,0.0
2025-01-20,4973.0,,582.0,,,8439.77,0.0,2037.83,2824.03,,1217.64,9466.02,0.0
2025-01-21,20245.0,10320.0,1261.0,,,8784.13,0.0,2218.74,3043.68,,1300.28,10340.71,0.0
2025-01-22,7352.0,8274.0,1222.0,,,8862.22,0.0,2186.67,2990.51,,1263.79,10357.8,0.0
2025-01-23,4915.0,8551.0,3015.0,,,9092.18,0.0,2288.3,3120.53,,1347.84,10707.25,0.0
2025-01-24,9833.0,,2180.0,,,8528.83,,,,,,10142.36,
2025-01-25,8689.0,8792.0,2995.0,,,3643.21,0.0,1125.72,1629.75,,465.95,4345.69,0.0
2025-01-26,13404.0,8562.0,4183.0,,,1078.53,0.0,219.13,336.94,,51.21,1269.03,0.0
2025-01-27,10605.0,7537.0,1667.0,,,2779.99,0.0,531.54,819.51,,167.27,2975.26,0.0
2025-01-28,11950.0,5995.0,866.0,,,886.99,0.0,202.71,333.0,,36.23,902.61,0.0
2025-01-29,3340.0,2051.0,198.0,,,354.21,0.0,108.8,168.15,,12.43,336.63,0.0
2025-01-30,6298.0,3820.0,2760.0,,,1127.94,0.0,238.45,380.83,,47.2,1205.56,0.0
2025-01-31,6564.0,,8817.0,,,5543.05,0.0,1470.68,2101.77,,842.99,6277.04,0.0
2025-02-01,7400.0,3817.0,1288.0,9464.93,12844.49,2764.27,0.0,,,,,2968.66,0.0
2025-02-02,8565.0,,209.0,7855.39,10515.98,1216.03,0.0,,,,,1325.79,0.0
2025-02-03,8906.0,,80.0,14715.71,22969.21,7756.65,0.0,,,,,9032.68,0.0
2025-02-04,4194.0,,4059.0,13374.18,20830.44,8199.76,0.0,,,,,9845.43,0.0
2025-02-05,9840.0,3860.0,493.0,14121.69,22127.94,7850.13,0.0,,,,,9560.89,0.0
2025-02-06,5148.0,9139.0,1137.0,13510.72,21635.35,7862.49,0.0,,,,,9758.09,0.0
2025-02-07,1786.0,,2181.0,13184.59,20998.21,8181.56,0.0,,,,,9300.36,0.0
2025-02-08,9892.0,9809.0,1532.0,8987.49,12413.65,3198.68,0.0,,,,,3721.58,0.0
2025-02-09,5843.0,11038.0,839.0,5913.59,7651.03,1155.66,0.0,,,,,1322.18,0.0
2025-02-10,7959.0,,1017.0,14339.05,21096.74,7446.18,0.0,,,,,9025.17,0.0
2025-02-11,7430.0,,4708.0,14138.42,20830.81,8072.28,0.0,,,,,10037.27,0.0
2025-02-12,7965.0,11339.0,205.0,10684.56,15554.31,7430.31,0.0,,,,,8422.39,0.0
2025-02-13,8108.0,8148.0,3124.0,12731.37,18559.21,7993.16,0.0,,,,,9953.75,0.0
2025-02-14,,,2132.0,13409.84,19513.91,7995.69,0.0,,,,,9678.03,0.0
2025-02-15,4250.0,6698.0,2723.0,10223.07,14655.28,3701.08,0.0,,,,,3994.62,0.0
2025-02-16,12600.0,8807.0,4043.0,7388.39,9178.5,1268.44,0.0,,,,,1415.25,0.0
2025-02-17,6385.0,,425.0,14175.45,20242.64,7621.53,0.0,,,,,9339.34,0.0
2025-02-18,8830.0,,488.0,13597.61,19361.23,8027.35,0.0,,,,,10012.89,0.0
2025-02-19,13742.0,5643.0,955.0,12874.25,18978.6,7906.64,0.0,,,,,9694.75,0.0
2025-02-20,9415.0,8921.0,1738.0,13879.44,20116.59,8337.76,0.0,,,,,9907.8,0.0
2025-02-21,13675.0,,2972.0,11923.48,17262.66,8119.22,0.0,,,,,9480.22,0.0
2025-02-22,14608.0,13150.0,1354.0,10165.45,12956.22,3606.43,0.0,,,,,4138.1,0.0
2025-02-23,6191.0,,1764.0,6331.79,7729.98,1282.95,0.0,,,,,1522.86,0.0
2025-02-24,13891.0,6817.0,13.0,13773.7,19254.51,7700.19,0.0,,,,,9428.79,0.0
2025-02-25,14796.0,,2344.0,13069.4,18990.34,8013.42,0.0,,,,,10141.09,0.0
2025-02-26,5508.0,9018.0,1330.0,13059.3,19403.34,8449.97,0.0,,,,,10135.48,0.0
2025-02-27,18560.0,14268.0,2770.0,13534.4,20472.26,8736.97,0.0,,,,,10354.57,0.0
2025-02-28,8824.0,,942.0,12747.41,18385.48,8683.17,0.0,,,,,9769.95,0.0
2025-03-01,5837.0,,895.0,6350.37,8504.63,3061.92,0.0,,,,,3233.06,0.0
2025-03-02,6968.0,8294.0,2231.0,3436.62,4495.4,993.03,0.0,,,,,1081.72,0.0
2025-03-03,11098.0,8040.0,1021.0,9714.69,13057.23,2767.92,0.0,,,,,2904.8,0.0
2025-03-04,12487.0,,1175.0,11747.14,17578.08,7352.53,0.0,,,,,8277.81,0.0
2025-03-05,10957.0,6432.0,311.0,12710.61,19166.7,8018.89,0.0,,,,,9550.3,0.0
2025-03-06,9412.0,12533.0,1188.0,12497.9,19243.63,8645.78,0.0,,,,,10216.32,0.0
2025-03-07,7338.0,,417.0,11189.51,16552.52,8144.8,0.0,,,,,9693.84,0.0
2025-03-08,5731.0,4402.0,705.0,7110.89,9715.81,3349.54,0.0,,,,,3558.63,0.0
2025-03-09,10952.0,,1571.0,6498.56,8280.76,1266.45,0.0,,,,,1430.98,0.0
2025-03-10,12593.0,7333.0,1630.0,13334.48,19799.34,8176.32,0.0,,,,,9417.09,0.0
2025-03-11,5172.0,,2363.0,12972.65,19141.68,8314.3,0.0,,,,,9955.65,0.0
2025-03-12,10104.0,7275.0,1541.0,13490.78,20184.86,8366.52,0.0,,,,,10081.23,0.0
2025-03-13,8764.0,4754.0,1611.0,12388.5,19163.5,8511.17,0.0,,,,,9943.8,0.0
2025-03-14,11679.0,,272.0,12458.13,18313.35,8260.23,0.0,,,,,9573.2,0.0
2025-03-15,10440.0,9699.0,2834.0,8479.03,11718.99,3358.93,0.0,,,,,3515.96,0.0
2025-03-16,11502.0,6363.0,2360.0,6118.71,7990.97,1310.61,0.0,,,,,1341.6,0.0
2025-03-17,12029.0,,1697.0,13692.78,20358.49,7870.46,0.0,,,,,9210.53,0.0
2025-03-18,11816.0,,694.0,13246.26,20226.77,8328.32,0.0,,,,,9782.9,0.0
2025-03-19,8004.0,6781.0,1554.0,13129.93,19871.95,8224.12,0.0,,,,,9906.44,0.0
2025-03-20,11731.0,12101.0,2374.0,13328.23,20014.9,8408.39,0.0,,,,,10306.06,0.0
2025-03-21,6661.0,,6191.0,12449.97,18616.84,8190.86,0.0,,,,,9563.18,0.0
2025-03-22,13821.0,8878.0,1134.0,7322.35,9856.82,3334.32,0.0,,,,,3591.25,0.0
2025-03-23,6461.0,4435.0,969.0,7357.79,9747.47,1366.36,0.0,,,,,1489.67,0.0
2025-03-24,13301.0,,1608.0,13549.19,20159.89,8132.0,0.0,,,,,9268.58,0.0
2025-03-25,6304.0,,2801.0,12753.27,19024.38,8565.26,0.0,,,,,10110.88,0.0
2025-03-26,9765.0,9320.0,1681.0,12633.27,18553.7,8205.33,0.0,,,,,10051.7,0.0
2025-03-27,14383.0,3065.0,2866.0,10886.21,13609.88,34756.82,0.0,,,,,47771.19,0.0
2025-03-28,8314.0,8613.0,2573.0,12096.59,18055.86,8462.98,0.0,,,,,9588.49,0.0
2025-03-29,14808.0,6171.0,1508.0,8477.84,11550.9,3542.63,0.0,,,,,3664.34,0.0
2025-03-30,6532.0,8384.0,4871.0,6844.8,8809.51,1372.5,0.0,,,,,1407.72,0.0
2025-03-31,14849.0,,2417.0,13495.52,19959.71,8049.23,0.0,,,,,9047.02,0.0
2025-04-01,7405.0,4759.0,2852.0,,,8551.19,0.0,,,,,,
2025-04-02,8091.0,8463.0,3482.0,,,8350.95,0.0,,,,,,
2025-04-03,10102.0,4510.0,1797.0,,,8949.29,0.0,,,,,,
2025-04-04,10651.0,,2911.0,,,8153.24,0.0,,,,,,
2025-04-05,9742.0,6855.0,3000.0,,,3238.21,0.0,,,,,,
2025-04-06,11977.0,7816.0,4564.0,,,1340.28,0.0,,,,,,
2025-04-07,10175.0,8379.0,927.0,,,8006.4,0.0,,,,,,
2025-04-08,6771.0,7169.0,775.0,,,8687.75,0.0,,,,,,
2025-04-09,7260.0,6642.0,2938.0,,,8381.22,0.0,,,,,,
2025-04-10,6149.0,6115.0,1040.0,,,8649.82,0.0,,,,,,
2025-04-11,16169.0,6842.0,1537.0,,,8337.13,0.0,,,,,,
2025-04-12,4526.0,6243.0,3896.0,,,3459.46,0.0,,,,,,
2025-04-13,10516.0,6406.0,1393.0,,,1299.56,0.0,,,,,,
2025-04-14,12268.0,9696.0,2429.0,,,8295.99,0.0,,,,,,
2025-04-15,10996.0,7969.0,1344.0,,,8526.02,0.0,,,,,,
2025-04-16,7910.0,9349.0,2990.0,,,8592.38,0.0,,,,,,
2025-04-17,7799.0,7008.0,3405.0,,,8619.95,0.0,,,,,,
2025-04-18,8535.0,,1325.0,,,8497.15,0.0,,,,,,
2025-04-19,6830.0,6463.0,2529.0,,,3321.01,0.0,,,,,,
2025-04-20,11062.0,11723.0,2427.0,,,1347.43,0.0,,,,,,
2025-04-21,19083.0,,2507.0,,,8082.75,0.0,,,,,,
2025-04-22,8594.0,,357.0,,,6662.34,0.0,,,,,,
2025-04-23,5947.0,7287.0,520.0,,,8871.36,0.0,,,,,,
2025-04-24,9279.0,7951.0,5729.0,,,8996.34,0.0,,,,,,
2025-04-25,18518.0,,800.0,,,8969.58,0.0,,,,,,
2025-04-26,7740.0,6550.0,3184.0,,,3810.95,0.0,,,,,,
2025-04-27,12591.0,6694.0,3543.0,,,1453.31,0.0,,,,,,
2025-04-28,6788.0,5835.0,2541.0,,,8707.65,0.0,,,,,,
2025-04-29,12866.0,6759.0,629.0,,,9388.33,0.0,,,,,,
2025-04-30,17774.0,9171.0,3392.0,,,9031.21,0.0,,,,,,
2025-05-01,11914.0,,2025.0,10184.63,13515.35,3781.86,0.0,,,,,,
2025-05-02,7035.0,11373.0,1817.0,13915.89,20051.54,7908.47,0.0,,,,,,
2025-05-03,6736.0,4541.0,2183.0,8598.51,10974.35,3369.27,0.0,,,,,,
2025-05-04,7188.0,8165.0,4557.0,2790.6,3600.58,997.1,0.0,,,,,,
2025-05-05,12519.0,,767.0,7556.11,10219.85,2366.05,0.0,,,,,,
2025-05-06,13670.0,,1650.0,11076.85,14897.13,2871.93,0.0,,,,,,
2025-05-07,7352.0,3358.0,4311.0,13547.66,20444.73,8449.44,0.0,,,,,,
2025-05-08,12184.0,9805.0,3640.0,13809.7,21216.71,9446.37,0.0,,,,,,
2025-05-09,14233.0,,1905.0,10080.56,14481.54,6611.15,0.0,,,,,,
2025-05-10,4649.0,,3901.0,7942.57,10516.18,3791.23,0.0,,,,,,
2025-05-11,6949.0,6588.0,13.0,7980.08,10401.15,1399.63,0.0,,,,,,
2025-05-12,8793.0,7671.0,894.0,13584.67,20600.52,8523.39,0.0,,,,,,
2025-05-13,9268.0,5008.0,1055.0,13540.82,21199.53,8997.5,0.0,,,,,,
2025-05-14,9481.0,4405.0,2060.0,13641.14,20896.51,8861.37,0.0,,,,,,
2025-05-15,9683.0,4736.0,1298.0,12722.07,17866.85,8389.49,0.0,,,,,,
2025-05-16,14336.0,,3624.0,11211.25,15404.0,8127.62,0.0,,,,,,
2025-05-17,9402.0,9918.0,2662.0,7890.37,10276.35,3593.18,0.0,,,,,,
2025-05-18,13075.0,6259.0,691.0,7489.71,10084.25,1392.34,0.0,,,,,,
2025-05-19,3506.0,5946.0,794.0,13124.83,20315.14,8549.27,0.0,,,,,,
2025-05-20,10026.0,,3536.0,12653.8,18245.69,8846.2,0.0,,,,,,
2025-05-21,7957.0,10783.0,3259.0,12733.23,19683.8,8712.86,0.0,,,,,,
2025-05-22,13586.0,5658.0,3037.0,12843.97,20338.47,8656.47,0.0,,,,,,
2025-05-23,11553.0,,2752.0,11887.65,18988.61,8695.93,0.0,,,,,,
2025-05-24,8971.0,8053.0,1892.0,8921.73,11912.08,3566.52,0.0,,,,,,
2025-05-25,8426.0,9590.0,1084.0,6793.88,9024.86,1358.24,0.0,,,,,,
2025-05-26,,,2615.0,13733.38,20795.79,8695.9,0.0,,,,,,
2025-05-27,12940.0,,855.0,12913.97,20387.21,8847.45,0.0,,,,,,
2025-05-28,14134.0,8294.0,1819.0,13134.57,21066.88,8766.83,0.0,,,,,,
2025-05-29,9001.0,7988.0,2466.0,13557.21,21023.78,8652.19,0.0,,,,,,
2025-05-30,12296.0,,2029.0,12214.92,18865.9,8398.63,0.0,,,,,,
2025-05-31,12034.0,7775.0,976.0,8920.88,12750.0,3526.22,0.0,,,,,,
2025-06-01,6145.0,7838.0,793.0,,,1313.5,0.0,,,,,,
2025-06-02,,,1528.0,,,7660.77,0.0,,,,,,
2025-06-03,6527.0,,3088.0,,,3928.76,0.0,,,,,,
2025-06-04,16629.0,9646.0,1529.0,,,8748.68,0.0,,,,,,
2025-06-05,7260.0,5874.0,3382.0,,,8324.74,0.0,,,,,,
2025-06-06,10495.0,,2330.0,,,0.0,0.0,,,,,,
2025-06-07,11339.0,7683.0,4161.0,,,0.0,0.0,,,,,,
2025-06-08,7794.0,6579.0,2495.0,,,0.0,0.0,,,,,,
2025-06-09,6129.0,5267.0,3022.0,,,0.0,0.0,,,,,,
2025-06-10,8233.0,,656.0,,,0.0,0.0,,,,,,
2025-06-11,8253.0,5033.0,2252.0,,,0.0,0.0,,,,,,
2025-06-12,7275.0,3043.0,1400.0,,,0.0,0.0,,,,,,
2025-06-13,11968.0,,1466.0,,,0.0,0.0,,,,,,
2025-06-14,9076.0,6267.0,2610.0,,,0.0,0.0,,,,,,
2025-06-15,11037.0,9376.0,1863.0,,,0.0,0.0,,,,,,
2025-06-16,6234.0,7856.0,170.0,,,0.0,0.0,,,,,,
2025-06-17,8371.0,,2046.0,,,0.0,0.0,,,,,,
2025-06-18,11693.0,6714.0,906.0,,,0.0,0.0,,,,,,
2025-06-19,14285.0,11107.0,970.0,,,0.0,0.0,,,,,,
2025-06-20,,,1103.0,,,0.0,0.0,,,,,,
2025-06-21,14756.0,5501.0,2192.0,,,0.0,0.0,,,,,,
2025-06-22,6246.0,5066.0,838.0,,,0.0,0.0,,,,,,
2025-06-23,11047.0,10052.0,3242.0,,,0.0,0.0,,,,,,
2025-06-24,5118.0,,3810.0,,,0.0,0.0,,,,,,
2025-06-25,9514.0,5699.0,139.0,,,0.0,0.0,,,,,,
2025-06-26,8544.0,5503.0,521.0,,,0.0,0.0,,,,,,
2025-06-27,10398.0,,4466.0,,,0.0,0.0,,,,,,
2025-06-28,18335.0,10428.0,2434.0,,,0.0,0.0,,,,,,
2025-06-29,8498.0,4205.0,2141.0,,,0.0,0.0,,,,,,
2025-06-30,8735.0,,1750.0,,,0.0,0.0,,,,,,
2025-07-01,10820.0,,2666.0,13093.61,20038.46,0.0,0.0,,,,,,
2025-07-02,12667.0,6503.0,970.0,9290.17,14526.72,0.0,0.0,,,,,,
2025-07-03,7032.0,4700.0,1065.0,12247.95,19251.68,0.0,0.0,,,,,,
2025-07-04,7508.0,5420.0,1881.0,10154.66,15800.58,0.0,0.0,,,,,,
2025-07-05,6533.0,10240.0,1413.0,8965.0,12393.33,0.0,0.0,,,,,,
2025-07-06,6061.0,7845.0,3496.0,6750.97,9045.71,0.0,0.0,,,,,,
2025-07-07,11802.0,,3073.0,13419.87,21181.15,0.0,0.0,,,,,,
2025-07-08,7415.0,,1343.0,12999.79,20958.83,0.0,0.0,,,,,,
2025-07-09,12026.0,4024.0,709.0,12896.37,20559.76,0.0,0.0,,,,,,
2025-07-10,8751.0,4378.0,1958.0,13179.9,21349.25,0.0,0.0,,,,,,
2025-07-11,8371.0,,3883.0,12783.79,19720.5,0.0,0.0,,,,,,
2025-07-12,5710.0,8699.0,3395.0,9644.71,13616.82,0.0,0.0,,,,,,
2025-07-13,11733.0,4853.0,1618.0,6465.24,8740.78,0.0,0.0,,,,,,
2025-07-14,10859.0,,1930.0,12731.51,18697.52,0.0,0.0,,,,,,
2025-07-15,2646.0,,2158.0,12833.29,19214.93,0.0,0.0,,,,,,
2025-07-16,17357.0,11910.0,985.0,11630.63,17341.35,0.0,0.0,,,,,,
2025-07-17,6250.0,5289.0,1694.0,12200.98,16994.73,0.0,0.0,,,,,,
2025-07-18,6633.0,,1893.0,10425.94,14302.77,0.0,0.0,,,,,,
2025-07-19,7702.0,3596.0,1582.0,6407.29,9334.59,0.0,0.0,,,,,,
2025-07-20,10045.0,4371.0,1600.0,7181.96,9800.79,0.0,0.0,,,,,,
2025-07-21,5037.0,9230.0,3071.0,13888.2,20266.79,0.0,0.0,,,,,,
2025-07-22,15847.0,10815.0,2607.0,12627.98,19110.31,0.0,0.0,,,,,,
2025-07-23,13552.0,3592.0,3209.0,13129.75,20325.23,0.0,0.0,,,,,,
2025-07-24,5946.0,8609.0,3112.0,14207.97,20724.93,0.0,0.0,,,,,,
2025-07-25,9086.0,,1968.0,12707.43,18023.27,0.0,0.0,,,,,,
2025-07-26,11691.0,5452.0,1946.0,9698.24,12450.39,0.0,0.0,,,,,,
2025-07-27,10028.0,6971.0,339.0,7172.55,8840.24,0.0,0.0,,,,,,
2025-07-28,11936.0,9673.0,405.0,14318.02,20117.77,0.0,0.0,,,,,,
2025-07-29,10435.0,6574.0,5335.0,14429.38,20475.09,0.0,0.0,,,,,,
2025-07-30,17802.0,5362.0,2779.0,14237.01,19911.03,0.0,0.0,,,,,,
2025-07-31,4860.0,13007.0,1694.0,12979.84,18221.91,0.0,0.0,,,,,,
2025-08-01,4799.0,,1336.0,,,0.0,0.0,,,,,,
2025-08-02,15154.0,3921.0,1007.0,,,0.0,0.0,,,,,,
2025-08-03,8383.0,5418.0,2356.0,,,0.0,0.0,,,,,,
2025-08-04,8606.0,4070.0,841.0,,,0.0,0.0,,,,,,
2025-08-05,6663.0,,2673.0,,,0.0,0.0,,,,,,
2025-08-06,8710.0,5563.0,2055.0,,,0.0,0.0,,,,,,
2025-08-07,9803.0,6366.0,3447.0,,,0.0,0.0,,,,,,
2025-08-08,4303.0,,2264.0,,,0.0,0.0,,,,,,
2025-08-09,10221.0,6025.0,1880.0,,,0.0,0.0,,,,,,
2025-08-10,5207.0,7754.0,2652.0,,,0.0,0.0,,,,,,
2025-08-11,8610.0,,951.0,,,0.0,0.0,,,,,,
2025-08-12,7775.0,3256.0,1378.0,,,0.0,0.0,,,,,,
2025-08-13,5538.0,5985.0,1520.0,,,0.0,0.0,,,,,,
2025-08-14,8567.0,7939.0,1728.0,,,0.0,0.0,,,,,,
2025-08-15,10229.0,,1607.0,,,0.0,0.0,,,,,,
2025-08-16,13532.0,8181.0,2520.0,,,0.0,0.0,,,,,,
2025-08-17,4653.0,3502.0,2710.0,,,0.0,0.0,,,,,,
2025-08-18,5865.0,5621.0,1210.0,,,0.0,0.0,796.99,1036.34,,413.36,,
2025-08-19,6317.0,,1413.0,,,0.0,0.0,2056.1,2817.07,,1193.33,,
2025-08-20,11630.0,8518.0,2029.0,,,0.0,0.0,1998.78,2724.42,,1162.78,,
2025-08-21,7519.0,6921.0,2898.0,,,0.0,0.0,2034.74,2732.79,,1188.32,,
2025-08-22,8216.0,,3079.0,,,0.0,0.0,2131.36,2898.36,,1174.5,,
2025-08-23,9923.0,8407.0,1613.0,,,0.0,0.0,906.68,1397.79,,331.28,,
2025-08-24,10006.0,7363.0,820.0,,,0.0,0.0,317.23,498.72,,65.98,,
2025-08-25,10041.0,11357.0,498.0,,,,,1949.58,2677.94,,1078.4,,
2025-08-26,8079.0,,1145.0,,,0.0,0.0,1988.84,2721.59,,1103.72,,
2025-08-27,5289.0,6283.0,2306.0,,,0.0,0.0,1937.1,2663.29,,1103.39,,
2025-08-28,17093.0,5649.0,1594.0,,,0.0,0.0,1934.67,2631.69,,1088.81,,
2025-08-29,7337.0,,3910.0,,,0.0,0.0,2058.95,2811.68,,1118.28,,
2025-08-30,7423.0,5262.0,1919.0,,,0.0,0.0,887.89,1355.48,,259.01,,
2025-08-31,12843.0,6327.0,2774.0,,,0.0,0.0,287.7,453.84,,58.07,,
2025-09-01,11504.0,,1849.0,12661.64,18487.84,0.0,0.0,1549.94,2154.87,,861.83,8328.24,0.0
2025-09-02,8916.0,,2069.0,12552.79,18745.71,0.0,0.0,1660.78,2307.43,,935.62,8733.13,0.0
2025-09-03,3088.0,3042.0,3875.0,13435.53,19605.9,0.0,0.0,1760.77,2429.99,,990.45,8909.23,0.0
2025-09-04,7648.0,9134.0,2374.0,14385.72,21428.38,0.0,0.0,1891.36,2591.6,,1051.8,9396.42,0.0
2025-09-05,6585.0,,40.0,13396.06,19634.36,0.0,0.0,1872.16,2578.56,,1016.98,8924.18,0.0
2025-09-06,11881.0,7375.0,11.0,8762.63,11545.96,0.0,0.0,889.46,1341.42,,272.19,3399.66,0.0
2025-09-07,13715.0,9400.0,1657.0,7918.33,10131.12,0.0,0.0,286.57,451.87,,61.59,1448.63,0.0
2025-09-08,3349.0,6414.0,2155.0,14725.88,21750.74,0.0,0.0,1983.09,2721.65,,1066.38,8790.59,0.0
2025-09-09,10568.0,,1386.0,12642.27,18502.17,0.0,0.0,1712.21,2361.27,,1000.1,8940.24,0.0
2025-09-10,7972.0,,4247.0,12498.63,18155.94,0.0,0.0,1791.51,2483.33,,1042.05,9643.87,0.0
2025-09-11,11885.0,8226.0,2335.0,13733.49,19226.46,0.0,0.0,1833.18,2526.61,,1097.19,9588.5,0.0
2025-09-12,8711.0,,2368.0,12112.79,18131.6,0.0,0.0,1786.78,2460.66,,1008.41,9266.34,0.0
2025-09-13,8822.0,9379.0,1643.0,8057.26,10212.89,0.0,0.0,653.54,1004.97,,228.71,3127.2,0.0
2025-09-14,9004.0,6410.0,1296.0,7087.54,8839.79,0.0,0.0,313.16,489.84,,67.62,1523.61,0.0
2025-09-15,7473.0,,4665.0,14306.25,20535.2,0.0,0.0,1733.32,2415.06,,956.89,8663.35,0.0
2025-09-16,8440.0,4619.0,1212.0,14630.05,20194.63,0.0,0.0,1909.25,2656.49,,1128.41,9545.52,0.0
2025-09-17,14276.0,5459.0,2133.0,14753.41,20326.38,0.0,0.0,1968.29,2679.02,,1106.9,9632.98,0.0
2025-09-18,11927.0,9456.0,3497.0,13606.94,21233.33,0.0,0.0,1742.86,2453.35,,1049.81,9429.79,0.0
2025-09-19,8296.0,3666.0,1827.0,14532.82,20776.57,0.0,0.0,2103.68,2887.86,,1169.27,9060.28,0.0
2025-09-20,7844.0,9389.0,1735.0,11979.34,14829.62,0.0,0.0,872.98,1292.38,,289.81,3378.86,0.0
2025-09-21,12893.0,,2593.0,7315.17,8739.66,0.0,0.0,275.03,421.4,,62.35,1502.17,0.0
2025-09-22,3875.0,,2562.0,14911.19,21549.49,0.0,0.0,1931.06,2590.98,,1085.24,8754.07,0.0
2025-09-23,7110.0,,1267.0,14711.1,20714.86,0.0,0.0,2148.14,2918.59,,1241.17,9739.75,0.0
2025-09-24,7086.0,7682.0,1539.0,14546.47,21387.02,0.0,0.0,2064.9,2809.7,,1195.05,9599.35,0.0
2025-09-25,10593.0,6456.0,1272.0,12486.64,18692.96,0.0,0.0,1137.88,1564.9,,674.78,9730.84,0.0
2025-09-26,16495.0,,2553.0,14397.34,20195.44,0.0,0.0,2002.13,2748.64,,1134.63,9455.64,0.0
2025-09-27,8613.0,14978.0,2083.0,9498.58,12290.53,0.0,0.0,956.47,1436.98,,345.85,4087.53,0.0
2025-09-28,10378.0,,1476.0,8109.73,10520.16,0.0,0.0,302.98,458.14,,68.03,1777.41,0.0
2025-09-29,7604.0,,2261.0,15939.24,23107.78,0.0,0.0,1936.83,2639.99,,1106.05,9976.98,0.0
2025-09-30,9437.0,,538.0,14622.12,21121.02,0.0,0.0,2170.21,2924.05,,1249.66,10341.29,0.0
2025-10-01,10125.0,7952.0,520.0,,,0.0,0.0,2167.0,2940.01,,1286.78,,
2025-10-02,8158.0,,2858.0,,,0.0,0.0,1904.95,2594.2,,1022.12,,
2025-10-03,11348.0,,2021.0,,,0.0,0.0,744.03,1062.53,,245.02,,
2025-10-04,7150.0,6829.0,3508.0,,,0.0,0.0,442.7,656.96,,120.49,,
2025-10-05,5031.0,,1492.0,,,0.0,0.0,181.23,291.25,,28.75,,
2025-10-06,5921.0,,1913.0,,,0.0,0.0,145.39,214.74,,18.93,,
2025-10-07,2479.0,,1923.0,,,0.0,0.0,249.6,394.53,,43.79,,
2025-10-08,12804.0,6459.0,2747.0,,,0.0,0.0,381.88,594.73,,68.62,,
2025-10-09,5945.0,2618.0,2303.0,,,0.0,0.0,555.59,844.33,,136.75,,
2025-10-10,6829.0,,2815.0,,,0.0,0.0,1371.07,1978.09,,748.37,,
2025-10-11,6523.0,7128.0,1283.0,,,0.0,0.0,761.09,1152.26,,259.45,,
2025-10-12,2120.0,,495.0,,,0.0,0.0,298.39,455.74,,72.25,,
2025-10-13,11464.0,3379.0,1301.0,,,0.0,0.0,1773.83,2425.02,,999.82,,
2025-10-14,7814.0,,1177.0,,,0.0,0.0,1825.64,2444.4,,1048.48,,
2025-10-15,7616.0,5993.0,1872.0,,,0.0,0.0,1895.01,2589.89,,1112.44,,
2025-10-16,3433.0,4751.0,1379.0,,,0.0,0.0,1888.71,2540.94,,1085.8,,
2025-10-17,8445.0,,873.0,,,0.0,0.0,1846.4,2485.88,,1018.37,,
2025-10-18,6811.0,,835.0,,,0.0,0.0,768.75,1128.76,,289.29,,
2025-10-19,10421.0,6042.0,1867.0,,,0.0,0.0,266.23,411.51,,63.83,,
2025-10-20,7008.0,,1376.0,,,0.0,0.0,1701.65,2329.07,,1027.26,,
2025-10-21,4007.0,,429.0,,,0.0,0.0,1955.01,2676.78,,1196.73,,
2025-10-22,8077.0,,1867.0,,,0.0,0.0,1876.66,2556.55,,1159.71,,
2025-10-23,9633.0,8741.0,2049.0,,,0.0,0.0,2049.96,2737.87,,1187.37,,
2025-10-24,9472.0,,1457.0,,,0.0,0.0,2052.62,2772.17,,1139.63,,
2025-10-25,3501.0,7093.0,2598.0,,,0.0,0.0,787.53,1147.02,,265.14,,
2025-10-26,9577.0,,2441.0,,,0.0,0.0,359.02,529.48,,81.56,,
2025-10-27,12982.0,,575.0,,,0.0,0.0,1842.39,2485.82,,1020.61,,
2025-10-28,,,1045.0,,,,,1837.19,2540.33,,1052.43,,
2025-10-29,9267.0,8268.0,3243.0,,,0.0,0.0,1763.83,2417.32,,1037.48,,
2025-10-30,12340.0,,1941.0,,,0.0,0.0,1811.91,2460.57,,1041.41,,
2025-10-31,9590.0,,3274.0,,,0.0,0.0,1833.16,2481.33,,1003.74,,
2025-11-01,8710.0,9313.0,2600.0,8813.93,11036.27,0.0,0.0,716.67,1051.74,,198.65,,
2025-11-02,4038.0,,975.0,7640.09,9499.41,0.0,0.0,276.14,418.7,,52.97,,
2025-11-03,7197.0,,945.0,15160.88,21343.76,0.0,0.0,1660.96,2293.43,,905.78,,
2025-11-04,4998.0,,2167.0,14358.85,20418.11,0.0,0.0,1737.97,2392.38,,931.8,,
2025-11-05,9198.0,2650.0,2588.0,13797.18,19534.98,0.0,0.0,1779.16,2449.0,,986.77,,
2025-11-06,18620.0,4823.0,1845.0,14088.35,19911.52,0.0,0.0,1803.39,2488.49,,1025.43,,
2025-11-07,4991.0,,2519.0,13426.35,18543.12,0.0,0.0,1715.76,2349.3,,920.72,,
2025-11-08,7249.0,7353.0,4320.0,9244.88,11883.44,0.0,0.0,630.16,918.18,,182.51,,
2025-11-09,7130.0,,1385.0,7359.7,8918.94,0.0,0.0,205.99,302.4,,42.07,,
2025-11-10,6384.0,,566.0,15010.67,19558.17,,,1745.11,2403.98,,980.4,,
2025-11-11,8853.0,,537.0,14533.44,20912.36,0.0,0.0,1834.34,2496.59,,1013.08,,
2025-11-12,7676.0,7998.0,1335.0,13782.68,20358.26,0.0,0.0,1826.05,2488.5,,1036.86,,
2025-11-13,4983.0,5850.0,3076.0,14424.73,21085.64,0.0,0.0,1910.13,2603.93,,1116.94,,
2025-11-14,6979.0,,194.0,12773.76,17832.9,0.0,0.0,1876.83,2548.64,,999.21,,
2025-11-15,9644.0,5020.0,1724.0,8443.88,9980.02,,,777.13,1134.35,,222.89,,
2025-11-16,12655.0,6526.0,2533.0,8030.74,8907.61,,,329.76,495.96,,68.05,,
2025-11-17,6384.0,,832.0,15723.11,21565.53,0.0,0.0,1635.29,2220.65,,913.44,,
2025-11-18,6236.0,,532.0,14833.44,21381.63,0.0,0.0,1866.73,2551.73,,1062.3,,
2025-11-19,11270.0,7377.0,1696.0,13933.74,20349.64,0.0,0.0,1933.71,2611.03,,1076.74,,
2025-11-20,7960.0,7213.0,1689.0,14427.25,20759.87,0.0,0.0,2005.94,2720.6,,1179.01,,
2025-11-21,,,3085.0,13512.06,19245.65,0.0,0.0,1922.93,2601.7,,1052.89,,
2025-11-22,6710.0,7027.0,2796.0,9449.29,12126.71,0.0,0.0,867.25,1257.86,,267.79,,
2025-11-23,14905.0,,2481.0,7647.74,9419.41,0.0,0.0,302.19,454.94,,68.84,,
2025-11-24,4050.0,8511.0,1122.0,15503.61,22173.66,0.0,0.0,1834.78,2499.4,,1030.83,,
2025-11-25,7864.0,,1513.0,14947.29,21083.6,0.0,0.0,1776.73,2452.73,,1024.0,,
2025-11-26,11862.0,10460.0,189.0,15066.42,21439.51,0.0,0.0,1815.39,2462.42,,1031.51,,
2025-11-27,17665.0,9750.0,752.0,14497.94,21395.59,0.0,0.0,1877.51,2549.2,,1103.58,,
2025-11-28,7218.0,,1357.0,13630.28,19406.8,0.0,0.0,1572.99,2173.6,,894.4,,
2025-11-29,5974.0,8407.0,3028.0,9103.76,11477.86,0.0,0.0,767.88,1138.1,,246.66,,
2025-11-30,4636.0,,4036.0,6819.29,8331.9,0.0,0.0,321.47,496.36,,70.04,,
2025-12-01,8215.0,,821.0,15422.28,21587.27,0.0,0.0,1600.42,2223.24,,880.91,,
2025-12-02,7836.0,,2912.0,14689.97,21676.93,0.0,0.0,1764.33,2419.88,,971.18,,
2025-12-03,10357.0,9823.0,1669.0,14990.24,21897.48,0.0,0.0,1819.27,2470.25,,1047.71,,
2025-12-04,13399.0,5146.0,3200.0,14660.59,21503.32,0.0,0.0,1868.14,2592.33,,1087.92,,
2025-12-05,6291.0,,2872.0,13936.25,19895.61,0.0,0.0,1778.64,2422.29,,961.69,,
2025-12-06,9052.0,,851.0,9243.2,11056.41,,,787.28,1161.18,,249.15,,
2025-12-07,9022.0,5495.0,1033.0,7458.22,9225.25,0.0,0.0,333.4,514.83,,76.2,,
2025-12-08,6163.0,,1603.0,14660.82,20986.0,0.0,0.0,1770.31,2412.31,,981.09,,
2025-12-09,3800.0,,2125.0,14355.33,20514.25,0.0,0.0,1864.55,2540.64,,1074.42,,
2025-12-10,8392.0,,1721.0,14122.05,20554.73,0.0,0.0,1818.3,2475.54,,1051.73,,
2025-12-11,10561.0,13191.0,3567.0,14158.58,20936.67,0.0,0.0,1968.06,2664.96,,1136.62,,
2025-12-12,11600.0,4406.0,3779.0,13657.37,18909.63,0.0,0.0,2028.68,2753.62,,1132.78,,
2025-12-13,1567.0,7796.0,2790.0,9373.52,12068.75,0.0,0.0,842.24,1254.07,,277.39,,
2025-12-14,10039.0,4486.0,2933.0,7495.35,9450.93,0.0,0.0,310.56,475.13,,69.0,,
2025-12-15,8632.0,,1690.0,14852.53,21501.58,0.0,0.0,1921.26,2603.54,,1073.16,,
2025-12-16,6812.0,,1729.0,14155.18,20851.4,0.0,0.0,1996.42,2705.72,,1145.65,,
2025-12-17,7994.0,6703.0,1354.0,14001.58,19986.14,0.0,0.0,1975.79,2648.99,,1161.65,,
2025-12-18,9626.0,11723.0,2629.0,13677.7,20181.18,0.0,0.0,1997.81,2690.12,,1187.76,,
2025-12-19,9895.0,,307.0,13951.92,20142.06,0.0,0.0,1963.48,2666.74,,1129.86,,
2025-12-20,9214.0,5064.0,1189.0,10144.38,13205.91,0.0,0.0,836.98,1253.84,,287.97,,
2025-12-21,7151.0,14396.0,700.0,7561.53,9901.48,0.0,0.0,284.25,435.75,,70.47,,
2025-12-22,13228.0,,2171.0,15449.43,22327.47,0.0,0.0,1973.01,2647.07,,1137.96,,
2025-12-23,3530.0,3362.0,1335.0,13871.1,20514.92,0.0,0.0,2112.25,2820.76,,1225.45,,
2025-12-24,13235.0,8407.0,1937.0,11745.05,16753.16,0.0,0.0,1937.14,2605.65,,1097.01,,
2025-12-25,14697.0,,5030.0,11113.96,14673.99,0.0,0.0,760.34,1199.49,,257.25,,
2025-12-26,7045.0,,2682.0,12146.6,19169.17,0.0,0.0,1676.81,2302.83,,913.21,,
2025-12-27,10040.0,8293.0,1353.0,8961.43,11676.86,0.0,0.0,938.41,1407.45,,316.51,,
2025-12-28,9157.0,,1615.0,7141.57,8699.94,0.0,0.0,293.65,447.54,,69.52,,
2025-12-29,6684.0,,2390.0,13487.27,19092.79,0.0,0.0,1907.39,2589.47,,1075.59,,
2025-12-30,8306.0,,561.0,14568.92,20877.61,0.0,0.0,1787.15,2383.12,,1016.7,,
2025-12-31,8461.0,7446.0,1206.0,11000.2,15487.51,0.0,0.0,1404.62,1911.49,,729.84,,
