날짜,북컨물동량,남컨물동량,서컨물동량,남해2지선_가락IC-서부산TG,남해2지선_서부산IC-가락IC,남해선(순천-부산)_김해JC-동김해IC,남해선(순천-부산)_북부산TG-김해JC,중앙선_대감JC-대동IC,중앙선_대동IC-초정IC,부산신항선_남진례IC-대청IC,부산신항선_대청IC-진해IC,부산신항선_진례JC-남진례IC,부산신항선_진해IC-남문대교
2022-01-01,10619.0,5804.0,,0.0,1897.39,890.81,671.73,1122.69,1004.25,5832.0,10445.0,,1190.0
2022-01-02,10337.0,2533.0,,0.0,7325.14,788.31,621.61,1046.69,943.84,5466.0,8750.0,,980.0
2022-01-03,7351.0,4163.0,,0.0,19744.53,6021.34,4661.58,8200.74,7035.58,10271.0,15600.0,,4354.0
2022-01-04,16035.0,3820.0,,0.0,18011.1,6659.27,5166.8,9421.62,8064.83,11283.0,16898.0,,5074.0
2022-01-05,4045.0,2479.0,,0.0,19513.18,6760.28,5286.98,9514.49,8097.19,11312.0,17077.0,,5143.0
2022-01-06,4342.0,7859.0,,0.0,19520.0,7206.23,5455.05,9918.42,8567.63,11635.0,17333.0,,5228.0
2022-01-07,14637.0,7902.0,,0.0,17488.91,6489.65,5104.1,9077.14,7758.9,12247.0,18087.0,,5140.0
2022-01-08,8198.0,1901.0,,0.0,10278.48,3168.06,2447.42,4037.44,3581.6,7328.0,12019.0,,1975.0
2022-01-09,6172.0,4081.0,,0.0,7188.8,888.43,697.61,1149.75,1030.5,5335.0,8875.0,,928.0
2022-01-10,11349.0,14317.0,,0.0,20780.6,6715.87,5258.92,9301.71,7940.45,11718.0,17358.0,,5141.0
2022-01-11,9109.0,6975.0,,0.0,20821.09,7105.66,5353.91,9793.11,8398.29,11766.0,17297.0,,5411.0
2022-01-12,11078.0,7457.0,,0.0,18946.84,6854.15,5339.13,9452.36,8109.19,11770.0,17247.0,,5462.0
2022-01-13,6335.0,6719.0,,0.0,18579.32,7042.8,5433.66,9951.75,8505.28,11768.0,17404.0,,5418.0
2022-01-14,6648.0,3276.0,,0.0,18349.75,6775.65,5192.0,9439.53,8056.4,12482.0,18351.0,,5306.0
2022-01-15,17708.0,7583.0,,0.0,10053.95,3201.45,2479.79,4147.52,3683.83,7198.0,11954.0,,1919.0
2022-01-16,5937.0,7415.0,,0.0,7457.72,857.25,671.62,1141.58,1025.68,5168.0,8810.0,,888.0
2022-01-17,12022.0,2585.0,,0.0,20407.12,6664.66,5163.67,9326.91,7935.74,11612.0,17028.0,,5131.0
2022-01-18,11610.0,2289.0,,0.0,18956.78,7463.27,5380.46,9818.65,8378.24,11904.0,17507.0,,5403.0
2022-01-19,9486.0,2870.0,,0.0,20160.89,8536.07,5454.01,9966.01,8481.27,11786.0,17498.0,,5476.0
2022-01-20,6039.0,5996.0,,0.0,19245.27,8379.42,5332.16,9619.33,8324.48,12021.0,17689.0,,5507.0
2022-01-21,12714.0,10763.0,,0.0,17431.17,8308.73,5215.52,9590.6,8229.81,12562.0,18314.0,,5577.0
2022-01-22,9507.0,6264.0,,0.0,10559.73,4091.86,2595.14,4457.97,3930.38,7604.0,12462.0,,2235.0
2022-01-23,7769.0,8145.0,,0.0,7881.74,1146.97,721.09,1192.05,1074.73,5112.0,8643.0,,1071.0
2022-01-24,12668.0,6034.0,,0.0,20901.85,8897.19,5616.74,10071.49,8576.59,11964.0,17627.0,,5430.0
2022-01-25,8807.0,8963.0,,0.0,21252.78,9167.42,5770.9,10440.97,8885.9,12576.0,18521.0,,5903.0
2022-01-26,9291.0,2866.0,,0.0,19120.76,9067.68,5724.87,10659.87,9032.56,13363.0,19330.0,,6511.0
2022-01-27,18086.0,9002.0,,0.0,19265.13,8745.39,5514.93,10271.01,8799.44,13138.0,19135.0,,6263.0
2022-01-28,10561.0,6075.0,,0.0,16749.12,8053.35,4862.84,9311.24,7971.38,13137.0,19216.0,,5552.0
2022-01-29,15330.0,5493.0,,0.0,9359.62,3446.15,2188.0,4059.07,3641.49,7661.0,12185.0,,2493.0
2022-01-30,8249.0,6699.0,,0.0,3045.42,988.77,628.06,1045.19,948.82,5353.0,8744.0,,1203.0
2022-01-31,5577.0,2824.0,,0.0,2742.04,1253.0,801.85,1175.16,1068.12,4751.0,7975.0,,1088.0
2022-02-01,4910.0,3257.0,,0.0,388.33,262.69,171.55,240.01,216.0,5750.0,9266.0,,656.0
2022-02-02,7153.0,2148.0,,0.0,3146.25,1327.93,855.16,1379.3,1240.5,5965.0,9113.0,,1273.0
2022-02-03,9397.0,7489.0,,0.0,7189.73,6820.69,4364.38,7522.13,6417.23,10330.0,15450.0,,4635.0
2022-02-04,7936.0,3964.0,,0.0,7293.91,7729.59,4843.21,8971.82,7673.29,11403.0,16902.0,,5538.0
2022-02-05,10882.0,7412.0,,0.0,4845.03,3779.56,2432.48,4095.29,3627.37,6715.0,10900.0,,2152.0
2022-02-06,11195.0,1291.0,,0.0,2390.84,1178.31,745.72,1233.84,1114.64,4372.0,7592.0,,852.0
2022-02-07,7962.0,9749.0,,0.0,7364.45,8121.58,5231.85,9321.39,8008.23,11728.0,17215.0,,5522.0
2022-02-08,15399.0,4521.0,,0.0,7523.13,8473.56,5388.8,10021.2,8568.47,12049.0,17667.0,,5804.0
2022-02-09,5987.0,3832.0,,0.0,7722.7,8313.21,5261.69,9807.92,8380.41,11944.0,17620.0,,5428.0
2022-02-10,11521.0,3425.0,,0.0,7628.64,8656.45,5387.14,9992.86,8579.13,12059.0,17786.0,,5810.0
2022-02-11,7383.0,5771.0,,0.0,7513.8,7980.63,5020.77,9348.57,7970.37,12377.0,18187.0,,5494.0
2022-02-12,11660.0,8490.0,,0.0,5085.42,3800.33,2426.15,4218.54,3739.32,6930.0,11544.0,,9928.0
2022-02-13,9818.0,5046.0,,0.0,2243.61,1188.41,734.09,1281.55,1152.13,4643.0,7896.0,,1305.0
2022-02-14,11564.0,6080.0,,0.0,7516.83,8415.0,5197.92,9531.95,8120.78,11696.0,17090.0,,5758.0
2022-02-15,9639.0,4279.0,,0.0,7892.97,8444.49,5193.2,9740.13,8349.84,11979.0,17514.0,,5619.0
2022-02-16,15764.0,10163.0,,0.0,7401.97,8091.99,5097.66,9242.55,7925.7,11858.0,17337.0,,5646.0
2022-02-17,10557.0,6153.0,,0.0,7405.13,8159.55,5182.37,9731.38,8345.3,12213.0,17656.0,,5837.0
2022-02-18,10032.0,6361.0,,0.0,7445.74,8495.89,5198.55,9668.99,8138.16,12850.0,18709.0,,5932.0
2022-02-19,11117.0,5968.0,,0.0,4475.82,3763.92,2413.42,4045.23,3577.82,7251.0,11678.0,,2204.0
2022-02-20,9735.0,9464.0,,0.0,2381.35,1107.6,702.04,1192.83,1070.43,4959.0,8316.0,,1056.0
2022-02-21,14138.0,4888.0,,0.0,7042.38,8155.64,5228.46,9643.67,8236.81,11547.0,17038.0,,5426.0
2022-02-22,10356.0,9948.0,,0.0,7338.94,8287.05,5342.91,9874.37,8484.03,11707.0,17471.0,,5640.0
2022-02-23,12511.0,8067.0,,0.0,7729.66,8692.67,5397.21,9948.05,8516.12,12139.0,17625.0,,5761.0
2022-02-24,13739.0,5172.0,,0.0,7818.01,8250.57,5412.04,10507.84,8976.87,12310.0,18175.0,,6007.0
2022-02-25,12608.0,3040.0,,0.0,7717.24,8538.45,5352.02,10238.43,8770.82,12956.0,18739.0,,5849.0
2022-02-26,13809.0,11912.0,,0.0,4860.1,4685.56,2878.66,5349.78,4728.55,7867.0,12545.0,,2236.0
2022-02-27,12118.0,3641.0,,0.0,2190.6,1225.33,747.08,1372.15,1240.75,5474.0,9214.0,,1119.0
2022-02-28,13634.0,7636.0,,0.0,7275.37,8137.56,5039.12,9740.49,8404.09,11996.0,18049.0,,5204.0
2022-03-01,10179.0,2530.0,,0.0,12323.13,3596.51,2204.14,4008.36,3513.95,6462.0,10502.0,,1935.0
2022-03-02,10458.0,4214.0,,0.0,20024.37,7607.38,5005.33,9160.47,7840.09,11724.0,17254.0,,5523.0
2022-03-03,8928.0,10826.0,,0.0,18640.24,7452.86,5653.02,10886.72,9372.38,12073.0,18000.0,,5888.0
2022-03-04,18710.0,4518.0,,0.0,17398.69,6996.55,5229.03,10326.42,8873.7,12532.0,18257.0,,5954.0
2022-03-05,9802.0,7498.0,,0.0,10860.48,3231.6,2475.69,4275.64,3777.52,7122.0,11506.0,,2301.0
2022-03-06,8132.0,9536.0,,0.0,7466.72,1026.62,770.32,1372.84,1241.04,4656.0,8038.0,,983.0
2022-03-07,8687.0,6737.0,,0.0,20926.22,7308.48,5562.06,10536.16,8955.01,11917.0,17560.0,,5685.0
2022-03-08,10468.0,5577.0,,0.0,19028.89,7219.05,5467.43,10565.14,9022.53,12251.0,18212.0,,5830.0
2022-03-09,10518.0,7447.0,,0.0,14248.65,2813.16,2217.1,3875.0,3476.9,6213.0,10087.0,,1652.0
2022-03-10,14040.0,6865.0,,0.0,18953.19,6971.1,5394.79,10112.41,8702.86,12063.0,17956.0,,5945.0
2022-03-11,8288.0,3369.0,,0.0,18809.72,7363.78,5528.52,11102.91,9550.85,12858.0,18744.0,,6107.0
2022-03-12,10069.0,11865.0,,0.0,9344.79,4036.33,3148.8,5663.78,5011.39,7341.0,11906.0,,2277.0
2022-03-13,11159.0,4172.0,,0.0,6826.8,856.43,675.89,1174.73,1133.48,4128.0,6866.0,,820.0
2022-03-14,10793.0,12758.0,,0.0,19005.21,6565.57,4973.1,9377.68,8025.62,11253.0,16552.0,,5191.0
2022-03-15,10322.0,1055.0,,0.0,19270.59,7049.67,5316.96,10193.12,8811.49,11620.0,17053.0,,5585.0
2022-03-16,9755.0,6026.0,,0.0,18599.19,7074.75,5390.41,10147.02,8731.11,11541.0,17057.0,,5611.0
2022-03-17,10852.0,9830.0,,0.0,19280.38,7036.2,5334.21,10252.58,8891.03,11256.0,16622.0,,5332.0
2022-03-18,9838.0,2954.0,,0.0,15987.07,6206.64,4645.69,8613.43,7518.85,11131.0,16546.0,,4923.0
2022-03-19,7917.0,4234.0,,0.0,10563.4,2785.75,2221.68,3447.5,3095.78,6053.0,10147.0,,1664.0
2022-03-20,10052.0,8368.0,,0.0,7906.05,864.55,667.3,1109.59,1007.05,4702.0,8046.0,,865.0
2022-03-21,11122.0,12739.0,,0.0,19954.91,6998.73,5305.25,9754.29,8335.85,11448.0,17120.0,,5293.0
2022-03-22,12196.0,5506.0,,0.0,18858.92,7078.2,5406.34,10151.63,8724.1,11765.0,17278.0,,5666.0
2022-03-23,11679.0,6066.0,,0.0,19172.97,6952.48,5409.66,10079.13,8619.95,11687.0,17464.0,,5603.0
2022-03-24,9759.0,7483.0,,0.0,19101.03,7243.18,5496.81,10202.12,8795.45,11809.0,17418.0,,5579.0
2022-03-25,15832.0,6644.0,,0.0,17934.45,6897.73,5219.65,10132.63,8883.03,11964.0,17712.0,,5299.0
2022-03-26,5010.0,6046.0,,0.0,8111.29,2716.0,2121.61,3578.56,3202.06,6667.0,11132.0,,1929.0
2022-03-27,13316.0,5564.0,,0.0,7050.6,925.51,702.59,1201.8,1083.05,5630.0,9534.0,,1097.0
2022-03-28,17755.0,7046.0,,0.0,20022.05,6894.64,5162.08,9631.5,8219.21,11529.0,17160.0,,5315.0
2022-03-29,8644.0,6657.0,,0.0,18404.9,7136.6,5376.69,9966.2,8641.71,11670.0,17421.0,,5521.0
2022-03-30,13923.0,8062.0,,0.0,17404.74,6784.07,5233.12,9804.79,8358.78,11473.0,16934.0,,5317.0
2022-03-31,8812.0,2898.0,,0.0,17932.38,6863.17,5201.99,9750.82,8414.26,11461.0,16935.0,,5162.0
2022-04-01,12383.0,5505.0,,0.0,18545.83,6839.93,5083.32,9522.63,8176.81,12238.0,18263.0,,5199.0
2022-04-02,5372.0,6664.0,,0.0,8225.32,2802.41,2137.91,3429.13,3020.82,8619.0,14398.0,,1912.0
2022-04-03,16190.0,12389.0,,0.0,7384.05,916.33,706.55,1181.77,1062.43,5785.0,9904.0,,975.0
2022-04-04,12316.0,2470.0,,0.0,21783.51,7000.66,5362.08,9574.12,8203.77,11629.0,17163.0,,5120.0
2022-04-05,9262.0,4792.0,,0.0,19322.85,7034.57,5433.14,9893.66,8380.8,11948.0,17756.0,,5735.0
2022-04-06,10516.0,11087.0,,0.0,18352.65,7041.43,5285.94,9610.41,8129.55,11747.0,17520.0,,5232.0
2022-04-07,12876.0,7246.0,,0.0,18608.48,6796.12,5071.68,9471.77,8081.51,11835.0,17747.0,,5457.0
2022-04-08,7954.0,4124.0,,0.0,18053.7,7108.32,5260.26,9742.95,8266.68,12890.0,18860.0,,5467.0
2022-04-09,8640.0,5396.0,,0.0,9694.27,3737.32,2899.52,4710.5,4130.28,7974.0,13200.0,,2109.0
2022-04-10,10868.0,6289.0,,0.0,8006.61,1004.21,772.78,1282.1,1159.07,5810.0,9817.0,,1060.0
2022-04-11,9330.0,8752.0,,0.0,18931.49,6677.19,5108.08,9372.29,8039.37,11688.0,17372.0,,5154.0
2022-04-12,4794.0,9204.0,,0.0,19230.06,7152.88,5506.34,10071.99,8712.63,12029.0,17940.0,,5508.0
2022-04-13,15093.0,5061.0,,0.0,17412.74,6877.17,5349.96,10161.5,8748.85,11628.0,17369.0,,5466.0
2022-04-14,17170.0,5393.0,,0.0,17534.51,7025.7,5329.53,10145.51,8705.82,11693.0,17435.0,,5610.0
2022-04-15,9305.0,5445.0,,0.0,18330.4,7026.87,5198.19,9755.58,8151.5,12845.0,19036.0,,5679.0
2022-04-16,9387.0,7881.0,,0.0,11975.99,3461.87,2615.37,4340.88,3931.47,8392.0,13679.0,,2339.0
2022-04-17,10054.0,9163.0,,0.0,7131.13,1174.14,892.53,1495.73,1404.63,5874.0,9847.0,,1205.0
2022-04-18,11546.0,9519.0,,0.0,19433.28,7092.34,5337.35,9925.87,8561.77,12149.0,17926.0,,5621.0
2022-04-19,12249.0,7502.0,,0.0,18681.45,7264.09,5440.7,10183.2,8668.65,12356.0,18206.0,,5825.0
2022-04-20,10733.0,6389.0,,0.0,20194.06,7133.16,5322.51,9833.97,8307.01,12431.0,18263.0,,5959.0
2022-04-21,10182.0,6568.0,,0.0,17631.35,6931.99,5131.35,9797.49,8299.63,12051.0,17990.0,,5970.0
2022-04-22,10751.0,5082.0,,0.0,17309.24,6621.9,5074.06,9384.91,8163.73,13052.0,19076.0,,5648.0
2022-04-23,15120.0,5331.0,,0.0,8905.7,3411.65,2602.96,4406.82,3993.73,8218.0,13467.0,,2266.0
2022-04-24,12453.0,5303.0,,0.0,7599.12,985.26,759.09,1270.39,1221.86,6018.0,10035.0,,1099.0
2022-04-25,17345.0,4144.0,,0.0,17980.98,6744.29,5210.13,9480.12,8390.08,11788.0,17680.0,,5065.0
2022-04-26,11731.0,7720.0,,0.0,13141.64,5303.32,4386.01,8351.18,7220.68,10878.0,16146.0,,5015.0
2022-04-27,11643.0,3006.0,,0.0,19207.86,6882.93,5146.22,9488.61,7119.4,11954.0,18074.0,,5631.0
2022-04-28,9949.0,3920.0,,0.0,18950.81,7178.98,5395.75,10177.37,7570.44,12125.0,18350.0,,5847.0
2022-04-29,12784.0,7610.0,,0.0,16380.98,6282.88,4558.73,8658.87,6528.67,12054.0,17729.0,,5214.0
2022-04-30,12633.0,4100.0,,0.0,8184.16,2945.59,2229.6,3626.98,2869.79,7810.0,12777.0,,2137.0
2022-05-01,14569.0,4444.0,,0.0,2082.61,920.61,690.67,1168.37,937.46,5991.0,9869.0,,1150.0
2022-05-02,10009.0,4715.0,,0.0,7336.06,6972.49,5199.27,9577.21,7123.94,11472.0,17188.0,,5065.0
2022-05-03,13356.0,5233.0,,0.0,7238.7,7346.91,5469.44,10227.27,7646.75,12141.0,18076.0,,5763.0
2022-05-04,,,,0.0,7802.55,7417.84,5519.11,10218.44,7548.61,13134.0,19515.0,,5804.0
2022-05-05,8380.0,17897.0,,0.0,4249.49,3240.55,2453.36,4376.29,3458.52,8509.0,13343.0,,1880.0
2022-05-06,8282.0,6409.0,,0.0,7572.9,6517.25,4873.65,8734.03,6413.03,12559.0,18805.0,,5371.0
2022-05-07,14462.0,8710.0,,0.0,5216.1,2993.35,2289.5,3582.34,2776.25,8626.0,13684.0,,1960.0
2022-05-08,14302.0,6329.0,,0.0,2289.11,970.74,742.65,1200.69,947.43,6837.0,11149.0,,1056.0
2022-05-09,8321.0,7305.0,,0.0,7137.76,6639.36,4970.18,8910.75,6530.74,11935.0,17728.0,,5200.0
2022-05-10,12813.0,2387.0,,0.0,7020.74,6691.47,5067.94,9153.38,6812.73,12345.0,18264.0,,5787.0
2022-05-11,8218.0,3987.0,,0.0,6851.84,6612.28,5137.89,9117.38,6801.12,11977.0,17752.0,,5367.0
2022-05-12,8180.0,3463.0,,0.0,6547.79,6589.53,5211.9,9548.82,7142.46,11260.0,17399.0,,5314.0
2022-05-13,12442.0,10109.0,,0.0,6921.37,6277.87,4861.59,9103.73,6745.18,12143.0,18235.0,,5130.0
2022-05-14,10482.0,3244.0,,0.0,4435.24,3261.75,2528.06,4037.49,3168.82,7678.0,12724.0,,1914.0
2022-05-15,11373.0,2569.0,,0.0,2198.14,992.62,753.31,1258.8,1018.05,5790.0,9763.0,,1010.0
2022-05-16,13991.0,3323.0,,0.0,7127.46,6695.59,5106.71,8930.57,6569.87,11456.0,17155.0,,5236.0
2022-05-17,4429.0,11198.0,,0.0,7037.87,6925.68,5351.54,9653.71,7162.79,11853.0,17504.0,,5605.0
2022-05-18,10658.0,3642.0,,0.0,6826.87,6831.55,5277.61,9431.78,7029.71,11797.0,17932.0,,5687.0
2022-05-19,16070.0,10865.0,,0.0,6905.49,6963.94,5402.0,9695.4,7217.12,11817.0,17821.0,,5591.0
2022-05-20,8372.0,6877.0,,0.0,7034.34,6721.83,5180.18,9396.27,6960.51,12177.0,18479.0,,5305.0
2022-05-21,8764.0,5123.0,,0.0,4164.54,3247.64,2576.43,4078.1,3196.69,7789.0,13132.0,,2075.0
2022-05-22,20761.0,9139.0,,0.0,1874.38,1104.75,857.28,1404.52,1121.2,5686.0,9832.0,,1028.0
2022-05-23,14192.0,7769.0,,0.0,7393.66,9003.97,5693.22,10304.56,7618.83,11723.0,17684.0,,5391.0
2022-05-24,8828.0,7593.0,,0.0,7769.2,9474.77,6041.63,10921.95,8152.45,12199.0,18340.0,,5874.0
2022-05-25,14323.0,4667.0,,0.0,7984.63,9622.54,6076.3,11154.68,8239.55,12335.0,18311.0,,5708.0
2022-05-26,9265.0,5552.0,,0.0,7570.17,9291.51,5763.55,10547.54,7885.71,12238.0,18716.0,,5824.0
2022-05-27,7994.0,13431.0,,0.0,7384.6,9175.49,5639.5,10390.11,7683.61,12502.0,18882.0,,5555.0
2022-05-28,15794.0,3950.0,,0.0,4785.33,5001.6,3232.25,5210.39,4129.35,7300.0,12639.0,,1802.0
2022-05-29,13375.0,7437.0,,0.0,2190.81,1511.33,948.46,1567.07,1275.15,5866.0,9998.0,,1173.0
2022-05-30,6681.0,5718.0,,0.0,7256.61,8443.79,5288.89,9514.96,7040.37,11792.0,17990.0,,5404.0
2022-05-31,14713.0,9588.0,,0.0,7587.74,8807.7,5769.32,10665.04,7854.05,12580.0,18989.0,,5799.0
2022-06-01,10707.0,5180.0,,0.0,4574.91,4716.62,2998.41,5158.14,4070.89,6721.0,11137.0,,1882.0
2022-06-02,9799.0,6927.0,,0.0,7539.76,8250.48,5807.91,10635.63,7762.9,12550.0,19139.0,,6330.0
2022-06-03,7146.0,4610.0,,0.0,8047.71,7858.49,6065.8,11375.47,8369.21,14206.0,20926.0,,6752.0
2022-06-04,7962.0,4581.0,,0.0,5805.72,4495.14,3511.72,5738.86,4459.42,10522.0,16419.0,,3251.0
2022-06-05,10770.0,5215.0,,0.0,1959.85,1073.4,803.77,1399.5,1132.24,5535.0,9269.0,,1029.0
2022-06-06,4848.0,5766.0,,0.0,4680.6,3263.58,2436.79,4564.24,3587.3,8010.0,12413.0,,2397.0
2022-06-07,11476.0,5127.0,,0.0,4105.11,4962.15,3855.5,6708.57,5106.45,8614.0,14065.0,,2931.0
2022-06-08,10527.0,4312.0,,0.0,3585.47,4830.86,3761.52,6749.95,5168.75,8347.0,13861.0,,3000.0
2022-06-09,10512.0,3663.0,,0.0,3620.61,5012.04,3930.86,6777.79,5211.26,8659.0,14327.0,,3186.0
2022-06-10,6396.0,2064.0,,0.0,3819.16,4664.63,3688.28,6385.52,4874.98,9592.0,15469.0,,3251.0
2022-06-11,7480.0,8752.0,,0.0,2472.12,2592.84,2108.36,3338.76,2649.17,7069.0,12129.0,,1606.0
2022-06-12,14210.0,5598.0,,0.0,1215.05,936.36,749.0,1254.34,1008.78,5619.0,9728.0,,1084.0
2022-06-13,2108.0,6559.0,,0.0,3712.88,4620.86,3782.61,6434.04,4845.44,8774.0,14332.0,,3003.0
2022-06-14,7809.0,4898.0,,0.0,3301.26,4569.68,3598.65,6130.03,4721.22,8541.0,13753.0,,3296.0
2022-06-15,8421.0,3370.0,,0.0,5510.44,6263.04,5093.74,8980.54,6679.91,10905.0,17140.0,,5037.0
2022-06-16,8997.0,8050.0,,0.0,7834.56,7876.53,6315.74,11383.47,8444.51,12665.0,19282.0,,6340.0
2022-06-17,5632.0,7073.0,,0.0,8056.87,7908.45,6234.67,11264.48,8224.99,13687.0,20096.0,,6061.0
2022-06-18,10615.0,6842.0,,0.0,5983.27,4283.86,3445.38,5309.84,4152.14,9019.0,14748.0,,2883.0
2022-06-19,11877.0,8429.0,,0.0,2967.72,1372.49,1104.57,1839.51,1487.45,6024.0,10166.0,,1274.0
2022-06-20,8246.0,4900.0,,0.0,8033.27,7435.54,6030.15,10650.22,7853.69,12592.0,18811.0,,5679.0
2022-06-21,9536.0,3958.0,,0.0,8002.86,7807.62,6267.56,11317.13,8415.81,12881.0,19465.0,,6058.0
2022-06-22,9215.0,2242.0,,0.0,7869.58,7628.82,6190.25,11145.77,8291.8,12806.0,19386.0,,6038.0
2022-06-23,11160.0,10403.0,,0.0,7109.0,7059.32,6120.26,11364.99,8445.4,12479.0,18827.0,,6008.0
2022-06-24,14511.0,,,0.0,6838.9,6263.8,5112.17,9156.92,6808.81,12370.0,18386.0,,5488.0
2022-06-25,4445.0,13196.0,,0.0,4885.34,3513.61,2952.54,4606.44,3587.59,8265.0,13808.0,,2713.0
2022-06-26,13010.0,4964.0,,0.0,2358.21,1069.96,894.58,1501.97,1213.59,5752.0,10350.0,,1284.0
2022-06-27,11054.0,7848.0,,0.0,5610.79,6175.25,5476.58,9541.83,6999.79,11838.0,17909.0,,5584.0
2022-06-28,13193.0,7375.0,,0.0,6962.27,6994.46,5760.6,10426.86,7748.66,12038.0,18243.0,,5893.0
2022-06-29,7898.0,1472.0,,0.0,6832.78,6918.14,5522.47,10054.36,7412.85,12267.0,18388.0,,5963.0
2022-06-30,8612.0,10177.0,,0.0,7227.01,6977.93,5606.63,10110.65,7512.73,12364.0,18701.0,,6039.0
2022-07-01,10916.0,4290.0,,0.0,7460.6,7263.09,5828.84,10338.68,7633.44,12801.0,19250.0,,5647.0
2022-07-02,13373.0,4032.0,,0.0,4607.78,3626.66,2983.97,4738.74,3733.27,8296.0,13883.0,,2323.0
2022-07-03,7127.0,7276.0,,0.0,2168.54,1185.41,968.05,1599.23,1293.97,5802.0,9982.0,,1330.0
2022-07-04,10800.0,,,0.0,7269.69,6829.39,5536.36,9669.06,7187.75,11367.0,16957.0,,5216.0
2022-07-05,9238.0,8581.0,,0.0,7232.67,6974.18,5732.9,10428.82,7744.87,11698.0,17758.0,,5515.0
2022-07-06,13851.0,8239.0,,0.0,7973.66,7034.53,5850.8,10135.43,7410.6,3853.0,6436.0,,2098.0
2022-07-07,6829.0,7091.0,,0.0,7424.93,7121.25,5874.42,10612.55,7921.03,,,,
2022-07-08,9343.0,5476.0,,0.0,7032.68,6927.18,5753.49,10390.69,7710.07,6163.0,8524.0,,2101.0
2022-07-09,14161.0,6709.0,,0.0,4488.94,3192.64,2697.83,4223.15,3324.86,7722.0,13091.0,,2187.0
2022-07-10,14480.0,3579.0,,0.0,2142.75,997.5,834.55,1406.81,1137.6,5574.0,9800.0,,1117.0
2022-07-11,11723.0,12036.0,,0.0,6590.37,6096.44,5099.74,9107.6,6703.76,11431.0,17266.0,,5216.0
2022-07-12,12274.0,6906.0,,0.0,7099.32,6816.31,5557.39,9951.81,7453.87,12233.0,18356.0,,5712.0
2022-07-13,9346.0,6603.0,,0.0,7189.1,6964.47,5867.43,10377.45,7721.92,11971.0,18289.0,,5346.0
2022-07-14,8384.0,6837.0,,0.0,7354.19,6819.76,5672.62,10032.52,7520.21,12143.0,18173.0,,5600.0
2022-07-15,12036.0,2346.0,,0.0,7268.07,7185.29,5723.1,10387.72,7742.07,12728.0,18963.0,,5628.0
2022-07-16,8409.0,6791.0,,0.0,4524.95,3140.85,2609.01,4085.24,3230.87,7841.0,13206.0,,2269.0
2022-07-17,12306.0,8041.0,,0.0,2172.19,1041.16,863.02,1439.56,1174.87,5440.0,9503.0,,1111.0
2022-07-18,12442.0,6905.0,,0.0,5457.05,5303.21,4601.24,7997.18,5965.05,11001.0,16438.0,,5113.0
2022-07-19,8425.0,7922.0,,0.0,6922.47,6639.01,5551.74,9909.48,7362.75,12292.0,18313.0,,5789.0
2022-07-20,13599.0,4104.0,,0.0,7301.82,6741.99,5441.84,9648.25,7164.02,12349.0,18453.0,,5591.0
2022-07-21,8261.0,6710.0,,0.0,6836.08,6757.89,5568.41,10050.86,7471.24,11971.0,17967.0,,5670.0
2022-07-22,12048.0,8083.0,,0.0,7761.78,7394.86,5947.41,10694.48,8011.95,12832.0,19241.0,,5714.0
2022-07-23,12984.0,15728.0,,0.0,4666.12,3136.53,2674.51,4297.02,3390.55,7822.0,13203.0,,2264.0
2022-07-24,9870.0,5120.0,,0.0,2032.66,954.03,786.08,1335.35,1092.69,5448.0,9220.0,,1152.0
2022-07-25,10427.0,,,0.0,7259.79,6734.87,5510.33,9533.96,7100.68,12014.0,18087.0,,5373.0
2022-07-26,12069.0,4925.0,,0.0,7490.06,7202.93,5961.7,10694.15,8089.59,12177.0,18364.0,,5494.0
2022-07-27,10347.0,3167.0,,0.0,7771.45,7142.78,5800.34,10371.98,7774.71,12523.0,18778.0,,5797.0
2022-07-28,7330.0,10284.0,,0.0,7535.23,6936.07,5824.99,10236.17,7680.88,12929.0,19172.0,,6047.0
2022-07-29,13428.0,5901.0,,0.0,7262.5,6651.96,5219.27,9291.48,6978.59,13144.0,19490.0,,5606.0
2022-07-30,11894.0,3674.0,,0.0,4556.31,2557.48,2161.01,3493.38,2792.41,8296.0,13772.0,,1999.0
2022-07-31,5433.0,2929.0,,0.0,2070.23,885.04,726.6,1329.31,1085.65,5772.0,9621.0,,996.0
2022-08-01,17911.0,4311.0,,0.0,19900.41,4582.32,3729.76,6615.4,5097.61,9628.0,15158.0,,3973.0
2022-08-02,9691.0,1630.0,,0.0,14647.63,5024.45,4071.73,7215.91,5606.61,9462.0,15272.0,,4236.0
2022-08-03,8174.0,13229.0,,0.0,16852.44,4796.79,3856.98,6643.87,5115.25,9738.0,15589.0,,4135.0
2022-08-04,14618.0,6404.0,,0.0,16417.86,5379.09,4399.8,7575.21,5751.23,10512.0,16425.0,,4550.0
2022-08-05,8698.0,5803.0,,0.0,15601.97,5273.84,4322.96,7381.13,5546.55,11008.0,17022.0,,4481.0
2022-08-06,14215.0,5502.0,,0.0,8677.74,2440.27,2026.75,3320.86,2629.65,7634.0,13069.0,,1975.0
2022-08-07,7892.0,6643.0,,0.0,6531.3,1027.43,831.7,1468.05,1202.56,5723.0,9793.0,,974.0
2022-08-08,8459.0,5015.0,,0.0,16947.29,6230.44,5158.04,9024.77,6783.91,8035.0,12461.0,,3375.0
2022-08-09,7818.0,3223.0,,0.0,17442.48,6812.2,5599.15,10124.3,7570.29,11299.0,17138.0,,5109.0
2022-08-10,9323.0,7584.0,,0.0,19424.46,6682.35,5700.93,10165.37,7589.19,11689.0,17648.0,,4944.0
2022-08-11,12168.0,2627.0,,0.0,18783.33,6596.41,5561.58,9799.39,7303.26,12016.0,17948.0,,5110.0
2022-08-12,4591.0,,,0.0,17897.63,6394.89,5214.79,9345.14,6964.0,12755.0,19129.0,,5212.0
2022-08-13,10455.0,6532.0,,0.0,9236.34,3119.01,2523.41,4277.69,3383.91,9255.0,14809.0,,2268.0
2022-08-14,9742.0,4296.0,,0.0,4408.59,873.96,714.22,1211.34,985.61,6354.0,11201.0,,1074.0
2022-08-15,5504.0,3441.0,,0.0,13543.18,2547.24,2041.06,3757.12,3052.94,7379.0,12184.0,,1817.0
2022-08-16,9884.0,10387.0,,0.0,19057.96,6169.78,5179.82,9059.2,6723.06,11029.0,16875.0,,4957.0
2022-08-17,7172.0,5618.0,,0.0,16223.34,5905.64,4963.54,8809.22,6598.85,12167.0,18089.0,,5681.0
2022-08-18,15071.0,2141.0,,0.0,16991.48,7064.81,5733.63,10038.22,7559.54,12930.0,19492.0,,6150.0
2022-08-19,11775.0,7833.0,,0.0,16379.29,7016.45,5781.48,10479.03,7833.19,13173.0,19598.0,,5627.0
2022-08-20,17606.0,5304.0,,0.0,9627.01,3210.14,2853.33,4465.26,3513.84,7424.0,12306.0,,2130.0
2022-08-21,6906.0,7178.0,,0.0,7380.03,1078.47,856.22,1377.28,1114.19,5712.0,9972.0,,1109.0
2022-08-22,8690.0,4134.0,,0.0,18646.81,7256.0,5962.91,10300.5,7617.88,11863.0,17873.0,,5011.0
2022-08-23,11166.0,16329.0,,0.0,16836.46,7318.4,5978.44,10443.71,7826.47,11777.0,17771.0,,5353.0
2022-08-24,9453.0,5276.0,,0.0,15367.31,6155.99,5199.43,9131.01,6877.21,11900.0,17859.0,,5453.0
2022-08-25,11162.0,2826.0,,0.0,17302.78,7458.05,6030.36,10492.75,7800.37,12571.0,18813.0,,5754.0
2022-08-26,9859.0,7956.0,,0.0,17070.0,7632.74,6064.06,10547.13,7832.69,12934.0,19561.0,,5481.0
2022-08-27,3453.0,8090.0,,0.0,9132.54,3634.98,2985.69,4401.62,3476.8,8528.0,14241.0,,2622.0
2022-08-28,5841.0,7711.0,,0.0,6583.49,1136.2,916.39,1440.71,1162.44,6202.0,10731.0,,1068.0
2022-08-29,9745.0,11523.0,,0.0,17524.37,7286.14,5853.41,9972.84,7389.16,11978.0,18215.0,,5027.0
2022-08-30,16314.0,5163.0,,0.0,16764.44,7115.91,6118.05,10339.53,7598.71,11945.0,18156.0,,5380.0
2022-08-31,12111.0,6863.0,,0.0,14820.09,5516.42,5146.63,8848.99,6645.91,10912.0,16996.0,,5124.0
2022-09-01,4864.0,4636.0,,0.0,6053.01,6116.21,5198.43,8785.77,6478.23,11871.0,17953.0,,5270.0
2022-09-02,13972.0,10441.0,,0.0,6227.25,6715.05,5550.0,9698.01,7156.91,12555.0,18637.0,,5591.0
2022-09-03,8676.0,5525.0,,0.0,4111.28,3322.0,2910.37,4531.0,3613.97,7244.0,12182.0,,2111.0
2022-09-04,6287.0,6458.0,,0.0,1399.42,1062.04,902.84,1360.23,1125.25,4683.0,8502.0,,882.0
2022-09-05,,,,0.0,2648.24,4198.68,3638.92,5906.58,4528.23,7837.0,12718.0,,2505.0
2022-09-06,,,,0.0,2595.08,3035.07,2400.47,3836.38,3018.78,6196.0,10437.0,,2112.0
2022-09-07,6196.0,3008.0,,0.0,7568.74,7882.77,6296.03,10855.26,7803.91,13906.0,20505.0,,6348.0
2022-09-08,10143.0,5692.0,,0.0,7028.34,6782.57,5292.11,9424.68,6927.78,14616.0,21187.0,,5907.0
2022-09-09,15674.0,6352.0,,0.0,2970.61,1467.63,1191.75,1916.84,1594.39,7723.0,12585.0,,1555.0
2022-09-10,2705.0,3081.0,,0.0,310.1,259.56,216.82,284.2,228.95,8034.0,13171.0,,985.0
2022-09-11,7782.0,2832.0,,0.0,1237.04,443.3,368.93,552.71,444.62,8049.0,13383.0,,1166.0
2022-09-12,10432.0,11074.0,,0.0,3012.35,1363.58,1154.36,1757.22,1424.31,7380.0,12383.0,,1489.0
2022-09-13,9539.0,7778.0,,0.0,6893.94,6279.11,5131.0,8398.27,6238.35,11181.0,17442.0,,5073.0
2022-09-14,6746.0,7748.0,,0.0,7412.17,7472.52,6012.37,10144.35,7510.21,12557.0,18875.0,,5919.0
2022-09-15,10787.0,2569.0,,0.0,7875.02,7483.31,5984.67,10310.29,7457.43,12423.0,18804.0,,5729.0
2022-09-16,9691.0,8297.0,,0.0,7723.42,7592.43,6088.74,10940.27,7918.87,12922.0,19460.0,,5409.0
2022-09-17,8154.0,4186.0,,0.0,4575.46,3484.52,2936.19,4484.34,3427.95,7974.0,13340.0,,2345.0
2022-09-18,,,,0.0,1227.7,1200.91,994.38,1530.9,1222.89,5007.0,8727.0,,960.0
2022-09-19,,,,0.0,4006.02,4821.22,3793.7,6001.14,4567.85,9620.0,14940.0,,3624.0
2022-09-20,7888.0,3712.0,,0.0,7455.25,7687.47,6172.02,10502.44,7614.91,12487.0,18756.0,,5856.0
2022-09-21,11862.0,11727.0,,0.0,7358.52,7593.96,6108.03,10620.45,7839.4,12375.0,18904.0,,5860.0
2022-09-22,10348.0,7070.0,,0.0,7273.57,7545.12,6072.27,10546.87,7794.35,12761.0,18617.0,,7680.0
2022-09-23,9995.0,7487.0,,0.0,7495.66,7831.56,6146.19,10927.33,7954.75,13844.0,20352.0,,6000.0
2022-09-24,13582.0,10813.0,,0.0,4676.12,3738.03,3037.68,4633.08,3598.17,8997.0,14248.0,,2465.0
2022-09-25,10050.0,4943.0,,0.0,2172.37,1173.55,960.91,1510.72,1214.55,6187.0,10098.0,,1238.0
2022-09-26,9191.0,8314.0,,0.0,7065.7,7218.39,5967.15,10181.99,7450.77,12256.0,17910.0,,5540.0
2022-09-27,13740.0,4950.0,,0.0,7094.96,7369.36,6118.34,10306.06,7614.5,12205.0,18170.0,,5865.0
2022-09-28,8700.0,9164.0,,0.0,7033.97,7236.52,5901.22,10217.03,7557.87,12855.0,19028.0,,5933.0
2022-09-29,13776.0,8146.0,,0.0,7253.06,7529.99,6136.43,10744.41,8017.59,12950.0,19327.0,,6075.0
2022-09-30,11099.0,3751.0,,0.0,7311.48,7304.44,5889.24,10064.22,7389.16,13729.0,20196.0,,5634.0
2022-10-01,15765.0,2837.0,,0.0,4519.86,3377.36,2781.54,4187.3,3275.12,9784.0,15149.0,,2386.0
2022-10-02,6088.0,10129.0,,0.0,1826.86,934.92,757.53,1169.35,939.36,6964.0,11692.0,,1076.0
2022-10-03,15692.0,4692.0,,0.0,3380.05,2584.65,2100.36,3673.58,2967.63,7508.0,12250.0,,1892.0
2022-10-04,11116.0,7706.0,,0.0,6392.22,6826.59,5559.51,9407.1,7000.96,11232.0,17041.0,,4968.0
2022-10-05,6821.0,6494.0,,0.0,6903.25,6933.06,5666.05,9865.57,7349.84,12542.0,18508.0,,5692.0
2022-10-06,9118.0,1578.0,,0.0,6969.0,7019.0,5855.88,10050.76,7443.53,12373.0,18353.0,,5508.0
2022-10-07,6681.0,4853.0,,0.0,7491.67,7396.69,5897.96,10214.68,7551.46,13764.0,20122.0,,5650.0
2022-10-08,2839.0,7012.0,,0.0,4998.66,3657.61,2934.09,4410.68,3398.44,10381.0,15908.0,,2534.0
2022-10-09,10777.0,5652.0,,0.0,1474.13,1045.56,871.55,1379.58,1111.58,6707.0,10939.0,,1149.0
2022-10-10,6226.0,8771.0,,0.0,3552.92,2738.79,2174.47,3606.94,2863.47,7629.0,12091.0,,1743.0
2022-10-11,7549.0,4282.0,,0.0,7155.53,6550.41,5412.05,9283.08,6864.89,11159.0,16888.0,,5012.0
2022-10-12,6543.0,14803.0,,0.0,7057.77,7086.25,5804.37,10250.64,7633.74,12471.0,18525.0,,5761.0
2022-10-13,10811.0,4579.0,,0.0,7328.93,7393.35,5925.23,10127.17,7516.06,12511.0,18643.0,,5607.0
2022-10-14,12220.0,,,0.0,7369.05,7440.77,5922.77,10405.02,7700.91,13348.0,19798.0,,5448.0
2022-10-15,13848.0,2396.0,,0.0,4300.12,3651.8,3013.05,4445.89,3478.24,8811.0,13942.0,,2245.0
2022-10-16,3999.0,11179.0,,0.0,2124.08,1425.87,1178.95,1858.34,1494.06,6463.0,10439.0,,1118.0
2022-10-17,14995.0,6006.0,,0.0,6967.02,6755.92,5466.22,9217.86,6862.22,12015.0,17555.0,,5303.0
2022-10-18,10142.0,922.0,,0.0,6811.69,7161.97,5890.93,10121.71,7401.97,12855.0,18854.0,,6034.0
2022-10-19,3944.0,10579.0,,0.0,6725.7,6769.72,5602.88,9500.91,7052.18,12751.0,18586.0,,5929.0
2022-10-20,12620.0,6707.0,,0.0,7226.97,6961.21,5833.65,10197.96,7541.27,12919.0,19060.0,,5894.0
2022-10-21,7530.0,8342.0,,0.0,7302.5,7000.18,5722.41,10025.29,7384.52,13773.0,19909.0,,5811.0
2022-10-22,7677.0,6914.0,,0.0,4288.52,3704.38,3018.42,4348.88,3409.3,8920.0,14080.0,,2210.0
2022-10-23,8306.0,5143.0,,0.0,1955.76,1392.02,1133.98,1748.84,1411.44,6713.0,10792.0,,1250.0
2022-10-24,11537.0,8448.0,,0.0,6987.66,6655.96,5396.08,9483.34,7014.94,12028.0,17753.0,,5439.0
2022-10-25,8690.0,5889.0,,0.0,7392.07,7107.35,5624.47,9987.87,7452.98,12519.0,18394.0,,5682.0
2022-10-26,11221.0,9774.0,,0.0,7409.58,7118.38,5578.9,9843.77,7341.45,12767.0,18902.0,,5892.0
2022-10-27,11355.0,2244.0,,0.0,7664.56,7031.34,5588.58,9867.78,7436.32,12963.0,19248.0,,5882.0
2022-10-28,10503.0,6440.0,,0.0,7503.51,7026.1,5525.8,9745.83,7140.63,13399.0,19584.0,,5389.0
2022-10-29,10787.0,3978.0,,0.0,4090.4,3432.76,2750.95,4111.99,3131.58,8809.0,13985.0,,2177.0
2022-10-30,7102.0,8956.0,,0.0,1907.86,1251.29,980.04,1547.8,1205.43,6274.0,10211.0,,1086.0
2022-10-31,4565.0,7442.0,,0.0,6576.9,6531.16,5287.74,9130.02,6648.84,11569.0,17025.0,,4976.0
2022-11-01,11711.0,8856.0,,0.0,6608.92,6857.12,5556.81,9899.97,7363.25,11518.0,17441.0,,5276.0
2022-11-02,9686.0,6444.0,,0.0,6813.7,6802.84,5459.68,9544.99,7096.91,11672.0,17557.0,,5237.0
2022-11-03,13260.0,9544.0,,0.0,6534.22,6787.46,5513.73,9705.38,7215.0,12336.0,18222.0,,5530.0
2022-11-04,9882.0,8930.0,,0.0,7182.21,6671.73,5307.48,9382.92,6998.81,13099.0,19107.0,,5132.0
2022-11-05,9078.0,8100.0,,0.0,3847.66,2955.36,2353.63,3505.84,2727.98,8392.0,13410.0,,2084.0
2022-11-06,12371.0,2183.0,,0.0,2009.95,1123.65,910.73,1345.06,1067.75,6156.0,10057.0,,1102.0
2022-11-07,8816.0,9424.0,,0.0,6941.53,6572.8,5230.26,9131.42,6706.73,11812.0,17167.0,,4993.0
2022-11-08,5441.0,3425.0,,0.0,7187.48,7041.66,5590.99,10047.57,7466.15,11851.0,17527.0,,5222.0
2022-11-09,12584.0,4704.0,,0.0,6825.9,6798.3,5484.71,9853.72,7305.19,12244.0,18133.0,,5481.0
2022-11-10,9796.0,9376.0,,0.0,7065.77,7012.91,5440.91,9686.5,7260.7,12379.0,18429.0,,5473.0
2022-11-11,7820.0,1938.0,,0.0,7396.0,6767.99,5266.86,9385.78,6945.22,13378.0,19755.0,,5377.0
2022-11-12,10497.0,6498.0,,0.0,3771.65,2911.95,2421.22,3632.64,2843.21,8050.0,12950.0,,1993.0
2022-11-13,7296.0,11955.0,,0.0,1850.28,1042.05,852.55,1290.35,1049.03,5878.0,9821.0,,1146.0
2022-11-14,11602.0,6776.0,,0.0,7157.49,6704.53,5274.45,9250.52,6846.67,11678.0,17413.0,,5061.0
2022-11-15,6245.0,4806.0,,0.0,6848.94,6905.52,5563.72,9837.0,7342.32,12479.0,18150.0,,5697.0
2022-11-16,8416.0,6180.0,,0.0,7124.17,6980.2,5608.31,9922.57,7513.02,11854.0,18505.0,,5788.0
2022-11-17,13186.0,8802.0,,0.0,7317.56,7157.97,5683.25,10257.32,7622.52,12767.0,18696.0,,6135.0
2022-11-18,6813.0,9343.0,,0.0,7454.98,7050.12,5642.85,10057.7,7399.01,14014.0,20134.0,,6212.0
2022-11-19,12572.0,2609.0,,0.0,4597.0,3597.77,2933.36,4557.6,3547.55,9226.0,14513.0,,2831.0
2022-11-20,15976.0,5708.0,,0.0,2363.38,1482.35,1217.78,1942.92,1549.14,6460.0,10424.0,,1399.0
2022-11-21,7988.0,10573.0,,0.0,7159.23,6848.53,5819.63,10253.93,7519.72,13183.0,19228.0,,6664.0
2022-11-22,8880.0,3994.0,,0.0,7382.62,6766.78,6034.31,10596.57,7765.54,14098.0,20126.0,,7851.0
2022-11-23,11533.0,9344.0,,0.0,7875.47,7388.4,6525.31,11931.79,8706.73,14353.0,20633.0,,7996.0
2022-11-24,5997.0,9102.0,,0.0,5007.29,5552.78,4497.6,7797.04,5936.15,9733.0,15457.0,,3646.0
2022-11-25,8420.0,4193.0,,0.0,4086.12,3988.2,3648.91,6156.47,4648.58,9831.0,15725.0,,2993.0
2022-11-26,6906.0,5361.0,,0.0,2361.65,2222.76,1995.02,2961.9,2330.47,7581.0,12763.0,,1700.0
2022-11-27,8823.0,12296.0,,0.0,1021.62,816.83,677.76,1083.31,872.51,6162.0,10139.0,,1208.0
2022-11-28,10227.0,5474.0,,0.0,4139.54,4436.77,3660.29,6041.95,4585.35,8710.0,14099.0,,3207.0
2022-11-29,12964.0,4674.0,,0.0,3874.34,4666.7,3802.01,6249.14,4808.29,8935.0,14426.0,,3631.0
2022-11-30,9437.0,7122.0,,0.0,4387.79,4861.13,3954.42,6578.04,5018.17,9467.0,15028.0,,4016.0
2022-12-01,8028.0,7011.0,,0.0,16746.22,5151.88,4142.25,7092.1,5427.22,9850.0,15555.0,,4462.0
2022-12-02,4067.0,2155.0,,0.0,15715.53,5254.08,4213.36,7052.96,5289.27,11139.0,17209.0,,4485.0
2022-12-03,4683.0,6504.0,,0.0,9160.92,2545.07,2125.78,3119.17,2474.22,7291.0,11949.0,,2114.0
2022-12-04,8771.0,3387.0,,0.0,8783.42,1039.8,861.02,1340.14,1085.58,5688.0,9646.0,,1214.0
2022-12-05,9514.0,2858.0,,0.0,19340.14,5472.49,4407.0,7206.97,5441.16,10308.0,16081.0,,4818.0
2022-12-06,8320.0,3107.0,,0.0,18568.57,5787.05,4814.92,8189.02,6211.48,11050.0,17012.0,,5688.0
2022-12-07,3677.0,7752.0,,0.0,19340.53,6356.78,5153.29,8742.09,6519.25,11900.0,17793.0,,5977.0
2022-12-08,10307.0,10779.0,,0.0,18830.0,6287.72,5168.63,8871.27,6604.89,11607.0,17417.0,,5898.0
2022-12-09,6457.0,2060.0,,0.0,17679.93,6535.71,5270.23,9055.98,6765.39,12873.0,19119.0,,5756.0
2022-12-10,6831.0,3608.0,,0.0,11427.37,3479.58,2949.87,4516.75,3521.62,8153.0,13179.0,,2337.0
2022-12-11,11919.0,4447.0,,0.0,8590.22,1133.09,949.39,1447.19,1160.31,5718.0,9635.0,,1106.0
2022-12-12,11629.0,10417.0,,0.0,20210.96,6697.53,5493.93,9021.74,6682.07,12025.0,17624.0,,5423.0
2022-12-13,8047.0,2272.0,,0.0,20184.07,7256.0,5869.3,10258.58,7617.77,12599.0,18555.0,,6128.0
2022-12-14,9087.0,8650.0,,0.0,20186.67,7223.25,5909.97,10237.6,7580.2,12494.0,18298.0,,6006.0
2022-12-15,9236.0,7056.0,,0.0,18548.95,7246.36,5931.85,10269.22,7610.69,12577.0,18402.0,,5959.0
2022-12-16,7088.0,6481.0,,0.0,17841.22,7066.13,5605.64,9881.0,7299.35,13443.0,19292.0,,5889.0
2022-12-17,13629.0,3277.0,,0.0,10231.16,3498.45,2832.33,4429.86,3449.05,8018.0,12891.0,,2277.0
2022-12-18,7260.0,13875.0,,0.0,7680.84,1329.72,1066.52,1606.72,1297.89,5233.0,9044.0,,1137.0
2022-12-19,15770.0,7781.0,,0.0,20366.09,6816.41,5519.8,9409.65,6926.28,11616.0,17225.0,,5290.0
2022-12-20,8882.0,3420.0,,0.0,19858.6,7246.11,5871.51,10093.56,7401.96,12506.0,18456.0,,5904.0
2022-12-21,14913.0,9141.0,,0.0,18057.52,6550.63,5446.62,9094.54,6679.5,11680.0,17215.0,,5494.0
2022-12-22,9237.0,5340.0,,0.0,18780.08,7074.92,5767.44,10267.04,7496.66,12318.0,18168.0,,5613.0
2022-12-23,5969.0,2538.0,,0.0,16566.06,6396.56,5177.32,9185.39,6842.58,12197.0,18125.0,,5103.0
2022-12-24,5886.0,4619.0,,0.0,10651.14,2623.59,2139.11,3401.28,2697.25,7058.0,11917.0,,1914.0
2022-12-25,8929.0,2749.0,,0.0,7088.69,1021.13,820.05,1316.32,1083.76,5126.0,8892.0,,989.0
2022-12-26,7209.0,9533.0,,0.0,19590.9,6434.33,5327.2,9132.96,6758.95,11838.0,17640.0,,5406.0
2022-12-27,11972.0,,,0.0,19664.74,6778.42,5534.52,9627.15,7167.33,12020.0,18284.0,,5919.0
2022-12-28,13394.0,11437.0,,0.0,19821.19,6893.63,5612.7,9862.08,7309.16,11944.0,17735.0,,5395.0
2022-12-29,8407.0,,,0.0,18323.79,6744.13,5575.53,9894.39,7296.39,11938.0,17802.0,,5474.0
2022-12-30,8995.0,8303.0,,0.0,15949.99,5867.51,4699.78,8298.21,6171.18,11503.0,17208.0,,4498.0
2022-12-31,9399.0,,,0.0,7772.16,2025.28,1704.05,2658.9,2136.69,7577.0,12820.0,,1792.0
2023-01-01,10776.0,5497.0,,0.0,1402.05,617.26,507.23,834.04,675.4,5818.0,10323.0,,982.0
2023-01-02,10945.0,,,0.0,6211.8,5972.96,4809.3,8227.52,6138.77,10268.0,15545.0,,4465.0
2023-01-03,9882.0,10374.0,,0.0,6303.99,6834.01,5447.99,9715.63,7225.39,11094.0,16807.0,,4897.0
2023-01-04,9796.0,6613.0,,0.0,6389.7,6505.62,5398.34,9386.36,7019.35,11207.0,16926.0,,4882.0
2023-01-05,8180.0,,,0.0,6463.53,6791.51,5516.78,9742.54,7314.17,11316.0,17268.0,,5148.0
2023-01-06,13881.0,,,0.0,6921.49,6872.09,5535.04,10166.95,7513.11,12111.0,18193.0,,5173.0
2023-01-07,6748.0,5746.0,,0.0,3641.47,3031.1,2507.19,3999.69,3167.94,7032.0,11971.0,,1987.0
2023-01-08,8841.0,5830.0,,0.0,1704.87,940.56,786.65,1249.79,1020.23,5136.0,8863.0,,997.0
2023-01-09,10321.0,4998.0,,0.0,6978.33,6731.5,5535.52,9437.81,7042.61,11815.0,17608.0,,5102.0
2023-01-10,8013.0,3955.0,,0.0,6867.87,6804.22,5688.05,9975.66,7434.74,12242.0,18317.0,,5543.0
2023-01-11,9153.0,5466.0,,0.0,6949.01,6627.31,5599.7,9858.06,7286.35,12470.0,18581.0,,5698.0
2023-01-12,10738.0,10782.0,,0.0,7111.11,6953.32,5741.9,10224.2,7608.99,12393.0,18593.0,,5667.0
2023-01-13,10123.0,,,0.0,5247.33,5572.99,4777.06,8492.83,6239.27,11697.0,17246.0,,5195.0
2023-01-14,4661.0,2376.0,,0.0,3317.48,2715.56,2245.54,3555.63,2763.21,6859.0,11531.0,,1990.0
2023-01-15,11259.0,5945.0,,0.0,1805.37,1029.5,846.77,1295.59,1049.81,4756.0,8433.0,,972.0
2023-01-16,7791.0,12239.0,,0.0,7214.39,7473.81,5862.61,10181.17,7545.92,12070.0,18039.0,,5525.0
2023-01-17,10180.0,,,0.0,7318.71,7510.47,6042.36,10532.41,7869.48,13082.0,19177.0,,5985.0
2023-01-18,5687.0,8362.0,,0.0,7798.16,7531.87,6101.78,10576.02,7901.34,13047.0,19316.0,,5995.0
2023-01-19,10246.0,,,0.0,7379.32,7258.77,5789.0,10543.67,7876.65,13523.0,19793.0,,6128.0
2023-01-20,6584.0,4855.0,,0.0,6700.53,6249.66,4854.06,8654.58,6580.36,13235.0,19483.0,,5339.0
2023-01-21,7975.0,4386.0,,0.0,2198.97,1529.63,1205.6,1923.44,1609.33,7206.0,12177.0,,1536.0
2023-01-22,6979.0,2231.0,,0.0,233.84,247.44,207.64,263.45,216.37,7763.0,12732.0,,948.0
2023-01-23,5882.0,7563.0,,0.0,1426.89,556.46,456.14,679.09,554.09,7821.0,13272.0,,1208.0
2023-01-24,9784.0,,,0.0,2231.6,1486.9,1178.97,1744.86,1438.1,6569.0,11258.0,,1391.0
2023-01-25,6248.0,10182.0,,0.0,6179.68,5383.45,4253.18,7181.7,5331.42,10003.0,15329.0,,4560.0
2023-01-26,9778.0,6177.0,,0.0,7231.35,6664.31,5376.46,9521.45,7081.48,11354.0,17349.0,,5615.0
2023-01-27,10617.0,,,0.0,7162.05,6791.28,5357.75,9670.31,7217.8,11908.0,17979.0,,5576.0
2023-01-28,11970.0,3249.0,,0.0,3902.25,2985.05,2406.57,3998.54,3197.36,6603.0,11295.0,,2017.0
2023-01-29,9720.0,,,0.0,1762.52,1016.25,817.13,1312.4,1064.17,4646.0,8329.0,,1021.0
2023-01-30,10750.0,6736.0,,0.0,7134.16,6776.2,5395.15,9449.79,7023.1,11825.0,17570.0,,5327.0
2023-01-31,10232.0,,,0.0,6994.59,7133.57,5716.74,10154.53,7550.86,11806.0,17614.0,,5309.0
2023-02-01,11468.0,9000.0,,0.0,6922.02,6731.05,5428.29,9512.8,7116.29,11457.0,17541.0,,5167.0
2023-02-02,4070.0,14336.0,,0.0,6734.89,6868.04,5549.46,9789.27,7253.25,12023.0,17840.0,,5606.0
2023-02-03,12461.0,,,0.0,7210.82,6566.65,5272.01,9643.06,7169.85,12444.0,18279.0,,5321.0
2023-02-04,13603.0,917.0,,0.0,3802.67,2770.96,2274.43,3724.38,2944.45,7054.0,11917.0,,1995.0
2023-02-05,7988.0,5093.0,,0.0,1730.86,941.11,758.24,1235.61,995.22,5334.0,9244.0,,1084.0
2023-02-06,9316.0,6800.0,,0.0,7169.13,6899.04,5573.56,9665.34,7170.5,11764.0,17562.0,,5287.0
2023-02-07,17908.0,11642.0,,0.0,7204.91,7111.15,5725.03,10230.68,7553.26,12295.0,18385.0,,6046.0
2023-02-08,11199.0,5897.0,,0.0,7130.04,6998.24,5648.98,9948.52,7371.43,11997.0,17886.0,,5504.0
2023-02-09,6512.0,5572.0,,0.0,7540.92,7008.35,5587.8,10021.52,7437.97,12145.0,18193.0,,5639.0
2023-02-10,8921.0,,,0.0,6382.58,5933.23,4717.53,8368.99,6230.34,11905.0,17848.0,,5300.0
2023-02-11,19121.0,6285.0,,0.0,3637.91,2900.76,2389.88,3862.65,3026.13,7421.0,12449.0,,2078.0
2023-02-12,8961.0,4745.0,,0.0,1588.86,1000.33,814.62,1318.23,1048.35,5333.0,9065.0,,999.0
2023-02-13,9468.0,9184.0,,0.0,6879.39,6280.06,5147.47,8630.48,6187.33,11424.0,17427.0,,5299.0
2023-02-14,5078.0,10685.0,,0.0,7408.17,7405.16,5947.58,10335.31,7659.52,12976.0,19151.0,,6264.0
2023-02-15,14693.0,4646.0,,0.0,7308.87,7312.88,5842.12,10298.68,7608.57,12813.0,18916.0,,6121.0
2023-02-16,4511.0,11491.0,,0.0,7075.09,7262.38,5827.82,10424.35,7668.94,12884.0,18986.0,,6029.0
2023-02-17,13719.0,,,0.0,6932.51,6705.48,5390.31,9742.56,6868.41,13321.0,19721.0,,5944.0
2023-02-18,11477.0,12990.0,,0.0,3541.2,2837.84,2318.46,3658.61,2800.43,6746.0,11218.0,,1930.0
2023-02-19,9994.0,4236.0,,0.0,1701.2,1003.07,804.9,1299.34,1018.68,319.0,496.0,,125.0
2023-02-20,16602.0,10625.0,,0.0,6963.85,6381.81,5233.09,9423.34,6579.77,9033.0,12758.0,,4098.0
2023-02-21,6818.0,4397.0,,0.0,7135.86,7143.98,5864.62,10360.67,7235.27,12953.0,19135.0,,6333.0
2023-02-22,10254.0,11835.0,,0.0,7226.25,6844.34,5680.22,10205.12,7159.46,13075.0,19390.0,,6323.0
2023-02-23,10013.0,9125.0,,0.0,7552.01,7196.05,5920.46,10776.24,7379.97,12410.0,18490.0,,6151.0
2023-02-24,18246.0,3603.0,,0.0,7662.94,7196.03,5713.07,10293.86,7257.62,9961.0,13896.0,,4114.0
2023-02-25,7674.0,8045.0,,0.0,4302.18,3133.56,2568.63,4285.55,3233.38,8252.0,13551.0,,2335.0
2023-02-26,15165.0,5151.0,,0.0,2038.27,1137.53,927.44,1527.7,1185.96,1023.0,1946.0,,383.0
2023-02-27,8079.0,9655.0,,0.0,7498.69,6766.4,5566.62,9721.1,6737.13,10217.0,14466.0,,4575.0
2023-02-28,8305.0,,,0.0,7466.32,7058.03,5705.59,10282.14,7201.38,12611.0,18605.0,,5786.0
2023-03-01,11905.0,16000.0,,0.0,18062.76,3074.44,2504.98,4235.21,3180.13,6938.0,11440.0,,2012.0
2023-03-02,14539.0,6063.0,,0.0,20747.58,6888.44,5705.95,9982.38,6889.73,12198.0,18356.0,,6086.0
2023-03-03,3919.0,12793.0,,0.0,18156.06,7130.86,5849.11,10720.15,7568.07,12907.0,19073.0,,5790.0
2023-03-04,13711.0,4557.0,,0.0,12723.57,3157.78,2597.03,4204.18,3119.27,7529.0,12532.0,,2076.0
2023-03-05,12034.0,7012.0,,0.0,8600.26,1032.28,840.89,1372.24,1070.67,5609.0,9668.0,,1038.0
2023-03-06,16253.0,13619.0,,0.0,22080.23,6973.15,5639.51,9630.77,6712.31,11727.0,17735.0,,5481.0
2023-03-07,7953.0,6776.0,,0.0,21465.36,7183.54,5788.88,9985.6,6960.53,12198.0,18402.0,,5767.0
2023-03-08,7216.0,7465.0,,0.0,21286.31,6941.12,5664.56,9871.4,6861.25,12347.0,18453.0,,5737.0
2023-03-09,14131.0,6099.0,,0.0,21596.11,7004.2,5755.04,10133.78,7246.02,8064.0,12439.0,,4006.0
2023-03-10,11670.0,,,0.0,17198.33,6601.92,5602.35,9994.0,7107.18,13034.0,19645.0,,5879.0
2023-03-11,869.0,6697.0,,0.0,11840.99,2819.34,2417.12,3818.38,2900.78,7956.0,13112.0,,2117.0
2023-03-12,12224.0,7605.0,,0.0,8235.97,995.14,818.35,1272.56,993.99,5273.0,8755.0,,945.0
2023-03-13,9723.0,7584.0,,0.0,20404.8,6890.19,5786.8,9476.75,6584.06,12305.0,18615.0,,5977.0
2023-03-14,7150.0,8395.0,,0.0,21958.19,7409.7,5920.79,10286.53,7180.79,12932.0,19298.0,,6291.0
2023-03-15,13694.0,6305.0,,0.0,20177.3,7213.9,5811.31,10135.24,7113.7,12884.0,18897.0,,6252.0
2023-03-16,3689.0,8885.0,,0.0,21890.04,7218.86,5795.68,10211.46,7213.83,12719.0,19047.0,,6336.0
2023-03-17,18565.0,6880.0,,0.0,20674.0,7022.65,5654.4,10027.5,7068.94,13242.0,19685.0,,6272.0
2023-03-18,7091.0,9094.0,,0.0,13156.91,3007.22,2525.3,3945.35,3006.39,8160.0,13751.0,,2383.0
2023-03-19,11368.0,11886.0,,0.0,7334.28,1015.99,827.76,1329.84,1032.12,6161.0,10309.0,,1087.0
2023-03-20,7471.0,2063.0,,0.0,21494.38,6763.94,5569.53,9507.13,6620.83,12413.0,18497.0,,5802.0
2023-03-21,14117.0,8008.0,,0.0,21087.05,7261.76,6096.33,10542.42,7369.78,12962.0,19199.0,,6251.0
2023-03-22,9487.0,8066.0,,0.0,20336.7,7085.01,6103.81,10684.32,7473.24,12673.0,19108.0,,6163.0
2023-03-23,13879.0,12070.0,,0.0,15234.5,5488.39,5296.05,9240.33,6541.07,12164.0,17894.0,,5888.0
2023-03-24,12933.0,,,0.0,17448.78,7092.88,5710.65,10031.32,7132.98,13972.0,20211.0,,6027.0
2023-03-25,5999.0,9271.0,,0.0,9972.74,3373.33,2759.85,4322.73,3284.67,9174.0,15040.0,,2287.0
2023-03-26,15088.0,4794.0,,0.0,7778.14,1215.5,1003.17,1555.83,1219.82,6966.0,11992.0,,1272.0
2023-03-27,7730.0,9926.0,,0.0,20423.63,7566.11,6032.34,10082.56,6987.1,13720.0,20098.0,,6165.0
2023-03-28,15186.0,9617.0,,0.0,27322.55,7389.36,6044.63,10363.28,7303.49,13376.0,19906.0,,6289.0
2023-03-29,6482.0,11080.0,,0.0,21589.0,7170.4,5887.29,10054.96,7032.86,12993.0,19769.0,,6038.0
2023-03-30,25727.0,10991.0,,0.0,20152.62,7186.92,5840.11,10228.8,7291.53,12962.0,19365.0,,5933.0
2023-03-31,3585.0,,,0.0,18978.25,6897.47,5544.9,9694.68,6906.08,13329.0,20234.0,,5718.0
2023-04-01,11580.0,9605.0,,0.0,11461.07,2901.94,2406.1,3616.39,2768.94,9030.0,14878.0,,2118.0
2023-04-02,5162.0,7546.0,,0.0,7137.4,1077.29,898.96,1394.51,1097.43,6415.0,10726.0,,1036.0
2023-04-03,13299.0,5985.0,,0.0,21188.92,6829.48,5558.82,9492.28,6704.94,12123.0,18263.0,,5453.0
2023-04-04,10756.0,,,0.0,19801.45,7200.42,5824.49,10269.71,7278.15,12580.0,18728.0,,5709.0
2023-04-05,8863.0,4607.0,,0.0,12624.28,5134.37,5031.73,8540.54,5950.7,10981.0,16349.0,,5098.0
2023-04-06,12659.0,8960.0,,0.0,18476.9,6649.31,5274.58,9603.33,6826.74,12122.0,18311.0,,5577.0
2023-04-07,15835.0,,,0.0,17199.24,7180.6,5690.17,9960.1,7079.67,13423.0,19726.0,,5653.0
2023-04-08,5851.0,7628.0,,0.0,10987.41,3250.32,2667.88,4009.01,3032.25,8035.0,13574.0,,2010.0
2023-04-09,13810.0,5320.0,,0.0,7992.02,1141.66,920.35,1439.23,1130.66,6311.0,10658.0,,1075.0
2023-04-10,8054.0,9258.0,,0.0,20680.1,7217.22,5657.23,9974.32,6986.82,12744.0,18770.0,,5763.0
2023-04-11,8644.0,5692.0,,0.0,20065.32,7461.2,6062.36,10375.25,7308.15,12514.0,18907.0,,6023.0
2023-04-12,7964.0,9703.0,,0.0,21263.22,7193.09,5763.81,10133.13,7152.64,12668.0,18808.0,,5880.0
2023-04-13,8349.0,6666.0,,0.0,20722.26,7200.69,5727.79,10111.07,7165.27,13099.0,19382.0,,6022.0
2023-04-14,9629.0,,,0.0,17751.67,6788.27,5539.21,9888.21,7029.75,13236.0,19564.0,,5604.0
2023-04-15,19285.0,6665.0,,0.0,10251.5,2917.26,2490.16,3672.81,2788.04,7490.0,12572.0,,1889.0
2023-04-16,7939.0,9560.0,,0.0,7194.78,1084.32,898.7,1404.63,1097.33,6100.0,10079.0,,1054.0
2023-04-17,7132.0,8496.0,,0.0,20355.03,6920.11,5639.44,9723.06,6785.73,13004.0,19145.0,,5923.0
2023-04-18,12508.0,,,0.0,18786.35,7243.3,5994.08,10641.2,7460.3,12741.0,18985.0,,6085.0
2023-04-19,7714.0,6625.0,,0.0,18671.17,6610.88,5775.64,10256.14,7218.58,12955.0,19431.0,,6229.0
2023-04-20,11709.0,8925.0,,0.0,20292.58,7314.6,5974.29,10437.07,7361.56,13409.0,19918.0,,6276.0
2023-04-21,9942.0,,,0.0,18626.0,7171.57,5766.39,10057.51,7159.22,13839.0,20207.0,,6293.0
2023-04-22,17099.0,8231.0,,0.0,11616.62,3107.17,2546.51,3888.0,2963.55,8028.0,13226.0,,2119.0
2023-04-23,11906.0,7584.0,,0.0,8109.59,1109.37,928.8,1453.71,1142.79,5885.0,9950.0,,1034.0
2023-04-24,6106.0,7888.0,,0.0,19525.4,6838.39,5638.26,9685.01,6746.09,12844.0,18923.0,,6127.0
2023-04-25,10050.0,9127.0,,0.0,17901.44,6858.51,5576.14,9538.46,6696.88,12568.0,18273.0,,6186.0
2023-04-26,17200.0,7925.0,,0.0,19632.63,7158.96,5781.65,10218.26,7242.38,13115.0,19572.0,,6610.0
2023-04-27,4522.0,8330.0,,0.0,19337.63,7322.77,5948.18,10716.95,7568.87,13642.0,20219.0,,6753.0
2023-04-28,18460.0,4518.0,,0.0,18966.28,7077.75,5764.66,10427.21,7434.4,13908.0,20203.0,,6327.0
2023-04-29,6185.0,10276.0,,0.0,8509.58,2788.38,2529.57,3783.44,2910.4,8068.0,13131.0,,2134.0
2023-04-30,13084.0,10741.0,,0.0,5472.96,933.92,775.74,1232.68,967.08,6835.0,11745.0,,1129.0
2023-05-01,9590.0,7849.0,,0.0,13588.09,2606.76,2101.71,3409.94,2614.55,7522.0,12513.0,,2106.0
2023-05-02,13613.0,8456.0,,0.0,18575.63,6538.54,5449.02,9294.3,6588.16,12646.0,18838.0,,6057.0
2023-05-03,5902.0,5128.0,,0.0,19322.9,6524.9,5521.81,9813.24,6987.66,13443.0,19807.0,,6697.0
2023-05-04,10765.0,9038.0,,0.0,16453.28,7183.58,5831.62,10476.75,7557.78,14136.0,20525.0,,6148.0
2023-05-05,8865.0,,,0.0,7324.28,1921.7,1829.23,2987.93,2347.78,6575.0,10412.0,,1491.0
2023-05-06,10406.0,6673.0,,0.0,6549.57,1559.59,1579.1,2365.74,1848.2,6507.0,10901.0,,1545.0
2023-05-07,11509.0,6223.0,,0.0,7425.93,963.59,788.02,1192.25,941.48,6614.0,10712.0,,1075.0
2023-05-08,11583.0,,,0.0,20707.24,6767.07,5433.87,8708.81,6603.57,12205.0,18446.0,,6000.0
2023-05-09,7213.0,11997.0,,0.0,19701.94,7146.39,5780.44,10261.04,7289.63,12800.0,19119.0,,5987.0
2023-05-10,10098.0,4554.0,,0.0,19211.71,6701.0,5559.67,9226.05,6507.93,12995.0,19355.0,,6141.0
2023-05-11,12557.0,11290.0,,0.0,19027.55,6656.29,5933.24,10313.63,7333.46,13150.0,19494.0,,6409.0
2023-05-12,10197.0,,,0.0,16829.04,6955.9,5550.21,9662.49,6873.42,13807.0,20258.0,,6258.0
2023-05-13,12082.0,9813.0,,0.0,11156.14,3058.87,2596.25,3913.04,2996.75,7616.0,12560.0,,2108.0
2023-05-14,11775.0,7033.0,,0.0,7440.09,1083.84,881.13,1447.0,1127.5,6111.0,10390.0,,1044.0
2023-05-15,8917.0,8381.0,,0.0,20013.52,7062.84,5746.33,9797.5,6876.13,12767.0,18928.0,,6051.0
2023-05-16,11691.0,10043.0,,0.0,19235.66,6752.2,5767.16,9890.01,6841.21,13108.0,19502.0,,6323.0
2023-05-17,10629.0,7920.0,,0.0,19257.08,6438.19,5752.34,9988.41,7041.93,13238.0,19662.0,,6379.0
2023-05-18,11645.0,3693.0,,0.0,17887.31,6568.99,5566.33,9930.64,6971.94,12549.0,18639.0,,6237.0
2023-05-19,13212.0,,,0.0,16169.05,6743.06,5546.61,9804.41,7043.0,13417.0,19894.0,,6259.0
2023-05-20,4390.0,7222.0,,0.0,11420.81,3217.31,2640.73,4076.33,3120.45,8444.0,13921.0,,2291.0
2023-05-21,6535.0,8190.0,,0.0,8201.4,1299.58,1050.92,1698.88,1338.33,6188.0,10323.0,,1038.0
2023-05-22,7275.0,8793.0,,0.0,19391.61,6944.85,5674.67,9951.32,6991.14,12937.0,19027.0,,6335.0
2023-05-23,16018.0,5462.0,,0.0,19803.67,7112.76,5798.72,10326.88,7313.22,13021.0,19414.0,,6556.0
2023-05-24,9662.0,10345.0,,0.0,20049.4,6832.07,5856.94,10371.88,7291.85,13435.0,19819.0,,6599.0
2023-05-25,16585.0,14887.0,,5104.3,19878.74,7270.25,5950.99,10605.01,7517.55,13873.0,20259.0,,6880.0
2023-05-26,8175.0,,,12392.52,18281.87,7029.35,5781.11,10165.42,7286.33,14684.0,21210.0,,6617.0
2023-05-27,14783.0,7448.0,,8709.03,11827.08,2702.36,2216.43,3598.97,2796.39,9807.0,15488.0,,2295.0
2023-05-28,7619.0,6955.0,,2775.58,4750.77,804.47,722.95,1191.33,938.79,6156.0,10236.0,,1034.0
2023-05-29,8840.0,,,9956.08,12921.9,2201.43,2173.24,3501.22,2708.46,6977.0,10997.0,,2026.0
2023-05-30,14042.0,5616.0,,11768.25,17387.81,5780.01,5369.42,9311.1,6585.7,12864.0,19108.0,,6121.0
2023-05-31,10682.0,10815.0,,12919.79,19691.01,7015.22,5570.28,10038.41,7110.01,13122.0,19490.0,,6419.0
2023-06-01,5618.0,5288.0,,11522.24,17879.52,6705.38,5585.69,10155.93,7203.06,4282.0,6056.0,,1633.0
2023-06-02,10816.0,,,6540.68,17835.51,6916.07,5547.83,10136.83,7261.68,13806.0,20446.0,,6224.0
2023-06-03,9278.0,5632.0,,8653.8,12244.71,3150.74,2610.47,4140.02,3203.96,8925.0,14732.0,,2226.0
2023-06-04,12041.0,6044.0,,5586.64,7652.39,1043.41,856.78,1442.34,1141.51,6526.0,11013.0,,1107.0
2023-06-05,6010.0,4041.0,,12806.4,19962.9,6181.22,5119.1,8901.53,6371.2,12278.0,18790.0,,5585.0
2023-06-06,8828.0,10340.0,,11352.83,16213.27,3034.35,2455.63,4222.74,3275.6,7209.0,12225.0,,1835.0
2023-06-07,17672.0,11062.0,,0.0,20533.39,6959.89,5696.82,9970.14,7012.72,12605.0,18964.0,,5988.0
2023-06-08,5323.0,3935.0,,0.0,19981.64,7133.43,5785.7,10695.7,7535.25,13514.0,19909.0,,6800.0
2023-06-09,11462.0,,,0.0,19463.0,7241.18,5778.93,10379.65,7333.93,13651.0,20140.0,,6314.0
2023-06-10,6792.0,7639.0,,0.0,12172.69,3409.5,2663.75,4311.27,3309.36,8739.0,14267.0,,2273.0
2023-06-11,9795.0,8622.0,,0.0,8247.73,1116.54,935.72,1575.28,1236.71,6198.0,10176.0,,1048.0
2023-06-12,12147.0,6096.0,,0.0,20022.87,6637.65,5560.19,9781.42,6866.6,12775.0,19048.0,,6185.0
2023-06-13,7919.0,,,0.0,19826.87,7120.7,5814.56,10387.05,7366.53,12991.0,19474.0,,6341.0
2023-06-14,11362.0,3200.0,,0.0,19880.32,6380.22,5565.27,10010.32,7086.22,13031.0,19469.0,,6461.0
2023-06-15,13100.0,11455.0,,8889.55,18826.96,7003.5,5740.3,10232.15,7293.97,13276.0,19710.0,,6491.0
2023-06-16,9306.0,,,11663.1,17481.19,6771.27,5400.46,9664.18,6851.67,14106.0,20802.0,,6274.0
2023-06-17,13728.0,10550.0,,9042.25,12510.62,3120.11,2595.71,3987.12,3039.63,8692.0,14382.0,,2267.0
2023-06-18,8731.0,8502.0,,5622.53,7411.91,1093.51,883.67,1464.04,1139.29,6550.0,10992.0,,1032.0
2023-06-19,6332.0,5823.0,,9207.43,20990.33,6840.77,5663.7,9622.42,6799.44,13163.0,19625.0,,6347.0
2023-06-20,10657.0,,,0.0,20863.14,7198.59,5832.73,10380.5,7571.14,13471.0,20078.0,,6504.0
2023-06-21,10929.0,6779.0,,0.0,15614.97,5120.69,5270.49,9174.14,6505.17,12871.0,19066.0,,6231.0
2023-06-22,7590.0,5700.0,,0.0,20234.98,7322.3,5959.22,10462.54,7504.49,14247.0,21078.0,,7083.0
2023-06-23,11132.0,,,0.0,19276.69,6801.66,5516.63,9884.35,7035.27,14526.0,21370.0,,6586.0
2023-06-24,16439.0,10633.0,,0.0,15120.34,3001.67,2524.38,4017.75,3067.25,9135.0,15005.0,,2527.0
2023-06-25,7435.0,6392.0,,0.0,6097.0,1100.1,915.03,1577.17,1228.91,6451.0,10556.0,,1259.0
2023-06-26,5701.0,,,0.0,16885.5,5365.97,5060.92,8533.82,5973.18,12135.0,17662.0,,5597.0
2023-06-27,11924.0,,,0.0,18984.55,6881.18,5765.36,10016.56,7086.45,13142.0,19530.0,,6414.0
2023-06-28,12058.0,10924.0,,0.0,18848.55,6112.12,5367.64,9622.77,6811.27,12935.0,19387.0,,6516.0
2023-06-29,12771.0,11198.0,,0.0,16507.68,6145.01,5468.22,9679.85,6803.08,12562.0,19254.0,,6334.0
2023-06-30,15567.0,,,0.0,14735.11,5008.1,4551.12,8110.48,5818.73,12207.0,18845.0,,5654.0
2023-07-01,6894.0,8671.0,,0.0,3133.73,2317.41,2090.08,3268.6,0.0,7988.0,13747.0,,2100.0
2023-07-02,12934.0,3839.0,,0.0,1697.31,1080.31,914.39,1497.93,0.0,6062.0,10860.0,,1107.0
2023-07-03,7526.0,8232.0,,0.0,6402.62,6272.05,5310.94,9359.34,0.0,12458.0,19220.0,,5515.0
2023-07-04,11569.0,8407.0,,0.0,6583.89,6654.51,5610.91,10058.41,0.0,12470.0,19199.0,,5934.0
2023-07-05,8039.0,5028.0,,0.0,6127.92,6348.54,5316.16,9481.31,0.0,12495.0,19035.0,,5897.0
2023-07-06,9428.0,6724.0,,940.67,6855.03,6775.79,5621.45,10319.71,0.0,13054.0,20040.0,,6127.0
2023-07-07,8431.0,5386.0,,3942.59,5707.12,6043.59,5228.5,9165.59,0.0,12801.0,19608.0,,5585.0
2023-07-08,4193.0,7404.0,,1819.57,2474.36,2146.87,2124.1,3300.78,0.0,7302.0,12977.0,,1943.0
2023-07-09,3543.0,5253.0,,964.06,1261.27,936.01,843.38,1388.42,0.0,5916.0,10499.0,,1007.0
2023-07-10,7440.0,,,4218.52,6129.55,6253.63,5273.27,9339.48,0.0,12413.0,19399.0,,5916.0
2023-07-11,10424.0,,,3927.92,5532.08,6344.46,5464.62,9537.13,0.0,7833.0,12460.0,,3680.0
2023-07-12,5629.0,8480.0,,3669.34,5062.99,5555.93,5115.73,8962.49,0.0,12393.0,19145.0,,5794.0
2023-07-13,16401.0,7628.0,,3941.51,5570.7,5854.11,5302.88,9331.88,0.0,12414.0,19140.0,,6021.0
2023-07-14,7661.0,,,3606.24,4927.21,5460.31,4850.98,8537.27,0.0,12486.0,19220.0,,5756.0
2023-07-15,7945.0,5640.0,,2337.46,3052.71,2444.71,2127.32,3332.52,0.0,6888.0,12044.0,,2172.0
2023-07-16,9706.0,10302.0,,979.86,1122.0,821.93,854.97,1356.84,0.0,4687.0,8171.0,,866.0
2023-07-17,8190.0,,,3682.86,4971.53,6004.85,5233.25,9021.81,0.0,12789.0,19447.0,,6633.0
2023-07-18,13066.0,,,3043.23,4587.76,5308.79,5089.68,8830.11,0.0,12569.0,19156.0,,6714.0
2023-07-19,7727.0,8282.0,,4204.99,5785.03,6030.92,5310.26,9390.97,0.0,13759.0,20920.0,,7488.0
2023-07-20,10463.0,10257.0,,4442.96,6438.9,6720.88,5746.56,10230.04,0.0,14255.0,21654.0,,7882.0
2023-07-21,4898.0,,,4244.95,6253.5,6444.02,5295.18,9314.44,0.0,14664.0,22153.0,,7618.0
2023-07-22,2300.0,7887.0,,2540.79,3581.35,2717.49,2365.49,3838.86,0.0,8146.0,13933.0,,2624.0
2023-07-23,10515.0,5326.0,,1173.64,1362.81,845.87,737.8,1244.47,0.0,5338.0,9329.0,,1028.0
2023-07-24,14488.0,,,3614.74,5234.1,5834.46,5108.92,8639.3,0.0,12281.0,18496.0,,6146.0
2023-07-25,8213.0,,,4496.9,6580.95,6833.71,5687.77,9926.0,0.0,13206.0,19579.0,,6740.0
2023-07-26,10722.0,6925.0,,4561.06,6819.07,7049.71,5762.62,10082.13,0.0,12702.0,19379.0,,6359.0
2023-07-27,9551.0,9452.0,,4603.38,6917.69,7311.81,6028.29,10241.35,0.0,13743.0,20964.0,,6792.0
2023-07-28,15615.0,,,4827.31,7066.8,6486.98,5250.74,9132.24,0.0,14462.0,21762.0,,6466.0
2023-07-29,5874.0,9856.0,,2433.02,3966.25,2720.52,2201.07,3641.66,0.0,8635.0,14830.0,,2261.0
2023-07-30,14182.0,7169.0,,1159.55,1513.43,922.87,740.89,1328.29,0.0,6670.0,11601.0,,1026.0
2023-07-31,9793.0,,,4301.3,6223.0,4940.82,3897.43,7028.69,0.0,11497.0,18162.0,,4979.0
2023-08-01,5344.0,,,3962.33,5612.69,5238.45,4203.58,7361.02,0.0,10307.0,16718.0,,4540.0
2023-08-02,10515.0,10571.0,,3826.14,5572.3,5129.98,3987.86,7310.01,0.0,10601.0,17294.0,,4599.0
2023-08-03,13571.0,7749.0,,3804.65,6058.45,5443.1,4425.2,7921.68,23.68,10654.0,17448.0,,4855.0
2023-08-04,5966.0,,,4309.96,6170.49,5492.78,4413.24,7638.63,0.0,11541.0,18311.0,,4814.0
2023-08-05,9473.0,4877.0,,2343.29,3189.35,2353.43,1981.96,3357.91,0.0,7898.0,14128.0,,2080.0
2023-08-06,8329.0,,,1156.12,1457.48,885.9,708.32,1318.81,0.0,6141.0,10975.0,,1042.0
2023-08-07,8917.0,9833.0,,4458.4,6421.76,7211.32,4838.63,8372.05,0.0,11709.0,18195.0,,5255.0
2023-08-08,7430.0,,,4209.85,6059.87,8074.8,5100.77,9412.21,0.0,12656.0,19507.0,,5499.0
2023-08-09,,,,2244.26,3242.24,5059.42,3378.86,5757.23,0.0,9085.0,14874.0,,3440.0
2023-08-10,,,,871.49,1508.41,1701.66,1807.91,2885.06,1492.4,5507.0,9441.0,,1761.0
2023-08-11,6219.0,6011.0,,4992.13,7093.4,8849.9,5761.99,10360.57,2066.91,14208.0,21719.0,,6738.0
2023-08-12,7404.0,7323.0,,3122.15,4264.68,4172.04,2726.64,4573.11,0.0,9653.0,16691.0,,3224.0
2023-08-13,16832.0,8573.0,,1380.0,1842.38,1270.52,810.44,1438.15,0.0,6569.0,11688.0,,1151.0
2023-08-14,7228.0,10820.0,,4787.32,6904.82,8003.26,5082.96,8972.72,0.0,13342.0,21389.0,,6750.0
2023-08-15,8910.0,6023.0,,3128.21,4269.23,4318.43,2663.69,5060.18,0.0,7537.0,13812.0,,2768.0
2023-08-16,9450.0,5341.0,,4685.57,6962.73,8713.35,5759.72,10138.93,0.0,13482.0,20903.0,,7023.0
2023-08-17,12524.0,8926.0,,4705.5,7226.62,9351.81,6130.0,11212.54,0.0,14023.0,21459.0,,7626.0
2023-08-18,8047.0,4799.0,,4702.82,6919.61,8668.96,5514.9,10249.44,0.0,13922.0,21272.0,,7095.0
2023-08-19,7938.0,5296.0,,2575.03,3576.63,3916.29,2725.68,4515.43,0.0,8295.0,14354.0,,3207.0
2023-08-20,7765.0,6824.0,,1347.84,1713.15,1365.2,866.92,1542.86,0.0,5894.0,10451.0,,1150.0
2023-08-21,8306.0,9519.0,,4638.11,6714.0,8908.45,5789.63,10413.48,0.0,13462.0,20521.0,,7003.0
2023-08-22,12978.0,,,4425.01,6675.18,8951.69,5865.92,10823.15,0.0,13912.0,20843.0,,7410.0
2023-08-23,8219.0,6416.0,,4655.39,6738.37,9069.95,5876.85,10699.48,0.0,13481.0,20865.0,,7216.0
2023-08-24,11375.0,6914.0,,4201.24,5871.67,7903.8,5348.81,9386.24,0.0,12764.0,19232.0,,6616.0
2023-08-25,15619.0,,,4845.06,6922.94,8960.06,5727.6,10399.22,0.0,14166.0,21534.0,,7137.0
2023-08-26,7405.0,9910.0,,2922.0,3972.35,4308.29,2848.16,4651.62,0.0,9131.0,15842.0,,3390.0
2023-08-27,11742.0,7754.0,,1606.84,2062.29,1479.14,971.57,1615.57,0.0,6122.0,10547.0,,1323.0
2023-08-28,10110.0,6398.0,,4552.96,6786.46,8749.19,5775.19,9986.12,0.0,12946.0,20014.0,,6556.0
2023-08-29,11926.0,11455.0,,4439.46,6350.97,8826.13,5675.67,10479.04,0.0,12287.0,19241.0,,6750.0
2023-08-30,11868.0,10731.0,,4303.17,6032.1,7877.84,5358.97,9498.39,0.0,12222.0,19195.0,,6302.0
2023-08-31,9105.0,11465.0,,4344.3,6434.28,8411.09,5526.33,9853.39,0.0,12941.0,19875.0,,6799.0
2023-09-01,13358.0,,,10673.77,15475.96,7466.38,5024.72,8732.3,0.0,12870.0,19838.0,,6500.0
2023-09-02,7950.0,9785.0,,7418.84,9753.02,3508.09,2411.63,3751.28,0.0,7399.0,13119.0,,2634.0
2023-09-03,13024.0,4943.0,,5560.89,7046.71,1440.7,966.93,1549.71,0.0,5702.0,10102.0,,1081.0
2023-09-04,7923.0,10762.0,,14226.24,20602.39,8408.84,5635.83,9663.56,0.0,12745.0,19796.0,,6331.0
2023-09-05,11961.0,,,13146.27,19046.97,8654.65,5669.18,10353.86,0.0,12655.0,19948.0,,6586.0
2023-09-06,6351.0,8390.0,,13232.26,18911.35,8506.52,5685.46,10001.94,0.0,12755.0,19785.0,,6424.0
2023-09-07,12941.0,4297.0,,13910.12,19797.83,8284.62,5552.28,9797.27,0.0,13113.0,20193.0,,6866.0
2023-09-08,12967.0,6070.0,,12672.55,17642.39,8650.74,5640.24,10088.07,0.0,13686.0,21082.0,,6700.0
2023-09-09,8765.0,8831.0,,8113.65,10566.19,3909.53,2640.46,4055.11,0.0,8400.0,14936.0,,2597.0
2023-09-10,6759.0,8166.0,,5230.44,6788.46,1500.23,1007.71,1605.83,0.0,6246.0,10997.0,,1074.0
2023-09-11,11005.0,,,13505.11,19804.64,8453.0,5596.65,9770.88,0.0,12491.0,19564.0,,6471.0
2023-09-12,14246.0,8257.0,,12561.89,19290.6,8969.09,5960.33,10696.97,0.0,13401.0,20540.0,,7063.0
2023-09-13,14691.0,6359.0,,12149.74,18626.58,8812.99,5911.22,10517.11,0.0,13344.0,20475.0,,6899.0
2023-09-14,9147.0,5375.0,,11432.35,17843.4,8235.69,5873.83,10276.62,0.0,13161.0,20141.0,,6994.0
2023-09-15,12417.0,,,11373.5,16466.8,8325.48,5578.66,9968.94,0.0,13650.0,20845.0,,6881.0
2023-09-16,10157.0,7829.0,,7941.93,10288.67,3469.14,1710.41,3914.24,0.0,7576.0,13178.0,,2655.0
2023-09-17,7511.0,8383.0,,5714.28,6778.26,1179.52,936.55,1447.33,0.0,5477.0,9525.0,,1047.0
2023-09-18,12371.0,,,13982.22,18906.1,8701.09,5753.5,10138.17,0.0,13479.0,20739.0,,6940.0
2023-09-19,8337.0,7326.0,,13661.5,19484.28,8989.64,6143.1,11149.36,0.0,13523.0,20665.0,,6988.0
2023-09-20,10304.0,6079.0,,12301.94,18233.98,8721.58,5980.55,10613.09,0.0,13144.0,20236.0,,7002.0
2023-09-21,11690.0,6834.0,,11792.28,17624.77,8152.57,5575.99,10043.68,0.0,13026.0,19803.0,,7086.0
2023-09-22,11994.0,,,13355.37,18751.62,9022.79,5935.35,10653.69,0.0,15011.0,22584.0,,7748.0
2023-09-23,13253.0,8280.0,,9703.51,12948.09,4594.19,3140.28,5011.86,0.0,9146.0,15365.0,,3398.0
2023-09-24,7089.0,6791.0,,6056.5,7814.5,1574.39,1063.86,1767.19,0.0,6161.0,10857.0,,1342.0
2023-09-25,12010.0,12152.0,,14563.49,21323.59,9443.93,6184.43,10662.15,0.0,14253.0,21498.0,,7332.0
2023-09-26,11761.0,,,11283.18,16756.22,9163.46,6292.98,11364.07,0.0,14434.0,21816.0,,7634.0
2023-09-27,11291.0,9423.0,,10959.8,14886.65,8268.08,5296.02,9512.78,0.0,14039.0,21228.0,,6312.0
2023-09-28,10907.0,3952.0,,3253.68,3768.66,1891.14,1298.05,2197.1,0.0,8621.0,14262.0,,1644.0
2023-09-29,3236.0,,,732.02,870.82,337.72,236.77,322.01,0.0,9187.0,15009.0,,1094.0
2023-09-30,8458.0,6768.0,,1204.67,1567.74,801.39,546.87,849.01,0.0,8544.0,14631.0,,1345.0
2023-10-01,12199.0,,,1015.87,1211.49,882.59,594.28,904.75,0.0,8605.0,14961.0,,1385.0
2023-10-02,12954.0,,,2402.24,2994.17,2351.83,1562.47,2616.19,0.0,7367.0,12788.0,,1935.0
2023-10-03,7471.0,,,2057.59,2841.52,2728.43,1798.4,3016.07,0.0,6249.0,10781.0,,1598.0
2023-10-04,19204.0,6460.0,,4457.8,6254.76,7964.25,5352.41,9265.7,0.0,11605.0,18372.0,,5836.0
2023-10-05,8258.0,,,4910.9,7037.54,9226.42,5966.92,10765.05,0.0,13086.0,19983.0,,6701.0
2023-10-06,6518.0,,,4811.27,7104.93,9231.91,6220.7,10688.45,0.0,13770.0,21033.0,,6675.0
2023-10-07,7981.0,7296.0,,2687.01,3912.81,4382.57,2952.61,4741.9,0.0,8659.0,14907.0,,2897.0
2023-10-08,3758.0,,,1189.62,1630.86,1241.35,833.1,1328.35,0.0,5792.0,10302.0,,993.0
2023-10-09,5496.0,,,2590.39,3585.18,3688.61,2442.89,4251.21,0.0,7435.0,12855.0,,2415.0
2023-10-10,9266.0,,,4351.81,6603.73,8400.95,5720.6,9898.68,0.0,13030.0,19933.0,,6537.0
2023-10-11,9507.0,6921.0,,4634.12,6656.48,8935.14,5987.69,10538.98,0.0,13426.0,20443.0,,6714.0
2023-10-12,9257.0,5178.0,,4958.66,6788.93,6881.47,6049.35,10758.19,0.0,13323.0,20476.0,,6759.0
2023-10-13,6959.0,,,4879.12,6806.37,5535.14,5792.11,10417.48,0.0,13688.0,20922.0,,6445.0
2023-10-14,10137.0,8008.0,,3260.92,4016.68,2644.57,2896.25,4419.81,0.0,8197.0,14365.0,,2417.0
2023-10-15,6575.0,3103.0,,1392.73,1651.54,1025.25,1089.66,1735.04,0.0,6135.0,10748.0,,1102.0
2023-10-16,12563.0,5480.0,,4742.02,6390.44,5274.97,5688.79,10016.83,0.0,12469.0,19442.0,,6037.0
2023-10-17,8495.0,,,4945.05,6631.29,5770.17,6105.48,10696.62,0.0,13253.0,20185.0,,6466.0
2023-10-18,7883.0,6371.0,,4763.9,6424.48,6985.69,5877.82,10329.6,0.0,12915.0,19831.0,,6488.0
2023-10-19,11372.0,4893.0,,4761.46,6486.57,6992.55,5864.16,10410.56,0.0,12975.0,20034.0,,6618.0
2023-10-20,6679.0,,,4778.8,6416.73,6958.76,5612.76,9927.24,0.0,13241.0,19958.0,,6013.0
2023-10-21,8004.0,9217.0,,3149.62,3805.55,3242.77,2764.3,4155.85,0.0,8630.0,14291.0,,2537.0
2023-10-22,14238.0,5998.0,,1471.99,1805.95,1494.42,1074.8,1749.05,0.0,6454.0,10884.0,,1222.0
2023-10-23,11408.0,9139.0,,4586.59,6177.04,8030.95,5604.86,9871.39,0.0,12626.0,19194.0,,5923.0
2023-10-24,11589.0,,,4616.06,6429.94,8795.13,5908.8,10378.84,0.0,13145.0,20084.0,,6525.0
2023-10-25,7549.0,6760.0,,4850.57,6636.44,8826.14,6005.07,10491.61,0.0,13275.0,20236.0,,6876.0
2023-10-26,13248.0,5395.0,,4831.33,6660.51,8840.06,5902.52,10544.69,0.0,13302.0,20091.0,,6792.0
2023-10-27,15209.0,,,4955.58,6697.4,8494.41,5535.97,9812.62,0.0,13559.0,20631.0,,6407.0
2023-10-28,9574.0,12027.0,,3142.33,3837.01,3950.42,2652.12,4148.64,0.0,8778.0,14899.0,,2780.0
2023-10-29,8704.0,7297.0,,1420.06,1670.7,1501.94,988.78,1622.18,0.0,6617.0,11218.0,,1294.0
2023-10-30,15985.0,7563.0,,4596.24,6243.35,8160.2,5436.08,9410.33,0.0,12571.0,19207.0,,5888.0
2023-10-31,7667.0,,,4331.7,5786.71,8630.17,5902.03,10424.12,0.0,12460.0,19349.0,,6366.0
2023-11-01,11793.0,7080.0,,12355.31,17026.81,7036.33,5396.09,9543.85,0.0,12212.0,18925.0,,5988.0
2023-11-02,12669.0,5943.0,,12581.53,16574.0,6503.95,5626.65,9964.73,0.0,12333.0,19243.0,,6007.0
2023-11-03,10095.0,,,11730.69,15292.61,6354.77,5303.0,9432.96,0.0,12907.0,19885.0,,5799.0
2023-11-04,14469.0,8472.0,,7566.01,9484.28,2659.25,2223.78,3633.68,0.0,7851.0,13471.0,,2152.0
2023-11-05,9972.0,,,5730.91,6903.01,1112.1,983.03,1528.25,0.0,5595.0,9711.0,,990.0
2023-11-06,9505.0,6187.0,,13839.72,19609.58,6008.56,5138.86,8688.95,0.0,11677.0,17974.0,,5604.0
2023-11-07,8582.0,,,13292.64,18294.26,6825.54,5650.37,9848.27,0.0,12513.0,19404.0,,6138.0
2023-11-08,9482.0,5485.0,,13914.51,19183.33,6746.74,5613.11,9906.31,0.0,12510.0,19719.0,,6002.0
2023-11-09,11401.0,8753.0,,13776.63,19293.4,6977.29,5945.75,10200.2,0.0,12748.0,19828.0,,6353.0
2023-11-10,11509.0,5457.0,,13842.52,18996.69,6779.79,5488.69,9608.73,0.0,13022.0,19985.0,,5940.0
2023-11-11,11742.0,9403.0,,10174.23,12530.96,2966.87,2474.17,3901.97,0.0,8331.0,14081.0,,2334.0
2023-11-12,12419.0,7146.0,,6186.29,7405.03,1274.23,1043.97,1713.45,0.0,5810.0,10112.0,,1091.0
2023-11-13,12023.0,8134.0,,14590.14,19934.25,6512.11,5387.49,9227.66,0.0,12148.0,18929.0,,5789.0
2023-11-14,15173.0,9344.0,,12909.27,17790.27,6731.6,5709.58,10018.4,0.0,12669.0,19319.0,,6270.0
2023-11-15,9867.0,3989.0,,13573.53,19100.24,6472.33,5434.98,9714.66,0.0,12516.0,19639.0,,6272.0
2023-11-16,13357.0,3750.0,,12665.31,19142.37,6680.42,5491.72,9738.63,0.0,12716.0,19566.0,,6561.0
2023-11-17,7351.0,,,12534.52,17028.82,6600.33,5382.64,9436.69,0.0,13018.0,19945.0,,6117.0
2023-11-18,7505.0,,,9623.37,11869.73,2911.13,1991.84,3805.45,0.0,7837.0,13428.0,,2422.0
2023-11-19,6646.0,4981.0,,6422.16,7681.69,1158.67,978.04,1524.7,0.0,5950.0,10352.0,,1126.0
2023-11-20,11307.0,13903.0,,14058.01,19251.42,6666.5,5436.82,9403.73,0.0,12651.0,19459.0,,6329.0
2023-11-21,11001.0,4418.0,,13374.6,18565.75,6981.22,5756.64,10357.14,0.0,12964.0,19853.0,,6511.0
2023-11-22,11008.0,4002.0,,14784.22,20215.57,6823.27,5649.67,10002.88,0.0,13119.0,19965.0,,6788.0
2023-11-23,7794.0,6276.0,,13749.82,19045.2,6941.86,5650.38,10251.61,0.0,12821.0,19585.0,,6701.0
2023-11-24,12932.0,,,13426.04,18084.28,6874.77,5562.7,9817.92,0.0,13515.0,20312.0,,6404.0
2023-11-25,14965.0,5226.0,,9419.74,11566.26,3125.61,2630.74,4029.59,0.0,8315.0,13999.0,,2628.0
2023-11-26,4792.0,8063.0,,6567.39,7983.62,1051.84,896.29,1368.21,0.0,5922.0,10483.0,,1208.0
2023-11-27,15764.0,,,13816.88,20111.0,6094.68,5005.79,8791.78,0.0,12270.0,19118.0,,5984.0
2023-11-28,16688.0,14425.0,,14069.87,19875.42,6841.14,5574.55,9875.68,0.0,12754.0,19375.0,,6327.0
2023-11-29,9806.0,10179.0,,14146.13,20880.54,6716.88,5441.97,9824.38,0.0,12440.0,19139.0,,6344.0
2023-11-30,8114.0,10142.0,,12870.75,17921.39,6559.04,5404.93,9726.62,0.0,12271.0,19115.0,,6481.0
2023-12-01,9744.0,,,4581.31,6108.26,6442.76,5286.5,9322.17,0.0,12495.0,19058.0,,5880.0
2023-12-02,17882.0,6835.0,,2655.93,3326.51,2811.83,2370.12,3653.0,0.0,7146.0,12523.0,,2278.0
2023-12-03,9449.0,4202.0,,1357.71,1607.46,1038.97,880.73,1400.07,0.0,5633.0,9753.0,,1103.0
2023-12-04,16289.0,4888.0,,4433.61,6206.9,6038.54,4172.29,9121.65,0.0,11719.0,18234.0,,5916.0
2023-12-05,7843.0,5027.0,,4562.75,6472.23,6768.54,0.0,9927.95,0.0,12304.0,18822.0,,6087.0
2023-12-06,11459.0,6922.0,,4672.16,6664.28,6601.09,0.0,9850.54,0.0,12126.0,18441.0,,6080.0
2023-12-07,4386.0,5900.0,,4517.9,6374.51,6446.35,0.0,9838.11,0.0,12271.0,18782.0,,6300.0
2023-12-08,15657.0,7462.0,,4773.48,6454.91,6605.65,0.0,9884.54,0.0,12858.0,19490.0,,5892.0
2023-12-09,7830.0,8330.0,,2658.29,3315.83,2959.36,0.0,3932.95,0.0,7629.0,13114.0,,2315.0
2023-12-10,8788.0,7310.0,,1411.05,1674.72,979.92,0.0,1374.98,0.0,5509.0,9671.0,,1076.0
2023-12-11,11370.0,6546.0,,3814.47,5345.35,6269.73,0.0,8881.22,0.0,11226.0,16957.0,,5700.0
2023-12-12,19524.0,4948.0,,4320.84,6537.84,6897.88,0.0,10124.08,0.0,12221.0,18544.0,,6306.0
2023-12-13,4911.0,9753.0,,4588.41,6416.96,6675.05,0.0,10327.85,0.0,12631.0,18975.0,,6553.0
2023-12-14,13064.0,5194.0,,4217.61,6203.85,6748.8,0.0,9817.45,0.0,12430.0,18627.0,,6573.0
2023-12-15,11960.0,,,3545.3,4434.01,5360.92,0.0,8439.65,0.0,12506.0,18522.0,,6195.0
2023-12-16,8017.0,6482.0,,2583.21,3375.69,2823.88,0.0,3594.75,0.0,7336.0,12349.0,,2354.0
2023-12-17,10572.0,9282.0,,1361.02,1638.01,1065.84,0.0,1395.32,0.0,5198.0,8982.0,,996.0
2023-12-18,5321.0,6875.0,,4333.12,6056.32,6377.44,0.0,9317.63,0.0,12072.0,17948.0,,5796.0
2023-12-19,12292.0,,,4417.06,6462.46,7021.48,0.0,10335.95,0.0,12683.0,18872.0,,6467.0
2023-12-20,3096.0,5323.0,,4635.99,6530.62,6717.23,0.0,9711.42,0.0,12676.0,19041.0,,6536.0
2023-12-21,17468.0,4728.0,,4580.35,6437.76,6665.28,0.0,9878.93,0.0,12587.0,19035.0,,6658.0
2023-12-22,3971.0,,,4674.5,6469.2,6270.5,0.0,9293.41,0.0,12791.0,18908.0,,5960.0
2023-12-23,13653.0,7628.0,,2861.96,3611.88,2672.69,0.0,3811.62,0.0,7689.0,12802.0,,2463.0
2023-12-24,7140.0,,,864.64,1103.29,704.07,0.0,966.48,0.0,5095.0,9224.0,,985.0
2023-12-25,11355.0,,,2400.81,2986.52,2137.03,0.0,3028.71,0.0,6160.0,10419.0,,1606.0
2023-12-26,7427.0,10179.0,,4967.76,6745.2,6077.65,0.0,9597.96,0.0,11918.0,17954.0,,5908.0
2023-12-27,15324.0,3664.0,,4935.02,6913.59,6778.13,0.0,10390.66,0.0,12795.0,18907.0,,6243.0
2023-12-28,11585.0,,,4766.36,6708.64,6595.28,0.0,10034.93,0.0,12139.0,18085.0,,5785.0
2023-12-29,7972.0,5390.0,,4356.4,6089.69,5897.58,0.0,9068.59,0.0,11724.0,17415.0,,5146.0
2023-12-30,9689.0,5733.0,,2590.99,3220.71,2511.15,0.0,3565.19,0.0,7283.0,12093.0,,1983.0
2023-12-31,5393.0,,,745.61,924.93,593.69,0.0,796.9,0.0,5396.0,10079.0,,907.0
2024-01-01,11122.0,,,7052.32,8218.23,842.81,0.0,1179.0,0.0,6007.0,10733.0,,1014.0
2024-01-02,10287.0,,,14165.57,19842.12,5623.79,0.0,8168.16,0.0,10082.0,15798.0,,4791.0
2024-01-03,8474.0,,,14600.67,21281.97,6644.52,0.0,9653.33,0.0,11223.0,16997.0,,5579.0
2024-01-04,10851.0,11183.0,,13565.61,19319.2,6774.42,0.0,10202.39,0.0,11506.0,17595.0,,5930.0
2024-01-05,6185.0,5525.0,,11130.69,15653.96,6442.71,0.0,9748.71,0.0,11704.0,17826.0,,5658.0
2024-01-06,12289.0,2727.0,,9217.22,11818.69,2686.38,0.0,3838.62,0.0,6829.0,11913.0,,2288.0
2024-01-07,7368.0,,,6713.05,8100.23,984.53,0.0,1382.26,0.0,4668.0,8314.0,,939.0
2024-01-08,9960.0,4754.0,,13954.32,19659.6,6272.7,0.0,9169.42,0.0,11201.0,17000.0,,5600.0
2024-01-09,7335.0,,,12395.94,18823.82,6713.04,0.0,9946.13,0.0,11123.0,17119.0,,5714.0
2024-01-10,6807.0,4501.0,,13886.04,19516.49,6404.92,0.0,9280.08,0.0,11429.0,17360.0,,5882.0
2024-01-11,10216.0,7976.0,,14358.37,20085.01,6888.17,0.0,10263.12,0.0,12092.0,18048.0,,6274.0
2024-01-12,13333.0,8279.0,,12614.33,17665.64,6722.27,0.0,9976.88,0.0,12715.0,18950.0,,6348.0
2024-01-13,9923.0,8349.0,,9219.26,11693.9,2919.67,0.0,4014.79,0.0,7138.0,12173.0,,2349.0
2024-01-14,8258.0,,,6028.47,7328.68,928.39,0.0,1300.8,0.0,5047.0,8863.0,,967.0
2024-01-15,14264.0,,,15247.72,20852.84,6485.75,0.0,9487.88,0.0,11069.0,16886.0,,5477.0
2024-01-16,12033.0,3676.0,,14081.76,20081.45,6636.85,0.0,10157.4,0.0,11499.0,17390.0,,5713.0
2024-01-17,12474.0,5460.0,,14218.59,21292.49,6949.13,0.0,10188.81,0.0,11890.0,17957.0,,5937.0
2024-01-18,5413.0,4762.0,,12119.21,18050.76,6764.63,0.0,9452.48,0.0,11111.0,16924.0,,5742.0
2024-01-19,8201.0,4424.0,,11987.01,17238.62,6381.32,0.0,9407.08,0.0,12341.0,18677.0,,5929.0
2024-01-20,7609.0,5464.0,,8847.07,11657.22,2780.84,0.0,3681.44,0.0,6447.0,10924.0,,2057.0
2024-01-21,7612.0,6058.0,,6148.72,7596.57,1025.51,0.0,1427.29,0.0,4730.0,8415.0,,942.0
2024-01-22,7728.0,14640.0,,14205.63,19223.29,6318.71,0.0,9160.32,0.0,11544.0,17365.0,,5806.0
2024-01-23,15948.0,1367.0,,13486.91,18906.51,6554.27,0.0,9857.01,0.0,11961.0,17873.0,,6107.0
2024-01-24,6159.0,10881.0,,13662.47,19023.25,6190.82,0.0,9339.25,0.0,11564.0,17794.0,,6049.0
2024-01-25,12835.0,5161.0,,14059.15,19772.63,6588.68,0.0,9842.18,0.0,11898.0,17866.0,,6231.0
2024-01-26,6486.0,,,13119.13,18175.25,6606.13,0.0,10372.77,0.0,12350.0,18586.0,,6117.0
2024-01-27,12245.0,8824.0,,9859.94,12435.06,2901.56,0.0,4122.97,0.0,7240.0,12228.0,,2338.0
2024-01-28,11945.0,9067.0,,5916.33,7103.01,1129.28,0.0,1629.78,0.0,4946.0,8678.0,,973.0
2024-01-29,7088.0,,,15484.86,21497.51,6668.37,0.0,9775.15,0.0,11616.0,17717.0,,5925.0
2024-01-30,12746.0,,,14193.27,20055.95,6909.44,0.0,10531.5,0.0,12262.0,18483.0,,6288.0
2024-01-31,12013.0,7081.0,,13326.55,18970.95,6382.31,0.0,9438.66,0.0,11629.0,17677.0,,5976.0
2024-02-01,10349.0,8433.0,,13365.3,20173.9,6406.49,0.0,9467.47,0.0,11577.0,17485.0,,5869.0
2024-02-02,15804.0,,,12192.29,17335.75,6803.47,0.0,10314.73,0.0,12463.0,18624.0,,6095.0
2024-02-03,8982.0,8743.0,,9165.22,12442.81,2911.51,0.0,4128.86,0.0,6738.0,11784.0,,2252.0
2024-02-04,12781.0,3960.0,,6271.32,8031.16,1046.03,0.0,1447.99,0.0,4388.0,8001.0,,884.0
2024-02-05,14113.0,8898.0,,13524.05,19625.79,6288.68,0.0,8735.96,0.0,11876.0,17550.0,,6001.0
2024-02-06,10651.0,,,13166.31,19438.73,7101.32,0.0,10572.23,0.0,13255.0,19607.0,,6874.0
2024-02-07,4756.0,5008.0,,13268.01,18649.7,7015.48,0.0,10636.97,0.0,13457.0,20245.0,,6829.0
2024-02-08,14128.0,,,11143.9,15283.61,5743.47,0.0,8642.42,0.0,12693.0,19047.0,,5566.0
2024-02-09,8103.0,5483.0,,3474.26,4228.08,1268.43,0.0,1764.0,0.0,6856.0,11912.0,,1195.0
2024-02-10,,,,444.88,514.39,314.8,0.0,359.24,0.0,7780.0,12655.0,,843.0
2024-02-11,2749.0,1865.0,,2728.95,3338.37,528.32,0.0,684.64,0.0,7158.0,12189.0,,1080.0
2024-02-12,13340.0,8002.0,,8809.95,10592.29,1428.79,0.0,1911.79,0.0,7565.0,12818.0,,1562.0
2024-02-13,14094.0,,,14447.2,19877.31,5851.81,0.0,8474.11,0.0,10836.0,16514.0,,5282.0
2024-02-14,6102.0,2976.0,,13676.09,18876.73,6403.64,0.0,9634.91,0.0,11886.0,17854.0,,5978.0
2024-02-15,11677.0,6448.0,,14033.52,17207.19,6527.93,0.0,10107.33,0.0,12181.0,18181.0,,6103.0
2024-02-16,5374.0,,,13324.91,18061.61,6396.8,0.0,9770.56,0.0,12754.0,18916.0,,6244.0
2024-02-17,8925.0,7315.0,,9499.64,11675.74,2938.97,0.0,4396.5,0.0,7104.0,12298.0,,2245.0
2024-02-18,14862.0,,,5711.91,6997.6,1169.63,0.0,1677.28,0.0,4681.0,8494.0,,966.0
2024-02-19,6290.0,,,12408.99,16484.39,5670.12,0.0,8356.24,0.0,11622.0,17276.0,,5910.0
2024-02-20,4350.0,,,13336.84,19518.15,6259.7,0.0,9346.25,0.0,12091.0,17937.0,,6146.0
2024-02-21,10241.0,10551.0,,12619.07,18439.46,5914.58,0.0,8468.32,0.0,11591.0,17140.0,,5774.0
2024-02-22,15132.0,11717.0,,12831.6,19118.35,6185.44,0.0,9249.86,0.0,12004.0,18042.0,,6362.0
2024-02-23,6286.0,,,12166.46,17150.64,6428.52,0.0,9842.99,0.0,12869.0,19073.0,,6360.0
2024-02-24,10919.0,10813.0,,9376.03,12805.03,2946.27,0.0,4203.42,0.0,7068.0,12246.0,,2397.0
2024-02-25,18332.0,13280.0,,6732.75,8509.26,1024.95,0.0,1486.96,0.0,5156.0,8863.0,,1079.0
2024-02-26,5348.0,8569.0,,15184.22,20373.6,6453.67,0.0,9791.88,0.0,12348.0,18625.0,,6169.0
2024-02-27,17484.0,,,14539.95,20876.47,7127.22,0.0,10357.74,0.0,12776.0,18987.0,,6557.0
2024-02-28,18314.0,6061.0,,11889.74,16103.04,6981.0,0.0,10009.29,0.0,13291.0,19537.0,,6759.0
2024-02-29,15207.0,4673.0,,12044.39,16335.03,6369.13,0.0,9602.3,0.0,12743.0,18657.0,,6480.0
2024-03-01,17584.0,,,2793.34,3472.96,2874.17,0.0,4258.4,0.0,7795.0,12769.0,,2336.0
2024-03-02,9761.0,13630.0,,2213.21,2720.39,2245.42,0.0,3228.69,0.0,6476.0,11069.0,,1765.0
2024-03-03,23680.0,6986.0,,1248.83,1545.97,977.95,0.0,1357.01,0.0,5330.0,9118.0,,963.0
2024-03-04,18278.0,,,4392.52,6224.64,6658.59,0.0,9912.67,0.0,11381.0,17505.0,,5755.0
2024-03-05,7800.0,4712.0,,4071.03,5590.51,6437.75,0.0,9128.08,0.0,11771.0,17474.0,,6358.0
2024-03-06,11168.0,12313.0,,4509.3,6435.74,7126.55,0.0,10478.79,0.0,12357.0,18427.0,,6572.0
2024-03-07,8587.0,8217.0,,4577.13,6651.22,7273.6,0.0,10686.76,0.0,12356.0,18424.0,,6443.0
2024-03-08,12667.0,,,4633.9,6455.16,6984.0,0.0,10510.93,0.0,12609.0,18970.0,,6305.0
2024-03-09,13148.0,9519.0,6.0,2864.6,3617.5,3012.58,0.0,4117.17,0.0,6996.0,12088.0,,2092.0
2024-03-10,5347.0,9620.0,673.0,1388.77,1689.91,1019.73,0.0,1461.68,0.0,5001.0,8907.0,,972.0
2024-03-11,11206.0,,11.0,4447.45,6301.51,6740.51,0.0,9856.77,0.0,12335.0,18391.0,,6386.0
2024-03-12,21800.0,13560.0,158.0,4538.66,6375.36,6777.02,0.0,9874.45,0.0,12465.0,18539.0,,6782.0
2024-03-13,12129.0,5113.0,1561.0,4712.46,6752.15,7294.14,0.0,10638.13,0.0,12525.0,18850.0,,6659.0
2024-03-14,5640.0,9834.0,1118.0,4812.94,6918.51,7231.89,0.0,10699.91,0.0,12813.0,19166.0,,6784.0
2024-03-15,21423.0,,163.0,4784.86,6689.45,6958.53,0.0,10660.6,0.0,13030.0,19379.0,,6398.0
2024-03-16,7252.0,4986.0,1.0,2851.77,3730.58,3004.22,0.0,4029.94,0.0,7642.0,13130.0,,2426.0
2024-03-17,10267.0,,751.0,1215.61,1519.83,1167.12,0.0,1631.95,0.0,5271.0,9463.0,,1066.0
2024-03-18,13613.0,,86.0,4707.91,6688.18,6926.75,0.0,9963.93,0.0,12600.0,18690.0,,6467.0
2024-03-19,13553.0,1898.0,189.0,4527.22,6598.8,7212.37,0.0,10802.92,0.0,13175.0,19425.0,,7022.0
2024-03-20,6980.0,7412.0,2197.0,4725.97,6607.8,7222.04,0.0,10728.46,0.0,12530.0,18883.0,,6826.0
2024-03-21,9704.0,14846.0,921.0,4546.0,6252.84,7343.86,0.0,10928.79,0.0,12632.0,18690.0,,6669.0
2024-03-22,8986.0,7593.0,1119.0,4514.21,6284.93,7158.9,0.0,10235.66,0.0,13233.0,18591.0,,6488.0
2024-03-23,17945.0,6952.0,144.0,2580.57,3291.93,2984.15,0.0,4114.42,0.0,7588.0,12055.0,,2346.0
2024-03-24,8804.0,9987.0,657.0,1248.98,1640.4,980.39,0.0,1350.01,0.0,4901.0,8017.0,,1015.0
2024-03-25,11950.0,,108.0,4150.28,6192.87,6554.2,0.0,9771.81,0.0,12129.0,17173.0,,6271.0
2024-03-26,13181.0,,238.0,4162.53,6232.12,6416.53,0.0,9527.62,0.0,12380.0,17397.0,,6591.0
2024-03-27,10873.0,5095.0,138.0,4461.79,6810.25,7020.46,0.0,10688.46,0.0,13025.0,18368.0,,7008.0
2024-03-28,13969.0,5810.0,992.0,2596.4,4515.6,5792.79,0.0,9038.06,0.0,11985.0,16624.0,,6496.0
2024-03-29,8296.0,8479.0,2037.0,4595.9,6712.56,6574.35,0.0,9571.63,0.0,12751.0,17885.0,,6137.0
2024-03-30,15514.0,12290.0,1.0,2799.51,3783.52,3228.22,0.0,4216.32,0.0,7895.0,12207.0,,2129.0
2024-03-31,8030.0,,1439.0,1229.55,1633.24,1189.62,0.0,1566.83,0.0,5564.0,8984.0,,1022.0
2024-04-01,14425.0,,204.0,14743.56,22223.3,6790.39,0.0,9606.86,0.0,11724.0,16721.0,,5798.0
2024-04-02,11186.0,6498.0,99.0,13968.37,22168.29,7161.49,0.0,10372.8,0.0,12344.0,17467.0,,6250.0
2024-04-03,10549.0,11516.0,176.0,10871.25,14834.51,5665.07,0.0,8611.98,0.0,11088.0,15660.0,,6126.0
2024-04-04,13806.0,8025.0,616.0,13360.56,21540.64,6636.08,0.0,9914.01,0.0,12323.0,17619.0,,6813.0
2024-04-05,8443.0,,663.0,11416.48,18802.08,7372.57,0.0,10253.58,0.0,13226.0,18706.0,,6734.0
2024-04-06,14375.0,10748.0,1014.0,7656.48,11229.97,3176.21,0.0,4211.82,0.0,7683.0,11901.0,,2509.0
2024-04-07,14263.0,,,5766.06,9084.12,1145.37,0.0,1583.32,0.0,5306.0,8463.0,,1009.0
2024-04-08,5383.0,,,12809.09,21999.54,6683.05,0.0,9769.06,0.0,12382.0,17553.0,,6734.0
2024-04-09,14132.0,9442.0,0.0,12887.63,20374.42,7340.52,0.0,10717.73,0.0,13063.0,18382.0,,6862.0
2024-04-10,7470.0,5398.0,70.0,10456.25,15064.06,3359.39,0.0,4703.13,0.0,6118.0,9581.0,,1697.0
2024-04-11,11750.0,13707.0,584.0,13378.59,21310.45,7012.07,0.0,10390.74,0.0,12308.0,17594.0,,6688.0
2024-04-12,9209.0,,451.0,12413.69,18810.75,6920.04,0.0,10262.46,0.0,12745.0,17954.0,,6342.0
2024-04-13,12769.0,8523.0,0.0,8232.62,11257.55,3328.04,0.0,4261.86,0.0,7623.0,11741.0,,2564.0
2024-04-14,6612.0,,485.0,6644.59,8989.67,1158.4,0.0,1645.58,0.0,5119.0,8228.0,,1020.0
2024-04-15,13339.0,5868.0,887.0,11796.41,17758.34,5583.6,0.0,9107.13,0.0,11735.0,16512.0,,6183.0
2024-04-16,12757.0,,144.0,12559.89,19103.39,6452.44,0.0,9879.86,0.0,12603.0,17948.0,,6975.0
2024-04-17,9685.0,8729.0,463.0,13703.01,22079.29,6998.43,0.0,10201.38,0.0,12668.0,18122.0,,7032.0
2024-04-18,3852.0,5742.0,999.0,13198.9,21526.17,7080.11,0.0,10432.94,0.0,12909.0,17956.0,,6996.0
2024-04-19,15103.0,11700.0,755.0,12821.2,19978.1,6733.29,0.0,10059.18,0.0,13167.0,18336.0,,6804.0
2024-04-20,4005.0,1498.0,484.0,8187.67,11402.87,2759.8,0.0,4114.3,0.0,7147.0,11002.0,,2739.0
2024-04-21,8279.0,,,5533.73,7347.18,1133.24,0.0,1579.46,0.0,4948.0,7806.0,,1077.0
2024-04-22,13758.0,,44.0,13525.76,22009.14,6586.5,0.0,9549.05,0.0,12583.0,17717.0,,6954.0
2024-04-23,10076.0,,128.0,13028.56,21135.11,7283.71,0.0,10410.46,0.0,12964.0,17841.0,,7132.0
2024-04-24,12738.0,10998.0,1.0,13377.48,21072.45,6691.8,0.0,9782.81,0.0,12722.0,17744.0,,7155.0
2024-04-25,19998.0,5402.0,667.0,12270.26,20961.7,7207.93,0.0,10451.74,0.0,12975.0,18009.0,,7229.0
2024-04-26,3841.0,9290.0,0.0,11679.05,18330.5,6650.11,0.0,9947.46,0.0,13011.0,18158.0,,6783.0
2024-04-27,8298.0,10253.0,763.0,8591.22,12093.34,3181.88,0.0,4057.85,0.0,7890.0,12069.0,,2646.0
2024-04-28,14166.0,,881.0,8552.69,11593.41,1284.67,0.0,1788.12,0.0,5130.0,8187.0,,1151.0
2024-04-29,10046.0,5972.0,1432.0,12390.89,17299.16,6086.03,0.0,8831.97,0.0,11791.0,16532.0,,6889.0
2024-04-30,14877.0,6733.0,0.0,11623.31,17223.31,6973.32,0.0,10659.95,0.0,13035.0,18513.0,,7340.0
2024-05-01,9096.0,9217.0,240.0,2180.02,3043.67,2770.08,0.0,3699.6,0.0,5817.0,9564.0,,2029.0
2024-05-02,10002.0,,1144.0,4625.87,6933.35,7407.31,0.0,10705.55,0.0,12314.0,17415.0,,6729.0
2024-05-03,11811.0,10167.0,1038.0,4962.84,7126.27,7561.2,0.0,10997.66,0.0,13279.0,18543.0,,6724.0
2024-05-04,12251.0,7033.0,1577.0,2974.32,3978.85,3230.49,0.0,4182.4,0.0,9169.0,13521.0,,2578.0
2024-05-05,13106.0,7447.0,0.0,829.44,1086.17,868.19,0.0,1273.38,0.0,5052.0,7995.0,,891.0
2024-05-06,10970.0,7083.0,0.0,2399.21,2999.21,2214.16,0.0,3176.36,0.0,6628.0,10116.0,,1746.0
2024-05-07,7442.0,,348.0,4085.47,6005.39,7029.27,0.0,9853.33,0.0,12377.0,17501.0,,7000.0
2024-05-08,8064.0,5122.0,137.0,4501.68,6621.51,7334.86,0.0,10621.41,0.0,12803.0,18097.0,,7362.0
2024-05-09,7810.0,8790.0,498.0,4352.03,6518.88,7437.19,0.0,10718.7,0.0,12716.0,17995.0,,7315.0
2024-05-10,21119.0,8174.0,161.0,4616.42,6884.4,7282.76,0.0,10460.46,0.0,12859.0,17976.0,,6635.0
2024-05-11,5420.0,4907.0,480.0,2665.93,3380.64,3109.45,0.0,4234.37,0.0,7097.0,11255.0,,2616.0
2024-05-12,14200.0,12554.0,1916.0,1209.3,1520.14,966.31,0.0,1384.59,0.0,4859.0,7649.0,,1000.0
2024-05-13,8725.0,,996.0,4344.67,6348.83,7025.27,0.0,10208.57,0.0,12285.0,17369.0,,6724.0
2024-05-14,11920.0,10210.0,1080.0,4699.88,6961.39,7570.93,0.0,10818.82,0.0,13479.0,18756.0,,7121.0
2024-05-15,7740.0,6696.0,44.0,2744.49,3772.03,3332.08,0.0,4785.04,0.0,6562.0,10500.0,,2167.0
2024-05-16,4208.0,3641.0,1207.0,4701.15,7010.25,7690.99,0.0,10858.13,0.0,13128.0,18119.0,,7363.0
2024-05-17,10765.0,,1013.0,4453.62,6668.67,7651.19,0.0,11079.32,0.0,13291.0,18310.0,,7043.0
2024-05-18,12528.0,5039.0,0.0,2879.64,3849.74,3455.76,0.0,4429.65,0.0,7632.0,11899.0,,2774.0
2024-05-19,9845.0,,864.0,1306.79,1680.5,1192.07,0.0,1624.82,0.0,5131.0,8257.0,,1010.0
2024-05-20,11361.0,,8.0,4512.25,6736.64,7190.56,0.0,10204.14,0.0,12013.0,16914.0,,6328.0
2024-05-21,11167.0,,2106.0,4370.42,6575.9,7120.0,0.0,10418.27,0.0,12471.0,17370.0,,6741.0
2024-05-22,17424.0,7824.0,43.0,4117.75,6272.19,7218.98,0.0,10623.88,0.0,12420.0,17577.0,,6760.0
2024-05-23,3985.0,6701.0,3878.0,4235.77,6351.48,7527.29,0.0,10556.67,0.0,12599.0,17604.0,,6867.0
2024-05-24,8643.0,,275.0,4424.95,6596.07,6989.6,0.0,10086.83,0.0,13280.0,18429.0,,6850.0
2024-05-25,9333.0,6350.0,692.0,2488.84,3447.35,3076.54,0.0,4114.87,0.0,7371.0,11463.0,,2499.0
2024-05-26,10373.0,,0.0,1155.35,1447.96,1001.6,0.0,1424.64,0.0,4906.0,7773.0,,968.0
2024-05-27,14151.0,,102.0,3985.52,5723.14,6840.06,0.0,9520.93,0.0,11794.0,16789.0,,6579.0
2024-05-28,7858.0,1132.0,593.0,4337.04,6463.19,7022.05,0.0,10239.34,0.0,12113.0,17058.0,,6712.0
2024-05-29,9775.0,7674.0,0.0,4322.64,6418.75,6878.11,0.0,10165.99,0.0,12101.0,17022.0,,6506.0
2024-05-30,15100.0,4938.0,4157.0,4037.62,6098.98,6622.16,0.0,10349.3,0.0,12284.0,17202.0,,6657.0
2024-05-31,7281.0,,1574.0,4173.57,6063.67,6926.95,0.0,10244.69,0.0,12282.0,17223.0,,6355.0
2024-06-01,13448.0,9053.0,2003.0,5395.89,8296.55,2994.98,0.0,3918.59,0.0,7147.0,11275.0,,2454.0
2024-06-02,9598.0,,3796.0,110.41,7652.2,1222.0,0.0,1699.27,0.0,4975.0,7992.0,,1038.0
2024-06-03,10385.0,,508.0,4508.45,18882.4,7667.54,0.0,9755.99,0.0,11733.0,16521.0,,6320.0
2024-06-04,5869.0,,820.0,13357.28,19637.53,8890.66,0.0,10355.07,0.0,12628.0,17666.0,,7222.0
2024-06-05,9031.0,5640.0,2154.0,9772.0,17175.57,8731.46,0.0,10285.43,0.0,13366.0,18686.0,,7346.0
2024-06-06,7983.0,3886.0,1455.0,2979.43,13421.95,4014.67,0.0,4781.84,0.0,7353.0,11474.0,,2471.0
2024-06-07,10497.0,8983.0,551.0,3847.73,17574.24,7927.59,0.0,9403.21,0.0,12551.0,17582.0,,6570.0
2024-06-08,8501.0,9084.0,1887.0,2211.44,9787.45,3230.82,0.0,3849.67,0.0,6578.0,9891.0,,2054.0
2024-06-09,9918.0,,228.0,3624.35,6989.96,1293.4,0.0,1485.17,0.0,5263.0,8267.0,,953.0
2024-06-10,6091.0,,906.0,3669.86,18586.81,8334.93,0.0,9984.61,0.0,11824.0,16808.0,,6466.0
2024-06-11,8515.0,,4358.0,4440.08,19199.66,8881.2,0.0,10575.92,0.0,12509.0,17715.0,,6920.0
2024-06-12,12334.0,7273.0,1073.0,4301.23,19183.1,8675.26,0.0,10401.88,0.0,12205.0,17204.0,,6433.0
2024-06-13,8281.0,8534.0,2359.0,3918.3,19029.39,8761.18,0.0,10360.01,0.0,12319.0,17183.0,,6588.0
2024-06-14,6977.0,,561.0,3951.96,17110.41,8750.24,0.0,10260.82,0.0,13142.0,18063.0,,6861.0
2024-06-15,14967.0,6549.0,841.0,3006.02,11743.66,3869.08,0.0,4181.4,0.0,7156.0,11209.0,,2039.0
2024-06-16,7544.0,13293.0,117.0,2939.74,8229.82,1375.8,0.0,1544.49,0.0,5208.0,8451.0,,1072.0
2024-06-17,12075.0,,6015.0,10177.72,20133.06,8296.76,0.0,9787.93,0.0,11871.0,16733.0,,6262.0
2024-06-18,10306.0,,50.0,12871.15,19336.29,9100.34,0.0,10562.8,0.0,12510.0,17390.0,,6713.0
2024-06-19,5455.0,6809.0,981.0,12206.11,18382.35,8769.49,0.0,10226.63,0.0,12657.0,17467.0,,6680.0
2024-06-20,13246.0,7611.0,1479.0,11744.02,17618.67,7104.9,0.0,10159.05,0.0,12568.0,17411.0,,6804.0
2024-06-21,9434.0,,276.0,12004.47,17817.7,5419.01,0.0,10283.71,0.0,12937.0,17530.0,,6723.0
2024-06-22,10536.0,6678.0,1.0,6340.33,8626.98,2220.93,0.0,4039.38,0.0,6857.0,10550.0,,2537.0
2024-06-23,9027.0,9714.0,606.0,6033.51,8140.0,957.34,0.0,1438.95,0.0,5034.0,8041.0,,986.0
2024-06-24,13275.0,,59.0,12913.34,19270.18,6371.63,0.0,9813.99,0.0,12293.0,17081.0,,6500.0
2024-06-25,8409.0,,342.0,12287.92,19111.57,6968.23,0.0,10636.89,0.0,12777.0,17648.0,,6772.0
2024-06-26,9382.0,12515.0,1981.0,13492.02,20548.51,6998.4,0.0,10509.44,0.0,12983.0,17850.0,,6915.0
2024-06-27,10550.0,6957.0,2416.0,12038.32,18363.4,6169.25,0.0,9893.36,0.0,12420.0,17044.0,,6737.0
2024-06-28,6942.0,10798.0,396.0,12178.83,18466.6,6509.05,0.0,9760.63,0.0,12580.0,17354.0,,6323.0
2024-06-29,9894.0,,919.0,7331.85,10362.17,2530.85,0.0,3789.29,0.0,6901.0,10452.0,,2422.0
2024-06-30,14458.0,6581.0,2137.0,,,986.09,0.0,1452.34,0.0,4267.0,6883.0,,871.0
2024-07-01,7567.0,9355.0,2166.0,3472.94,5394.77,5841.25,0.0,8821.84,0.0,11082.0,15866.0,,5946.0
2024-07-02,12902.0,,655.0,2711.54,3844.34,4597.56,0.0,8736.56,0.0,10937.0,15360.0,,6151.0
2024-07-03,6555.0,12302.0,368.0,3628.93,5365.24,6010.59,0.0,9089.04,0.0,11704.0,16282.0,,6200.0
2024-07-04,14460.0,5587.0,1033.0,4010.92,6132.6,6732.85,0.0,10148.64,0.0,12108.0,16902.0,,6378.0
2024-07-05,7251.0,9597.0,933.0,3877.91,5294.14,6394.41,0.0,9738.24,0.0,12197.0,17020.0,,6178.0
2024-07-06,5568.0,6525.0,1167.0,2271.04,2957.0,2544.06,0.0,3519.32,0.0,6940.0,10870.0,,2217.0
2024-07-07,12095.0,6875.0,1564.0,1170.21,1458.31,908.88,0.0,1335.6,0.0,4974.0,7902.0,,927.0
2024-07-08,8124.0,,2011.0,3809.28,5281.16,5974.68,0.0,9162.5,0.0,11579.0,16252.0,,6149.0
2024-07-09,5845.0,7063.0,2054.0,3506.44,5179.8,6201.99,0.0,9432.77,0.0,11562.0,16087.0,,6187.0
2024-07-10,13885.0,7954.0,194.0,3321.06,4601.7,5621.99,0.0,8466.12,0.0,11651.0,15872.0,,6043.0
2024-07-11,10499.0,,545.0,3575.31,5358.09,6029.59,0.0,9810.74,0.0,12538.0,17284.0,,6776.0
2024-07-12,9242.0,,171.0,4218.24,6138.0,6294.37,0.0,9540.44,0.0,12984.0,17971.0,,6538.0
2024-07-13,8961.0,5270.0,40.0,2363.02,3401.47,2606.67,0.0,3711.73,0.0,7274.0,11414.0,,2467.0
2024-07-14,8836.0,,,914.75,1216.74,828.75,0.0,1340.52,0.0,4698.0,7251.0,,867.0
2024-07-15,9819.0,,208.0,3701.66,5392.66,5558.44,0.0,8703.12,0.0,11707.0,16172.0,,6120.0
2024-07-16,8375.0,,2151.0,2973.34,4250.4,4914.07,0.0,8662.67,0.0,11672.0,16070.0,,6525.0
2024-07-17,9774.0,8139.0,1828.0,3902.72,5164.08,5999.88,0.0,9897.4,0.0,12239.0,17030.0,,6597.0
2024-07-18,6530.0,6669.0,493.0,3794.51,4806.46,5989.24,0.0,9800.89,0.0,11989.0,16580.0,,6468.0
2024-07-19,11945.0,10850.0,0.0,3904.77,5479.06,5450.96,0.0,8765.48,0.0,12449.0,17088.0,,6291.0
2024-07-20,9717.0,10605.0,970.0,2279.39,3003.0,2472.71,0.0,3433.63,0.0,7337.0,11287.0,,2420.0
2024-07-21,10161.0,8353.0,707.0,1105.72,1407.12,983.2,0.0,1382.82,0.0,5085.0,8190.0,,972.0
2024-07-22,9053.0,10393.0,251.0,4109.14,5808.16,6743.56,0.0,9675.1,0.0,12256.0,17000.0,,6418.0
2024-07-23,11596.0,6001.0,206.0,4164.81,6117.63,6944.13,0.0,10526.11,0.0,12801.0,17703.0,,7040.0
2024-07-24,11463.0,5339.0,626.0,3832.93,5263.04,6298.46,0.0,10058.21,0.0,12392.0,16865.0,,6655.0
2024-07-25,9392.0,9146.0,2633.0,3683.49,5332.4,6776.7,0.0,10352.39,0.0,12754.0,17459.0,,6663.0
2024-07-26,10452.0,8050.0,1540.0,4249.24,6244.57,6379.33,0.0,9758.77,0.0,13189.0,17999.0,,6864.0
2024-07-27,13754.0,7285.0,6565.0,2354.49,3073.37,2569.49,0.0,3637.07,0.0,7647.0,11605.0,,2764.0
2024-07-28,5565.0,11799.0,35.0,981.11,1224.7,938.17,0.0,1387.86,0.0,5371.0,8499.0,,1048.0
2024-07-29,11871.0,5808.0,106.0,4319.39,6132.28,5651.67,0.0,8424.25,0.0,11545.0,16191.0,,5995.0
2024-07-30,6850.0,,1612.0,4464.94,6370.71,5774.92,0.0,8668.31,0.0,11072.0,15641.0,,5727.0
2024-07-31,13847.0,9513.0,842.0,3958.28,5518.37,5017.62,0.0,7426.81,0.0,10453.0,14947.0,,5278.0
2024-08-01,5670.0,9038.0,2458.0,12381.89,18316.22,4437.27,0.0,6560.36,0.0,9880.0,14266.0,,4787.0
2024-08-02,16972.0,12793.0,209.0,8229.48,12199.93,3703.27,0.0,5485.08,0.0,8182.0,11864.0,,3810.0
2024-08-03,8020.0,6002.0,499.0,5648.04,7977.35,1845.37,0.0,2643.75,0.0,7192.0,11204.0,,2142.0
2024-08-04,6022.0,7595.0,2205.0,6505.86,8932.72,841.94,0.0,1304.48,0.0,5328.0,8318.0,,911.0
2024-08-05,7802.0,12333.0,120.0,12261.93,19983.77,5555.04,0.0,8034.34,0.0,10834.0,15166.0,,5145.0
2024-08-06,10797.0,,1676.0,11759.19,19439.28,6415.76,0.0,8749.11,0.0,11825.0,16215.0,,5659.0
2024-08-07,6736.0,5485.0,2157.0,11960.8,18854.88,6095.93,0.0,8719.21,0.0,11754.0,16098.0,,5580.0
2024-08-08,9069.0,7776.0,2115.0,12746.39,18921.89,6403.67,0.0,9459.47,0.0,12336.0,16894.0,,6243.0
2024-08-09,8985.0,6239.0,375.0,11956.13,18067.21,6238.17,0.0,9233.34,0.0,12777.0,17488.0,,6271.0
2024-08-10,10029.0,8531.0,4163.0,8985.81,12172.35,2564.08,0.0,3642.83,0.0,7395.0,11296.0,,2285.0
2024-08-11,10603.0,,1746.0,6222.0,7975.46,918.28,0.0,1355.24,0.0,5126.0,8119.0,,960.0
2024-08-12,3287.0,6678.0,90.0,13287.98,19702.8,6528.95,0.0,9370.01,0.0,12281.0,16982.0,,6312.0
2024-08-13,7190.0,,4731.0,13004.11,18943.81,7128.12,0.0,10514.38,0.0,12925.0,17712.0,,7029.0
2024-08-14,7075.0,10092.0,1031.0,12717.58,18964.1,6839.32,0.0,9478.34,0.0,13693.0,18745.0,,6939.0
2024-08-15,11620.0,6355.0,380.0,10708.0,14372.02,2882.37,0.0,4238.81,0.0,7113.0,11177.0,,2592.0
2024-08-16,12019.0,,1695.0,12000.98,17442.86,6013.08,0.0,9030.18,0.0,12046.0,16815.0,,6072.0
2024-08-17,3164.0,6190.0,5992.0,8155.44,11119.09,2565.87,0.0,3711.23,0.0,7424.0,11446.0,,2585.0
2024-08-18,16564.0,4836.0,6951.0,6621.69,8328.56,954.47,0.0,1391.17,0.0,5284.0,8391.0,,956.0
2024-08-19,7494.0,11032.0,552.0,13451.02,19862.29,6614.3,0.0,9598.88,0.0,12470.0,17230.0,,6596.0
2024-08-20,7816.0,7460.0,1342.0,12173.53,17934.17,6495.33,0.0,4285.84,0.0,9584.0,12728.0,,5093.0
2024-08-21,7911.0,5321.0,1141.0,11494.58,16396.45,6029.89,0.0,9165.84,0.0,11889.0,16481.0,,6531.0
2024-08-22,11521.0,7355.0,337.0,11651.76,16608.04,6530.51,0.0,9586.75,0.0,12134.0,16887.0,,6724.0
2024-08-23,8709.0,,703.0,,,6753.1,0.0,9743.88,0.0,13167.0,18118.0,,6875.0
2024-08-24,10914.0,6585.0,1252.0,8286.04,12036.12,2790.64,0.0,3860.74,0.0,7503.0,11367.0,,2534.0
2024-08-25,11759.0,,3162.0,6260.76,8401.56,995.6,0.0,1434.9,0.0,5291.0,8191.0,,986.0
2024-08-26,,,1501.0,13377.45,20546.43,6601.01,0.0,9665.02,0.0,12174.0,16794.0,,6519.0
2024-08-27,9815.0,9128.0,509.0,12087.9,18135.67,6882.68,0.0,10042.14,0.0,12479.0,17182.0,,6867.0
2024-08-28,11194.0,8458.0,1341.0,12395.95,18438.49,6626.01,0.0,9954.27,0.0,12366.0,17018.0,,6750.0
2024-08-29,9800.0,6280.0,372.0,12267.69,17613.06,6617.66,0.0,7331.59,0.0,12139.0,16712.0,,6612.0
2024-08-30,10074.0,,3662.0,10577.86,15175.71,6726.42,0.0,9634.6,0.0,9948.0,13953.0,,5120.0
2024-08-31,5822.0,8218.0,1.0,7514.06,10346.32,2753.25,0.0,3670.8,0.0,7437.0,11323.0,,2423.0
2024-09-01,10766.0,9999.0,960.0,5650.11,7425.9,1031.26,0.0,1383.17,0.0,5170.0,8182.0,,1022.0
2024-09-02,15133.0,6062.0,3791.0,,,6720.21,0.0,9452.11,0.0,11391.0,16057.0,,6008.0
2024-09-03,1442.0,,1474.0,12010.5,18849.13,6970.04,0.0,10293.79,0.0,12043.0,16754.0,,6565.0
2024-09-04,8901.0,7145.0,1080.0,13023.66,18408.79,6863.62,0.0,10342.84,0.0,12386.0,17077.0,,6735.0
2024-09-05,11859.0,6067.0,1401.0,12534.0,17696.19,6897.98,0.0,10215.51,0.0,12784.0,17565.0,,7208.0
2024-09-06,6914.0,,196.0,10978.4,15908.0,7144.12,0.0,10082.05,0.0,13377.0,18328.0,,6968.0
2024-09-07,7795.0,8772.0,0.0,7880.79,10428.95,3052.55,0.0,4035.11,0.0,7665.0,11636.0,,2741.0
2024-09-08,12162.0,8760.0,447.0,5757.95,7533.74,1145.52,0.0,1576.77,0.0,5064.0,7953.0,,991.0
2024-09-09,3681.0,4247.0,1956.0,13641.81,21061.96,7107.9,0.0,10255.23,0.0,12853.0,17532.0,,6908.0
2024-09-10,11751.0,,2224.0,13919.63,20208.25,7342.02,0.0,10971.8,0.0,13397.0,18174.0,,7382.0
2024-09-11,11920.0,6017.0,2404.0,11638.0,16896.43,6673.0,0.0,10317.13,0.0,13423.0,18312.0,,7407.0
2024-09-12,12106.0,14820.0,1473.0,12534.99,18029.13,7553.36,0.0,11049.8,0.0,13540.0,18361.0,,7234.0
2024-09-13,11225.0,6448.0,2464.0,11030.18,15418.2,6526.55,0.0,9735.48,0.0,13924.0,19013.0,,7126.0
2024-09-14,9728.0,8319.0,233.0,7234.46,8870.14,2603.83,0.0,3836.15,0.0,7781.0,11545.0,,2304.0
2024-09-15,5703.0,4651.0,1656.0,1536.11,1894.24,826.64,0.0,1110.61,0.0,6536.0,10616.0,,1004.0
2024-09-16,5766.0,,435.0,1534.16,1878.54,762.93,0.0,985.0,0.0,6141.0,10262.0,,1007.0
2024-09-17,7764.0,,1475.0,357.61,414.98,303.85,0.0,362.63,0.0,7048.0,11107.0,,919.0
2024-09-18,3534.0,5952.0,1475.0,7211.12,8774.36,1150.53,0.0,1525.4,0.0,7577.0,11883.0,,1413.0
2024-09-19,5878.0,8572.0,589.0,12541.83,17021.9,5873.01,0.0,8472.36,0.0,10868.0,15171.0,,5777.0
2024-09-20,11652.0,,153.0,11532.8,16618.72,6121.82,0.0,9101.38,0.0,11849.0,16374.0,,6763.0
2024-09-21,11133.0,10572.0,0.0,4478.85,5463.14,1863.92,0.0,3430.35,0.0,6233.0,8180.0,,2116.0
2024-09-22,8120.0,4410.0,0.0,6830.03,8913.24,1043.72,0.0,1442.0,0.0,4156.0,6667.0,,1038.0
2024-09-23,6976.0,,677.0,12932.13,18256.0,6793.94,0.0,9596.39,0.0,12111.0,16594.0,,6362.0
2024-09-24,10121.0,,256.0,12689.1,18729.68,7195.95,0.0,10449.84,0.0,12903.0,17655.0,,6946.0
2024-09-25,8803.0,4126.0,511.0,,,,,,,12693.0,17526.0,,6900.0
2024-09-26,7348.0,5310.0,741.0,12945.73,20652.4,6812.99,0.0,10369.29,0.0,12856.0,17641.0,,6952.0
2024-09-27,4940.0,,2362.0,12222.6,18529.97,7181.17,0.0,10216.06,0.0,13858.0,18735.0,,7194.0
2024-09-28,15998.0,5924.0,1279.0,8280.01,11718.7,3282.33,0.0,4331.34,0.0,8353.0,12265.0,,3347.0
2024-09-29,6905.0,6341.0,1921.0,7236.57,9268.33,1202.96,0.0,1598.64,0.0,5146.0,8212.0,,1143.0
2024-09-30,8249.0,,2296.0,13250.24,20187.34,6771.11,0.0,9940.46,0.0,13558.0,18481.0,,7279.0
2024-10-01,14642.0,,197.0,11393.34,16473.62,4212.33,0.0,5967.27,0.0,7948.0,11819.0,,3312.0
2024-10-02,6862.0,7305.0,5190.0,13660.37,21880.16,7210.62,0.0,10172.09,0.0,13151.0,18108.0,,7300.0
2024-10-03,7378.0,6375.0,343.0,10336.24,15326.03,3189.9,0.0,4412.93,0.0,6496.0,9800.0,,2280.0
2024-10-04,9459.0,7130.0,1121.0,12806.06,18978.94,6351.99,0.0,9522.44,0.0,12494.0,17233.0,,6588.0
2024-10-05,6925.0,9165.0,308.0,8016.45,10947.19,2997.97,0.0,4055.05,0.0,7727.0,11654.0,,2688.0
2024-10-06,12015.0,,144.0,6438.78,8562.03,1083.09,0.0,1454.61,0.0,4951.0,7662.0,,926.0
2024-10-07,7743.0,,3833.0,13227.47,20738.52,6471.87,0.0,9313.48,0.0,11759.0,16131.0,,6047.0
2024-10-08,9972.0,,153.0,13260.28,19477.08,7200.2,0.0,10451.36,0.0,13197.0,18207.0,,6991.0
2024-10-09,5658.0,5294.0,105.0,10010.43,13422.98,3692.39,0.0,5017.62,0.0,6824.0,10663.0,,2662.0
2024-10-10,6536.0,7894.0,2247.0,13652.82,19675.53,7053.05,0.0,10262.12,0.0,12999.0,17748.0,,7090.0
2024-10-11,9912.0,6520.0,968.0,12306.35,17213.85,7131.46,0.0,10694.0,0.0,13745.0,18776.0,,7049.0
2024-10-12,9559.0,14179.0,172.0,7960.25,10664.7,3124.44,0.0,4256.95,0.0,7954.0,11503.0,,2170.0
2024-10-13,7629.0,,272.0,6666.43,8471.88,1161.79,0.0,1604.4,0.0,5705.0,8404.0,,967.0
2024-10-14,11743.0,7928.0,2663.0,13622.97,20123.1,6628.05,0.0,9683.22,0.0,12365.0,17000.0,,6418.0
2024-10-15,8266.0,,737.0,11086.68,15358.8,5846.11,0.0,9492.34,0.0,12649.0,17141.0,,6786.0
2024-10-16,14754.0,4782.0,90.0,13068.82,18632.89,6965.22,0.0,10494.48,0.0,12692.0,17447.0,,6649.0
2024-10-17,5305.0,7412.0,968.0,12816.36,18795.85,7269.4,0.0,10292.58,0.0,12607.0,17473.0,,6857.0
2024-10-18,8093.0,,911.0,11808.22,17178.03,6445.66,0.0,9573.04,0.0,12487.0,16737.0,,6271.0
2024-10-19,8305.0,10980.0,449.0,7318.3,9341.9,2847.54,0.0,3569.74,0.0,7082.0,10571.0,,2223.0
2024-10-20,9070.0,,2136.0,5120.28,6768.35,1251.77,0.0,1681.74,0.0,5217.0,8069.0,,954.0
2024-10-21,6849.0,11001.0,1070.0,13497.69,20689.32,6785.92,0.0,9986.95,0.0,12417.0,17027.0,,6523.0
2024-10-22,9821.0,,390.0,10069.87,13729.6,4848.07,0.0,8542.74,0.0,11569.0,15671.0,,6036.0
2024-10-23,9102.0,8929.0,710.0,,,,,,,11323.0,15606.0,,6011.0
2024-10-24,10953.0,4007.0,132.0,,,,,,,13307.0,18149.0,,7434.0
2024-10-25,12326.0,9984.0,2820.0,12566.47,18151.8,6761.24,0.0,10039.12,0.0,13271.0,18010.0,,6810.0
2024-10-26,6917.0,3457.0,3371.0,9212.99,12070.91,3022.46,0.0,4055.04,0.0,8026.0,12100.0,,2706.0
2024-10-27,5795.0,,960.0,6287.14,8171.06,1203.89,0.0,1680.35,0.0,5260.0,8080.0,,1019.0
2024-10-28,11507.0,,1718.0,13254.9,18400.73,6694.21,0.0,9948.27,0.0,11702.0,16100.0,,5789.0
2024-10-29,7159.0,,1007.0,14136.99,20043.11,7258.58,0.0,10530.1,0.0,12285.0,16978.0,,6192.0
2024-10-30,5706.0,6189.0,1551.0,13313.85,18676.54,6933.64,0.0,10478.67,0.0,12225.0,16942.0,,6176.0
2024-10-31,12174.0,8516.0,1962.0,12553.47,18563.25,6743.25,0.0,10370.16,0.0,12396.0,17061.0,,6489.0
2024-11-01,16350.0,,1254.0,3334.62,4616.55,5002.87,0.0,8137.38,0.0,,,,
2024-11-02,5001.0,8007.0,88.0,1993.98,2564.96,2536.06,0.0,3295.61,0.0,,,,
2024-11-03,9007.0,,,1303.01,1552.42,1159.06,0.0,1532.09,0.0,,,,
2024-11-04,7596.0,,118.0,4208.41,5819.91,6445.77,0.0,9638.89,0.0,,,,
2024-11-05,8573.0,,1304.0,4286.01,6319.26,6708.23,0.0,9726.08,0.0,,,,
2024-11-06,12618.0,6211.0,2095.0,4304.38,6194.48,6616.21,0.0,9799.66,0.0,,,,
2024-11-07,12938.0,8985.0,982.0,4189.09,6027.06,6515.22,0.0,9865.66,0.0,,,,
2024-11-08,6692.0,,,4210.35,5961.61,6631.66,0.0,9725.27,0.0,,,,
2024-11-09,5262.0,9605.0,3979.0,2485.36,3164.95,2718.43,0.0,3736.01,0.0,,,,
2024-11-10,9737.0,7122.0,290.0,1322.38,1683.52,1088.51,0.0,1494.8,0.0,,,,
2024-11-11,9219.0,,89.0,4118.26,5613.6,6202.84,0.0,9473.57,0.0,,,,
2024-11-12,5533.0,6871.0,3986.0,4213.06,5842.23,6639.16,0.0,9976.9,0.0,,,,
2024-11-13,11467.0,2719.0,1380.0,4419.29,6315.13,6607.1,0.0,9907.86,0.0,,,,
2024-11-14,10105.0,8713.0,763.0,4373.88,6291.05,6554.68,0.0,9841.62,0.0,,,,
2024-11-15,6568.0,1388.0,1872.0,4293.57,6327.74,6040.71,0.0,9623.29,0.0,,,,
2024-11-16,6481.0,11527.0,2440.0,2512.23,3130.36,2707.06,0.0,3707.26,0.0,,,,
2024-11-17,6410.0,,875.0,1400.28,1740.97,1098.71,0.0,1473.87,0.0,,,,
2024-11-18,9787.0,,465.0,4263.9,5997.63,6492.52,0.0,9550.33,0.0,,,,
2024-11-19,8040.0,,4253.0,4342.49,6451.11,6738.63,0.0,10117.24,0.0,,,,
2024-11-20,9563.0,6137.0,54.0,4305.21,6118.1,6626.72,0.0,10324.01,0.0,,,,
2024-11-21,5811.0,9510.0,581.0,4220.97,5916.49,6600.08,0.0,9846.88,0.0,,,,
2024-11-22,13965.0,,466.0,4791.01,6657.37,6698.89,0.0,9679.93,0.0,,,,
2024-11-23,15494.0,8294.0,661.0,2888.45,3667.89,2884.49,0.0,3659.9,0.0,,,,
2024-11-24,4955.0,,3804.0,1383.27,1704.67,1062.46,0.0,1470.96,0.0,,,,
2024-11-25,14721.0,,312.0,4389.99,6242.45,6421.59,0.0,9609.62,0.0,,,,
2024-11-26,3072.0,,1919.0,4156.44,6150.8,6449.34,0.0,9449.6,0.0,,,,
2024-11-27,11420.0,9187.0,288.0,4431.08,6572.27,7229.36,0.0,9610.79,0.0,,,,
2024-11-28,10016.0,4309.0,119.0,3998.08,5976.89,6693.21,0.0,10151.75,0.0,,,,
2024-11-29,4998.0,,703.0,4493.67,6483.04,6637.87,0.0,9754.37,0.0,,,,
2024-11-30,9025.0,8929.0,2301.0,2519.43,3273.05,2885.77,0.0,3753.57,0.0,,,,
2024-12-01,8064.0,6787.0,478.0,5949.52,7412.81,917.01,0.0,1313.4,0.0,,,,
2024-12-02,10269.0,,2415.0,15165.01,21843.33,6193.24,0.0,8984.96,0.0,,,,
2024-12-03,11599.0,,527.0,13764.7,20476.81,6909.62,0.0,10203.86,0.0,,,,
2024-12-04,4586.0,2639.0,1575.0,14031.61,21163.1,6647.64,0.0,9703.76,0.0,,,,
2024-12-05,11074.0,8274.0,1681.0,13965.22,20765.76,6796.91,0.0,9826.95,0.0,,,,
2024-12-06,5231.0,,2121.0,15564.39,22627.91,6605.56,0.0,9763.35,0.0,,,,
2024-12-07,14129.0,8766.0,488.0,9517.93,12433.75,2726.79,0.0,3605.68,0.0,,,,
2024-12-08,8745.0,3406.0,1216.0,6852.39,8465.98,1015.35,0.0,1305.14,0.0,,,,
2024-12-09,8370.0,,1558.0,8587.26,12160.74,4068.73,0.0,5376.56,0.0,,,,
2024-12-10,12200.0,,634.0,13503.86,19764.73,6726.93,0.0,10024.6,0.0,,,,
2024-12-11,10523.0,4630.0,120.0,14126.93,20979.38,6745.88,0.0,9812.37,0.0,,,,
2024-12-12,8180.0,11576.0,140.0,14294.93,20460.89,6708.57,0.0,9885.14,0.0,,,,
2024-12-13,9955.0,,1794.0,12862.58,19028.71,6594.73,0.0,9560.52,0.0,,,,
2024-12-14,9243.0,5088.0,1253.0,9275.11,12163.68,2778.93,0.0,3654.5,0.0,,,,
2024-12-15,8567.0,,983.0,5557.5,7095.25,1003.15,0.0,1300.55,0.0,,,,
2024-12-16,11100.0,,0.0,14715.66,21547.1,6318.14,0.0,9346.46,0.0,,,,
2024-12-17,12182.0,,455.0,14022.94,20556.81,6769.89,0.0,10125.06,0.0,,,,
2024-12-18,4256.0,9555.0,208.0,13885.41,19877.07,6797.26,0.0,9964.66,0.0,,,,
2024-12-19,5731.0,6500.0,1586.0,14163.66,20062.01,6498.34,0.0,9884.02,0.0,,,,
2024-12-20,8254.0,,3326.0,14101.09,19964.59,6576.0,0.0,9682.64,0.0,,,,
2024-12-21,9186.0,5736.0,427.0,10565.18,13465.44,2930.38,0.0,3887.61,0.0,,,,
2024-12-22,8775.0,9605.0,1854.0,6836.45,8287.71,951.87,0.0,1265.7,0.0,,,,
2024-12-23,8525.0,,3177.0,14805.19,20695.1,6557.12,0.0,9564.63,0.0,,,,
2024-12-24,12909.0,9970.0,4830.0,13306.74,19595.01,6659.74,0.0,10009.48,0.0,,,,
2024-12-25,10102.0,14586.0,2387.0,12865.37,17180.23,2477.5,0.0,3533.81,0.0,,,,
2024-12-26,8650.0,,3366.0,15452.47,22485.97,6622.39,0.0,9619.53,0.0,,,,
2024-12-27,8172.0,,1338.0,13314.25,19224.85,6432.58,0.0,9482.63,0.0,,,,
2024-12-28,7889.0,,1078.0,10381.05,13566.36,2776.71,0.0,3816.99,0.0,,,,
2024-12-29,6780.0,6679.0,750.0,7373.46,9851.54,901.86,0.0,1274.66,0.0,,,,
2024-12-30,12438.0,,713.0,14293.85,22188.24,6408.68,0.0,9341.02,0.0,,,,
2024-12-31,9571.0,,463.0,11486.24,17647.64,5676.61,0.0,7975.87,0.0,1894.0,2610.0,,567.0
2025-01-01,6322.0,,4095.0,1457.7,1959.31,1102.87,0.0,1572.06,0.0,4754.0,8195.0,,1081.0
2025-01-02,9357.0,4551.0,5087.0,4299.88,6819.81,5725.84,0.0,8385.62,0.0,10693.0,15246.0,,6222.0
2025-01-03,14206.0,,151.0,4324.08,6869.39,6357.71,0.0,9170.15,0.0,11819.0,16680.0,,6947.0
2025-01-04,6814.0,5975.0,1181.0,2507.29,3531.67,2573.71,0.0,3580.59,0.0,6068.0,9821.0,,2857.0
2025-01-05,7927.0,10366.0,2693.0,1155.49,1593.72,939.66,0.0,1282.92,0.0,4286.0,6988.0,,1343.0
2025-01-06,,,1552.0,4335.27,6453.79,6338.37,0.0,8921.24,0.0,11259.0,15889.0,,6603.0
2025-01-07,8417.0,,1735.0,4203.02,6307.35,6450.75,0.0,9659.64,0.0,11799.0,16492.0,,6943.0
2025-01-08,9525.0,7981.0,1580.0,4040.03,6060.05,6214.49,0.0,9259.48,0.0,11441.0,16092.0,,6840.0
2025-01-09,6556.0,4326.0,861.0,4099.82,6140.28,6296.01,0.0,9256.74,0.0,11507.0,16112.0,,6817.0
2025-01-10,11700.0,,2199.0,4132.4,6118.89,7630.67,,9097.73,,,,,
2025-01-11,5881.0,5104.0,1702.0,2714.68,3703.6,3104.09,0.0,3498.13,0.0,6461.0,10328.0,,2957.0
2025-01-12,7367.0,,741.0,1264.05,1563.13,1214.25,0.0,1385.26,0.0,4338.0,7173.0,,1392.0
2025-01-13,7480.0,4733.0,988.0,4257.31,6116.69,7844.08,0.0,9163.41,0.0,11781.0,16623.0,,7008.0
2025-01-14,13295.0,,99.0,4587.18,6628.49,8430.61,0.0,10009.16,0.0,12097.0,16952.0,,7244.0
2025-01-15,10897.0,7173.0,602.0,4149.77,6111.79,8394.15,0.0,10031.8,0.0,11945.0,16797.0,,7273.0
2025-01-16,8534.0,5330.0,2579.0,4127.96,6122.1,8309.4,0.0,10168.07,0.0,12360.0,17141.0,,7464.0
2025-01-17,10454.0,,1248.0,4264.34,6250.51,8342.84,0.0,9847.89,0.0,12403.0,17312.0,,7097.0
2025-01-18,6435.0,14053.0,1938.0,2469.11,3276.43,3524.18,0.0,4049.55,0.0,6935.0,10748.0,,3174.0
2025-01-19,10269.0,4603.0,8505.0,1094.36,1379.62,1219.9,0.0,1410.29,0.0,4535.0,7458.0,,1352.0
2025-01-20,4973.0,,582.0,4545.02,6591.82,8439.77,0.0,9466.02,0.0,12408.0,17195.0,,7414.0
2025-01-21,20245.0,10320.0,1261.0,4606.02,6618.19,8784.13,0.0,10340.71,0.0,13214.0,18127.0,,7744.0
2025-01-22,7352.0,8274.0,1222.0,4534.43,7075.61,8862.22,0.0,10357.8,0.0,13188.0,18036.0,,7622.0
2025-01-23,4915.0,8551.0,3015.0,4611.75,7389.41,9092.18,0.0,10707.25,0.0,13638.0,18598.0,,8033.0
2025-01-24,9833.0,,2180.0,4615.06,7417.81,8528.83,,10142.36,,,,,
2025-01-25,8689.0,8792.0,2995.0,2999.35,4278.2,3643.21,0.0,4345.69,0.0,7922.0,11469.0,,3279.0
2025-01-26,13404.0,8562.0,4183.0,1063.69,1522.74,1078.53,0.0,1269.03,0.0,4994.0,7679.0,,1167.0
2025-01-27,10605.0,7537.0,1667.0,1867.58,2676.11,2779.99,0.0,2975.26,0.0,6848.0,10558.0,,2155.0
2025-01-28,11950.0,5995.0,866.0,1015.42,1321.63,886.99,0.0,902.61,0.0,5338.0,8769.0,,954.0
2025-01-29,3340.0,2051.0,198.0,203.31,253.67,354.21,0.0,336.63,0.0,6230.0,9628.0,,712.0
2025-01-30,6298.0,3820.0,2760.0,1055.8,1413.51,1127.94,0.0,1205.56,0.0,6451.0,10303.0,,1277.0
2025-01-31,6564.0,,8817.0,3766.03,5700.85,5543.05,0.0,6277.04,0.0,9529.0,13618.0,,5462.0
2025-02-01,7400.0,3817.0,1288.0,9464.93,12844.49,2764.27,0.0,2968.66,0.0,,,,
2025-02-02,8565.0,,209.0,7855.39,10515.98,1216.03,0.0,1325.79,0.0,,,,
2025-02-03,8906.0,,80.0,14715.71,22969.21,7756.65,0.0,9032.68,0.0,,,,
2025-02-04,4194.0,,4059.0,13374.18,20830.44,8199.76,0.0,9845.43,0.0,,,,
2025-02-05,9840.0,3860.0,493.0,14121.69,22127.94,7850.13,0.0,9560.89,0.0,,,,
2025-02-06,5148.0,9139.0,1137.0,13510.72,21635.35,7862.49,0.0,9758.09,0.0,,,,
2025-02-07,1786.0,,2181.0,13184.59,20998.21,8181.56,0.0,9300.36,0.0,,,,
2025-02-08,9892.0,9809.0,1532.0,8987.49,12413.65,3198.68,0.0,3721.58,0.0,,,,
2025-02-09,5843.0,11038.0,839.0,5913.59,7651.03,1155.66,0.0,1322.18,0.0,,,,
2025-02-10,7959.0,,1017.0,14339.05,21096.74,7446.18,0.0,9025.17,0.0,,,,
2025-02-11,7430.0,,4708.0,14138.42,20830.81,8072.28,0.0,10037.27,0.0,,,,
2025-02-12,7965.0,11339.0,205.0,10684.56,15554.31,7430.31,0.0,8422.39,0.0,,,,
2025-02-13,8108.0,8148.0,3124.0,12731.37,18559.21,7993.16,0.0,9953.75,0.0,,,,
2025-02-14,,,2132.0,13409.84,19513.91,7995.69,0.0,9678.03,0.0,,,,
2025-02-15,4250.0,6698.0,2723.0,10223.07,14655.28,3701.08,0.0,3994.62,0.0,,,,
2025-02-16,12600.0,8807.0,4043.0,7388.39,9178.5,1268.44,0.0,1415.25,0.0,,,,
2025-02-17,6385.0,,425.0,14175.45,20242.64,7621.53,0.0,9339.34,0.0,,,,
2025-02-18,8830.0,,488.0,13597.61,19361.23,8027.35,0.0,10012.89,0.0,,,,
2025-02-19,13742.0,5643.0,955.0,12874.25,18978.6,7906.64,0.0,9694.75,0.0,,,,
2025-02-20,9415.0,8921.0,1738.0,13879.44,20116.59,8337.76,0.0,9907.8,0.0,,,,
2025-02-21,13675.0,,2972.0,11923.48,17262.66,8119.22,0.0,9480.22,0.0,,,,
2025-02-22,14608.0,13150.0,1354.0,10165.45,12956.22,3606.43,0.0,4138.1,0.0,,,,
2025-02-23,6191.0,,1764.0,6331.79,7729.98,1282.95,0.0,1522.86,0.0,,,,
2025-02-24,13891.0,6817.0,13.0,13773.7,19254.51,7700.19,0.0,9428.79,0.0,,,,
2025-02-25,14796.0,,2344.0,13069.4,18990.34,8013.42,0.0,10141.09,0.0,,,,
2025-02-26,5508.0,9018.0,1330.0,13059.3,19403.34,8449.97,0.0,10135.48,0.0,,,,
2025-02-27,18560.0,14268.0,2770.0,13534.4,20472.26,8736.97,0.0,10354.57,0.0,,,,
2025-02-28,8824.0,,942.0,12747.41,18385.48,8683.17,0.0,9769.95,0.0,,,,
2025-03-01,5837.0,,895.0,6350.37,8504.63,3061.92,0.0,3233.06,0.0,,,,
2025-03-02,6968.0,8294.0,2231.0,3436.62,4495.4,993.03,0.0,1081.72,0.0,,,,
2025-03-03,11098.0,8040.0,1021.0,9714.69,13057.23,2767.92,0.0,2904.8,0.0,,,,
2025-03-04,12487.0,,1175.0,11747.14,17578.08,7352.53,0.0,8277.81,0.0,,,,
2025-03-05,10957.0,6432.0,311.0,12710.61,19166.7,8018.89,0.0,9550.3,0.0,,,,
2025-03-06,9412.0,12533.0,1188.0,12497.9,19243.63,8645.78,0.0,10216.32,0.0,,,,
2025-03-07,7338.0,,417.0,11189.51,16552.52,8144.8,0.0,9693.84,0.0,,,,
2025-03-08,5731.0,4402.0,705.0,7110.89,9715.81,3349.54,0.0,3558.63,0.0,,,,
2025-03-09,10952.0,,1571.0,6498.56,8280.76,1266.45,0.0,1430.98,0.0,,,,
2025-03-10,12593.0,7333.0,1630.0,13334.48,19799.34,8176.32,0.0,9417.09,0.0,,,,
2025-03-11,5172.0,,2363.0,12972.65,19141.68,8314.3,0.0,9955.65,0.0,,,,
2025-03-12,10104.0,7275.0,1541.0,13490.78,20184.86,8366.52,0.0,10081.23,0.0,,,,
2025-03-13,8764.0,4754.0,1611.0,12388.5,19163.5,8511.17,0.0,9943.8,0.0,,,,
2025-03-14,11679.0,,272.0,12458.13,18313.35,8260.23,0.0,9573.2,0.0,,,,
2025-03-15,10440.0,9699.0,2834.0,8479.03,11718.99,3358.93,0.0,3515.96,0.0,,,,
2025-03-16,11502.0,6363.0,2360.0,6118.71,7990.97,1310.61,0.0,1341.6,0.0,,,,
2025-03-17,12029.0,,1697.0,13692.78,20358.49,7870.46,0.0,9210.53,0.0,,,,
2025-03-18,11816.0,,694.0,13246.26,20226.77,8328.32,0.0,9782.9,0.0,,,,
2025-03-19,8004.0,6781.0,1554.0,13129.93,19871.95,8224.12,0.0,9906.44,0.0,,,,
2025-03-20,11731.0,12101.0,2374.0,13328.23,20014.9,8408.39,0.0,10306.06,0.0,,,,
2025-03-21,6661.0,,6191.0,12449.97,18616.84,8190.86,0.0,9563.18,0.0,,,,
2025-03-22,13821.0,8878.0,1134.0,7322.35,9856.82,3334.32,0.0,3591.25,0.0,,,,
2025-03-23,6461.0,4435.0,969.0,7357.79,9747.47,1366.36,0.0,1489.67,0.0,,,,
2025-03-24,13301.0,,1608.0,13549.19,20159.89,8132.0,0.0,9268.58,0.0,,,,
2025-03-25,6304.0,,2801.0,12753.27,19024.38,8565.26,0.0,10110.88,0.0,,,,
2025-03-26,9765.0,9320.0,1681.0,12633.27,18553.7,8205.33,0.0,10051.7,0.0,,,,
2025-03-27,14383.0,3065.0,2866.0,10886.21,13609.88,34756.82,0.0,47771.19,0.0,,,,
2025-03-28,8314.0,8613.0,2573.0,12096.59,18055.86,8462.98,0.0,9588.49,0.0,,,,
2025-03-29,14808.0,6171.0,1508.0,8477.84,11550.9,3542.63,0.0,3664.34,0.0,,,,
2025-03-30,6532.0,8384.0,4871.0,6844.8,8809.51,1372.5,0.0,1407.72,0.0,,,,
2025-03-31,14849.0,,2417.0,13495.52,19959.71,8049.23,0.0,9047.02,0.0,,,,
2025-04-01,7405.0,4759.0,2852.0,4092.71,6141.15,8551.19,0.0,9901.1,0.0,,,,
2025-04-02,8091.0,8463.0,3482.0,3770.46,5618.86,8350.95,0.0,9881.57,0.0,,,,
2025-04-03,10102.0,4510.0,1797.0,4167.43,6185.46,8949.29,0.0,10159.67,0.0,,,,
2025-04-04,10651.0,,2911.0,4223.22,6124.23,8153.24,0.0,9574.3,0.0,,,,
2025-04-05,9742.0,6855.0,3000.0,2229.64,3120.12,3238.21,0.0,3242.97,0.0,,,,
2025-04-06,11977.0,7816.0,4564.0,1146.95,1475.92,1340.28,0.0,1412.26,0.0,,,,
2025-04-07,10175.0,8379.0,927.0,4092.54,6033.11,8006.4,0.0,9152.99,0.0,,,,
2025-04-08,6771.0,7169.0,775.0,3938.79,5782.52,8687.75,0.0,9762.35,0.0,,,,
2025-04-09,7260.0,6642.0,2938.0,3939.69,6049.87,8381.22,0.0,9644.22,0.0,,,,
2025-04-10,6149.0,6115.0,1040.0,3822.99,5556.94,8649.82,0.0,10044.24,0.0,,,,
2025-04-11,16169.0,6842.0,1537.0,3943.15,5771.45,8337.13,0.0,9569.83,0.0,,,,
2025-04-12,4526.0,6243.0,3896.0,1984.31,2780.77,3459.46,0.0,3438.38,0.0,,,,
2025-04-13,10516.0,6406.0,1393.0,1232.8,1674.31,1299.56,0.0,1336.74,0.0,,,,
2025-04-14,12268.0,9696.0,2429.0,3799.72,5391.52,8295.99,0.0,8929.61,0.0,,,,
2025-04-15,10996.0,7969.0,1344.0,3969.38,5822.83,8526.02,0.0,9825.99,0.0,,,,
2025-04-16,7910.0,9349.0,2990.0,3805.83,5784.99,8592.38,0.0,9168.57,0.0,,,,
2025-04-17,7799.0,7008.0,3405.0,3782.08,5284.44,8619.95,0.0,9858.61,0.0,,,,
2025-04-18,8535.0,,1325.0,3977.92,5501.88,8497.15,0.0,9388.09,0.0,,,,
2025-04-19,6830.0,6463.0,2529.0,2198.4,2834.92,3321.01,0.0,3483.16,0.0,,,,
2025-04-20,11062.0,11723.0,2427.0,1147.98,1529.8,1347.43,0.0,1482.4,0.0,,,,
2025-04-21,19083.0,,2507.0,3948.93,5810.84,8082.75,0.0,9140.33,0.0,,,,
2025-04-22,8594.0,,357.0,2860.25,4089.5,6662.34,0.0,8521.61,0.0,,,,
2025-04-23,5947.0,7287.0,520.0,3891.0,5741.69,8871.36,0.0,10163.4,0.0,,,,
2025-04-24,9279.0,7951.0,5729.0,3928.84,5772.05,8996.34,0.0,10277.32,0.0,,,,
2025-04-25,18518.0,,800.0,4137.22,6248.29,8969.58,0.0,10043.84,0.0,,,,
2025-04-26,7740.0,6550.0,3184.0,2564.42,3434.5,3810.95,0.0,3968.27,0.0,,,,
2025-04-27,12591.0,6694.0,3543.0,1258.83,1668.07,1453.31,0.0,1540.69,0.0,,,,
2025-04-28,6788.0,5835.0,2541.0,4254.35,6285.57,8707.65,0.0,9676.61,0.0,,,,
2025-04-29,12866.0,6759.0,629.0,4299.41,6574.01,9388.33,0.0,10363.5,0.0,,,,
2025-04-30,17774.0,9171.0,3392.0,4276.55,6279.28,9031.21,0.0,10447.93,0.0,,,,
2025-05-01,11914.0,,2025.0,10184.63,13515.35,3781.86,0.0,4288.68,0.0,,,,
2025-05-02,7035.0,11373.0,1817.0,13915.89,20051.54,7908.47,0.0,8814.69,0.0,,,,
2025-05-03,6736.0,4541.0,2183.0,8598.51,10974.35,3369.27,0.0,3528.9,0.0,,,,
2025-05-04,7188.0,8165.0,4557.0,2790.6,3600.58,997.1,0.0,1017.91,0.0,,,,
2025-05-05,12519.0,,767.0,7556.11,10219.85,2366.05,0.0,2552.0,0.0,,,,
2025-05-06,13670.0,,1650.0,11076.85,14897.13,2871.93,0.0,3041.5,0.0,,,,
2025-05-07,7352.0,3358.0,4311.0,13547.66,20444.73,8449.44,0.0,9373.88,0.0,,,,
2025-05-08,12184.0,9805.0,3640.0,13809.7,21216.71,9446.37,0.0,10746.33,0.0,,,,
2025-05-09,14233.0,,1905.0,10080.56,14481.54,6611.15,0.0,9082.05,0.0,,,,
2025-05-10,4649.0,,3901.0,7942.57,10516.18,3791.23,0.0,3877.03,0.0,,,,
2025-05-11,6949.0,6588.0,13.0,7980.08,10401.15,1399.63,0.0,1432.84,0.0,,,,
2025-05-12,8793.0,7671.0,894.0,13584.67,20600.52,8523.39,0.0,9555.23,0.0,,,,
2025-05-13,9268.0,5008.0,1055.0,13540.82,21199.53,8997.5,0.0,10237.77,0.0,,,,
2025-05-14,9481.0,4405.0,2060.0,13641.14,20896.51,8861.37,0.0,10045.59,0.0,,,,
2025-05-15,9683.0,4736.0,1298.0,12722.07,17866.85,8389.49,0.0,9961.39,0.0,,,,
2025-05-16,14336.0,,3624.0,11211.25,15404.0,8127.62,0.0,9638.76,0.0,,,,
2025-05-17,9402.0,9918.0,2662.0,7890.37,10276.35,3593.18,0.0,3779.34,0.0,,,,
2025-05-18,13075.0,6259.0,691.0,7489.71,10084.25,1392.34,0.0,1463.69,0.0,,,,
2025-05-19,3506.0,5946.0,794.0,13124.83,20315.14,8549.27,0.0,9615.79,0.0,,,,
2025-05-20,10026.0,,3536.0,12653.8,18245.69,8846.2,0.0,10171.07,0.0,,,,
2025-05-21,7957.0,10783.0,3259.0,12733.23,19683.8,8712.86,0.0,9772.54,0.0,,,,
2025-05-22,13586.0,5658.0,3037.0,12843.97,20338.47,8656.47,0.0,9974.94,0.0,,,,
2025-05-23,11553.0,,2752.0,11887.65,18988.61,8695.93,0.0,9744.17,0.0,,,,
2025-05-24,8971.0,8053.0,1892.0,8921.73,11912.08,3566.52,0.0,3666.83,0.0,,,,
2025-05-25,8426.0,9590.0,1084.0,6793.88,9024.86,1358.24,0.0,1429.05,0.0,,,,
2025-05-26,,,2615.0,13733.38,20795.79,8695.9,0.0,9323.79,0.0,,,,
2025-05-27,12940.0,,855.0,12913.97,20387.21,8847.45,0.0,9995.72,0.0,,,,
2025-05-28,14134.0,8294.0,1819.0,13134.57,21066.88,8766.83,0.0,9767.85,0.0,,,,
2025-05-29,9001.0,7988.0,2466.0,13557.21,21023.78,8652.19,0.0,9831.27,0.0,,,,
2025-05-30,12296.0,,2029.0,12214.92,18865.9,8398.63,0.0,9525.07,0.0,,,,
2025-05-31,12034.0,7775.0,976.0,8920.88,12750.0,3526.22,0.0,3710.66,0.0,,,,
2025-06-01,6145.0,7838.0,793.0,1157.18,1585.62,1313.5,0.0,1455.25,0.0,,,,
2025-06-02,,,1528.0,3498.58,5365.18,7660.77,0.0,8924.97,0.0,,,,
2025-06-03,6527.0,,3088.0,2242.71,3111.64,3928.76,0.0,4439.0,0.0,,,,
2025-06-04,16629.0,9646.0,1529.0,4124.49,6495.77,8748.68,0.0,9846.94,0.0,,,,
2025-06-05,7260.0,5874.0,3382.0,4273.86,6570.25,8324.74,0.0,10620.81,0.0,,,,
2025-06-06,10495.0,,2330.0,2698.43,3863.2,0.0,0.0,4761.64,0.0,,,,
2025-06-07,11339.0,7683.0,4161.0,1940.66,2684.61,0.0,0.0,3354.35,0.0,,,,
2025-06-08,7794.0,6579.0,2495.0,1163.79,1525.19,0.0,0.0,1404.95,0.0,,,,
2025-06-09,6129.0,5267.0,3022.0,3881.78,5871.63,0.0,0.0,9659.04,0.0,,,,
2025-06-10,8233.0,,656.0,3912.05,6125.78,0.0,0.0,10564.79,0.0,,,,
2025-06-11,8253.0,5033.0,2252.0,3838.95,5980.21,0.0,0.0,10411.41,0.0,,,,
2025-06-12,7275.0,3043.0,1400.0,3866.77,6227.96,0.0,0.0,10332.06,0.0,,,,
2025-06-13,11968.0,,1466.0,3575.36,5430.87,0.0,0.0,9213.83,0.0,,,,
2025-06-14,9076.0,6267.0,2610.0,1334.48,1574.55,0.0,0.0,3170.99,0.0,,,,
2025-06-15,11037.0,9376.0,1863.0,1108.6,1372.16,0.0,0.0,1443.05,0.0,,,,
2025-06-16,6234.0,7856.0,170.0,3253.8,4520.99,0.0,0.0,8403.13,0.0,,,,
2025-06-17,8371.0,,2046.0,3801.25,5648.76,0.0,0.0,9650.42,0.0,,,,
2025-06-18,11693.0,6714.0,906.0,3844.58,5523.66,0.0,0.0,9935.81,0.0,,,,
2025-06-19,14285.0,11107.0,970.0,4088.29,6193.94,0.0,0.0,10258.86,0.0,,,,
2025-06-20,,,1103.0,3579.64,4412.03,0.0,0.0,9258.89,0.0,,,,
2025-06-21,14756.0,5501.0,2192.0,1811.34,2183.14,0.0,0.0,3046.36,0.0,,,,
2025-06-22,6246.0,5066.0,838.0,1182.76,1567.75,0.0,0.0,1424.33,0.0,,,,
2025-06-23,11047.0,10052.0,3242.0,3793.1,5691.46,0.0,0.0,9058.75,0.0,,,,
2025-06-24,5118.0,,3810.0,3181.66,4552.38,0.0,0.0,8985.0,0.0,,,,
2025-06-25,9514.0,5699.0,139.0,3600.76,5288.41,0.0,0.0,9570.07,0.0,,,,
2025-06-26,8544.0,5503.0,521.0,4013.66,6148.09,0.0,0.0,10220.08,0.0,,,,
2025-06-27,10398.0,,4466.0,4022.25,6218.53,0.0,0.0,9515.05,0.0,,,,
2025-06-28,18335.0,10428.0,2434.0,2540.71,3446.54,0.0,0.0,4120.13,0.0,,,,
2025-06-29,8498.0,4205.0,2141.0,1136.62,1457.56,0.0,0.0,1463.12,0.0,,,,
2025-06-30,8735.0,,1750.0,3841.93,5719.21,0.0,0.0,8849.64,0.0,,,,
2025-07-01,10820.0,,2666.0,13093.61,20038.46,0.0,0.0,9532.44,0.0,,,,
2025-07-02,12667.0,6503.0,970.0,9290.17,14526.72,0.0,0.0,7052.47,0.0,,,,
2025-07-03,7032.0,4700.0,1065.0,12247.95,19251.68,0.0,0.0,9670.58,0.0,,,,
2025-07-04,7508.0,5420.0,1881.0,10154.66,15800.58,0.0,0.0,9410.52,0.0,,,,
2025-07-05,6533.0,10240.0,1413.0,8965.0,12393.33,0.0,0.0,3662.33,0.0,,,,
2025-07-06,6061.0,7845.0,3496.0,6750.97,9045.71,0.0,0.0,1423.67,0.0,,,,
2025-07-07,11802.0,,3073.0,13419.87,21181.15,0.0,0.0,9049.75,0.0,,,,
2025-07-08,7415.0,,1343.0,12999.79,20958.83,0.0,0.0,9927.13,0.0,,,,
2025-07-09,12026.0,4024.0,709.0,12896.37,20559.76,0.0,0.0,9590.59,0.0,,,,
2025-07-10,8751.0,4378.0,1958.0,13179.9,21349.25,0.0,0.0,9684.78,0.0,,,,
2025-07-11,8371.0,,3883.0,12783.79,19720.5,0.0,0.0,9134.77,0.0,,,,
2025-07-12,5710.0,8699.0,3395.0,9644.71,13616.82,0.0,0.0,3600.55,0.0,,,,
2025-07-13,11733.0,4853.0,1618.0,6465.24,8740.78,0.0,0.0,1385.8,0.0,,,,
2025-07-14,10859.0,,1930.0,12731.51,18697.52,0.0,0.0,8622.4,0.0,,,,
2025-07-15,2646.0,,2158.0,12833.29,19214.93,0.0,0.0,9039.26,0.0,,,,
2025-07-16,17357.0,11910.0,985.0,11630.63,17341.35,0.0,0.0,9526.6,0.0,,,,
2025-07-17,6250.0,5289.0,1694.0,12200.98,16994.73,0.0,0.0,8617.58,0.0,,,,
2025-07-18,6633.0,,1893.0,10425.94,14302.77,0.0,0.0,7648.98,0.0,,,,
2025-07-19,7702.0,3596.0,1582.0,6407.29,9334.59,0.0,0.0,2913.22,0.0,,,,
2025-07-20,10045.0,4371.0,1600.0,7181.96,9800.79,0.0,0.0,1430.16,0.0,,,,
2025-07-21,5037.0,9230.0,3071.0,13888.2,20266.79,0.0,0.0,8942.64,0.0,,,,
2025-07-22,15847.0,10815.0,2607.0,12627.98,19110.31,0.0,0.0,9718.3,0.0,,,,
2025-07-23,13552.0,3592.0,3209.0,13129.75,20325.23,0.0,0.0,9669.51,0.0,,,,
2025-07-24,5946.0,8609.0,3112.0,14207.97,20724.93,0.0,0.0,10033.73,0.0,,,,
2025-07-25,9086.0,,1968.0,12707.43,18023.27,0.0,0.0,9752.19,0.0,,,,
2025-07-26,11691.0,5452.0,1946.0,9698.24,12450.39,0.0,0.0,3706.93,0.0,,,,
2025-07-27,10028.0,6971.0,339.0,7172.55,8840.24,0.0,0.0,1365.45,0.0,,,,
2025-07-28,11936.0,9673.0,405.0,14318.02,20117.77,0.0,0.0,8136.18,0.0,,,,
2025-07-29,10435.0,6574.0,5335.0,14429.38,20475.09,0.0,0.0,8901.15,0.0,,,,
2025-07-30,17802.0,5362.0,2779.0,14237.01,19911.03,0.0,0.0,8032.54,0.0,,,,
2025-07-31,4860.0,13007.0,1694.0,12979.84,18221.91,0.0,0.0,7468.83,0.0,,,,
2025-08-01,4799.0,,1336.0,3711.93,5165.67,0.0,0.0,6642.83,0.0,,,,
2025-08-02,15154.0,3921.0,1007.0,1969.01,2543.18,0.0,0.0,2616.7,0.0,,,,
2025-08-03,8383.0,5418.0,2356.0,1063.85,1371.53,0.0,0.0,1292.56,0.0,,,,
2025-08-04,8606.0,4070.0,841.0,3034.89,4119.4,0.0,0.0,6523.64,0.0,,,,
2025-08-05,6663.0,,2673.0,3167.51,4586.63,0.0,0.0,7642.59,0.0,,,,
2025-08-06,8710.0,5563.0,2055.0,3267.92,4674.5,0.0,0.0,7842.36,0.0,,,,
2025-08-07,9803.0,6366.0,3447.0,3550.1,5242.41,0.0,0.0,8940.3,0.0,,,,
2025-08-08,4303.0,,2264.0,3755.26,5661.74,0.0,0.0,8849.54,0.0,,,,
2025-08-09,10221.0,6025.0,1880.0,1998.77,2807.76,0.0,0.0,3352.24,0.0,,,,
2025-08-10,5207.0,7754.0,2652.0,953.92,1196.28,0.0,0.0,1384.05,0.0,,,,
2025-08-11,8610.0,,951.0,3599.64,5368.2,0.0,0.0,8116.8,0.0,,,,
2025-08-12,7775.0,3256.0,1378.0,3037.31,3927.75,0.0,0.0,8620.14,0.0,,,,
2025-08-13,5538.0,5985.0,1520.0,3606.63,5084.99,0.0,0.0,8841.89,0.0,,,,
2025-08-14,8567.0,7939.0,1728.0,4259.68,5795.5,0.0,0.0,8926.58,0.0,,,,
2025-08-15,10229.0,,1607.0,2779.67,3553.11,0.0,0.0,4133.57,0.0,,,,
2025-08-16,13532.0,8181.0,2520.0,2262.87,2840.39,0.0,0.0,2866.87,0.0,,,,
2025-08-17,4653.0,3502.0,2710.0,1237.95,1480.29,0.0,0.0,1427.43,0.0,,,,
2025-08-18,5865.0,5621.0,1210.0,3903.27,5524.49,0.0,0.0,8759.59,0.0,5038.0,6551.0,,2613.0
2025-08-19,6317.0,,1413.0,4051.21,6026.19,0.0,0.0,9775.84,0.0,12583.0,17240.0,,7303.0
2025-08-20,11630.0,8518.0,2029.0,4131.16,5976.67,0.0,0.0,9492.55,0.0,12588.0,17158.0,,7323.0
2025-08-21,7519.0,6921.0,2898.0,4319.39,6402.24,0.0,0.0,9219.06,0.0,12575.0,16889.0,,7344.0
2025-08-22,8216.0,,3079.0,4228.51,6245.68,0.0,0.0,9056.56,0.0,12741.0,17326.0,,7021.0
2025-08-23,9923.0,8407.0,1613.0,2565.82,3495.51,0.0,0.0,3742.18,0.0,6960.0,10730.0,,2543.0
2025-08-24,10006.0,7363.0,820.0,1203.1,1571.73,0.0,0.0,1398.51,0.0,4688.0,7370.0,,975.0
2025-08-25,10041.0,11357.0,498.0,4276.05,6046.84,,,9172.89,,11930.0,16387.0,,6599.0
2025-08-26,8079.0,,1145.0,4163.02,6115.03,0.0,0.0,9501.47,0.0,12127.0,16595.0,,6730.0
2025-08-27,5289.0,6283.0,2306.0,3913.44,5926.24,0.0,0.0,9729.87,0.0,11945.0,16423.0,,6804.0
2025-08-28,17093.0,5649.0,1594.0,4097.62,6038.21,0.0,0.0,10019.33,0.0,12335.0,16779.0,,6942.0
2025-08-29,7337.0,,3910.0,4059.54,5884.67,0.0,0.0,9210.14,0.0,12369.0,16891.0,,6718.0
2025-08-30,7423.0,5262.0,1919.0,2314.08,3019.67,0.0,0.0,3609.8,0.0,6815.0,10404.0,,1988.0
2025-08-31,12843.0,6327.0,2774.0,1105.59,1503.89,0.0,0.0,1350.12,0.0,4390.0,6925.0,,886.0
2025-09-01,11504.0,,1849.0,12661.64,18487.84,0.0,0.0,8328.24,0.0,10528.0,14637.0,,5854.0
2025-09-02,8916.0,,2069.0,12552.79,18745.71,0.0,0.0,8733.13,0.0,11190.0,15547.0,,6304.0
2025-09-03,3088.0,3042.0,3875.0,13435.53,19605.9,0.0,0.0,8909.23,0.0,11790.0,16271.0,,6632.0
2025-09-04,7648.0,9134.0,2374.0,14385.72,21428.38,0.0,0.0,9396.42,0.0,11852.0,16240.0,,6591.0
2025-09-05,6585.0,,40.0,13396.06,19634.36,0.0,0.0,8924.18,0.0,11929.0,16430.0,,6480.0
2025-09-06,11881.0,7375.0,11.0,8762.63,11545.96,0.0,0.0,3399.66,0.0,6833.0,10305.0,,2091.0
2025-09-07,13715.0,9400.0,1657.0,7918.33,10131.12,0.0,0.0,1448.63,0.0,4504.0,7102.0,,968.0
2025-09-08,3349.0,6414.0,2155.0,14725.88,21750.74,0.0,0.0,8790.59,0.0,11766.0,16148.0,,6327.0
2025-09-09,10568.0,,1386.0,12642.27,18502.17,0.0,0.0,8940.24,0.0,11433.0,15767.0,,6678.0
2025-09-10,7972.0,,4247.0,12498.63,18155.94,0.0,0.0,9643.87,0.0,11811.0,16372.0,,6870.0
2025-09-11,11885.0,8226.0,2335.0,13733.49,19226.46,0.0,0.0,9588.5,0.0,12018.0,16564.0,,7193.0
2025-09-12,8711.0,,2368.0,12112.79,18131.6,0.0,0.0,9266.34,0.0,12194.0,16793.0,,6882.0
2025-09-13,8822.0,9379.0,1643.0,8057.26,10212.89,0.0,0.0,3127.2,0.0,6055.0,9311.0,,2119.0
2025-09-14,9004.0,6410.0,1296.0,7087.54,8839.79,0.0,0.0,1523.61,0.0,4812.0,7527.0,,1039.0
2025-09-15,7473.0,,4665.0,14306.25,20535.2,0.0,0.0,8663.35,0.0,11459.0,15966.0,,6326.0
2025-09-16,8440.0,4619.0,1212.0,14630.05,20194.63,0.0,0.0,9545.52,0.0,11761.0,16364.0,,6951.0
2025-09-17,14276.0,5459.0,2133.0,14753.41,20326.38,0.0,0.0,9632.98,0.0,11914.0,16216.0,,6700.0
2025-09-18,11927.0,9456.0,3497.0,13606.94,21233.33,0.0,0.0,9429.79,0.0,11495.0,16181.0,,6924.0
2025-09-19,8296.0,3666.0,1827.0,14532.82,20776.57,0.0,0.0,9060.28,0.0,12477.0,17128.0,,6935.0
2025-09-20,7844.0,9389.0,1735.0,11979.34,14829.62,0.0,0.0,3378.86,0.0,6898.0,10212.0,,2290.0
2025-09-21,12893.0,,2593.0,7315.17,8739.66,0.0,0.0,1502.17,0.0,4861.0,7448.0,,1102.0
2025-09-22,3875.0,,2562.0,14911.19,21549.49,0.0,0.0,8754.07,0.0,12445.0,16698.0,,6994.0
2025-09-23,7110.0,,1267.0,14711.1,20714.86,0.0,0.0,9739.75,0.0,12714.0,17274.0,,7346.0
2025-09-24,7086.0,7682.0,1539.0,14546.47,21387.02,0.0,0.0,9599.35,0.0,12598.0,17142.0,,7291.0
2025-09-25,10593.0,6456.0,1272.0,12486.64,18692.96,0.0,0.0,9730.84,0.0,7160.0,9847.0,,4246.0
2025-09-26,16495.0,,2553.0,14397.34,20195.44,0.0,0.0,9455.64,0.0,12659.0,17379.0,,7174.0
2025-09-27,8613.0,14978.0,2083.0,9498.58,12290.53,0.0,0.0,4087.53,0.0,7138.0,10724.0,,2581.0
2025-09-28,10378.0,,1476.0,8109.73,10520.16,0.0,0.0,1777.41,0.0,4837.0,7314.0,,1086.0
2025-09-29,7604.0,,2261.0,15939.24,23107.78,0.0,0.0,9976.98,0.0,12778.0,17417.0,,7297.0
2025-09-30,9437.0,,538.0,14622.12,21121.02,0.0,0.0,10341.29,0.0,13188.0,17769.0,,7594.0
2025-10-01,10125.0,7952.0,520.0,4632.72,6734.8,0.0,0.0,9876.61,0.0,13400.0,18180.0,,7957.0
2025-10-02,8158.0,,2858.0,4080.01,6221.03,0.0,0.0,9414.58,0.0,12390.0,16873.0,,6648.0
2025-10-03,11348.0,,2021.0,2102.58,2711.97,0.0,0.0,3779.75,0.0,6541.0,9341.0,,2154.0
2025-10-04,7150.0,6829.0,3508.0,1689.64,2137.09,0.0,0.0,2322.4,0.0,7591.0,11265.0,,2066.0
2025-10-05,5031.0,,1492.0,771.36,908.91,0.0,0.0,821.09,0.0,5894.0,9472.0,,935.0
2025-10-06,5921.0,,1913.0,226.44,275.58,0.0,0.0,374.01,0.0,6499.0,9599.0,,846.0
2025-10-07,2479.0,,1923.0,892.54,1154.43,0.0,0.0,800.58,0.0,7022.0,11099.0,,1232.0
2025-10-08,12804.0,6459.0,2747.0,1414.46,1911.69,0.0,0.0,1535.52,0.0,5838.0,9092.0,,1049.0
2025-10-09,5945.0,2618.0,2303.0,1841.65,2411.15,0.0,0.0,2419.04,0.0,5436.0,8261.0,,1338.0
2025-10-10,6829.0,,2815.0,3819.85,5153.73,0.0,0.0,7001.02,0.0,9089.0,13113.0,,4961.0
2025-10-11,6523.0,7128.0,1283.0,2428.84,3038.8,0.0,0.0,3391.48,0.0,6304.0,9544.0,,2149.0
2025-10-12,2120.0,,495.0,1300.73,1614.84,0.0,0.0,1419.55,0.0,4394.0,6711.0,,1064.0
2025-10-13,11464.0,3379.0,1301.0,3859.85,5728.33,0.0,0.0,9019.35,0.0,11626.0,15894.0,,6553.0
2025-10-14,7814.0,,1177.0,3684.07,5477.86,0.0,0.0,9340.44,0.0,11917.0,15956.0,,6844.0
2025-10-15,7616.0,5993.0,1872.0,4111.59,6003.45,0.0,0.0,10078.47,0.0,12512.0,17100.0,,7345.0
2025-10-16,3433.0,4751.0,1379.0,4014.81,5411.18,0.0,0.0,9054.73,0.0,12559.0,16896.0,,7220.0
2025-10-17,8445.0,,873.0,4492.95,6207.26,0.0,0.0,9247.56,0.0,12378.0,16665.0,,6827.0
2025-10-18,6811.0,,835.0,2210.91,3006.78,0.0,0.0,3513.32,0.0,6609.0,9704.0,,2487.0
2025-10-19,10421.0,6042.0,1867.0,1267.49,1679.22,0.0,0.0,1623.59,0.0,4609.0,7124.0,,1105.0
2025-10-20,7008.0,,1376.0,4389.26,6087.19,0.0,0.0,9169.98,0.0,11844.0,16211.0,,7150.0
2025-10-21,4007.0,,429.0,4134.02,6210.47,0.0,0.0,9768.0,0.0,12476.0,17082.0,,7637.0
2025-10-22,8077.0,,1867.0,4247.38,5935.8,0.0,0.0,9370.06,0.0,12457.0,16970.0,,7698.0
2025-10-23,9633.0,8741.0,2049.0,4319.93,6163.97,0.0,0.0,9375.44,0.0,12510.0,16708.0,,7246.0
2025-10-24,9472.0,,1457.0,4335.12,5771.34,0.0,0.0,9145.34,0.0,12680.0,17125.0,,7040.0
2025-10-25,3501.0,7093.0,2598.0,2560.37,3117.14,0.0,0.0,3857.0,0.0,7078.0,10309.0,,2383.0
2025-10-26,9577.0,,2441.0,1253.69,1586.53,0.0,0.0,1779.23,0.0,5137.0,7576.0,,1167.0
2025-10-27,12982.0,,575.0,4136.95,5730.15,0.0,0.0,9144.63,0.0,12055.0,16265.0,,6678.0
2025-10-28,,,1045.0,4219.24,5490.34,,,9752.78,,11771.0,16276.0,,6743.0
2025-10-29,9267.0,8268.0,3243.0,4168.78,5977.22,0.0,0.0,9681.89,0.0,12030.0,16487.0,,7076.0
2025-10-30,12340.0,,1941.0,4148.48,6042.04,0.0,0.0,9763.74,0.0,11972.0,16258.0,,6881.0
2025-10-31,9590.0,,3274.0,4312.72,6097.01,0.0,0.0,9161.97,0.0,12136.0,16427.0,,6645.0
2025-11-01,8710.0,9313.0,2600.0,8813.93,11036.27,0.0,0.0,3546.61,0.0,6887.0,10107.0,,1909.0
2025-11-02,4038.0,,975.0,7640.09,9499.41,0.0,0.0,1559.07,0.0,4926.0,7469.0,,945.0
2025-11-03,7197.0,,945.0,15160.88,21343.76,0.0,0.0,8924.62,0.0,11261.0,15549.0,,6141.0
2025-11-04,4998.0,,2167.0,14358.85,20418.11,0.0,0.0,9538.01,0.0,11441.0,15749.0,,6134.0
2025-11-05,9198.0,2650.0,2588.0,13797.18,19534.98,0.0,0.0,9331.38,0.0,11716.0,16127.0,,6498.0
2025-11-06,18620.0,4823.0,1845.0,14088.35,19911.52,0.0,0.0,9519.03,0.0,11732.0,16189.0,,6671.0
2025-11-07,4991.0,,2519.0,13426.35,18543.12,0.0,0.0,9173.58,0.0,11919.0,16320.0,,6396.0
2025-11-08,7249.0,7353.0,4320.0,9244.88,11883.44,0.0,0.0,3411.63,0.0,6695.0,9755.0,,1939.0
2025-11-09,7130.0,,1385.0,7359.7,8918.94,0.0,0.0,1482.73,0.0,5019.0,7368.0,,1025.0
2025-11-10,6384.0,,566.0,15010.67,19558.17,,,8466.38,,11707.0,16127.0,,6577.0
2025-11-11,8853.0,,537.0,14533.44,20912.36,0.0,0.0,9235.22,0.0,11963.0,16282.0,,6607.0
2025-11-12,7676.0,7998.0,1335.0,13782.68,20358.26,0.0,0.0,9572.56,0.0,11944.0,16277.0,,6782.0
2025-11-13,4983.0,5850.0,3076.0,14424.73,21085.64,0.0,0.0,9417.16,0.0,12166.0,16585.0,,7114.0
2025-11-14,6979.0,,194.0,12773.76,17832.9,0.0,0.0,9137.2,0.0,12147.0,16495.0,,6467.0
2025-11-15,9644.0,5020.0,1724.0,8443.88,9980.02,,,3614.61,,6879.0,10041.0,,1973.0
2025-11-16,12655.0,6526.0,2533.0,8030.74,8907.61,,,1473.2,,5020.0,7550.0,,1036.0
2025-11-17,6384.0,,832.0,15723.11,21565.53,0.0,0.0,8891.12,0.0,11574.0,15717.0,,6465.0
2025-11-18,6236.0,,532.0,14833.44,21381.63,0.0,0.0,9678.34,4179.37,11988.0,16387.0,,6822.0
2025-11-19,11270.0,7377.0,1696.0,13933.74,20349.64,0.0,0.0,9429.95,6496.99,12142.0,16395.0,,6761.0
2025-11-20,7960.0,7213.0,1689.0,14427.25,20759.87,0.0,0.0,9560.75,6771.38,12398.0,16815.0,,7287.0
2025-11-21,,,3085.0,13512.06,19245.65,0.0,0.0,9100.41,6396.78,12315.0,16662.0,,6743.0
2025-11-22,6710.0,7027.0,2796.0,9449.29,12126.71,0.0,0.0,3661.07,2755.43,6856.0,9944.0,,2117.0
2025-11-23,14905.0,,2481.0,7647.74,9419.41,0.0,0.0,1482.82,1150.4,4908.0,7389.0,,1118.0
2025-11-24,4050.0,8511.0,1122.0,15503.61,22173.66,0.0,0.0,8961.7,6258.14,11799.0,16073.0,,6629.0
2025-11-25,7864.0,,1513.0,14947.29,21083.6,0.0,0.0,9637.94,6786.34,11717.0,16175.0,,6753.0
2025-11-26,11862.0,10460.0,189.0,15066.42,21439.51,0.0,0.0,9485.99,6687.3,12404.0,16825.0,,7048.0
2025-11-27,17665.0,9750.0,752.0,14497.94,21395.59,0.0,0.0,9500.69,6410.95,11955.0,16232.0,,7027.0
2025-11-28,7218.0,,1357.0,13630.28,19406.8,0.0,0.0,9064.78,6374.95,10248.0,14161.0,,5827.0
2025-11-29,5974.0,8407.0,3028.0,9103.76,11477.86,0.0,0.0,3488.98,2637.62,6606.0,9791.0,,2122.0
2025-11-30,4636.0,,4036.0,6819.29,8331.9,0.0,0.0,1343.52,1033.94,4709.0,7271.0,,1026.0
2025-12-01,8215.0,,821.0,15422.28,21587.27,0.0,0.0,8701.55,6118.51,10908.0,15153.0,,6004.0
2025-12-02,7836.0,,2912.0,14689.97,21676.93,0.0,0.0,9271.69,6604.4,11258.0,15441.0,,6197.0
2025-12-03,10357.0,9823.0,1669.0,14990.24,21897.48,0.0,0.0,9023.83,6388.29,11707.0,15896.0,,6742.0
2025-12-04,13399.0,5146.0,3200.0,14660.59,21503.32,0.0,0.0,9181.08,6349.7,11402.0,15822.0,,6640.0
2025-12-05,6291.0,,2872.0,13936.25,19895.61,0.0,0.0,9077.41,6305.27,11722.0,15964.0,,6338.0
2025-12-06,9052.0,,851.0,9243.2,11056.41,,,3521.98,2639.53,6424.0,9475.0,,2033.0
2025-12-07,9022.0,5495.0,1033.0,7458.22,9225.25,0.0,0.0,1305.19,999.88,4664.0,7202.0,,1066.0
2025-12-08,6163.0,,1603.0,14660.82,20986.0,0.0,0.0,8920.38,6248.92,11496.0,15665.0,,6371.0
2025-12-09,3800.0,,2125.0,14355.33,20514.25,0.0,0.0,9802.1,6856.01,11707.0,15952.0,,6746.0
2025-12-10,8392.0,,1721.0,14122.05,20554.73,0.0,0.0,9537.53,6396.24,11924.0,16234.0,,6897.0
2025-12-11,10561.0,13191.0,3567.0,14158.58,20936.67,0.0,0.0,9472.61,6696.71,12098.0,16382.0,,6987.0
2025-12-12,11600.0,4406.0,3779.0,13657.37,18909.63,0.0,0.0,9301.38,6500.68,12341.0,16751.0,,6891.0
2025-12-13,1567.0,7796.0,2790.0,9373.52,12068.75,0.0,0.0,3576.63,2671.72,6440.0,9589.0,,2121.0
2025-12-14,10039.0,4486.0,2933.0,7495.35,9450.93,0.0,0.0,1438.01,1101.07,4582.0,7010.0,,1018.0
2025-12-15,8632.0,,1690.0,14852.53,21501.58,0.0,0.0,9199.69,6348.77,11934.0,16172.0,,6666.0
2025-12-16,6812.0,,1729.0,14155.18,20851.4,0.0,0.0,9441.76,6601.15,12376.0,16773.0,,7102.0
2025-12-17,7994.0,6703.0,1354.0,14001.58,19986.14,0.0,0.0,9218.69,6444.28,12309.0,16503.0,,7237.0
2025-12-18,9626.0,11723.0,2629.0,13677.7,20181.18,0.0,0.0,9592.72,6713.75,12472.0,16794.0,,7415.0
2025-12-19,9895.0,,307.0,13951.92,20142.06,0.0,0.0,8979.32,6296.0,12441.0,16897.0,,7159.0
2025-12-20,9214.0,5064.0,1189.0,10144.38,13205.91,0.0,0.0,3423.84,2567.04,6435.0,9640.0,,2214.0
2025-12-21,7151.0,14396.0,700.0,7561.53,9901.48,0.0,0.0,1360.11,1055.4,4522.0,6932.0,,1121.0
2025-12-22,13228.0,,2171.0,15449.43,22327.47,0.0,0.0,9159.35,6200.92,12317.0,16525.0,,7104.0
2025-12-23,3530.0,3362.0,1335.0,13871.1,20514.92,0.0,0.0,9623.42,6706.54,12855.0,17167.0,,7458.0
2025-12-24,13235.0,8407.0,1937.0,11745.05,16753.16,0.0,0.0,9005.3,6303.39,12518.0,16838.0,,7089.0
2025-12-25,14697.0,,5030.0,11113.96,14673.99,0.0,0.0,3224.75,2503.46,5196.0,8197.0,,1758.0
2025-12-26,7045.0,,2682.0,12146.6,19169.17,0.0,0.0,8108.15,5674.8,11006.0,15115.0,,5994.0
2025-12-27,10040.0,8293.0,1353.0,8961.43,11676.86,0.0,0.0,3547.5,2596.37,5992.0,8987.0,,2021.0
2025-12-28,9157.0,,1615.0,7141.57,8699.94,0.0,0.0,1329.58,1012.85,4507.0,6869.0,,1067.0
2025-12-29,6684.0,,2390.0,13487.27,19092.79,0.0,0.0,8849.45,5139.9,11720.0,15911.0,,6609.0
2025-12-30,8306.0,,561.0,14568.92,20877.61,0.0,0.0,9088.86,6343.98,11626.0,15503.0,,6614.0
2025-12-31,8461.0,7446.0,1206.0,11000.2,15487.51,0.0,0.0,7247.9,5021.57,10716.0,14583.0,,5568.0
2026-01-01,,,,6830.47,8865.19,0.0,0.0,1582.59,1244.25,4339.0,7263.0,,979.0
2026-01-02,,,,12406.41,17471.13,0.0,0.0,6620.64,4731.97,8718.0,12054.0,,4906.0
2026-01-03,,,,10747.95,13164.06,0.0,0.0,2920.95,2200.83,5346.0,8154.0,,1928.0
2026-01-04,,,,7273.74,9214.36,0.0,0.0,1268.14,973.06,4115.0,6276.0,,1032.0
2026-01-05,,,,15025.44,21460.19,0.0,0.0,8260.18,5810.08,10747.0,14619.0,,6209.0
2026-01-06,,,,14319.19,21213.37,0.0,0.0,9135.54,6397.45,11297.0,15351.0,,6802.0
2026-01-07,,,,14642.95,21346.99,0.0,0.0,9043.48,6378.6,11034.0,15039.0,,6675.0
2026-01-08,,,,14379.33,21206.25,0.0,0.0,8994.29,6250.83,11308.0,15272.0,,7010.0
2026-01-09,,,,12268.78,17781.03,0.0,0.0,8796.62,6184.78,11658.0,15634.0,,6810.0
2026-01-10,,,,9961.64,12795.57,0.0,0.0,3503.47,2661.14,5389.0,8045.0,,1875.0
2026-01-11,,,,7067.56,8465.61,0.0,0.0,1236.96,968.03,3852.0,5846.0,,899.0
2026-01-12,,,,14917.16,21308.51,0.0,0.0,8279.69,5886.08,10722.0,14507.0,,6284.0
2026-01-13,,,,14439.4,20796.73,0.0,0.0,8904.95,5152.74,11022.0,14865.0,,6515.0
2026-01-14,,,,14245.05,20217.1,0.0,0.0,8356.89,3826.48,10928.0,14973.0,,6594.0
2026-01-15,,,,14932.94,21830.34,0.0,0.0,9459.27,4429.41,11228.0,15300.0,,6888.0
2026-01-16,,,,12968.73,18693.84,0.0,0.0,9152.74,4169.88,11398.0,15415.0,,6600.0
2026-01-17,,,,10707.53,13657.91,0.0,0.0,3442.07,1726.24,5699.0,8647.0,,2070.0
2026-01-18,,,,6956.44,8627.04,0.0,0.0,1408.23,742.5,4147.0,6432.0,,994.0
2026-01-19,,,,14618.3,21473.48,0.0,0.0,8711.51,4019.69,11059.0,14883.0,,6572.0
2026-01-20,,,,14880.77,21471.48,0.0,0.0,9003.63,4411.56,11274.0,15183.0,,6824.0
2026-01-21,,,,14033.2,19959.72,0.0,0.0,8676.51,4112.9,11209.0,15114.0,,6964.0
2026-01-22,,,,13599.56,19805.48,0.0,0.0,8727.98,4211.52,10797.0,14743.0,,6866.0
2026-01-23,,,,13152.74,18829.32,0.0,0.0,8833.9,4231.96,11070.0,15012.0,,6589.0
2026-01-24,,,,9681.34,12364.58,0.0,0.0,3531.08,1858.55,5287.0,7970.0,,2075.0
2026-01-25,,,,5795.11,7237.48,0.0,0.0,1357.7,708.01,3935.0,5990.0,,991.0
2026-01-26,,,,13938.8,20969.01,0.0,0.0,8522.78,3978.77,10513.0,14483.0,,6693.0
2026-01-27,,,,15531.46,22382.8,0.0,0.0,9479.09,4587.4,11201.0,15149.0,,6947.0
2026-01-28,,,,14514.41,20785.51,0.0,0.0,9407.92,4428.14,11074.0,14910.0,,6994.0
2026-01-29,,,,15328.4,22240.62,0.0,0.0,9123.12,4485.33,10946.0,14883.0,,6797.0
2026-01-30,,,,13005.45,19616.71,0.0,0.0,9042.89,3600.92,10884.0,14932.0,,6474.0
2026-01-31,,,,8339.17,10876.95,0.0,0.0,3565.51,1775.67,5476.0,8166.0,,2003.0
2026-02-01,,,,7590.5,9511.62,0.0,0.0,1352.16,669.74,3969.0,6108.0,,953.0
2026-02-02,,,,14876.65,21483.66,0.0,0.0,8560.15,3940.23,10243.0,14101.0,,6330.0
2026-02-03,,,,13868.61,20457.31,0.0,0.0,9522.37,4307.71,10618.0,14582.0,,6614.0
2026-02-04,,,,14978.07,21854.82,0.0,0.0,9547.33,4560.39,11006.0,14943.0,,6734.0
2026-02-05,,,,14529.67,21224.7,0.0,0.0,9077.71,4136.89,11420.0,15427.0,,7007.0
2026-02-06,,,,14088.22,20048.74,0.0,0.0,9053.91,4134.62,11237.0,15165.0,,6629.0
2026-02-07,,,,9810.71,12836.11,0.0,0.0,3693.5,1868.88,5349.0,7993.0,,2019.0
2026-02-08,,,,7250.43,9028.83,0.0,0.0,1499.14,798.59,3673.0,5535.0,,952.0
2026-02-09,,,,15095.64,23438.75,0.0,0.0,9162.8,4199.82,11031.0,14890.0,,6606.0
2026-02-10,,,,14649.56,24108.55,,,9733.88,4183.57,11841.0,15796.0,,7239.0
2026-02-11,,,,15141.33,23805.57,0.0,0.0,10110.55,4663.94,12335.0,16449.0,,7540.0
2026-02-12,,,,15171.35,23998.27,0.0,0.0,10611.12,4864.61,12558.0,16798.0,,7849.0
2026-02-13,,,,14319.89,22193.43,0.0,0.0,9220.3,4182.22,12094.0,16128.0,,7214.0
2026-02-14,,,,8309.66,12153.79,0.0,0.0,3447.18,1777.83,6299.0,9249.0,,2239.0
2026-02-15,,,,2304.5,3194.57,0.0,0.0,1091.83,558.99,5494.0,8670.0,,1035.0
2026-02-16,,,,2365.11,3147.49,0.0,0.0,1274.39,678.15,166.0,248.0,,40.0
2026-02-17,,,,1259.58,1535.07,0.0,0.0,382.52,200.93,,,,
2026-02-18,,,,7066.86,9714.96,0.0,0.0,1559.11,812.49,5667.0,8390.0,,1195.0
2026-02-19,,,,13380.17,20843.62,0.0,0.0,7401.65,3636.66,9768.0,13223.0,,5804.0
2026-02-20,,,,13695.9,21354.8,0.0,0.0,9027.66,4377.61,11180.0,15152.0,,7034.0
2026-02-21,,,,9881.33,13880.77,0.0,0.0,4139.1,2196.5,6228.0,8834.0,,2557.0
2026-02-22,,,,8843.16,11867.24,0.0,0.0,1401.77,783.3,4057.0,6071.0,,1159.0
2026-02-23,,,,15966.5,24466.68,0.0,0.0,9323.98,4621.18,10984.0,14993.0,,6702.0
2026-02-24,,,,13467.77,20195.85,0.0,0.0,9354.71,4572.88,10961.0,14740.0,,6749.0
2026-02-25,,,,14659.39,21279.55,0.0,0.0,9270.57,4315.43,11128.0,15047.0,,6853.0
2026-02-26,,,,14015.45,22168.57,0.0,0.0,10056.62,4711.19,12021.0,16105.0,,7697.0
2026-02-27,,,,12270.81,17769.34,0.0,0.0,9093.4,4269.68,11535.0,15522.0,,7032.0
2026-02-28,,,,10064.3,13290.73,0.0,0.0,3961.63,2043.37,6328.0,9228.0,,2679.0
2026-03-01,,,,1010.0,1337.9,0.0,0.0,1134.72,613.03,4323.0,6655.0,,967.0
2026-03-02,,,,2008.44,2728.35,0.0,0.0,2822.82,1345.69,4764.0,6944.0,,1641.0
2026-03-03,,,,3749.86,5593.49,0.0,0.0,8614.84,3890.68,10669.0,14594.0,,6503.0
2026-03-04,,,,3960.42,5870.84,0.0,0.0,9315.19,4257.82,11434.0,15459.0,,7105.0
2026-03-05,,,,4117.38,6095.12,0.0,0.0,9591.14,4373.44,11273.0,15380.0,,7123.0
2026-03-06,,,,3792.38,5579.51,0.0,0.0,9027.05,4110.96,10763.0,14721.0,,6599.0
2026-03-07,,,,2374.18,3175.7,0.0,0.0,3650.43,1875.3,5298.0,7894.0,,2061.0
2026-03-08,,,,1051.22,1402.35,0.0,0.0,1436.16,790.28,3748.0,5826.0,,1002.0
2026-03-09,,,,3859.45,5909.28,0.0,0.0,8922.95,3977.53,10687.0,14529.0,,6423.0
2026-03-10,,,,3922.39,6414.23,0.0,0.0,9812.07,4496.0,11353.0,15274.0,,6900.0
2026-03-11,,,,3830.54,6345.39,0.0,0.0,9192.46,4321.33,11356.0,15242.0,,6968.0
2026-03-12,,,,3859.77,6324.75,0.0,0.0,9222.74,4313.69,11374.0,15525.0,,7342.0
2026-03-13,,,,4130.86,6055.82,,,9256.91,3844.75,11601.0,15533.0,,7014.0
2026-03-14,,,,2278.83,3291.21,0.0,0.0,3620.45,1833.72,5826.0,8620.0,,2372.0
2026-03-15,,,,1057.86,1549.9,0.0,0.0,1466.93,749.09,4026.0,6064.0,,985.0
2026-03-16,,,,3747.45,5891.1,0.0,0.0,7979.77,3569.57,9562.0,13134.0,,5921.0
2026-03-17,,,,3916.28,6357.46,0.0,0.0,9379.31,4273.17,11424.0,15368.0,,7094.0
2026-03-18,,,,3367.32,5403.66,0.0,0.0,8809.63,4192.82,11005.0,14761.0,,7046.0
2026-03-19,,,,4094.42,6842.96,0.0,0.0,9605.6,4552.48,11616.0,15622.0,,7614.0
2026-03-20,,,,4248.46,6799.29,0.0,0.0,9104.9,4281.52,11796.0,15875.0,,7238.0
2026-03-21,,,,2361.35,3423.32,0.0,0.0,3761.27,1961.03,5978.0,8773.0,,2227.0
2026-03-22,,,,1084.26,1637.52,0.0,0.0,1394.32,756.41,4175.0,6292.0,,985.0
2026-03-23,,,,4010.13,6515.39,0.0,0.0,8902.37,4245.91,10818.0,14539.0,,6603.0
2026-03-24,,,,3896.22,6409.73,0.0,0.0,9596.58,4623.88,11538.0,15468.0,,7279.0
2026-03-25,,,,3617.81,6281.76,0.0,0.0,9300.57,4612.19,11299.0,15370.0,,7219.0
2026-03-26,,,,3818.99,6325.69,0.0,0.0,9667.15,4541.26,11399.0,15573.0,,7364.0
2026-03-27,,,,4096.78,6696.55,0.0,0.0,9425.61,4341.47,11529.0,15688.0,,6908.0
2026-03-28,,,,2259.65,3308.07,0.0,0.0,3544.63,1777.86,6351.0,9268.0,,2242.0
2026-03-29,,,,1041.06,1457.87,0.0,0.0,1416.64,726.2,4523.0,6722.0,,961.0
2026-03-30,,,,3734.79,6076.29,0.0,0.0,8515.17,4128.04,10546.0,14232.0,,6219.0
2026-03-31,,,,3605.36,5709.19,0.0,0.0,8975.65,4317.38,10756.0,14556.0,,6674.0
2026-04-01,,,,3515.07,6074.81,0.0,0.0,9048.32,4232.45,10714.0,14752.0,,6676.0
2026-04-02,,,,4074.34,6757.95,0.0,0.0,9168.36,4358.44,10843.0,14848.0,,6716.0
2026-04-03,,,,4056.52,6529.21,0.0,0.0,8957.16,4181.77,11264.0,15302.0,,6658.0
2026-04-04,,,,1668.09,2423.96,0.0,0.0,3056.75,1657.02,5066.0,7530.0,,1688.0
2026-04-05,,,,1112.23,1584.78,0.0,0.0,1296.88,684.62,4283.0,6419.0,,998.0
2026-04-06,,,,3646.24,5993.26,0.0,0.0,8536.19,4204.15,10475.0,14252.0,,6282.0
2026-04-07,,,,3945.21,6512.27,0.0,0.0,9227.39,3741.67,11147.0,15129.0,,6857.0
2026-04-08,,,,4088.91,6651.33,0.0,0.0,9430.43,4096.0,11332.0,15306.0,,7048.0
2026-04-09,,,,2683.33,4613.94,0.0,0.0,8471.5,3853.75,10205.0,13801.0,,6466.0
2026-04-10,,,,3880.28,6002.27,0.0,0.0,9009.94,4177.05,11306.0,15265.0,,6731.0
2026-04-11,,,,2205.04,3306.38,0.0,0.0,3460.7,1707.06,5658.0,8476.0,,1989.0
2026-04-12,,,,1114.4,1660.2,0.0,0.0,1478.32,768.45,4302.0,6501.0,,953.0
2026-04-13,,,,3795.54,6379.6,0.0,0.0,8323.98,3790.83,10827.0,14714.0,,6578.0
2026-04-14,,,,3663.3,6478.4,0.0,0.0,9521.1,4403.44,11381.0,15388.0,,7069.0
2026-04-15,,,,3845.53,6559.25,0.0,0.0,9321.95,4301.52,11405.0,15499.0,,7166.0
2026-04-16,,,,3997.97,6691.82,0.0,0.0,9433.15,4449.51,11519.0,15501.0,,7199.0
2026-04-17,,,,3676.5,6173.39,0.0,0.0,8711.32,3982.16,11318.0,15171.0,,6717.0
2026-04-18,,,,2029.38,2793.44,0.0,0.0,3168.04,1590.82,5893.0,8763.0,,2292.0
2026-04-19,,,,1020.98,1494.48,0.0,0.0,1480.58,769.13,4350.0,6700.0,,1040.0
2026-04-20,,,,3874.68,6239.37,0.0,0.0,8860.59,3998.47,10908.0,14929.0,,6799.0
2026-04-21,,,,3815.66,6447.05,0.0,0.0,9399.33,4422.29,11523.0,15490.0,,7037.0
2026-04-22,,,,3701.44,6612.54,0.0,0.0,9729.59,4548.1,11519.0,15322.0,,7064.0
2026-04-23,,,,3733.94,6368.9,0.0,0.0,9208.26,4306.66,11161.0,15273.0,,7396.0
2026-04-24,,,,3954.43,6546.26,0.0,0.0,8988.4,4127.17,11565.0,15649.0,,7027.0
2026-04-25,,,,2361.01,3332.45,,,3434.88,1527.48,5923.0,8812.0,,2099.0
2026-04-26,,,,1183.24,1693.23,0.0,0.0,1454.62,762.07,4282.0,6450.0,,990.0
2026-04-27,,,,3937.72,6609.19,0.0,0.0,9279.34,4247.85,11130.0,15132.0,,6887.0
2026-04-28,,,,4011.69,6947.53,0.0,0.0,9642.23,4395.85,11242.0,15393.0,,7093.0
2026-04-29,,,,3781.14,6803.44,0.0,0.0,9858.89,4688.35,11887.0,16021.0,,7590.0
2026-04-30,,,,3925.31,6466.9,0.0,0.0,9673.82,4744.74,11945.0,16121.0,,7294.0
2026-05-01,,,,2012.33,2989.82,0.0,0.0,3045.26,1649.13,6562.0,9399.0,,1696.0
2026-05-02,,,,1799.54,2693.2,0.0,0.0,2486.18,1286.99,5631.0,8192.0,,1549.0
2026-05-03,,,,1168.74,1422.06,0.0,0.0,1211.85,655.66,4081.0,5990.0,,955.0
2026-05-04,,,,3853.69,6183.85,0.0,0.0,7489.16,3482.75,9562.0,13500.0,,5937.0
2026-05-05,,,,2113.58,3268.72,0.0,0.0,3118.78,1673.93,5560.0,8356.0,,1927.0
2026-05-06,,,,3565.57,6587.1,0.0,0.0,9235.39,4356.98,11192.0,15267.0,,6999.0
2026-05-07,,,,3732.04,6790.19,0.0,0.0,10038.34,4917.38,11542.0,15455.0,,7271.0
2026-05-08,,,,3766.92,6700.74,0.0,0.0,9114.13,4368.06,11481.0,15492.0,,6791.0
2026-05-09,,,,2293.45,3406.39,0.0,0.0,3522.91,1806.56,6053.0,8923.0,,2162.0
2026-05-10,,,,1102.11,1658.22,0.0,0.0,1396.9,760.37,4304.0,6399.0,,918.0
2026-05-11,,,,3882.81,6485.45,0.0,0.0,9098.73,4148.95,11062.0,14905.0,,6773.0
2026-05-12,,,,3506.82,6127.7,0.0,0.0,9331.93,4376.86,11177.0,15052.0,,7126.0
2026-05-13,,,,3788.87,6364.26,0.0,0.0,9605.23,4483.81,11790.0,15706.0,,7415.0
2026-05-14,,,,3811.52,6448.02,0.0,0.0,9334.08,3957.1,11514.0,15508.0,,7394.0
2026-05-15,,,,3908.3,6558.81,0.0,0.0,9209.38,3575.69,11540.0,15544.0,,7091.0
2026-05-16,,,,2190.34,3269.2,0.0,0.0,3429.92,1798.78,5951.0,8889.0,,2309.0
2026-05-17,,,,1168.72,1695.14,0.0,0.0,1478.88,787.67,4154.0,6192.0,,988.0
2026-05-18,,,,3931.17,6515.17,0.0,0.0,8811.55,4224.13,10964.0,14913.0,,6817.0
2026-05-19,,,,3988.65,6823.18,0.0,0.0,9425.32,4779.46,11396.0,15571.0,,7207.0
2026-05-20,,,,3112.94,4748.43,0.0,0.0,9026.73,4554.84,10708.0,14282.0,,6837.0
2026-05-21,,,,2882.01,4799.41,0.0,0.0,9010.83,4406.86,11130.0,15003.0,,7143.0
2026-05-22,,,,3999.73,6603.81,0.0,0.0,9102.73,4311.59,11971.0,16041.0,,7324.0
2026-05-23,,,,2440.18,3680.47,0.0,0.0,3966.9,2043.52,6584.0,9724.0,,2844.0
2026-05-24,,,,860.83,1344.03,0.0,0.0,1177.18,623.74,4763.0,7300.0,,930.0
2026-05-25,,,,2400.6,3697.62,0.0,0.0,3825.81,1978.56,5985.0,8780.0,,2356.0
2026-05-26,,,,1947.35,3460.73,0.0,0.0,4676.8,2305.93,11191.0,15214.0,,7069.0
2026-05-27,,,,2994.27,4925.56,0.0,0.0,8735.25,4460.69,11235.0,14928.0,,6986.0
2026-05-28,,,,3811.37,6510.44,0.0,0.0,10218.54,4951.07,12300.0,16345.0,,7750.0
2026-05-29,,,,3987.59,6775.09,0.0,0.0,9537.25,4726.28,12140.0,16273.0,,7313.0
2026-05-30,,,,2112.42,3221.79,0.0,0.0,3737.52,1936.72,5980.0,9027.0,,2431.0
2026-05-31,,,,1041.35,1562.98,0.0,0.0,1459.98,770.71,4185.0,6416.0,,996.0
2026-06-01,,,,12821.16,22356.98,0.0,0.0,8824.99,3975.86,10536.0,14526.0,,6616.0
2026-06-02,,,,10311.13,15963.94,0.0,0.0,8470.97,4075.19,10315.0,14015.0,,6387.0
2026-06-03,,,,8598.83,14150.85,0.0,0.0,3833.5,2047.27,5057.0,7711.0,,1766.0
2026-06-04,,,,11598.69,20084.63,0.0,0.0,9612.51,4396.31,11338.0,15483.0,,7291.0
2026-06-05,,,,12479.42,20838.16,0.0,0.0,9530.64,4381.18,11753.0,16008.0,,7177.0
2026-06-06,,,,7888.78,12568.49,0.0,0.0,2904.4,1557.09,5995.0,9174.0,,2168.0
2026-06-07,,,,8592.08,12995.87,0.0,0.0,1458.39,785.97,3995.0,5988.0,,921.0
2026-06-08,,,,12587.08,21192.47,0.0,0.0,8777.53,4399.1,11092.0,14988.0,,6914.0
2026-06-09,,,,11919.27,20612.35,0.0,0.0,9439.48,5841.72,11591.0,15621.0,,7071.0
2026-06-10,,,,12211.37,21465.18,0.0,0.0,9529.04,6751.88,11667.0,15707.0,,7254.0
2026-06-11,,,,12379.06,21294.59,0.0,0.0,9640.96,6826.89,11764.0,15816.0,,7395.0
2026-06-12,,,,11600.53,19500.46,0.0,0.0,9159.22,6556.71,11662.0,15786.0,,7017.0
2026-06-13,,,,8610.09,12957.86,0.0,0.0,3952.26,3001.16,6044.0,8995.0,,2321.0
2026-06-14,,,,6670.3,9979.28,0.0,0.0,1592.47,1250.54,4232.0,6431.0,,977.0
2026-06-15,,,,13294.22,22263.89,0.0,0.0,9248.89,6476.38,10972.0,14908.0,,6846.0
2026-06-16,,,,12712.13,22119.86,0.0,0.0,9976.13,7020.52,11233.0,15320.0,,6979.0
2026-06-17,,,,12348.41,21911.5,0.0,0.0,9427.06,6754.72,11046.0,15102.0,,6809.0
2026-06-18,,,,12784.5,21561.9,0.0,0.0,9430.71,6773.18,11344.0,15427.0,,7195.0
2026-06-19,,,,11057.81,18322.94,0.0,0.0,8866.79,6432.07,11037.0,15113.0,,6813.0
2026-06-20,,,,6272.78,9393.32,0.0,0.0,3004.7,2300.11,4922.0,7560.0,,1853.0
2026-06-21,,,,6066.22,9045.19,0.0,0.0,1514.93,1183.9,4175.0,6416.0,,928.0
2026-06-22,,,,11929.09,21052.06,0.0,0.0,8682.05,6204.28,10574.0,14408.0,,6543.0
2026-06-23,,,,12160.85,21589.95,0.0,0.0,9359.18,6713.66,10785.0,14883.0,,6946.0
2026-06-24,,,,11373.45,20236.37,0.0,0.0,8975.06,6444.13,11095.0,15162.0,,7108.0
2026-06-25,,,,12444.34,21087.61,0.0,0.0,9234.69,6635.05,11230.0,15153.0,,7253.0
2026-06-26,,,,11819.87,19694.28,0.0,0.0,9015.82,6500.22,11409.0,15547.0,,6878.0
2026-06-27,,,,7758.16,12124.43,0.0,0.0,3707.94,2822.39,6041.0,9281.0,,2664.0
2026-06-28,,,,6105.42,8873.8,0.0,0.0,1424.01,1117.14,4328.0,6490.0,,993.0
2026-06-29,,,,13607.32,22274.59,0.0,0.0,9013.75,6408.03,10691.0,14825.0,,6910.0
2026-06-30,,,,12474.53,21584.99,0.0,0.0,9511.01,6748.01,11063.0,15116.0,,6924.0
2026-07-01,,,,2951.69,4642.03,0.0,0.0,8387.65,6046.34,10180.0,13890.0,,6423.0
2026-07-02,,,,3425.85,6171.81,0.0,0.0,9152.19,6569.63,11065.0,14995.0,,6839.0
2026-07-03,,,,3502.12,6014.27,0.0,0.0,9182.92,6611.0,10755.0,14794.0,,6289.0
2026-07-04,,,,1928.13,2918.48,0.0,0.0,3170.66,2446.97,5102.0,7831.0,,1786.0
2026-07-05,,,,973.24,1353.3,0.0,0.0,1313.81,1039.03,3787.0,5859.0,,904.0
2026-07-06,,,,3289.05,5327.23,0.0,0.0,8199.85,5873.54,10309.0,14142.0,,6396.0
2026-07-07,,,,3204.59,5357.63,0.0,0.0,9343.3,6655.16,10963.0,14967.0,,6747.0
2026-07-08,,,,3552.29,5493.9,0.0,0.0,9155.95,6576.3,10898.0,14859.0,,6758.0
2026-07-09,,,,3569.34,5939.38,0.0,0.0,9405.76,6758.5,11212.0,15261.0,82771.0,7062.0
2026-07-10,,,,3747.52,6216.88,0.0,0.0,9278.77,6645.55,11101.0,15155.0,99498.0,6536.0
2026-07-11,,,,2363.48,3540.77,0.0,0.0,3508.36,2674.41,5516.0,8567.0,101136.0,2110.0
2026-07-12,,,,1020.8,1518.64,0.0,0.0,1382.41,1094.83,3930.0,6112.0,91268.0,887.0
2026-07-13,,,,3623.75,5803.88,0.0,0.0,8620.84,6130.48,10832.0,14857.0,100211.0,6623.0
2026-07-14,,,,3662.24,6061.37,0.0,0.0,9654.9,6932.83,11465.0,15563.0,93999.0,7183.0
2026-07-15,,,,3787.41,6356.91,0.0,0.0,9185.78,6616.56,11619.0,15658.0,97181.0,7221.0
2026-07-16,,,,3712.5,6470.1,0.0,0.0,9608.73,6894.44,12342.0,16574.0,104329.0,7495.0
2026-07-17,,,,2185.66,3426.06,0.0,0.0,3801.78,2969.58,6538.0,9506.0,101129.0,2217.0
2026-07-18,,,,1650.87,2504.98,0.0,0.0,2627.2,2011.26,5124.0,7766.0,85823.0,1883.0
2026-07-19,,,,946.01,1392.28,0.0,0.0,1333.0,1051.48,4040.0,6170.0,89309.0,877.0
2026-07-20,,,,3719.55,6093.66,0.0,0.0,8918.47,6400.64,11228.0,15136.0,95199.0,6909.0
2026-07-21,,,,3941.6,6309.44,0.0,0.0,9938.58,7104.37,11480.0,15708.0,89632.0,7162.0
2026-07-22,,,,3775.84,6287.87,0.0,0.0,9526.55,6887.92,11339.0,15484.0,92793.0,7140.0
2026-07-23,,,,4033.52,6745.11,0.0,0.0,9862.38,7017.36,11342.0,15407.0,98583.0,7138.0
2026-07-24,,,,4009.17,6621.49,0.0,0.0,9459.21,6842.38,11414.0,15456.0,99797.0,6885.0
2026-07-25,,,,2432.81,3712.89,0.0,0.0,3625.27,2785.81,5837.0,8704.0,102370.0,2308.0
2026-07-26,,,,1116.76,1612.44,0.0,0.0,1426.65,1139.12,4143.0,6377.0,91494.0,998.0
2026-07-27,,,,4065.44,6484.0,0.0,0.0,8567.29,6204.88,10981.0,15051.0,100482.0,6711.0
2026-07-28,,,,4134.38,7060.06,0.0,0.0,9196.07,6660.21,11223.0,15128.0,98582.0,6893.0
2026-07-29,,,,4151.92,6870.46,0.0,0.0,9361.83,6830.79,10962.0,14802.0,99933.0,6397.0
2026-07-30,,,,4173.75,6782.74,0.0,0.0,8943.82,6553.54,11189.0,15032.0,100929.0,6792.0
2026-07-31,,,,3833.87,6027.08,0.0,0.0,8172.28,5996.09,10735.0,14699.0,105279.0,6487.0
