statsDt,lkId,roadNm,bgngNodeNm,endNodeNm,spd,vol
2026-08-02T19:00:00,1390015202,다송로84번길,다대동1595,해동사,25.0,0.0
2026-08-02T19:00:00,1390015000,-,해동사,해동사,13.25,0.0
2026-08-02T19:00:00,1390169401,다송로84번길,불탄통영장어숯불구이,해동사,6.0,0.0
2026-08-02T19:00:00,1390168101,다대로,버스정류장,다대1주공삼거리,35.92,0.0
2026-08-02T19:00:00,1390015300,다대로,윤공단앞교차로,다대1주공삼거리,28.5,0.0
2026-08-02T19:00:00,1390168001,다대로,다대1주공삼거리,버스정류장,15.59,0.0
2026-08-02T19:00:00,1390168701,다대로,현대아파트앞교차로,버스정류장,33.58,0.0
2026-08-02T19:00:00,1390168601,다대로,버스정류장,현대아파트앞교차로,18.0,0.0
2026-08-02T19:00:00,1390018602,다대로,다대동1432-8,현대아파트앞교차로,25.34,0.0
2026-08-02T19:00:00,1390167301,다대로,아이엔지25,다대동1543,26.59,0.0
2026-08-02T19:00:00,1390006001,다대로,기계단지2교차로,다대동1543,35.25,0.0
2026-08-02T19:00:00,1390167201,다대로,다대동1543,아이엔지25,20.67,0.0
2026-08-02T19:00:00,1390167501,다대로,다대포해수욕장역2번출구,아이엔지25,31.67,0.0
2026-08-02T19:00:00,1410813003,화전산단5로,화전3교,화전3-4번신호등교차로,34.0,0.0
2026-08-02T19:00:00,1410814501,화전산단6로,화전동555-16,화전동631,13.0,0.0
2026-08-02T19:00:00,1411084701,화전산단6로,화전동631,밀양돼지국밥뼈다귀해장국,26.0,0.0
2026-08-02T19:00:00,1411084101,화전산단6로,밀양돼지국밥뼈다귀해장국,광성특수용접,35.0,0.0
2026-08-02T19:00:00,1411083401,화전산단6로,화전2-5번신호등교차로,광성특수용접,17.0,0.0
2026-08-02T19:00:00,1411083301,화전산단6로,광성특수용접,화전2-5번신호등교차로,19.0,0.0
2026-08-02T19:00:00,1410814803,화전산단6로,화전2교,화전2-5번신호등교차로,13.0,0.0
2026-08-02T19:00:00,1410813002,화전산단5로,화전동620,화전동554-1,7.0,0.0
2026-08-02T19:00:00,1410812600,화전산단5로,녹산동599-4,화전동554-1,11.58,0.0
2026-08-02T19:00:00,1411076901,화전산단4로,화전동554-1,룰루복권,26.0,0.0
2026-08-02T19:00:00,1411078801,화전산단4로,화전동628,룰루복권,7.0,0.0
2026-08-02T19:00:00,1411078701,화전산단4로,룰루복권,화전동628,13.0,0.0
2026-08-02T19:00:00,1411079901,화전산단4로,화전동628,선한종합사무가구,25.0,0.0
2026-08-02T19:00:00,1411081001,화전산단4로,대경부동산,선한종합사무가구,32.0,0.0
2026-08-02T19:00:00,1451157501,해빛로,레이첼스가든,순수치킨,16.25,0.0
2026-08-02T19:00:00,1451158001,해빛로,네오더퍼스트,순수치킨,27.25,0.0
2026-08-02T19:00:00,1451157801,해빛1로,교촌치킨,네오더퍼스트,23.25,0.0
2026-08-02T19:00:00,1451158101,해빛1로,네오더퍼스트,네오더퍼스트,14.92,0.0
2026-08-02T19:00:00,1451157701,해빛1로,네오더퍼스트,교촌치킨,23.67,0.0
2026-08-02T19:00:00,1451157201,해빛1로,교촌치킨,교촌치킨,21.75,0.0
2026-08-02T19:00:00,1451157101,해빛1로,교촌치킨,교촌치킨,46.25,0.0
2026-08-02T19:00:00,1451157001,해빛1로,일광대박공인중개사사무소,교촌치킨,29.5,0.0
2026-08-02T19:00:00,1451156901,해빛1로,교촌치킨,일광대박공인중개사사무소,46.75,0.0
2026-08-02T19:00:00,1451171301,해빛6로,한신더휴센트럴포레2단지,일광대박공인중개사사무소,15.0,0.0
2026-08-02T19:00:00,1451156601,해빛1로,해리살롱,일광대박공인중개사사무소,18.67,0.0
2026-08-02T19:00:00,1390167401,다대로,아이엔지25,다대포해수욕장역2번출구,10.84,0.0
2026-08-02T19:00:00,1390005302,다대로,다대해수욕장교차로,다대포해수욕장역2번출구,18.92,0.0
2026-08-02T19:00:00,1411080901,화전산단4로,선한종합사무가구,대경부동산,28.0,0.0
2026-08-02T19:00:00,1411082401,화전산단4로,화전동628,대경부동산,45.0,0.0
2026-08-02T19:00:00,1411082301,화전산단4로,대경부동산,화전동628,20.0,0.0
2026-08-02T19:00:00,1410813603,화전산단4로,화전동628,화전동628,37.0,0.0
2026-08-02T19:00:00,1411085001,낙동남로,녹산속옷백화점,녹산동595-4,30.0,0.0
2026-08-02T19:00:00,1410813505,낙동남로,녹산동593-4,녹산동595-4,52.67,0.0
2026-08-02T19:00:00,1411084901,낙동남로,녹산동595-4,녹산속옷백화점,54.17,0.0
2026-08-02T19:00:00,1411085201,낙동남로,화전동337-3,녹산속옷백화점,44.75,0.0
2026-08-02T19:00:00,1411085101,낙동남로,녹산속옷백화점,화전동337-3,55.0,0.0
2026-08-02T19:00:00,1410813403,낙동남로,녹산동339-2,화전동337-3,30.0,0.0
2026-08-02T19:00:00,1411083601,화전산단4로19번길,우리물류,타이어테크,28.0,0.0
2026-08-02T19:00:00,1450009425,일광로,이천리509-9,이천리441-2,27.42,0.0
2026-08-02T19:00:00,1450009322,일광로,이천리822-2,이천리441-2,28.5,0.0
2026-08-02T19:00:00,1450009324,일광로,이천리441-2,이천리509-9,28.25,0.0
2026-08-02T19:00:00,1450009424,일광로,이천리518-2,이천리509-9,27.92,0.0
2026-08-02T19:00:00,1410813004,화전산단5로,화전3-4번신호등교차로,화전동620,39.0,0.0
2026-08-02T19:00:00,1410812701,화전산단5로,화전동554-1,화전동620,25.0,0.0
2026-08-02T19:00:00,1451171401,해빛6로,일광대박공인중개사사무소,한신더휴센트럴포레2단지,11.0,0.0
2026-08-02T19:00:00,1451155801,해빛3로,일광한신더휴센트럴포레2어린이집,한신더휴센트럴포레2단지,17.0,0.0
2026-08-02T19:00:00,1451156801,해빛3로,네일만나,한신더휴센트럴포레2단지,10.0,0.0
2026-08-02T19:00:00,1450007900,기장대로,삼성리688,일광과선교,38.75,0.0
2026-08-02T19:00:00,1450008100,일광로,일광해수욕장입구,일광과선교,31.58,0.0
2026-08-02T19:00:00,1451171201,후동길,일광과선교,일광교차로,29.08,0.0
2026-08-02T19:00:00,1451155301,해빛1로,후동마을회관,후동마을회관,3.17,0.0
2026-08-02T19:00:00,1451162301,해빛3로,일광한신더휴센트럴포레2어린이집,후동마을회관,13.0,0.0
2026-08-02T19:00:00,1451155201,차성로,오레시피,후동마을회관,16.34,0.0
2026-08-02T19:00:00,1451155401,해빛1로,후동마을회관,후동마을회관,17.08,0.0
2026-08-02T19:00:00,1451155901,해빛1로,해리살롱,후동마을회관,9.33,0.0
2026-08-02T19:00:00,1451156501,해빛1로,일광대박공인중개사사무소,해리살롱,17.17,0.0
2026-08-02T19:00:00,1451156001,해빛1로,후동마을회관,해리살롱,27.83,0.0
2026-08-02T19:00:00,1451134600,차성로,교리14-6,교리초등학교,17.17,0.0
2026-08-02T19:00:00,1450047101,차성로,탑스빌리지2차,교리초등학교,8.59,0.0
2026-08-02T19:00:00,1451186501,구연방곡로,스마트부동산,방곡리404,25.0,0.0
2026-08-02T19:00:00,1450813506,구연방곡로,방곡리404,방곡리404,8.0,0.0
2026-08-02T19:00:00,1451186601,구연방곡로,방곡리404,스마트부동산,33.25,0.0
2026-08-02T19:00:00,1451185901,구연방곡로,모찌모찌,스마트부동산,28.0,0.0
2026-08-02T19:00:00,1451186001,구연방곡로,스마트부동산,모찌모찌,21.0,0.0
2026-08-02T19:00:00,1451185101,구연방곡로,헤어뷰티인사이드,모찌모찌,19.0,0.0
2026-08-02T19:00:00,1451184401,구연방곡로,방곡리255-3,헤어뷰티인사이드,25.0,0.0
2026-08-02T19:00:00,1451184201,정관덕산길,스피드메이트,방곡리255-3,5.17,0.0
2026-08-02T19:00:00,1450813400,구연방곡로,구연교북측,방곡리255-3,11.0,0.0
2026-08-02T19:00:00,1450056441,정관덕산길,정관초등학교앞교차로,방곡리255-3,8.17,0.0
2026-08-02T19:00:00,1451184101,정관덕산길,방곡리255-3,스피드메이트,13.5,0.0
2026-08-02T19:00:00,1451184801,정관덕산길,달산리1221-1,스피드메이트,17.08,0.0
2026-08-02T19:00:00,1451184701,정관덕산길,스피드메이트,달산리1221-1,13.0,0.0
2026-08-02T19:00:00,1450813800,산단4로,속성변화점,달산리1221-1,5.0,0.0
2026-08-02T19:00:00,1450056353,정관로,달산리1221-14,달산리1221-1,30.58,0.0
2026-08-02T19:00:00,1450573503,정관로,매학리762-17,달산리1221-1,42.0,0.0
2026-08-02T19:00:00,1411077601,낙동남로,버스정류장,아이나비프리미엄스토어,36.83,0.0
2026-08-02T19:00:00,1411011000,화전산단5로117번길,화전동619,아이나비프리미엄스토어,11.0,0.0
2026-08-02T19:00:00,1410812304,낙동남로,녹산동616-2,아이나비프리미엄스토어,20.08,0.0
2026-08-02T19:00:00,1411077501,낙동남로,아이나비프리미엄스토어,버스정류장,20.33,0.0
2026-08-02T19:00:00,1411080201,낙동남로,녹산동599-4,버스정류장,44.08,0.0
2026-08-02T19:00:00,1410812900,화전산단5로,화전동554-1,녹산동599-4,25.75,0.0
2026-08-02T19:00:00,1411080101,낙동남로,버스정류장,녹산동599-4,10.25,0.0
2026-08-02T19:00:00,1410813402,낙동남로,녹산동593-4,녹산동599-4,30.0,0.0
2026-08-02T19:00:00,1411011100,화전산단5로117번길,아이나비프리미엄스토어,화전동619,25.0,0.0
2026-08-02T19:00:00,1390018200,후리소리길,장대선교원,바다유치원,23.83,0.0
2026-08-02T19:00:00,1451169001,차성로,대성금속,국민건강보험공단기장지사,16.17,0.0
2026-08-02T19:00:00,1450044500,차성로418번길,동부근린공원,국민건강보험공단기장지사,21.58,0.0
2026-08-02T19:00:00,1450046800,차성로,탑스빌리지2차,국민건강보험공단기장지사,9.83,0.0
2026-08-02T19:00:00,1451168901,차성로,국민건강보험공단기장지사,대성금속,29.17,0.0
2026-08-02T19:00:00,1451168001,차성로,맛있는삼겹살,대성금속,30.83,0.0
2026-08-02T19:00:00,1451167901,차성로,대성금속,맛있는삼겹살,36.25,0.0
2026-08-02T19:00:00,1451167801,차성로,중앙사거리,맛있는삼겹살,28.08,0.0
2026-08-02T19:00:00,1451167701,차성로,맛있는삼겹살,중앙사거리,28.58,0.0
2026-08-02T19:00:00,1451167601,차성로,중앙사거리,중앙사거리,10.83,0.0
2026-08-02T19:00:00,1451167501,차성로,중앙사거리,중앙사거리,17.25,0.0
2026-08-02T19:00:00,1450004300,반송로,꿈이있는교회,중앙사거리,19.25,0.0
2026-08-02T19:00:00,1450005001,반송로,동부근린공원,중앙사거리,25.34,0.0
2026-08-02T19:00:00,1450041900,차성로,더벤티기장점,중앙사거리,11.67,0.0
2026-08-02T19:00:00,1450004400,반송로,중앙사거리,꿈이있는교회,39.42,0.0
2026-08-02T19:00:00,1450004104,반송로,서부리39-3,꿈이있는교회,24.42,0.0
2026-08-02T19:00:00,1450044100,-,천왕사,천왕사,17.0,0.0
2026-08-02T19:00:00,1450041700,차성동로,쥬시기장점,동부지하차도,26.83,0.0
2026-08-02T19:00:00,1450043600,차성동로,동부지하차도,동부지하차도,26.33,0.0
2026-08-02T19:00:00,1451169401,반송로,버스정류장,교리우편취급소,23.34,0.0
2026-08-02T19:00:00,1450005302,반송로,교리305-1,교리우편취급소,22.42,0.0
2026-08-02T19:00:00,1450045400,차성동로,탑스빌리지2차,교리우편취급소,12.92,0.0
2026-08-02T19:00:00,1451169301,반송로,교리우편취급소,버스정류장,31.58,0.0
2026-08-02T19:00:00,1451169801,반송로,기장철도육교서측,버스정류장,28.84,0.0
2026-08-02T19:00:00,1451169701,반송로,버스정류장,기장철도육교서측,33.58,0.0
2026-08-02T19:00:00,1450006400,반송로,기장철도육교동측,기장철도육교서측,24.17,0.0
2026-08-02T19:00:00,1340324801,관문대로,버스정류장,미소유치원,46.15,49.0
2026-08-02T19:00:00,1340044600,관문대로,백양터널남측,미소유치원,53.44,424.0
2026-08-02T19:00:00,1340324701,관문대로,미소유치원,버스정류장,37.79,61.0
2026-08-02T19:00:00,1340324601,관문대로,윤선생영어교실,버스정류장,46.24,49.0
2026-08-02T19:00:00,1340324501,관문대로,버스정류장,윤선생영어교실,39.29,61.0
2026-08-02T19:00:00,1340024900,관문대로,부산동노회,윤선생영어교실,64.34,0.0
2026-08-02T19:00:00,1340030700,백양대로208번길,개금주공1단지아파트,윤선생영어교실,26.5,0.0
2026-08-02T19:00:00,1340035700,백양관문로,백양터널어귀삼거리,윤선생영어교실,39.61,73.0
2026-08-02T19:00:00,1451183901,일광로,잔선식당,일광삼거리,20.0,0.0
2026-08-02T19:00:00,1450009402,일광로,이천교동측,일광삼거리,17.92,0.0
2026-08-02T19:00:00,1450048601,이화로,또오리은행나무,일광삼거리,36.5,0.0
2026-08-02T19:00:00,1451184001,일광로,일광삼거리,잔선식당,18.08,0.0
2026-08-02T19:00:00,1451183201,일광로,삼성리54-3,잔선식당,23.09,0.0
2026-08-02T19:00:00,1451180501,일광로,아인스톤,영빈낚시할인마트,26.84,0.0
2026-08-02T19:00:00,1451179401,일광로,해연반점,영빈낚시할인마트,22.25,0.0
2026-08-02T19:00:00,1451178701,일광로,해연반점,삼성리96-3,14.92,0.0
2026-08-02T19:00:00,1450008402,일광로,일광해수욕장입구,삼성리96-3,15.08,0.0
2026-08-02T19:00:00,1390018800,다송로,장대선교원,장대선교원,20.0,0.0
2026-08-02T19:00:00,1390172701,다송로,GS25,장대선교원,16.59,0.0
2026-08-02T19:00:00,1390173701,장림번영로,버스정류장,조흥은행,11.42,0.0
2026-08-02T19:00:00,1390026900,장평로,부산장림동우체국,조흥은행,10.67,0.0
2026-08-02T19:00:00,1390028200,장림번영로,장림1동행정복지센터,조흥은행,14.17,0.0
2026-08-02T19:00:00,1390028402,장평로,장림동317-23,조흥은행,15.58,0.0
2026-08-02T19:00:00,1390173601,장림번영로,조흥은행,버스정류장,28.0,0.0
2026-08-02T19:00:00,1390174301,장림번영로,장림삼거리,버스정류장,12.84,0.0
2026-08-02T19:00:00,1390174101,장림번영로103번길,버스정류장,장림동1067,19.83,0.0
2026-08-02T19:00:00,1390029301,장림산업1길,장림전화국앞교차로,장림동1067,19.75,0.0
2026-08-02T19:00:00,1390153300,장림로,장림동317-23,장림동1067,16.0,0.0
2026-08-02T19:00:00,1390029401,장림산업1길,부산경찰기동대1별관,장림동1067,22.17,0.0
2026-08-02T19:00:00,1380126601,재반로,칭구짬뽕,주안교회,6.83,0.0
2026-08-02T19:00:00,1380126401,재반로,MSTYLE헤어,주안교회,9.0,0.0
2026-08-02T19:00:00,1380126501,재반로,주안교회,칭구짬뽕,22.5,0.0
2026-08-02T19:00:00,1380126901,재반로,반여23파출소,칭구짬뽕,17.0,0.0
2026-08-02T19:00:00,1380127001,재반로,칭구짬뽕,반여23파출소,16.83,0.0
2026-08-02T19:00:00,1380082600,재반로,갈보리교회,반여23파출소,24.42,0.0
2026-08-02T19:00:00,1380126301,재반로,주안교회,MSTYLE헤어,18.25,0.0
2026-08-02T19:00:00,1380126201,재반로,불란다쭈꾸미재송점,MSTYLE헤어,26.0,0.0
2026-08-02T19:00:00,1380126101,재반로,MSTYLE헤어,불란다쭈꾸미재송점,28.17,0.0
2026-08-02T19:00:00,1380125601,재반로,엔제리너스부산재송,불란다쭈꾸미재송점,18.0,0.0
2026-08-02T19:00:00,1380125501,재반로,불란다쭈꾸미재송점,엔제리너스부산재송,14.58,0.0
2026-08-02T19:00:00,1380080100,재반로,엘벧엘교회,엔제리너스부산재송,15.0,0.0
2026-08-02T19:00:00,1380003501,해운대로,재송역,재송동920-4,26.7,562.0
2026-08-02T19:00:00,1380003601,해운대로,재송삼익APT교차로,재송동920-4,21.0,256.0
2026-08-02T19:00:00,1450031900,차성서로77번길,늘채움어린이집,늘채움어린이집,21.17,0.0
2026-08-02T19:00:00,1451199101,차성로277번길,대라리500-10,대라리272,19.0,0.0
2026-08-02T19:00:00,1451199601,차성로277번길,대라리413-9,대라리272,16.0,0.0
2026-08-02T19:00:00,1450034101,차성로,기장전화국사거리,대라리413-9,24.75,0.0
2026-08-02T19:00:00,1450034201,차성로,기장시장앞교차로,대라리413-9,25.67,0.0
2026-08-02T19:00:00,1450033901,차성남로,기장전화국사거리,기장전화국교차로,27.0,0.0
2026-08-02T19:00:00,1450034001,차성남로,기장로교회,기장전화국교차로,14.0,0.0
2026-08-02T19:00:00,1450034202,차성로,대라리413-9,기장전화국사거리,17.92,0.0
2026-08-02T19:00:00,1450034002,차성남로,기장전화국교차로,기장전화국사거리,5.0,0.0
2026-08-02T19:00:00,1451199401,차성남로,안동찰보리밥,기장전화국사거리,4.0,0.0
2026-08-02T19:00:00,1450030500,차성로,대성교회,기장전화국사거리,17.59,0.0
2026-08-02T19:00:00,1451199301,차성남로,기장전화국사거리,안동찰보리밥,14.08,0.0
2026-08-02T19:00:00,1451199801,차성남로,아이비스,안동찰보리밥,12.08,0.0
2026-08-02T19:00:00,1451199701,차성남로,안동찰보리밥,아이비스,24.75,0.0
2026-08-02T19:00:00,1451200601,차성남로,감사한교회,아이비스,25.17,0.0
2026-08-02T19:00:00,1451200501,차성남로,아이비스,감사한교회,21.58,0.0
2026-08-02T19:00:00,1450033102,차성남로,청강리778-1,감사한교회,26.58,0.0
2026-08-02T19:00:00,1450038800,차성로288번길,기장선교원,기장교회,18.58,0.0
2026-08-02T19:00:00,1450038502,차성로288번길,대라리4-24,기장교회,18.0,0.0
2026-08-02T19:00:00,1450032700,차성남로,죽성사거리,기장성당,26.58,0.0
2026-08-02T19:00:00,1450033202,차성남로,청강리778-1,기장성당,25.75,0.0
2026-08-02T19:00:00,1370337801,금곡대로,와이드앵글,화명삼거리,25.83,0.0
2026-08-02T19:00:00,1370006800,금곡대로,화명교남측,화명삼거리,28.67,0.0
2026-08-02T19:00:00,1370339501,산성로,화명공영주차장,화명삼거리,9.08,0.0
2026-08-02T19:00:00,1370337701,금곡대로,화명삼거리,와이드앵글,34.67,0.0
2026-08-02T19:00:00,1370336401,금곡대로,화명역2번출구,와이드앵글,35.33,0.0
2026-08-02T19:00:00,1370336301,금곡대로,와이드앵글,화명역2번출구,29.42,0.0
2026-08-02T19:00:00,1370031400,금곡대로303번길,쉴이네슈가,화명역2번출구,11.34,0.0
2026-08-02T19:00:00,1370006300,금곡대로,와석교차로,화명역2번출구,18.34,0.0
2026-08-02T19:00:00,1370006102,금곡대로,CU화명스마일점,스타벅스부산화명역점,33.34,0.0
2026-08-02T19:00:00,1370006201,금곡대로,와석교차로,스타벅스부산화명역점,30.92,0.0
2026-08-02T19:00:00,1370342001,금곡대로,경희예한의원,화명교북측,35.25,0.0
2026-08-02T19:00:00,1370007201,금곡대로,벽산어린이집,화명교북측,31.0,0.0
2026-08-02T19:00:00,1370034400,양달로9번길,화진그린빌라,새로운교회,15.17,0.0
2026-08-02T19:00:00,1370033900,양달로,브니엘어린이집,새로운교회,23.08,0.0
2026-08-02T19:00:00,1370341901,금곡대로,화명교북측,경희예한의원,34.5,0.0
2026-08-02T19:00:00,1370341201,금곡대로,화명교,경희예한의원,38.67,0.0
2026-08-02T19:00:00,1370341101,금곡대로,경희예한의원,화명교,29.5,0.0
2026-08-02T19:00:00,1370340401,금곡대로,화명교남측,화명교,24.0,0.0
2026-08-02T19:00:00,1370006700,금곡대로,화명삼거리,화명교남측,38.75,0.0
2026-08-02T19:00:00,1370340301,금곡대로,화명교,화명교남측,34.75,0.0
2026-08-02T19:00:00,1370032800,금곡대로347번길,화명1호교,화명교남측,13.75,0.0
2026-08-02T19:00:00,1300013901,중앙대로,세븐일레븐,영주사거리,13.25,0.0
2026-08-02T19:00:00,1300012100,대영로,영주고가교,영주사거리,12.83,0.0
2026-08-02T19:00:00,1320000104,중앙대로,초량동1206-1,영주사거리,13.92,0.0
2026-08-02T19:00:00,1300013801,중앙대로,영주사거리,세븐일레븐,26.08,0.0
2026-08-02T19:00:00,1300013501,중앙대로,대창동1가38-1,세븐일레븐,26.17,0.0
2026-08-02T19:00:00,1300013401,중앙대로,세븐일레븐,대창동1가38-1,25.92,0.0
2026-08-02T19:00:00,1300013201,중앙대로,롯데제이티비,대창동1가38-1,32.5,0.0
2026-08-02T19:00:00,1300011500,중앙대로132번길,중앙동4가91,대창동1가38-1,24.58,0.0
2026-08-02T19:00:00,1430016500,광안해변로295번길,광민지구대,제주이어도상회,11.17,0.0
2026-08-02T19:00:00,1430017300,광남로,동방오거리,제주이어도상회,29.17,0.0
2026-08-02T19:00:00,1430018000,광남로,민락교차로,제주이어도상회,21.42,0.0
2026-08-02T19:00:00,1380026300,중동1로37번길,중동1372-3,우리은행해운대중앙지점,7.33,0.0
2026-08-02T19:00:00,1380027700,중동2로,해운대온천사거리,우리은행해운대중앙지점,11.84,0.0
2026-08-02T19:00:00,1380028800,중동2로,백운사,우리은행해운대중앙지점,11.42,0.0
2026-08-02T19:00:00,1380025500,해운대해변로,해운대온천사거리,커피콩,22.09,0.0
2026-08-02T19:00:00,1380027500,해운대해변로,해운대온천사거리,커피콩,14.0,0.0
2026-08-02T19:00:00,1380028600,해운대해변로,커피콩,커피콩,13.75,0.0
2026-08-02T19:00:00,1340330701,중앙대로,그린비,서면교차로,15.53,225.0
2026-08-02T19:00:00,1340026700,가야대로,서면역9번출구,서면교차로,16.22,267.0
2026-08-02T19:00:00,1340027200,서전로,디씨티앞교차로,서면교차로,8.58,0.0
2026-08-02T19:00:00,1340027400,새싹로,춘추화랑,서면교차로,11.25,0.0
2026-08-02T19:00:00,1340001200,중앙대로,부전사거리,서면교차로,20.86,233.0
2026-08-02T19:00:00,1340330801,중앙대로,서면교차로,그린비,20.08,452.0
2026-08-02T19:00:00,1340330001,중앙대로,크리스탈부페웨딩홀,그린비,16.16,225.0
2026-08-02T19:00:00,1340329901,중앙대로,그린비,크리스탈부페웨딩홀,21.53,452.0
2026-08-02T19:00:00,1340329801,중앙대로692번길,서면특화거리,크리스탈부페웨딩홀,8.0,0.0
2026-08-02T19:00:00,1340000603,중앙대로,부전동573-1,크리스탈부페웨딩홀,17.91,225.0
2026-08-02T19:00:00,1340021900,중앙대로691번길,문화관광앞교차로,크리스탈부페웨딩홀,21.33,0.0
2026-08-02T19:00:00,1340330401,중앙대로692번길,흥국빌딩앞교차로,서면특화거리,12.0,0.0
2026-08-02T19:00:00,1340331101,동천로,서면트리축제,흥국빌딩앞교차로,12.08,0.0
2026-08-02T19:00:00,1340022600,전포대로199번길,전포동부산은행앞사거리,흥국빌딩앞교차로,10.5,0.0
2026-08-02T19:00:00,1340014502,동천로,부전동572-2,흥국빌딩앞교차로,12.17,0.0
2026-08-02T19:00:00,1340331401,동천로,서면트리축제,NC백화점,20.08,0.0
2026-08-02T19:00:00,1340022801,동천로,디씨티앞교차로,NC백화점,21.25,0.0
2026-08-02T19:00:00,1340331201,동천로,흥국빌딩앞교차로,서면트리축제,8.09,0.0
2026-08-02T19:00:00,1340331301,동천로,NC백화점,서면트리축제,14.17,0.0
2026-08-02T19:00:00,1340331601,전포대로209번길,동구상사,서면트리축제,9.0,0.0
2026-08-02T19:00:00,1340330901,중앙대로702번길,스노우델리,서면트리축제,5.75,0.0
2026-08-02T19:00:00,1340332001,전포대로,동구상사,전포사거리,16.5,0.0
2026-08-02T19:00:00,1340027500,서전로,디씨티앞교차로,전포사거리,17.17,0.0
2026-08-02T19:00:00,1340027900,서전로,이아커피&amp;세라믹,전포사거리,9.08,0.0
2026-08-02T19:00:00,1340028600,전포대로,기독교방송국사거리,전포사거리,31.42,0.0
2026-08-02T19:00:00,1340331501,전포대로209번길,서면트리축제,동구상사,9.67,0.0
2026-08-02T19:00:00,1340331901,전포대로,전포사거리,동구상사,21.0,0.0
2026-08-02T19:00:00,1340331801,전포대로,전포동부산은행앞사거리,동구상사,25.33,0.0
2026-08-02T19:00:00,1340022500,전포대로199번길,흥국빌딩앞교차로,전포동부산은행앞사거리,12.33,0.0
2026-08-02T19:00:00,1340331701,전포대로,동구상사,전포동부산은행앞사거리,10.75,0.0
2026-08-02T19:00:00,1340018102,전포대로,동성중고앞교차로,전포동부산은행앞사거리,21.42,0.0
2026-08-02T19:00:00,1340023000,전포대로200번길,연수어린이집,전포동부산은행앞사거리,9.25,0.0
2026-08-02T19:00:00,1340330501,중앙대로702번길,그린비,스노우델리,8.5,0.0
2026-08-02T19:00:00,1340000502,중앙대로,크리스탈부페웨딩홀,부전동573-1,23.53,452.0
2026-08-02T19:00:00,1340000605,중앙대로,부전동573-1,부전동573-1,16.24,225.0
2026-08-02T19:00:00,1300013301,중앙대로,대창동1가38-1,롯데제이티비,25.92,0.0
2026-08-02T19:00:00,1300012901,중앙대로,중부경찰서삼거리,롯데제이티비,29.67,0.0
2026-08-02T19:00:00,1300012801,중앙대로,롯데제이티비,중부경찰서삼거리,25.92,0.0
2026-08-02T19:00:00,1300001400,중앙대로,중앙동사거리,중부경찰서삼거리,21.75,0.0
2026-08-02T19:00:00,1450993500,일반국도31호선,동백교차로,이천교차로,78.59,0.0
2026-08-02T19:00:00,1450339100,일반국도31호선,일광IC동측,이천교차로,55.67,0.0
2026-08-02T19:00:00,1380076500,송정광어골로82번길,혜연사,씨앤블루통상,14.84,0.0
2026-08-02T19:00:00,1380076700,송정광어골로,송정어귀삼거리,씨앤블루통상,21.0,0.0
2026-08-02T19:00:00,1400045300,중앙대로1945번길,두실사거리,새벽교회,20.0,0.0
2026-08-02T19:00:00,1400045600,금강로565번길,신실한교회,새벽교회,20.17,0.0
2026-08-02T19:00:00,1400045800,금강로,금정중앙교회,새벽교회,18.0,0.0
2026-08-02T19:00:00,1400044100,금강로,부산구서동우체국,동래영락교회,18.83,0.0
2026-08-02T19:00:00,1400057900,금강로513번길,태광여자상업고등학교,동래영락교회,19.92,0.0
2026-08-02T19:00:00,1400045400,중앙대로1945번길,새벽교회,두실사거리,15.83,0.0
2026-08-02T19:00:00,1400297601,중앙대로,김태호과자점,두실사거리,33.67,236.0
2026-08-02T19:00:00,1400008400,중앙대로,금남교,두실사거리,32.82,623.0
2026-08-02T19:00:00,1400297501,중앙대로,두실사거리,김태호과자점,38.74,623.0
2026-08-02T19:00:00,1400296601,중앙대로,구서교남측,김태호과자점,35.5,236.0
2026-08-02T19:00:00,1400296501,중앙대로,김태호과자점,구서교남측,34.82,623.0
2026-08-02T19:00:00,1400044600,금단로,금남교,구서교남측,21.25,0.0
2026-08-02T19:00:00,1400006600,중앙대로,구서역4번출구,구서교남측,31.37,236.0
2026-08-02T19:00:00,1400050300,청룡로,범어사사거리,무지개공동체,13.08,0.0
2026-08-02T19:00:00,1400049900,청룡로,남산동1002-1,무지개공동체,22.59,0.0
2026-08-02T19:00:00,1400048100,금강로,대한합기도협회신무도관덕인도장,남산침례교회,23.92,0.0
2026-08-02T19:00:00,1400009700,중앙대로,제칠일안식일예수재림교금정교회,남산은혜교회,38.77,239.0
2026-08-02T19:00:00,1400010000,중앙대로,청룡동,남산은혜교회,36.72,395.0
2026-08-02T19:00:00,1400050400,청룡로,무지개공동체,범어사사거리,25.0,0.0
2026-08-02T19:00:00,1400050800,청룡예전로,범어사,범어사사거리,27.83,0.0
2026-08-02T19:00:00,1400050600,청룡로,청룡동삼거리,범어사사거리,27.92,0.0
2026-08-02T19:00:00,1400010400,중앙대로,청룡동삼거리,범어사역6번출구,31.67,395.0
2026-08-02T19:00:00,1400010100,중앙대로,청룡동,범어사역6번출구,39.39,233.0
2026-08-02T19:00:00,1400047300,범어천로,남산역8번출구,남산역8번출구,5.42,0.0
2026-08-02T19:00:00,1400047800,남산로,대한합기도협회신무도관덕인도장,남산역8번출구,15.75,0.0
2026-08-02T19:00:00,1400008501,중앙대로,금남교,남산역8번출구,34.92,236.0
2026-08-02T19:00:00,1400009300,중앙대로,속성변화점,남산역8번출구,23.57,623.0
2026-08-02T19:00:00,1420043501,온천천남로,공중화장실,연산교남측,17.33,0.0
2026-08-02T19:00:00,1420014702,안연로,연산동2315,연산교남측,15.33,0.0
2026-08-02T19:00:00,1420024800,안연로,연산교북측,연산교남측,12.75,0.0
2026-08-02T19:00:00,1420025002,온천천남로,연산동503-1,연산교남측,16.0,0.0
2026-08-02T19:00:00,1420043601,온천천남로,연산교남측,공중화장실,25.33,0.0
2026-08-02T19:00:00,1420044001,온천천남로,보아건설,공중화장실,32.92,0.0
2026-08-02T19:00:00,1420043901,온천천남로,공중화장실,보아건설,32.33,0.0
2026-08-02T19:00:00,1350055201,온천천남로,서연하이츠빌라,보아건설,33.25,0.0
2026-08-02T19:00:00,1350055101,온천천남로,보아건설,서연하이츠빌라,33.0,0.0
2026-08-02T19:00:00,1350055301,온천천남로,안락교남측,서연하이츠빌라,22.75,0.0
2026-08-02T19:00:00,1420044301,온천천남로,서연하이츠빌라,안락교남측,5.0,0.0
2026-08-02T19:00:00,1420015500,연안로,토곡사거리,안락교남측,21.08,0.0
2026-08-02T19:00:00,1420020800,연안로,안락교오거리,안락교남측,18.67,0.0
2026-08-02T19:00:00,1420043301,과정로226번길,공중화장실,수협은행연산동지점,11.0,0.0
2026-08-02T19:00:00,1420014300,과정로,연산8동주민센터,수협은행연산동지점,24.09,0.0
2026-08-02T19:00:00,1420015000,과정로,토곡사거리,수협은행연산동지점,22.42,0.0
2026-08-02T19:00:00,1440071601,광장로2번길,괴법교동측,황제침대,23.0,0.0
2026-08-02T19:00:00,1440071501,광장로2번길,산업교동측,황제침대,26.67,0.0
2026-08-02T19:00:00,1440071701,광장로2번길,황제침대,괴법교동측,9.34,0.0
2026-08-02T19:00:00,1440035102,광장로,괘법르네시떼역(부산김해경전철),괴법교동측,15.42,0.0
2026-08-02T19:00:00,1440035800,광장로1번길,창진초등학교,괴법교동측,18.75,0.0
2026-08-02T19:00:00,1440035600,광장로,괘법교삼거리,괴법교동측,23.09,0.0
2026-08-02T19:00:00,1440071401,광장로2번길,황제침대,산업교동측,19.0,0.0
2026-08-02T19:00:00,1440032900,새벽시장로9번길,롯데택배부산사상대리점,산업교동측,29.33,0.0
2026-08-02T19:00:00,1440034000,괘감로,산업교서측,산업교동측,23.17,0.0
2026-08-02T19:00:00,1440055502,괘감로,괘법동572-1,산업교동측,32.0,0.0
2026-08-02T19:00:00,1410198900,가락대로,조만포삼거리,가락IC앞교량,61.75,0.0
2026-08-02T19:00:00,1410199600,가락대로,가락교,가락IC앞교량,59.08,0.0
2026-08-02T19:00:00,1440075001,-,사상교차로,사상교차로,13.59,0.0
2026-08-02T19:00:00,1440074801,광장로,현대모비스기아부품,사상교차로,9.42,0.0
2026-08-02T19:00:00,1440031700,사상로,북부산세무서,사상교차로,26.75,0.0
2026-08-02T19:00:00,1440034600,광장로,사상역,사상교차로,13.5,0.0
2026-08-02T19:00:00,1440035000,사상로,NH농협은행사상지점,사상교차로,20.09,0.0
2026-08-02T19:00:00,1440075101,-,사상교차로,사상교차로,21.67,0.0
2026-08-02T19:00:00,1440072101,새벽로,감전2동사거리,사상교차로,16.42,0.0
2026-08-02T19:00:00,1440074601,-,현대모비스기아부품,사상교차로,7.92,0.0
2026-08-02T19:00:00,1440072001,새벽로,사상교차로,감전2동사거리,31.75,0.0
2026-08-02T19:00:00,1440032500,괘감로,감전동삼거리,감전2동사거리,26.5,0.0
2026-08-02T19:00:00,1440055400,괘감로,한림공구도매상가앞,감전2동사거리,21.92,0.0
2026-08-02T19:00:00,1440055800,새벽로,김교진비뇨기과,감전2동사거리,19.58,0.0
2026-08-02T19:00:00,1440035201,광장로,괴법교동측,괘법르네시떼역(부산김해경전철),25.58,0.0
2026-08-02T19:00:00,1440072301,광장로,부산괘법동우편취급국,괘법르네시떼역(부산김해경전철),17.42,0.0
2026-08-02T19:00:00,1440072201,광장로,괘법르네시떼역(부산김해경전철),부산괘법동우편취급국,23.09,0.0
2026-08-02T19:00:00,1440072901,광장로,괘법동572-1,부산괘법동우편취급국,23.58,0.0
2026-08-02T19:00:00,1440072801,광장로,부산괘법동우편취급국,괘법동572-1,24.17,0.0
2026-08-02T19:00:00,1440073101,광장로,행정사사무소지상,괘법동572-1,22.84,0.0
2026-08-02T19:00:00,1440035402,광장로21번길,르네시떼,괘법동572-1,13.84,0.0
2026-08-02T19:00:00,1440073001,광장로,괘법동572-1,행정사사무소지상,21.25,0.0
2026-08-02T19:00:00,1440073701,광장로,버스정류장,행정사사무소지상,17.75,0.0
2026-08-02T19:00:00,1440073601,광장로,행정사사무소지상,버스정류장,20.25,0.0
2026-08-02T19:00:00,1440074301,광장로,현대모비스기아부품,버스정류장,17.42,0.0
2026-08-02T19:00:00,1440073901,-,다슬기해장국,버스정류장,14.0,0.0
2026-08-02T19:00:00,1440074901,광장로,사상교차로,현대모비스기아부품,17.58,0.0
2026-08-02T19:00:00,1440074201,광장로,버스정류장,현대모비스기아부품,16.75,0.0
2026-08-02T19:00:00,1440074501,광장로56번길,현대모비스기아부품,현대모비스기아부품,9.0,0.0
2026-08-02T19:00:00,1440071801,-,황제침대,부산괘법동우편취급국,14.17,0.0
2026-08-02T19:00:00,1440072601,-,부산괘법동우편취급국,행정사사무소지상,10.92,0.0
2026-08-02T19:00:00,1440073401,-,행정사사무소지상,다슬기해장국,14.83,0.0
2026-08-02T19:00:00,1411093501,가락대로,해나리,부산산업과학고등학교,32.08,0.0
2026-08-02T19:00:00,1410012712,가락대로,죽림삼거리,부산산업과학고등학교,17.0,0.0
2026-08-02T19:00:00,1411093601,가락대로,부산산업과학고등학교,해나리,36.08,0.0
2026-08-02T19:00:00,1411093401,가락대로,항도실업,해나리,49.33,0.0
2026-08-02T19:00:00,1411093301,가락대로,해나리,항도실업,49.33,0.0
2026-08-02T19:00:00,1410451600,가락대로,영진금형,항도실업,40.25,0.0
2026-08-02T19:00:00,1370335401,덕천로259번길,호산나교회,대산빌라,25.0,0.0
2026-08-02T19:00:00,1370336001,만덕대로290번길,만덕사거리,대산빌라,22.0,0.0
2026-08-02T19:00:00,1370335501,만덕대로290번길,찌개마을,대산빌라,20.75,0.0
2026-08-02T19:00:00,1370335301,덕천로259번길,대산빌라,호산나교회,14.67,0.0
2026-08-02T19:00:00,1370016300,덕천로259번길,호산나교회,호산나교회,18.59,0.0
2026-08-02T19:00:00,1370016500,만덕2로44번길,대한예수교회환희교회,호산나교회,8.42,0.0
2026-08-02T19:00:00,1370335901,만덕대로290번길,대산빌라,만덕사거리,25.0,0.0
2026-08-02T19:00:00,1370002301,만덕대로,옹달샘어린이집,만덕사거리,47.06,1164.0
2026-08-02T19:00:00,1370002800,만덕대로,만덕역2번출구,만덕사거리,23.84,0.0
2026-08-02T19:00:00,1370018300,만덕2로,만덕역1번출구,만덕사거리,6.92,0.0
2026-08-02T19:00:00,1370019400,만덕1로,만덕역4번출구,만덕사거리,5.33,0.0
2026-08-02T19:00:00,1400013800,서명로,희망교회,영광어린이집,18.75,0.0
2026-08-02T19:00:00,1350008200,반송로,명장정수장,생명의교회,33.97,167.0
2026-08-02T19:00:00,1350008500,반송로,명장협진태양맨션,생명의교회,29.48,331.0
2026-08-02T19:00:00,1350027500,시실로,이디야커피부산명장점,주원교회,25.09,0.0
2026-08-02T19:00:00,1350027300,명장로,알뜰주유소명장셀프,주원교회,20.0,0.0
2026-08-02T19:00:00,1350028200,시실로,명장정수장,주원교회,15.75,0.0
2026-08-02T19:00:00,1440074001,-,다슬기해장국,현대모비스기아부품,21.75,0.0
2026-08-02T19:00:00,1370335601,만덕대로290번길,대산빌라,찌개마을,16.0,0.0
2026-08-02T19:00:00,1370335801,만덕1로51번길,서울학원,찌개마을,42.58,0.0
2026-08-02T19:00:00,1370335701,만덕1로51번길,찌개마을,서울학원,26.17,0.0
2026-08-02T19:00:00,1370326601,만덕1로,남산정역2번출구,서울학원,22.83,0.0
2026-08-02T19:00:00,1370326801,만덕1로,만덕역4번출구,서울학원,31.0,0.0
2026-08-02T19:00:00,1400300101,중앙대로,순천방면,노포축산,41.19,271.0
2026-08-02T19:00:00,1400011800,중앙대로,예수촌교회,노포축산,33.33,0.0
2026-08-02T19:00:00,1400055800,중앙대로2327번길,송림사,노포축산,24.0,0.0
2026-08-02T19:00:00,1400300201,중앙대로,노포축산,순천방면,44.08,0.0
2026-08-02T19:00:00,1400299701,중앙대로,노포교,순천방면,39.23,271.0
2026-08-02T19:00:00,1400299801,중앙대로,순천방면,노포교,44.58,0.0
2026-08-02T19:00:00,1400010900,중앙대로,노포삼거리,노포교,33.92,298.0
2026-08-02T19:00:00,1390164701,다대로,한샘키친&amp;바스,새에덴교회,38.25,0.0
2026-08-02T19:00:00,1390010000,다대동로,다대포후리소리보존협회,새에덴교회,9.0,0.0
2026-08-02T19:00:00,1390010200,다대로,다대농협사거리,새에덴교회,39.42,0.0
2026-08-02T19:00:00,1390164601,다대로,새에덴교회,한샘키친&amp;바스,35.17,0.0
2026-08-02T19:00:00,1390164001,다대로,제주생돼지갈비,한샘키친&amp;바스,35.25,0.0
2026-08-02T19:00:00,1390164101,다대로,한샘키친&amp;바스,제주생돼지갈비,27.83,0.0
2026-08-02T19:00:00,1390163701,다대로,아이세상어린이집,제주생돼지갈비,32.17,0.0
2026-08-02T19:00:00,1390163601,다대로,제주생돼지갈비,아이세상어린이집,17.92,0.0
2026-08-02T19:00:00,1390005500,다대로,다대해수욕장,아이세상어린이집,22.92,0.0
2026-08-02T19:00:00,1400053900,체육공원로,임석사거리,두구동우편취급국,28.25,0.0
2026-08-02T19:00:00,1400056800,두구로,두구교동측,두구동우편취급국,27.17,0.0
2026-08-02T19:00:00,1390174501,다대로,한서병원앞삼거리,봉구스밥버거,26.17,0.0
2026-08-02T19:00:00,1390174601,다대로,장림삼거리,봉구스밥버거,42.83,0.0
2026-08-02T19:00:00,1370039800,효열로,소망감리교회,성민교회,22.58,0.0
2026-08-02T19:00:00,1370039100,효열로220번길,금곡하나유치원,성민교회,16.17,0.0
2026-08-02T19:00:00,1370038900,효열로,금곡동산교회,성민교회,19.17,0.0
2026-08-02T19:00:00,1370328601,금곡대로616번길,컴정보공간,금곡삼거리,9.25,0.0
2026-08-02T19:00:00,1370328701,금곡대로,나누미,금곡삼거리,31.92,0.0
2026-08-02T19:00:00,1370007700,금곡대로,금곡이안어린이집,금곡삼거리,40.42,0.0
2026-08-02T19:00:00,1370328501,금곡대로616번길,금곡삼거리,컴정보공간,7.67,0.0
2026-08-02T19:00:00,1370329001,금곡대로616번길,새금곡교회,컴정보공간,24.08,0.0
2026-08-02T19:00:00,1370328901,금곡대로616번길,컴정보공간,새금곡교회,8.0,0.0
2026-08-02T19:00:00,1370329301,금곡대로616번길,헤어수,새금곡교회,13.08,0.0
2026-08-02T19:00:00,1370037300,효열로,금곡청소년수련관,새금곡교회,22.34,0.0
2026-08-02T19:00:00,1370037900,효열로,동산교회,새금곡교회,9.92,0.0
2026-08-02T19:00:00,1370329601,금곡대로616번길,헤어수,금곡도서관,16.75,0.0
2026-08-02T19:00:00,1370330101,금곡대로616번길,스페이스PC존,금곡도서관,8.67,0.0
2026-08-02T19:00:00,1370038700,효열로203번길,금곡동산교회,금곡도서관,12.0,0.0
2026-08-02T19:00:00,1370329401,금곡대로616번길,새금곡교회,헤어수,22.92,0.0
2026-08-02T19:00:00,1370329501,금곡대로616번길,금곡도서관,헤어수,13.42,0.0
2026-08-02T19:00:00,1370329901,금곡대로,나누미,금곡역삼거리,26.5,0.0
2026-08-02T19:00:00,1370040700,효열로,매일유업북구디에스영업소,금곡역삼거리,17.25,0.0
2026-08-02T19:00:00,1370008400,금곡대로,부산보건환경연구원동물위생시험,금곡역삼거리,35.67,0.0
2026-08-02T19:00:00,1370328801,금곡대로,금곡삼거리,나누미,42.17,0.0
2026-08-02T19:00:00,1370330001,금곡대로,금곡역삼거리,나누미,48.25,0.0
2026-08-02T19:00:00,1370333201,금곡대로616번길,더힐링노래연습장,금곡역1번출구,18.83,0.0
2026-08-02T19:00:00,1370040600,금곡대로616번길,매일유업북구디에스영업소,금곡역1번출구,18.67,0.0
2026-08-02T19:00:00,1370333101,금곡대로616번길,금곡역1번출구,더힐링노래연습장,27.83,0.0
2026-08-02T19:00:00,1370332801,금곡대로616번길,초량돼지국밥,더힐링노래연습장,28.83,0.0
2026-08-02T19:00:00,1370332701,금곡대로616번길,더힐링노래연습장,초량돼지국밥,31.5,0.0
2026-08-02T19:00:00,1370332001,금곡대로616번길,우리동네,초량돼지국밥,25.75,0.0
2026-08-02T19:00:00,1370331901,금곡대로616번길,초량돼지국밥,우리동네,20.58,0.0
2026-08-02T19:00:00,1370331401,금곡대로616번길,왕촌돼지숯불꼬리,우리동네,26.58,0.0
2026-08-02T19:00:00,1370331301,금곡대로616번길,우리동네,왕촌돼지숯불꼬리,30.0,0.0
2026-08-02T19:00:00,1370330801,금곡대로616번길,버스정류장,왕촌돼지숯불꼬리,21.08,0.0
2026-08-02T19:00:00,1370330701,금곡대로616번길,왕촌돼지숯불꼬리,버스정류장,20.67,0.0
2026-08-02T19:00:00,1370330601,금곡대로616번길,스페이스PC존,버스정류장,24.0,0.0
2026-08-02T19:00:00,1370330201,금곡대로616번길,금곡도서관,스페이스PC존,26.58,0.0
2026-08-02T19:00:00,1370330501,금곡대로616번길,버스정류장,스페이스PC존,23.92,0.0
2026-08-02T19:00:00,1370039700,효열로,성민교회,소망감리교회,11.34,0.0
2026-08-02T19:00:00,1370040000,효열로,금창초등어린이집,소망감리교회,23.67,0.0
2026-08-02T19:00:00,1370040800,효열로,금곡역삼거리,매일유업북구디에스영업소,18.25,0.0
2026-08-02T19:00:00,1370040500,금곡대로616번길,금곡역1번출구,매일유업북구디에스영업소,9.5,0.0
2026-08-02T19:00:00,1370334801,효열로,1단지헤어샵,매일유업북구디에스영업소,19.08,0.0
2026-08-02T19:00:00,1370334701,효열로,매일유업북구디에스영업소,1단지헤어샵,23.67,0.0
2026-08-02T19:00:00,1370334901,효열로,금창초등어린이집,1단지헤어샵,17.84,0.0
2026-08-02T19:00:00,1380067500,우동3로,동원듀크빌리지3차아파트,장산터널,26.59,0.0
2026-08-02T19:00:00,1380069300,대천로67번길,부산양운우체국,장산터널,30.42,0.0
2026-08-02T19:00:00,1350037600,명안로,한국전력공사동래지점,부산은행안락1동지점,12.5,0.0
2026-08-02T19:00:00,1350019800,명안로,명장1동행정복지센터,부산은행안락1동지점,15.5,0.0
2026-08-02T19:00:00,1350019600,안락로,경진미트,부산은행안락1동지점,18.75,0.0
2026-08-02T19:00:00,1350005100,충렬대로,동래교차로,수민동교차로,28.56,532.0
2026-08-02T19:00:00,1350021202,충렬대로237번길,수안동177-2,수민동교차로,10.0,0.0
2026-08-02T19:00:00,1350004103,충렬대로,낙민역(부산4호선),수민동교차로,27.83,544.0
2026-08-02T19:00:00,1350018700,충렬대로238번길,동래소방서앞,수민동교차로,16.92,0.0
2026-08-02T19:00:00,1350005200,충렬대로,수민동교차로,동래교차로,18.7,544.0
2026-08-02T19:00:00,1350021602,명륜로,명륜동481,동래교차로,13.83,0.0
2026-08-02T19:00:00,1350005700,충렬대로,내성교차로,동래교차로,22.67,0.0
2026-08-02T19:00:00,1350018900,명륜로,동래소방서앞,동래교차로,11.08,0.0
2026-08-02T19:00:00,1350019104,사직북로,사직동161-1,사직동1026,9.0,0.0
2026-08-02T19:00:00,1350019201,사직북로,사직초등학교앞교차로,사직동1026,15.0,0.0
2026-08-02T19:00:00,1350019203,사직북로,사직동1026,사직동161-1,24.0,0.0
2026-08-02T19:00:00,1350019103,사직북로,사직1동우편취급국,사직동161-1,22.0,0.0
2026-08-02T19:00:00,1350019102,사직북로,사직동1026,사직초등학교앞교차로,16.0,0.0
2026-08-02T19:00:00,1350020800,쇠미로,달북교차로,사직초등학교앞교차로,20.92,0.0
2026-08-02T19:00:00,1350013702,쇠미로,사직동595-48,사직초등학교앞교차로,16.58,0.0
2026-08-02T19:00:00,1350024200,명안로85번길,명장역2번출구,명장역2번출구,13.25,0.0
2026-08-02T19:00:00,1350024400,명장로20번길,큰숲교회,명장역2번출구,21.5,0.0
2026-08-02T19:00:00,1350020500,명장로20번길,경진미트,명장역2번출구,17.92,0.0
2026-08-02T19:00:00,1350023500,아시아드대로,미남역1번출구,미남역,19.09,0.0
2026-08-02T19:00:00,1350026002,아시아드대로,미남역(부산4호선),미남역,16.33,0.0
2026-08-02T19:00:00,1350019300,석사북로,사직1동우편취급국,미남역,16.0,0.0
2026-08-02T19:00:00,1350019904,동래로,안락동997,한얼상회,29.25,0.0
2026-08-02T19:00:00,1350020002,동래로,복산동새마을문고,한얼상회,25.25,0.0
2026-08-02T19:00:00,1350020004,동래로,안락동997,셀렉토커피부산동래한양점,11.0,0.0
2026-08-02T19:00:00,1350004203,충렬대로,낙민역(부산4호선),셀렉토커피부산동래한양점,24.81,532.0
2026-08-02T19:00:00,1350003801,충렬대로,속성변화점,셀렉토커피부산동래한양점,25.79,544.0
2026-08-02T19:00:00,1350020003,동래로,한얼상회,안락동997,24.0,0.0
2026-08-02T19:00:00,1350019903,동래로,셀렉토커피부산동래한양점,안락동997,28.25,0.0
2026-08-02T19:00:00,1350019902,동래로,한얼상회,복산동새마을문고,10.5,0.0
2026-08-02T19:00:00,1350024500,동래로136번길,한국외식업중앙회부산동래구지부,복산동새마을문고,11.0,0.0
2026-08-02T19:00:00,1350025600,동래로,명륜교차로,복산동새마을문고,18.67,0.0
2026-08-02T19:00:00,1350025402,복천로,복산동행정복지센터,복산동새마을문고,11.92,0.0
2026-08-02T19:00:00,1350023600,아시아드대로,미남역,미남역1번출구,22.75,0.0
2026-08-02T19:00:00,1350022900,아시아드대로228번길,한민교회,미남역1번출구,16.42,0.0
2026-08-02T19:00:00,1350020100,아시아드대로,사직삼거리,미남역1번출구,28.09,0.0
2026-08-02T19:00:00,1350021000,충렬사로,동현교회,대원정사,22.92,0.0
2026-08-02T19:00:00,1350006002,반송로,NH농협은행명장동지점,대원정사,25.94,331.0
2026-08-02T19:00:00,1350003501,반송로,안락교차로,대원정사,27.84,167.0
2026-08-02T19:00:00,1350020300,안락로,경진미트,대원정사,8.42,0.0
2026-08-02T19:00:00,1350020700,쇠미로,사직초등학교앞교차로,달북교차로,23.09,0.0
2026-08-02T19:00:00,1350022600,쇠미로,미남교,달북교차로,20.09,0.0
2026-08-02T19:00:00,1350020900,충렬사로,대원정사,동현교회,24.0,0.0
2026-08-02T19:00:00,1350022100,반송로247번길,NH농협은행명장동지점,동현교회,13.42,0.0
2026-08-02T19:00:00,1350022800,충렬사로,이디야커피부산명장점,동현교회,26.25,0.0
2026-08-02T19:00:00,1350021101,충렬대로237번길,수민동교차로,수안동177-2,22.17,0.0
2026-08-02T19:00:00,1350024600,동래로136번길,복산동새마을문고,한국외식업중앙회부산동래구지부,4.0,0.0
2026-08-02T19:00:00,1350021102,충렬대로237번길,수안동177-2,한국외식업중앙회부산동래구지부,16.17,0.0
2026-08-02T19:00:00,1350024800,충렬대로237번길,명륜교차로,한국외식업중앙회부산동래구지부,10.0,0.0
2026-08-02T19:00:00,1350021501,명륜로,동래교차로,명륜동481,19.34,0.0
2026-08-02T19:00:00,1350021604,명륜로,명륜동334-2,명륜동481,17.59,0.0
2026-08-02T19:00:00,1350049100,명륜로129번길,명륜동481,명륜동481,13.58,0.0
2026-08-02T19:00:00,1350021503,명륜로,명륜동481,명륜동334-2,15.42,0.0
2026-08-02T19:00:00,1350021603,명륜로,명륜교차로,명륜동334-2,23.58,0.0
2026-08-02T19:00:00,1350049700,명륜로139번길,명륜동649-52,명륜동334-2,16.5,0.0
2026-08-02T19:00:00,1350025500,동래로,복산동새마을문고,명륜교차로,14.58,0.0
2026-08-02T19:00:00,1350024700,충렬대로237번길,한국외식업중앙회부산동래구지부,명륜교차로,11.17,0.0
2026-08-02T19:00:00,1350021504,명륜로,명륜동334-2,명륜교차로,17.33,0.0
2026-08-02T19:00:00,1350028404,동래로,명륜교차로,명륜교차로,6.33,0.0
2026-08-02T19:00:00,1350028602,명륜로,명륜동754,명륜교차로,17.83,0.0
2026-08-02T19:00:00,1350005800,충렬대로,동래교차로,내성교차로,13.25,0.0
2026-08-02T19:00:00,1350023402,온천천로,동래역(부산1호선),내성교차로,24.42,0.0
2026-08-02T19:00:00,1350021700,온천천로,골드텔,내성교차로,18.33,0.0
2026-08-02T19:00:00,1350006300,충렬대로,내성교차로,내성교차로,26.0,0.0
2026-08-02T19:00:00,1350022000,중앙대로,내성지하차도,내성교차로,46.32,1181.0
2026-08-02T19:00:00,1350006200,중앙대로,내성교차로,내성교차로,27.75,0.0
2026-08-02T19:00:00,1350005600,중앙대로,내성지하차도,내성교차로,32.5,0.0
2026-08-02T19:00:00,1350021900,중앙대로,내성교차로,내성지하차도,51.32,1004.0
2026-08-02T19:00:00,1350008002,중앙대로,SK주유소동래,내성지하차도,44.92,0.0
2026-08-02T19:00:00,1350006502,중앙대로,동래역(부산1호선),내성지하차도,36.09,0.0
2026-08-02T19:00:00,1350025901,아시아드대로,미남역,미남역(부산4호선),24.92,0.0
2026-08-02T19:00:00,1350026001,아시아드대로,미남교차로,미남역(부산4호선),25.0,0.0
2026-08-02T19:00:00,1350005902,반송로,대원정사,NH농협은행명장동지점,28.09,167.0
2026-08-02T19:00:00,1350006001,반송로,명장역2번출구,NH농협은행명장동지점,30.23,331.0
2026-08-02T19:00:00,1350022500,쇠미로,달북교차로,미남교,23.25,0.0
2026-08-02T19:00:00,1350028900,충렬대로,만덕터널입구,미남교,24.58,0.0
2026-08-02T19:00:00,1350029600,쇠미로,대동다숲아파트,미남교,17.75,0.0
2026-08-02T19:00:00,1350027600,시실로,주원교회,이디야커피부산명장점,15.09,0.0
2026-08-02T19:00:00,1350022700,충렬사로,동현교회,이디야커피부산명장점,18.59,0.0
2026-08-02T19:00:00,1350026100,복천로,살림터,이디야커피부산명장점,27.5,0.0
2026-08-02T19:00:00,1350027800,시실로,서래암,이디야커피부산명장점,22.0,0.0
2026-08-02T19:00:00,1350025700,아시아드대로246번길,미남역,우리동래교회,16.75,0.0
2026-08-02T19:00:00,1350026600,미남로,미남교차로,우리동래교회,18.84,0.0
2026-08-02T19:00:00,1350026400,미남로132번길,광혜병원장례식장,우리동래교회,19.83,0.0
2026-08-02T19:00:00,1350023100,미남로,한민교회,우리동래교회,21.17,0.0
2026-08-02T19:00:00,1350023301,온천천로,내성교차로,동래역(부산1호선),10.67,0.0
2026-08-02T19:00:00,1350023404,온천천로,동래역(부산1호선),동래역(부산1호선),19.92,0.0
2026-08-02T19:00:00,1350048900,명륜로129번길,명륜동481,동래역(부산1호선),10.0,0.0
2026-08-02T19:00:00,1350023303,온천천로,동래역(부산1호선),동래역(부산1호선),18.09,0.0
2026-08-02T19:00:00,1350023403,온천천로,동래교교차로,동래역(부산1호선),26.92,0.0
2026-08-02T19:00:00,1350049600,명륜로139번길,명륜동649-52,동래역(부산1호선),12.17,0.0
2026-08-02T19:00:00,1350023304,온천천로,동래역(부산1호선),동래교교차로,28.0,0.0
2026-08-02T19:00:00,1350028302,동래로,동래중학교,동래교교차로,20.58,0.0
2026-08-02T19:00:00,1350030600,동래로,동래교,동래교교차로,19.83,0.0
2026-08-02T19:00:00,1350026200,복천로,이디야커피부산명장점,살림터,28.25,0.0
2026-08-02T19:00:00,1350025302,복천로,복산동행정복지센터,살림터,28.0,0.0
2026-08-02T19:00:00,1350024100,명안로85번길,명장역2번출구,명장역2번출구,15.0,0.0
2026-08-02T19:00:00,1350005901,반송로,NH농협은행명장동지점,명장역2번출구,32.97,167.0
2026-08-02T19:00:00,1350007000,반송로,알뜰주유소명장셀프,명장역2번출구,26.65,331.0
2026-08-02T19:00:00,1350024300,명장로20번길,명장역2번출구,큰숲교회,20.67,0.0
2026-08-02T19:00:00,1350025200,명장로,알뜰주유소명장셀프,큰숲교회,25.5,0.0
2026-08-02T19:00:00,1350024900,명장로,명장1동행정복지센터,큰숲교회,34.83,0.0
2026-08-02T19:00:00,1350027400,명장로,주원교회,알뜰주유소명장셀프,8.17,0.0
2026-08-02T19:00:00,1350006900,반송로,명장역2번출구,알뜰주유소명장셀프,29.01,167.0
2026-08-02T19:00:00,1350025100,명장로,큰숲교회,알뜰주유소명장셀프,11.5,0.0
2026-08-02T19:00:00,1350007300,반송로,명장정수장,알뜰주유소명장셀프,25.44,331.0
2026-08-02T19:00:00,1350025301,복천로,복산동새마을문고,복산동행정복지센터,20.0,0.0
2026-08-02T19:00:00,1350025401,복천로,살림터,복산동행정복지센터,24.17,0.0
2026-08-02T19:00:00,1350025902,아시아드대로,미남역(부산4호선),미남교차로,18.42,0.0
2026-08-02T19:00:00,1350026500,미남로,우리동래교회,미남교차로,18.34,0.0
2026-08-02T19:00:00,1350007600,충렬대로,광혜병원,미남교차로,19.92,0.0
2026-08-02T19:00:00,1350007700,충렬대로,만덕터널입구,미남교차로,19.75,0.0
2026-08-02T19:00:00,1350028802,우장춘로,온천동1777-10,미남교차로,14.75,0.0
2026-08-02T19:00:00,1350026300,미남로132번길,우리동래교회,광혜병원장례식장,19.92,0.0
2026-08-02T19:00:00,1350027200,충렬대로100번길,광혜병원,광혜병원장례식장,14.0,0.0
2026-08-02T19:00:00,1350026700,미남로132번길,명신유통,광혜병원장례식장,18.25,0.0
2026-08-02T19:00:00,1350007200,충렬대로,광혜병원,온천입구교차로,31.42,0.0
2026-08-02T19:00:00,1350028000,충렬대로107번길,럭키동래유치원,온천입구교차로,14.58,0.0
2026-08-02T19:00:00,1350006702,충렬대로,동래시외버스터미널,온천입구교차로,24.5,0.0
2026-08-02T19:00:00,1350026900,충렬대로108번길,명신유통,온천입구교차로,6.5,0.0
2026-08-02T19:00:00,1350007500,충렬대로,미남교차로,광혜병원,29.0,0.0
2026-08-02T19:00:00,1350027100,충렬대로100번길,광혜병원장례식장,광혜병원,15.33,0.0
2026-08-02T19:00:00,1350007100,충렬대로,온천입구교차로,광혜병원,18.75,0.0
2026-08-02T19:00:00,1350027700,시실로,이디야커피부산명장점,서래암,21.75,0.0
2026-08-02T19:00:00,1350032802,시실로,명륜동788,서래암,27.42,0.0
2026-08-02T19:00:00,1350027900,충렬대로107번길,온천입구교차로,럭키동래유치원,13.17,0.0
2026-08-02T19:00:00,1350029300,중앙대로1367번길,SK주유소동래,럭키동래유치원,12.25,0.0
2026-08-02T19:00:00,1350030200,충렬대로107번길,반야사,럭키동래유치원,31.58,0.0
2026-08-02T19:00:00,1350008100,반송로,생명의교회,명장정수장,24.94,331.0
2026-08-02T19:00:00,1350028100,시실로,주원교회,명장정수장,12.67,0.0
2026-08-02T19:00:00,1350007400,반송로,알뜰주유소명장셀프,명장정수장,34.01,167.0
2026-08-02T19:00:00,1350028401,동래로,동래교교차로,동래중학교,18.92,0.0
2026-08-02T19:00:00,1350028304,동래로,명륜교차로,동래중학교,16.67,0.0
2026-08-02T19:00:00,1350050200,충렬대로181번길,중앙여자고등학교,동래중학교,25.0,0.0
2026-08-02T19:00:00,1350028303,동래로,명륜교차로,명륜교차로,22.84,0.0
2026-08-02T19:00:00,1350028403,동래로,동래중학교,명륜교차로,20.92,0.0
2026-08-02T19:00:00,1350050600,동래로,중앙여자고등학교,명륜교차로,8.0,0.0
2026-08-02T19:00:00,1350028501,명륜로,명륜교차로,명륜동754,18.67,0.0
2026-08-02T19:00:00,1350028604,명륜로,명륜동53-1,명륜동754,16.42,0.0
2026-08-02T19:00:00,1350028503,명륜로,명륜동754,명륜동53-1,23.17,0.0
2026-08-02T19:00:00,1350028603,명륜로,온천장입구교차로,명륜동53-1,17.92,0.0
2026-08-02T19:00:00,1350028504,명륜로,명륜동53-1,온천장입구교차로,13.59,0.0
2026-08-02T19:00:00,1350032704,시실로,온천장입구교차로,온천장입구교차로,6.08,0.0
2026-08-02T19:00:00,1400019400,시실로,온천교,온천장입구교차로,9.5,0.0
2026-08-02T19:00:00,1400019602,부곡로,부곡4동주민센터,온천장입구교차로,18.0,0.0
2026-08-02T19:00:00,1350029000,충렬대로,미남교,만덕터널입구,26.5,0.0
2026-08-02T19:00:00,1350007800,충렬대로,미남교차로,만덕터널입구,42.5,0.0
2026-08-02T19:00:00,1350029200,구만덕로,대동다숲아파트,만덕터널입구,19.0,0.0
2026-08-02T19:00:00,1350008300,충렬대로,만덕제2터널동측,만덕터널입구,53.83,0.0
2026-08-02T19:00:00,1350029500,쇠미로,미남교,대동다숲아파트,23.42,0.0
2026-08-02T19:00:00,1350029100,구만덕로,만덕터널입구,대동다숲아파트,24.58,0.0
2026-08-02T19:00:00,1350030802,구만덕로,온천동1716-1,대동다숲아파트,52.67,0.0
2026-08-02T19:00:00,1350031000,금정마을로,산저교차로,대동다숲아파트,16.67,0.0
2026-08-02T19:00:00,1350007902,중앙대로,내성지하차도,SK주유소동래,35.92,0.0
2026-08-02T19:00:00,1350029400,중앙대로1367번길,럭키동래유치원,SK주유소동래,17.08,0.0
2026-08-02T19:00:00,1350008001,중앙대로,스피드코리아,SK주유소동래,46.83,0.0
2026-08-02T19:00:00,1350008600,반송로,생명의교회,명장협진태양맨션,34.25,167.0
2026-08-02T19:00:00,1350030000,서동중심로,엘림교회,명장협진태양맨션,22.42,0.0
2026-08-02T19:00:00,1350008800,반송로,금사입구교차로,명장협진태양맨션,30.65,331.0
2026-08-02T19:00:00,1350029900,서동중심로,명장협진태양맨션,엘림교회,31.67,0.0
2026-08-02T19:00:00,1400013200,서동중심로,세계기독교통일신령협회금정교회,엘림교회,28.17,0.0
2026-08-02T19:00:00,1400012900,서동중심로,금사입구교차로,엘림교회,23.33,0.0
2026-08-02T19:00:00,1350030100,충렬대로107번길,럭키동래유치원,반야사,10.33,0.0
2026-08-02T19:00:00,1350031400,충렬대로107번길,행복을그리는교회,반야사,9.25,0.0
2026-08-02T19:00:00,1350007901,중앙대로,SK주유소동래,스피드코리아,24.25,0.0
2026-08-02T19:00:00,1350009000,중앙대로,명륜로터리,스피드코리아,39.17,0.0
2026-08-02T19:00:00,1350030500,동래로,동래교교차로,동래교,5.17,0.0
2026-08-02T19:00:00,1350031200,동래로,명륜로터리,동래교,21.0,0.0
2026-08-02T19:00:00,1350030701,구만덕로,대동다숲아파트,온천동1716-1,52.75,0.0
2026-08-02T19:00:00,1350030801,구만덕로,만덕제1터널동측,온천동1716-1,54.42,0.0
2026-08-02T19:00:00,1350030702,구만덕로,온천동1716-1,만덕제1터널동측,52.58,0.0
2026-08-02T19:00:00,1370325600,구만덕로,만덕제1터널서측,만덕제1터널동측,53.33,0.0
2026-08-02T19:00:00,1350008900,중앙대로,스피드코리아,명륜로터리,18.25,0.0
2026-08-02T19:00:00,1350031100,동래로,동래교,명륜로터리,9.92,0.0
2026-08-02T19:00:00,1350031600,동래로,유락삼거리,명륜로터리,13.59,0.0
2026-08-02T19:00:00,1350031800,온천장로,호텔하늘아래,명륜로터리,14.5,0.0
2026-08-02T19:00:00,1350009400,중앙대로,GS25온천보람점,명륜로터리,15.75,0.0
2026-08-02T19:00:00,1350031500,동래로,명륜로터리,유락삼거리,16.0,0.0
2026-08-02T19:00:00,1350033000,금강로,온천장사거리,유락삼거리,13.75,0.0
2026-08-02T19:00:00,1350032500,금강로,행복을그리는교회,유락삼거리,18.17,0.0
2026-08-02T19:00:00,1350031700,온천장로,명륜로터리,호텔하늘아래,16.92,0.0
2026-08-02T19:00:00,1350033600,차밭골로,온천장사거리,호텔하늘아래,16.33,0.0
2026-08-02T19:00:00,1350033300,차밭골로,GS25온천보람점,호텔하늘아래,21.75,0.0
2026-08-02T19:00:00,1350033802,온천장로,온천동182-2,호텔하늘아래,20.62,0.0
2026-08-02T19:00:00,1350032701,시실로,서래암,명륜동788,18.42,0.0
2026-08-02T19:00:00,1350038500,시실로,교동초등학교,명륜동788,79.89,12.0
2026-08-02T19:00:00,1350032803,시실로,온천장입구교차로,온천장입구교차로,25.25,0.0
2026-08-02T19:00:00,1350032900,금강로,유락삼거리,온천장사거리,16.5,0.0
2026-08-02T19:00:00,1350033500,차밭골로,호텔하늘아래,온천장사거리,20.75,0.0
2026-08-02T19:00:00,1350034000,금강로,금강공원입구교차로,온천장사거리,17.58,0.0
2026-08-02T19:00:00,1350033202,우장춘로,금강공원입구교차로,우장춘지하차도북측,33.42,0.0
2026-08-02T19:00:00,1350033101,우장춘로,우장춘지하차도남측,우장춘지하차도북측,51.08,0.0
2026-08-02T19:00:00,1350033102,우장춘로,우장춘지하차도북측,금강공원입구교차로,27.75,0.0
2026-08-02T19:00:00,1400027700,식물원로,크레파스어린이집,금강공원입구교차로,19.5,0.0
2026-08-02T19:00:00,1400028602,산성로,장전동505-21,금강공원입구교차로,8.25,0.0
2026-08-02T19:00:00,1350009300,중앙대로,명륜로터리,GS25온천보람점,43.25,0.0
2026-08-02T19:00:00,1350033400,차밭골로,호텔하늘아래,GS25온천보람점,19.0,0.0
2026-08-02T19:00:00,1350009602,중앙대로,온천동1750-1,GS25온천보람점,17.5,0.0
2026-08-02T19:00:00,1350033701,온천장로,호텔하늘아래,온천동182-2,18.59,0.0
2026-08-02T19:00:00,1350033801,온천장로,온천장교차로,온천동182-2,20.62,0.0
2026-08-02T19:00:00,1350051000,중앙대로1473번길,온천동1750-1,온천동182-2,9.0,0.0
2026-08-02T19:00:00,1350033702,온천장로,온천동182-2,온천장교차로,5.58,0.0
2026-08-02T19:00:00,1350034700,금강공원로,금강공원입구교차로,온천장교차로,17.25,0.0
2026-08-02T19:00:00,1350034500,금강공원로,온천교사거리,온천장교차로,8.92,0.0
2026-08-02T19:00:00,1350035202,온천장로,온천장교차로,온천장교차로,7.59,0.0
2026-08-02T19:00:00,1350035400,금강공원로20번길,농심호텔,온천장교차로,4.83,0.0
2026-08-02T19:00:00,1360134301,-,신선대역,신선대지하차도,73.0,0.0
2026-08-02T19:00:00,1360134501,-,신선대지하차도관리지소,신선대지하차도,14.92,0.0
2026-08-02T19:00:00,1360003301,신선로,신선대지하차도관리지소,신선대지하차도,17.34,0.0
2026-08-02T19:00:00,1360130900,신선로,신선대지하차도,신선대지하차도,55.8,1329.0
2026-08-02T19:00:00,1360003402,신선로,용당동주민센터,신선대지하차도,20.25,0.0
2026-08-02T19:00:00,1350033900,금강로,온천장사거리,금강공원입구교차로,19.25,0.0
2026-08-02T19:00:00,1350034800,금강공원로,온천장교차로,금강공원입구교차로,21.0,0.0
2026-08-02T19:00:00,1350035000,금강로,부산은행금정지점,금강공원입구교차로,23.58,0.0
2026-08-02T19:00:00,1400019300,시실로,온천장입구교차로,온천교,16.0,0.0
2026-08-02T19:00:00,1350034200,시실로,온천교사거리,온천교,12.67,0.0
2026-08-02T19:00:00,1400292600,오시게로,뉴타운교,온천교,24.67,0.0
2026-08-02T19:00:00,1350034600,금강공원로,온천장교차로,온천교사거리,7.25,0.0
2026-08-02T19:00:00,1350034100,시실로,온천교,온천교사거리,5.58,0.0
2026-08-02T19:00:00,1350009702,중앙대로,온천교사거리,온천교사거리,12.25,0.0
2026-08-02T19:00:00,1350009502,중앙대로,온천동1750-1,온천교사거리,22.42,0.0
2026-08-02T19:00:00,1350034900,금강로,금강공원입구교차로,부산은행금정지점,18.83,0.0
2026-08-02T19:00:00,1350037400,금강로,경보아파트교차로,부산은행금정지점,21.5,0.0
2026-08-02T19:00:00,1350035101,온천장로,온천장교차로,온천장교차로,18.5,0.0
2026-08-02T19:00:00,1350035201,온천장로,불이빌딩,온천장교차로,18.42,0.0
2026-08-02T19:00:00,1350050000,중앙대로1493번길,온천교사거리,온천장교차로,7.0,0.0
2026-08-02T19:00:00,1350035102,온천장로,온천장교차로,불이빌딩,17.08,0.0
2026-08-02T19:00:00,1350035600,온천장로107번길,농심호텔,불이빌딩,9.33,0.0
2026-08-02T19:00:00,1350035800,온천장로,이디야커피부산온천장역점,불이빌딩,24.25,0.0
2026-08-02T19:00:00,1350035300,금강공원로20번길,온천장교차로,농심호텔,16.83,0.0
2026-08-02T19:00:00,1350035500,온천장로107번길,불이빌딩,농심호텔,19.33,0.0
2026-08-02T19:00:00,1350036200,금강공원로20번길,성불사,농심호텔,13.92,0.0
2026-08-02T19:00:00,1350035700,온천장로,불이빌딩,이디야커피부산온천장역점,15.84,0.0
2026-08-02T19:00:00,1350036400,온천장로119번길,성불사,이디야커피부산온천장역점,11.5,0.0
2026-08-02T19:00:00,1350036600,온천장로,소방서삼거리,이디야커피부산온천장역점,20.58,0.0
2026-08-02T19:00:00,1350036100,금강공원로20번길,농심호텔,성불사,16.33,0.0
2026-08-02T19:00:00,1350036300,온천장로119번길,이디야커피부산온천장역점,성불사,15.58,0.0
2026-08-02T19:00:00,1350036500,온천장로,이디야커피부산온천장역점,소방서삼거리,14.58,0.0
2026-08-02T19:00:00,1350037002,온천장로125번길,온천동1747,소방서삼거리,11.0,0.0
2026-08-02T19:00:00,1400292800,온천장로,소방서삼거리,소방서삼거리,9.92,0.0
2026-08-02T19:00:00,1350036901,온천장로125번길,소방서삼거리,온천동1747,13.0,0.0
2026-08-02T19:00:00,1350037001,온천장로125번길,경보아파트교차로,온천동1747,17.0,0.0
2026-08-02T19:00:00,1350037300,금강로,부산은행금정지점,경보아파트교차로,22.67,0.0
2026-08-02T19:00:00,1350036902,온천장로125번길,온천동1747,경보아파트교차로,13.0,0.0
2026-08-02T19:00:00,1400025600,금강로,금강교차로,경보아파트교차로,16.09,0.0
2026-08-02T19:00:00,1400025800,식물원로75번길,크레파스어린이집,경보아파트교차로,21.17,0.0
2026-08-02T19:00:00,1350037500,명안로,부산은행안락1동지점,한국전력공사동래지점,19.5,0.0
2026-08-02T19:00:00,1350037800,충렬대로,우리들어린이집,한국전력공사동래지점,26.71,466.0
2026-08-02T19:00:00,1350037900,충렬대로,이디야커피부산안락점,한국전력공사동래지점,34.63,606.0
2026-08-02T19:00:00,1350037700,충렬대로,한국전력공사동래지점,우리들어린이집,34.25,606.0
2026-08-02T19:00:00,1350002104,충렬대로,안락동475,우리들어린이집,25.92,466.0
2026-08-02T19:00:00,1350038000,충렬대로,한국전력공사동래지점,이디야커피부산안락점,26.87,466.0
2026-08-02T19:00:00,1350001800,충렬대로,하울목교회,이디야커피부산안락점,30.21,606.0
2026-08-02T19:00:00,1350011300,충렬대로428번길,우주어린이집,이디야커피부산안락점,8.0,0.0
2026-08-02T19:00:00,1350038600,시실로,명륜동788,교동초등학교,84.7,73.0
2026-08-02T19:00:00,1350010601,연안로,안락뜨란채삼거리,안락뜨란채사거리,24.25,0.0
2026-08-02T19:00:00,1350010501,연안로,안락교오거리,안락뜨란채사거리,19.25,0.0
2026-08-02T19:00:00,1350051600,온천천로471번길,안락동125,안락동638,13.25,0.0
2026-08-02T19:00:00,1350010301,안남로,안락교오거리,안락동638,14.83,0.0
2026-08-02T19:00:00,1350010401,안남로,우주어린이집,안락동638,10.09,0.0
2026-08-02T19:00:00,1350010001,온천천로,안락교오거리,안락동101-8,33.67,0.0
2026-08-02T19:00:00,1350012504,안연로,안락동756-52,안락동474,24.67,0.0
2026-08-02T19:00:00,1350012601,안연로,안락사거리,안락동474,16.42,0.0
2026-08-02T19:00:00,1350041200,충렬대로350번길,안락동733-2,안락교차로,21.0,0.0
2026-08-02T19:00:00,1350041100,충렬대로350번길,안락교차로,안락동733-2,21.0,0.0
2026-08-02T19:00:00,1350012605,안연로,안락동756-52,안락동733-2,29.42,0.0
2026-08-02T19:00:00,1350012505,안연로,부산은행연안지점,안락동733-2,17.75,0.0
2026-08-02T19:00:00,1350041600,수안로8번길,낙민파출소,낙민동95,7.25,0.0
2026-08-02T19:00:00,1350041800,수안로8번길,수안동42,낙민동95,25.0,0.0
2026-08-02T19:00:00,1350012302,안남로,안민초등학교,낙민파출소,7.0,0.0
2026-08-02T19:00:00,1350012100,반송로,연안교북측,낙민파출소,18.43,99.0
2026-08-02T19:00:00,1350013400,반송로,안락고가남측,낙민파출소,20.75,176.0
2026-08-02T19:00:00,1350041700,수안로8번길,낙민동95,수안동42,14.5,0.0
2026-08-02T19:00:00,1350013001,수안로,동래소방서앞,수안동42,31.83,0.0
2026-08-02T19:00:00,1350012901,수안로,수경사,수안동42,28.17,0.0
2026-08-02T19:00:00,1350056201,-,거제동1461-23,수안동42,34.25,0.0
2026-08-02T19:00:00,1350011901,온천천로,연안교북측,낙민동95,25.5,0.0
2026-08-02T19:00:00,1350012001,온천천로,수경사,낙민동95,22.83,0.0
2026-08-02T19:00:00,1350006601,중앙대로,내성지하차도,동래역(부산1호선),13.58,0.0
2026-08-02T19:00:00,1350006501,중앙대로,내성교차로,동래역(부산1호선),21.34,0.0
2026-08-02T19:00:00,1350006801,충렬대로,온천입구교차로,동래시외버스터미널,28.83,0.0
2026-08-02T19:00:00,1350006701,충렬대로,내성교차로,동래시외버스터미널,15.42,0.0
2026-08-02T19:00:00,1350044600,쇠미로40번길,사직동1020-3,사직2동주민센터,21.0,0.0
2026-08-02T19:00:00,1350044500,쇠미로40번길,사직2동주민센터,사직동1020-3,25.0,0.0
2026-08-02T19:00:00,1350013703,쇠미로,참빛교회,사직동1020-3,18.33,0.0
2026-08-02T19:00:00,1350013803,쇠미로,사직동595-48,사직동1020-3,31.0,0.0
2026-08-02T19:00:00,1350013804,쇠미로,사직동1020-3,참빛교회,11.08,0.0
2026-08-02T19:00:00,1350013600,사직로,IBK기업은행사직동지점,참빛교회,13.34,0.0
2026-08-02T19:00:00,1420024300,체육공원로,아시아드시티웨딩홀,참빛교회,19.42,0.0
2026-08-02T19:00:00,1350053300,사직북로,IBK기업은행사직동지점,사직동161-17,7.92,0.0
2026-08-02T19:00:00,1350054000,사직북로,사직주공APT,사직동161-17,17.92,0.0
2026-08-02T19:00:00,1350012603,안연로,안락동474,안락동756-52,19.5,0.0
2026-08-02T19:00:00,1350012506,안연로,안락동733-2,안락동756-52,27.0,0.0
2026-08-02T19:00:00,1350012401,안남로,낙민파출소,안민초등학교,16.33,0.0
2026-08-02T19:00:00,1350012301,안남로,부산은행연안지점,안민초등학교,17.67,0.0
2026-08-02T19:00:00,1350004202,충렬대로,수민동교차로,낙민역(부산4호선),31.69,532.0
2026-08-02T19:00:00,1350004102,충렬대로,셀렉토커피부산동래한양점,낙민역(부산4호선),34.08,544.0
2026-08-02T19:00:00,1350049200,명륜로129번길,명륜동481,명륜동481,8.0,0.0
2026-08-02T19:00:00,1350049000,명륜로129번길,동래역(부산1호선),명륜동481,17.67,0.0
2026-08-02T19:00:00,1350049300,충렬대로181번길,명륜동649-52,명륜동481,15.0,0.0
2026-08-02T19:00:00,1350049800,명륜로139번길,명륜동334-2,명륜동649-52,24.0,0.0
2026-08-02T19:00:00,1350049500,명륜로139번길,동래역(부산1호선),명륜동649-52,18.92,0.0
2026-08-02T19:00:00,1350049400,충렬대로181번길,명륜동481,명륜동649-52,8.0,0.0
2026-08-02T19:00:00,1350050300,충렬대로181번길,중앙여자고등학교,명륜동649-52,27.08,0.0
2026-08-02T19:00:00,1350009801,중앙대로,온천교사거리,온천교사거리,35.5,0.0
2026-08-02T19:00:00,1350049900,중앙대로1493번길,온천장교차로,온천교사거리,7.0,0.0
2026-08-02T19:00:00,1350009704,중앙대로,온천동1750-1,온천교사거리,23.67,0.0
2026-08-02T19:00:00,1350050100,충렬대로181번길,동래중학교,중앙여자고등학교,24.42,0.0
2026-08-02T19:00:00,1350050500,동래로,명륜교차로,중앙여자고등학교,23.0,0.0
2026-08-02T19:00:00,1350050400,충렬대로181번길,명륜동649-52,중앙여자고등학교,18.0,0.0
2026-08-02T19:00:00,1350009501,중앙대로,GS25온천보람점,온천동1750-1,37.08,0.0
2026-08-02T19:00:00,1350050900,중앙대로1473번길,온천동182-2,온천동1750-1,8.92,0.0
2026-08-02T19:00:00,1350009601,중앙대로,온천교사거리,온천동1750-1,20.09,0.0
2026-08-02T19:00:00,1350051200,수영강변대로,과정교,연제구-동래구,13.5,0.0
2026-08-02T19:00:00,1420037100,수영강변대로,월륜교차로,연제구-동래구,34.67,0.0
2026-08-02T19:00:00,1350051100,수영강변대로,연제구-동래구,과정교,28.75,0.0
2026-08-02T19:00:00,1350051300,수영강변대로,동래구-수영구,과정교,21.5,0.0
2026-08-02T19:00:00,1350051400,수영강변대로,과정교,동래구-수영구,20.75,0.0
2026-08-02T19:00:00,1430029600,수영강변대로,수영구-해운대구,동래구-수영구,20.0,0.0
2026-08-02T19:00:00,1350051500,온천천로471번길,안락동638,안락동125,22.92,0.0
2026-08-02T19:00:00,1350010201,온천천로,연산교북측,안락동125,28.67,0.0
2026-08-02T19:00:00,1350010101,온천천로,안락교오거리,안락동125,29.42,0.0
2026-08-02T19:00:00,1350012200,반송로,낙민파출소,연안교북측,23.25,176.0
2026-08-02T19:00:00,1350012002,온천천로,낙민동95,연안교북측,15.33,0.0
2026-08-02T19:00:00,1350010700,온천천로,연산교북측,연안교북측,25.0,0.0
2026-08-02T19:00:00,1420028100,반송로,연안교남측,연안교북측,23.97,99.0
2026-08-02T19:00:00,1350052800,여고로,종합운동장앞교차로,세계로병원장례식장,16.09,0.0
2026-08-02T19:00:00,1350053000,종합운동장로,삼정그린코아더베스트2차,세계로병원장례식장,11.58,0.0
2026-08-02T19:00:00,1420027300,종합운동장로,창신초등학교병설유치원,세계로병원장례식장,24.92,0.0
2026-08-02T19:00:00,1350052700,여고로,세계로병원장례식장,종합운동장앞교차로,12.5,0.0
2026-08-02T19:00:00,1350014000,여고로,법원어귀교차로,종합운동장앞교차로,18.08,0.0
2026-08-02T19:00:00,1350014200,아시아드대로,사직동161-1,종합운동장앞교차로,8.83,0.0
2026-08-02T19:00:00,1420027900,아시아드대로,하나둘어린이집,종합운동장앞교차로,15.42,0.0
2026-08-02T19:00:00,1350052900,종합운동장로,세계로병원장례식장,삼정그린코아더베스트2차,15.83,0.0
2026-08-02T19:00:00,1350053100,사직로,IBK기업은행사직동지점,삼정그린코아더베스트2차,17.33,0.0
2026-08-02T19:00:00,1350053600,사직로,사직동98-1,삼정그린코아더베스트2차,9.0,0.0
2026-08-02T19:00:00,1350013500,사직로,참빛교회,IBK기업은행사직동지점,13.92,0.0
2026-08-02T19:00:00,1350053400,사직북로,사직동161-17,IBK기업은행사직동지점,13.75,0.0
2026-08-02T19:00:00,1350053200,사직로,삼정그린코아더베스트2차,IBK기업은행사직동지점,16.5,0.0
2026-08-02T19:00:00,1350053500,사직로,삼정그린코아더베스트2차,사직동98-1,16.08,0.0
2026-08-02T19:00:00,1350053800,사직로,사직동161-1,사직동98-1,13.5,0.0
2026-08-02T19:00:00,1350054200,번영로,동천고가교,성일레포츠,64.56,101.0
2026-08-02T19:00:00,1350002301,번영로,원동IC동측,성일레포츠,48.21,0.0
2026-08-02T19:00:00,1380004500,번영로,원동IC동측,동천고가교,84.68,55.0
2026-08-02T19:00:00,1380120800,번영로,금사고가교남측,동천고가교,73.38,78.0
2026-08-02T19:00:00,1350001501,번영로,원동IC,동천고가교,88.57,27.0
2026-08-02T19:00:00,1350008400,충렬대로,만덕터널입구,만덕제2터널동측,52.42,0.0
2026-08-02T19:00:00,1350054400,만덕대로,동래구-북구,만덕제2터널동측,55.34,0.0
2026-08-02T19:00:00,1350054300,만덕대로,만덕제2터널동측,동래구-북구,53.75,0.0
2026-08-02T19:00:00,1370325400,만덕대로,만덕제2터널서측,동래구-북구,52.92,0.0
2026-08-02T19:00:00,1360000200,번영로,문현램프,문현터널남측,63.41,596.0
2026-08-02T19:00:00,1360000400,번영로,문현터널북측,문현터널남측,69.48,442.0
2026-08-02T19:00:00,1360000100,번영로,문현터널남측,문현램프,69.48,442.0
2026-08-02T19:00:00,1360027200,번영로,문현교차로,문현램프,62.25,274.0
2026-08-02T19:00:00,1360131103,부두순환로,충장고가교,문현램프,55.14,356.0
2026-08-02T19:00:00,1360000300,번영로,문현터널남측,문현터널북측,63.41,596.0
2026-08-02T19:00:00,1360000501,번영로,대연터널남측,문현터널북측,69.48,442.0
2026-08-02T19:00:00,1360000601,번영로,문현터널북측,대연터널남측,63.41,596.0
2026-08-02T19:00:00,1360000502,번영로,대연터널북측,대연터널남측,69.48,442.0
2026-08-02T19:00:00,1360000602,번영로,대연터널남측,대연터널북측,63.41,596.0
2026-08-02T19:00:00,1360001001,번영로,S-Oil사랑드림셀프,대연터널북측,69.48,442.0
2026-08-02T19:00:00,1360001103,용호로,늘빛교회,용호동565,26.25,0.0
2026-08-02T19:00:00,1360001203,용호로,용호4동주민센터,용호동565,21.34,0.0
2026-08-02T19:00:00,1360001204,용호로,용호동565,늘빛교회,24.42,0.0
2026-08-02T19:00:00,1360001404,신선대산복로,용호동894-26,늘빛교회,22.17,0.0
2026-08-02T19:00:00,1360001303,신선대산복로,늘빛교회,용호동894-26,21.5,0.0
2026-08-02T19:00:00,1360001408,신선대산복로,용호동894-46,용호동894-26,40.5,0.0
2026-08-02T19:00:00,1360001307,신선대산복로,용호동894-26,용호동894-46,39.0,0.0
2026-08-02T19:00:00,1360127700,신선대산복로,용당동96-1,용호동894-46,39.33,0.0
2026-08-02T19:00:00,1360127600,신선대산복로,용호동894-46,용당동96-1,37.5,0.0
2026-08-02T19:00:00,1360001410,신선대산복로,용당동98-4,용당동96-1,44.17,0.0
2026-08-02T19:00:00,1360001309,신선대산복로,용당동96-1,용당동98-4,47.0,0.0
2026-08-02T19:00:00,1360001409,신선대산복로,용당동앞교차로,용당동98-4,24.75,0.0
2026-08-02T19:00:00,1360001310,신선대산복로,용당동98-4,용당동앞교차로,23.58,0.0
2026-08-02T19:00:00,1360004900,동명로,속성변화점,용당동앞교차로,32.25,0.0
2026-08-02T19:00:00,1360006400,동명로,동명오거리,용당동앞교차로,24.83,0.0
2026-08-02T19:00:00,1360134401,-,신선대지하차도,신선대역,68.17,0.0
2026-08-02T19:00:00,1360002200,북항로,신선대지하차도관리지소,신선대역,46.83,0.0
2026-08-02T19:00:00,1360134201,-,부산항운노동조합,신선대역,21.0,0.0
2026-08-02T19:00:00,1360001800,북항로,부산항운노동조합,신선대역,49.33,0.0
2026-08-02T19:00:00,1360002000,-,감만현대아파트사거리,신선대역,32.92,0.0
2026-08-02T19:00:00,1360134601,-,신선대지하차도,신선대지하차도관리지소,19.08,0.0
2026-08-02T19:00:00,1360003403,신선로,신선대지하차도,신선대지하차도관리지소,16.75,0.0
2026-08-02T19:00:00,1360002100,북항로,신선대역,신선대지하차도관리지소,35.5,0.0
2026-08-02T19:00:00,1360002700,신선로,감만현대아파트사거리,신선대지하차도관리지소,24.92,0.0
2026-08-02T19:00:00,1360134101,-,신선대역,부산항운노동조합,14.0,0.0
2026-08-02T19:00:00,1360001700,북항로,신선대역,부산항운노동조합,25.08,0.0
2026-08-02T19:00:00,1360002600,-,감만동521-42-,부산항운노동조합,12.0,0.0
2026-08-02T19:00:00,1360133701,북항로,감만동254-16,부산항운노동조합,38.17,0.0
2026-08-02T19:00:00,1360002500,-,부산항운노동조합,감만동521-42-,14.75,0.0
2026-08-02T19:00:00,1360002900,신선로,감만현대아파트사거리,감만동521-42-,42.17,0.0
2026-08-02T19:00:00,1360003600,신선로,감만동418-2,감만동521-42-,41.25,0.0
2026-08-02T19:00:00,1360001900,-,신선대역,감만현대아파트사거리,21.0,0.0
2026-08-02T19:00:00,1360002800,신선로,신선대지하차도관리지소,감만현대아파트사거리,26.25,0.0
2026-08-02T19:00:00,1360003000,신선로,감만동521-42-,감만현대아파트사거리,19.67,0.0
2026-08-02T19:00:00,1360003200,우암로,감만사거리,감만현대아파트사거리,30.83,0.0
2026-08-02T19:00:00,1360003100,우암로,감만현대아파트사거리,감만사거리,25.59,0.0
2026-08-02T19:00:00,1360004300,8부두로,감만동418-5,감만사거리,33.75,0.0
2026-08-02T19:00:00,1360005200,우암로,세방기업새마을금고,감만사거리,5.67,0.0
2026-08-02T19:00:00,1360005400,우암로,감만동교차로,감만사거리,29.92,0.0
2026-08-02T19:00:00,1360006100,용호로,용호사거리,이기대어귀삼거리,17.0,0.0
2026-08-02T19:00:00,1360009600,용호로,박재호국회의원지역사무소,이기대어귀삼거리,23.17,0.0
2026-08-02T19:00:00,1360009400,분포로,LG메트로시티유치원,이기대어귀삼거리,12.33,0.0
2026-08-02T19:00:00,1360003500,신선로,감만동521-42-,감만동418-2,58.5,0.0
2026-08-02T19:00:00,1360003800,신선로,감만동418-5,감만동418-2,33.59,0.0
2026-08-02T19:00:00,1360004000,신선로,세방기업새마을금고,감만동418-2,53.83,0.0
2026-08-02T19:00:00,1360004400,8부두로,감만사거리,감만동418-5,41.33,0.0
2026-08-02T19:00:00,1360003700,신선로,감만동418-2,감만동418-5,49.42,0.0
2026-08-02T19:00:00,1360005100,우암로,감만사거리,세방기업새마을금고,25.5,0.0
2026-08-02T19:00:00,1360003900,신선로,감만동418-2,세방기업새마을금고,48.0,0.0
2026-08-02T19:00:00,1360005600,동서고가로,속성변화점,세방기업새마을금고,45.46,0.0
2026-08-02T19:00:00,1360004600,동명로,용호사거리,경동아파트,20.08,0.0
2026-08-02T19:00:00,1360006200,용호로,이기대어귀삼거리,용호사거리,16.67,0.0
2026-08-02T19:00:00,1360004500,동명로,경동아파트,용호사거리,9.75,0.0
2026-08-02T19:00:00,1360006000,동명로,순복음영광교회,용호사거리,15.08,0.0
2026-08-02T19:00:00,1360001102,용호로,용호4동주민센터,용호사거리,19.17,0.0
2026-08-02T19:00:00,1360005000,동명로,용당동앞교차로,속성변화점,32.75,0.0
2026-08-02T19:00:00,1360004800,동명로,속성변화점,속성변화점,26.67,0.0
2026-08-02T19:00:00,1360004700,동명로,속성변화점,속성변화점,29.33,0.0
2026-08-02T19:00:00,1360005800,동명로,순복음영광교회,속성변화점,18.0,0.0
2026-08-02T19:00:00,1360005300,우암로,감만사거리,감만동교차로,21.5,0.0
2026-08-02T19:00:00,1360007200,우암로,우암동교차로,감만동교차로,23.0,0.0
2026-08-02T19:00:00,1360007402,석포로,감만2동주민센터,감만동교차로,23.34,0.0
2026-08-02T19:00:00,1360005500,동서고가로,세방기업새마을금고,속성변화점,60.8,23.0
2026-08-02T19:00:00,1360007600,동서고가로,윤선생영어교실,속성변화점,79.24,35.0
2026-08-02T19:00:00,1360005900,동명로,용호사거리,순복음영광교회,20.08,0.0
2026-08-02T19:00:00,1360005700,동명로,속성변화점,순복음영광교회,19.09,0.0
2026-08-02T19:00:00,1360006600,용호로42번길,박재호국회의원지역사무소,순복음영광교회,18.17,0.0
2026-08-02T19:00:00,1360006300,동명로,용당동앞교차로,동명오거리,14.83,0.0
2026-08-02T19:00:00,1360006800,유엔평화로,한신햇살어린이집,동명오거리,15.25,0.0
2026-08-02T19:00:00,1360007004,신선로,용당동532-20,동명오거리,34.32,115.0
2026-08-02T19:00:00,1360003303,신선로,용당동주민센터,동명오거리,39.67,0.0
2026-08-02T19:00:00,1360009500,용호로,이기대어귀삼거리,박재호국회의원지역사무소,28.42,0.0
2026-08-02T19:00:00,1360006500,용호로42번길,순복음영광교회,박재호국회의원지역사무소,20.5,0.0
2026-08-02T19:00:00,1360011400,-,한샘리하우스아이샘인테리어,박재호국회의원지역사무소,23.33,0.0
2026-08-02T19:00:00,1360011600,용호로,부산남부장애인운전지원센터,박재호국회의원지역사무소,24.5,0.0
2026-08-02T19:00:00,1360006700,유엔평화로,동명오거리,한신햇살어린이집,23.59,0.0
2026-08-02T19:00:00,1360007800,유엔평화로143번길,태양물산,한신햇살어린이집,10.92,0.0
2026-08-02T19:00:00,1360008000,유엔평화로,국제청소년연합부산지부,한신햇살어린이집,22.34,0.0
2026-08-02T19:00:00,1360130800,신선로,신선대지하차도,신선대지하차도,59.53,1139.0
2026-08-02T19:00:00,1360007001,신선로,윤선생영어교실학장지사,신선대지하차도,44.56,115.0
2026-08-02T19:00:00,1360006903,신선로,용당동544-2,신선대지하차도,35.65,141.0
2026-08-02T19:00:00,1360006904,신선로,신선대지하차도,윤선생영어교실학장지사,39.15,141.0
2026-08-02T19:00:00,1360012200,신선로,대연고가교서측,윤선생영어교실학장지사,45.94,115.0
2026-08-02T19:00:00,1360012400,조각공원로,대천사거리,윤선생영어교실학장지사,20.0,0.0
2026-08-02T19:00:00,1360007100,우암로,감만동교차로,우암동교차로,34.5,0.0
2026-08-02T19:00:00,1360008200,우암로,우암2동우편취급국,우암동교차로,29.58,0.0
2026-08-02T19:00:00,1360008400,유엔로,롯데우유문현대리점,우암동교차로,23.59,0.0
2026-08-02T19:00:00,1360007301,석포로,감만동교차로,감만2동주민센터,19.92,0.0
2026-08-02T19:00:00,1360007404,석포로,감만동33-3,감만2동주민센터,33.08,0.0
2026-08-02T19:00:00,1360007303,석포로,감만2동주민센터,감만동33-3,30.09,0.0
2026-08-02T19:00:00,1360007406,석포로,대연동1168-5,감만동33-3,31.67,0.0
2026-08-02T19:00:00,1360007305,석포로,감만동33-3,대연동1168-5,21.92,0.0
2026-08-02T19:00:00,1360007405,석포로,부산대연4동우체국,대연동1168-5,28.75,0.0
2026-08-02T19:00:00,1360007306,석포로,대연동1168-5,부산대연4동우체국,30.67,0.0
2026-08-02T19:00:00,1360011700,석포로114번길,석포교회,부산대연4동우체국,13.0,0.0
2026-08-02T19:00:00,1360012600,석포로,남부산농협석포지점,부산대연4동우체국,26.17,0.0
2026-08-02T19:00:00,1360018900,-,한사랑어린이집,부산은행메트로자이지점,7.0,0.0
2026-08-02T19:00:00,1360018702,-,용호동176-78,부산은행메트로자이지점,18.67,0.0
2026-08-02T19:00:00,1360019602,-,용호동176-37,부산은행메트로자이지점,13.75,0.0
2026-08-02T19:00:00,1360019200,신선로,퍼피인,대연고가교동측,44.11,115.0
2026-08-02T19:00:00,1360014300,신선로,대연고가교서측,대연고가교동측,42.44,141.0
2026-08-02T19:00:00,1360016300,신선로,남부운전시험장교차로,대연고가교동측,36.17,0.0
2026-08-02T19:00:00,1360019100,신선로,대연고가교동측,퍼피인,25.44,141.0
2026-08-02T19:00:00,1360019800,신선로,핸즈커피메트로점,퍼피인,32.06,115.0
2026-08-02T19:00:00,1360020000,광안대로,도시가스앞오거리,퍼피인,58.84,0.0
2026-08-02T19:00:00,1360013100,-,한샘리하우스아이샘인테리어,메트로자연유치원,14.75,0.0
2026-08-02T19:00:00,1360012704,-,용호동176-30,메트로자연유치원,7.0,0.0
2026-08-02T19:00:00,1360016000,-,한사랑어린이집,메트로자연유치원,9.34,0.0
2026-08-02T19:00:00,1360015800,-,LG메트로작은쌈지도서관,메트로자연유치원,10.92,0.0
2026-08-02T19:00:00,1360007500,동서고가로,속성변화점,윤선생영어교실,73.87,54.0
2026-08-02T19:00:00,1360008600,동서고가로,관문대로교량,윤선생영어교실,54.33,0.0
2026-08-02T19:00:00,1360008800,동서고가로,문현램프,윤선생영어교실,79.24,35.0
2026-08-02T19:00:00,1360007700,유엔평화로143번길,한신햇살어린이집,태양물산,18.17,0.0
2026-08-02T19:00:00,1360009000,유엔평화로125번길,국제청소년연합부산지부,태양물산,15.25,0.0
2026-08-02T19:00:00,1360009202,신선로447번길,대연동722-13,태양물산,24.25,0.0
2026-08-02T19:00:00,1360007900,유엔평화로,한신햇살어린이집,국제청소년연합부산지부,21.42,0.0
2026-08-02T19:00:00,1360008900,유엔평화로125번길,태양물산,국제청소년연합부산지부,11.5,0.0
2026-08-02T19:00:00,1360009802,유엔평화로,대연동737-21,국제청소년연합부산지부,21.0,0.0
2026-08-02T19:00:00,1360010002,유엔평화로76번길,대연동1115-60,국제청소년연합부산지부,11.0,0.0
2026-08-02T19:00:00,1360008100,우암로,우암동교차로,우암2동우편취급국,35.08,0.0
2026-08-02T19:00:00,1360010402,우암로,문현동1199-4,우암2동우편취급국,37.17,0.0
2026-08-02T19:00:00,1360008300,유엔로,우암동교차로,롯데우유문현대리점,23.59,0.0
2026-08-02T19:00:00,1360017200,유엔로,롯데우유문현대리점,롯데우유문현대리점,31.08,0.0
2026-08-02T19:00:00,1360017400,수영로196번길,부일고추집,롯데우유문현대리점,13.08,0.0
2026-08-02T19:00:00,1360008500,동서고가로,윤선생영어교실,관문대로교량,55.21,0.0
2026-08-02T19:00:00,1360010600,동서고가로,관문대로교량,관문대로교량,53.58,0.0
2026-08-02T19:00:00,1360008700,동서고가로,윤선생영어교실,문현램프,73.87,54.0
2026-08-02T19:00:00,1360031100,동서고가로,예수교회창성교회,문현램프,57.09,0.0
2026-08-02T19:00:00,1360033500,동서고가로,탐앤탐스서면탐스커버리점,문현램프,68.64,199.0
2026-08-02T19:00:00,1360009101,신선로447번길,태양물산,대연동722-13,10.0,0.0
2026-08-02T19:00:00,1360009201,신선로447번길,부산광역시남구장애인협회,대연동722-13,24.0,0.0
2026-08-02T19:00:00,1360009102,신선로447번길,대연동722-13,부산광역시남구장애인협회,23.58,0.0
2026-08-02T19:00:00,1360009702,유엔평화로,대연동737-21,부산광역시남구장애인협회,20.5,0.0
2026-08-02T19:00:00,1360011200,유엔평화로,대연동1015,부산광역시남구장애인협회,30.33,0.0
2026-08-02T19:00:00,1360009300,분포로,이기대어귀삼거리,LG메트로시티유치원,35.59,0.0
2026-08-02T19:00:00,1360010800,분포로,용호동176-11,LG메트로시티유치원,27.42,0.0
2026-08-02T19:00:00,1360011002,-,용호동176-30,LG메트로시티유치원,23.0,0.0
2026-08-02T19:00:00,1360009701,유엔평화로,국제청소년연합부산지부,대연동737-21,17.08,0.0
2026-08-02T19:00:00,1360009801,유엔평화로,부산광역시남구장애인협회,대연동737-21,30.58,0.0
2026-08-02T19:00:00,1360010001,유엔평화로76번길,석포교회,대연동1115-60,22.92,0.0
2026-08-02T19:00:00,1360011800,석포로114번길,부산대연4동우체국,석포교회,22.92,0.0
2026-08-02T19:00:00,1360009902,유엔평화로76번길,대연동1115-60,석포교회,21.5,0.0
2026-08-02T19:00:00,1360012000,유엔평화로76번길,대연동1015,석포교회,21.08,0.0
2026-08-02T19:00:00,1360010301,우암로,우암2동우편취급국,문현동1199-4,44.25,0.0
2026-08-02T19:00:00,1360132501,우암로,한일공인중개사,문현동1199-4,30.33,0.0
2026-08-02T19:00:00,1360010500,동서고가로,관문대로교량,관문대로교량,57.79,0.0
2026-08-02T19:00:00,1320014800,동서고가로,항만삼거리,관문대로교량,60.17,0.0
2026-08-02T19:00:00,1360131000,분포로,LG메트로시티유치원,용호동176-11,21.25,0.0
2026-08-02T19:00:00,1360012802,-,분포초등학교,용호동176-11,11.0,0.0
2026-08-02T19:00:00,1360013002,분포로,분포고등학교,용호동176-11,34.75,0.0
2026-08-02T19:00:00,1360010901,-,LG메트로시티유치원,용호동176-30,24.0,0.0
2026-08-02T19:00:00,1360011001,-,한샘리하우스아이샘인테리어,용호동176-30,20.59,0.0
2026-08-02T19:00:00,1360011300,-,박재호국회의원지역사무소,한샘리하우스아이샘인테리어,14.08,0.0
2026-08-02T19:00:00,1360013200,-,메트로자연유치원,한샘리하우스아이샘인테리어,15.75,0.0
2026-08-02T19:00:00,1360010902,-,용호동176-30,한샘리하우스아이샘인테리어,4.0,0.0
2026-08-02T19:00:00,1360013400,-,한사랑어린이집,한샘리하우스아이샘인테리어,24.17,0.0
2026-08-02T19:00:00,1360011100,유엔평화로,부산광역시남구장애인협회,대연동1015,27.92,0.0
2026-08-02T19:00:00,1360011900,유엔평화로76번길,석포교회,대연동1015,20.08,0.0
2026-08-02T19:00:00,1360014800,유엔평화로,대연4치안센터,대연동1015,37.34,0.0
2026-08-02T19:00:00,1360011500,용호로,박재호국회의원지역사무소,부산남부장애인운전지원센터,20.5,0.0
2026-08-02T19:00:00,1360014000,용호로,남부운전시험장교차로,부산남부장애인운전지원센터,23.67,0.0
2026-08-02T19:00:00,1360012100,신선로,윤선생영어교실학장지사,대연고가교서측,40.48,141.0
2026-08-02T19:00:00,1360014400,신선로,대연고가교동측,대연고가교서측,43.23,115.0
2026-08-02T19:00:00,1360014200,신선로,남부운전시험장교차로,대연고가교서측,44.33,0.0
2026-08-02T19:00:00,1360012300,조각공원로,윤선생영어교실학장지사,대천사거리,15.92,0.0
2026-08-02T19:00:00,1360016600,유엔로,유엔교차로,대천사거리,24.08,0.0
2026-08-02T19:00:00,1360016800,유엔로,등록사업소교차로,대천사거리,24.25,0.0
2026-08-02T19:00:00,1360017000,조각공원로,아보갤러리까페,대천사거리,13.17,0.0
2026-08-02T19:00:00,1360012500,석포로,부산대연4동우체국,남부산농협석포지점,25.58,0.0
2026-08-02T19:00:00,1360014900,유엔평화로,대연4치안센터,남부산농협석포지점,22.92,0.0
2026-08-02T19:00:00,1360015400,석포로,유엔교차로,남부산농협석포지점,22.0,0.0
2026-08-02T19:00:00,1360012701,-,용호동176-11,분포초등학교,17.0,0.0
2026-08-02T19:00:00,1360012804,-,용호동176-30,분포초등학교,18.92,0.0
2026-08-02T19:00:00,1360012803,-,메트로자연유치원,용호동176-30,16.0,0.0
2026-08-02T19:00:00,1360012703,-,분포초등학교,용호동176-30,23.0,0.0
2026-08-02T19:00:00,1360019000,-,부산은행메트로자이지점,한사랑어린이집,19.08,0.0
2026-08-02T19:00:00,1360015900,-,메트로자연유치원,한사랑어린이집,18.59,0.0
2026-08-02T19:00:00,1360013300,-,한샘리하우스아이샘인테리어,한사랑어린이집,21.25,0.0
2026-08-02T19:00:00,1360016400,신선로,대연고가교동측,남부운전시험장교차로,24.84,0.0
2026-08-02T19:00:00,1360013900,용호로,부산남부장애인운전지원센터,남부운전시험장교차로,9.5,0.0
2026-08-02T19:00:00,1360014100,신선로,대연고가교서측,남부운전시험장교차로,16.5,0.0
2026-08-02T19:00:00,1360016200,용소로,등록사업소교차로,남부운전시험장교차로,6.75,0.0
2026-08-02T19:00:00,1360014700,유엔평화로,대연동1015,대연4치안센터,25.5,0.0
2026-08-02T19:00:00,1360015000,유엔평화로,남부산농협석포지점,대연4치안센터,27.25,0.0
2026-08-02T19:00:00,1360015200,유엔평화로,유엔교차로,대연4치안센터,37.5,0.0
2026-08-02T19:00:00,1360016500,유엔로,대천사거리,유엔교차로,20.92,0.0
2026-08-02T19:00:00,1360015300,석포로,남부산농협석포지점,유엔교차로,7.08,0.0
2026-08-02T19:00:00,1360015100,유엔평화로,대연4치안센터,유엔교차로,6.25,0.0
2026-08-02T19:00:00,1360017500,유엔로,롯데우유문현대리점,유엔교차로,15.33,0.0
2026-08-02T19:00:00,1360018000,유엔평화로,대연사거리,유엔교차로,16.75,0.0
2026-08-02T19:00:00,1360015700,-,메트로자연유치원,LG메트로작은쌈지도서관,13.25,0.0
2026-08-02T19:00:00,1360018802,-,용호동176-78,LG메트로작은쌈지도서관,9.0,0.0
2026-08-02T19:00:00,1360012906,-,용호동176-53,LG메트로작은쌈지도서관,29.83,0.0
2026-08-02T19:00:00,1360017100,유엔로,롯데우유문현대리점,롯데우유문현대리점,22.33,0.0
2026-08-02T19:00:00,1360017600,유엔로,유엔교차로,롯데우유문현대리점,24.17,0.0
2026-08-02T19:00:00,1360017800,천제등로,부일고추집,롯데우유문현대리점,16.17,0.0
2026-08-02T19:00:00,1360017300,수영로196번길,롯데우유문현대리점,부일고추집,17.54,0.0
2026-08-02T19:00:00,1360017700,천제등로,롯데우유문현대리점,부일고추집,24.42,0.0
2026-08-02T19:00:00,1360020800,천제등로,못골사거리,부일고추집,21.08,0.0
2026-08-02T19:00:00,1360017900,유엔평화로,유엔교차로,대연사거리,15.67,0.0
2026-08-02T19:00:00,1360022500,수영로,아모스아트홀,대연사거리,21.41,222.0
2026-08-02T19:00:00,1360023000,수영로,대연역2번출구,대연사거리,20.95,225.0
2026-08-02T19:00:00,1360023200,진남로,대연역6번출구,대연사거리,4.5,0.0
2026-08-02T19:00:00,1360016700,유엔로,대천사거리,등록사업소교차로,20.75,0.0
2026-08-02T19:00:00,1360016100,용소로,남부운전시험장교차로,등록사업소교차로,29.5,0.0
2026-08-02T19:00:00,1360018600,용소로,아보갤러리까페,등록사업소교차로,27.0,0.0
2026-08-02T19:00:00,1360016900,조각공원로,대천사거리,아보갤러리까페,23.0,0.0
2026-08-02T19:00:00,1360018500,용소로,등록사업소교차로,아보갤러리까페,30.09,0.0
2026-08-02T19:00:00,1360019400,용소로,용소삼거리,아보갤러리까페,21.42,0.0
2026-08-02T19:00:00,1360018801,-,부산은행메트로자이지점,용호동176-78,13.17,0.0
2026-08-02T19:00:00,1360018701,-,LG메트로작은쌈지도서관,용호동176-78,8.84,0.0
2026-08-02T19:00:00,1360019300,용소로,아보갤러리까페,용소삼거리,16.33,0.0
2026-08-02T19:00:00,1360023504,수영로,대연동77,용소삼거리,19.65,222.0
2026-08-02T19:00:00,1360028200,수영로,경성대부경대역2번출구,용소삼거리,23.12,225.0
2026-08-02T19:00:00,1360019501,-,부산은행메트로자이지점,용호동176-37,23.17,0.0
2026-08-02T19:00:00,1360019601,-,핸즈커피메트로점,용호동176-37,38.08,0.0
2026-08-02T19:00:00,1360019700,신선로,퍼피인,핸즈커피메트로점,25.44,141.0
2026-08-02T19:00:00,1360019502,-,용호동176-37,핸즈커피메트로점,26.09,0.0
2026-08-02T19:00:00,1360020600,신선로,도시가스앞삼거리,핸즈커피메트로점,38.02,115.0
2026-08-02T19:00:00,1360019900,광안대로,퍼피인,도시가스앞오거리,45.58,0.0
2026-08-02T19:00:00,1430002400,광안대로,광안대교,도시가스앞오거리,20.67,0.0
2026-08-02T19:00:00,1430002600,광안대로,광안대교,도시가스앞오거리,54.38,0.0
2026-08-02T19:00:00,1360021202,우암로,문현동831,열린문교회,22.5,0.0
2026-08-02T19:00:00,1360133301,우암로,배정고등학교,열린문교회,35.5,0.0
2026-08-02T19:00:00,1360024600,지게골로,만남커피숍,문현4치안센터,12.08,0.0
2026-08-02T19:00:00,1360024800,지게골로,카페베네부산문현로터리점,문현4치안센터,14.34,0.0
2026-08-02T19:00:00,1360020500,신선로,핸즈커피메트로점,도시가스앞삼거리,23.11,141.0
2026-08-02T19:00:00,1360024000,신선로,광안대교,도시가스앞삼거리,29.46,0.0
2026-08-02T19:00:00,1360023800,신선로,도시가스앞오거리,도시가스앞삼거리,36.65,115.0
2026-08-02T19:00:00,1360020700,천제등로,부일고추집,못골사거리,20.5,0.0
2026-08-02T19:00:00,1360022200,수영로,아모스아트홀,못골사거리,23.2,225.0
2026-08-02T19:00:00,1360022400,수영로,윌리스장난감박물관,못골사거리,13.25,0.0
2026-08-02T19:00:00,1360021700,수영로,못골역3번출구,못골사거리,22.08,222.0
2026-08-02T19:00:00,1360021600,수영로,문현고가교,문현고개,32.41,222.0
2026-08-02T19:00:00,1360021402,수영로,대연동1614-3,문현고개,31.57,225.0
2026-08-02T19:00:00,1360021101,우암로,열린문교회,문현동831,34.17,0.0
2026-08-02T19:00:00,1360021201,우암로,문현지하차도,문현동831,25.42,0.0
2026-08-02T19:00:00,1360021102,우암로,문현동831,문현지하차도,37.17,0.0
2026-08-02T19:00:00,1360025800,우암로,문현교차로,문현지하차도,18.17,0.0
2026-08-02T19:00:00,1360026000,전포대로,문현교차로,문현지하차도,52.71,554.0
2026-08-02T19:00:00,1360021500,수영로,문현고개,문현고가교,29.45,225.0
2026-08-02T19:00:00,1360026200,수영로,만남커피숍,문현고가교,19.61,222.0
2026-08-02T19:00:00,1360026400,수영로39번길,예수전도단부산지부,문현고가교,17.17,0.0
2026-08-02T19:00:00,1360022600,수영로,대연사거리,아모스아트홀,30.7,225.0
2026-08-02T19:00:00,1360022100,수영로,못골사거리,아모스아트홀,28.78,222.0
2026-08-02T19:00:00,1360022800,못골번영로,대한땅콩상회,아모스아트홀,14.09,0.0
2026-08-02T19:00:00,1360022300,수영로,못골사거리,윌리스장난감박물관,13.42,0.0
2026-08-02T19:00:00,1360025002,못골로,대연동1277-2,윌리스장난감박물관,12.17,0.0
2026-08-02T19:00:00,1360024100,못골로,못골역4번출구,윌리스장난감박물관,18.92,0.0
2026-08-02T19:00:00,1360022700,못골번영로,아모스아트홀,대한땅콩상회,16.0,0.0
2026-08-02T19:00:00,1360025100,못골로,대연역6번출구,대한땅콩상회,13.38,0.0
2026-08-02T19:00:00,1360024902,못골로,대연동1277-2,대한땅콩상회,14.75,0.0
2026-08-02T19:00:00,1360025600,못골번영로,천룡암,대한땅콩상회,20.67,0.0
2026-08-02T19:00:00,1360022900,수영로,대연사거리,대연역2번출구,20.03,222.0
2026-08-02T19:00:00,1360023402,못골로,대연동1756-27,대연역2번출구,10.83,0.0
2026-08-02T19:00:00,1360023602,수영로,대연동325-13,대연역2번출구,21.78,225.0
2026-08-02T19:00:00,1360023100,진남로,대연사거리,대연역6번출구,18.33,0.0
2026-08-02T19:00:00,1360025200,못골로,대한땅콩상회,대연역6번출구,12.25,0.0
2026-08-02T19:00:00,1360023302,못골로,대연동1756-27,대연역6번출구,17.83,0.0
2026-08-02T19:00:00,1360025400,진남로,천룡암,대연역6번출구,17.0,0.0
2026-08-02T19:00:00,1360023301,못골로,대연역2번출구,대연동1756-27,23.92,0.0
2026-08-02T19:00:00,1360023401,못골로,대연역6번출구,대연동1756-27,10.08,0.0
2026-08-02T19:00:00,1360023501,수영로,대연역2번출구,대연동325-13,21.24,222.0
2026-08-02T19:00:00,1360023604,수영로,대연동77,대연동325-13,22.24,225.0
2026-08-02T19:00:00,1360023603,수영로,용소삼거리,대연동77,25.49,225.0
2026-08-02T19:00:00,1360023503,수영로,대연동325-13,대연동77,19.82,222.0
2026-08-02T19:00:00,1360024401,못골로,부산우유대연대리점,대연6동행정복지센터,15.75,0.0
2026-08-02T19:00:00,1360024301,못골로,못골역4번출구,대연6동행정복지센터,11.34,0.0
2026-08-02T19:00:00,1360024302,못골로,대연6동행정복지센터,부산우유대연대리점,22.92,0.0
2026-08-02T19:00:00,1360029402,진남로,대연동1779,부산우유대연대리점,22.5,0.0
2026-08-02T19:00:00,1360028902,진남로,대연동1805,부산우유대연대리점,23.0,0.0
2026-08-02T19:00:00,1360024500,지게골로,문현4치안센터,만남커피숍,11.25,0.0
2026-08-02T19:00:00,1360026100,수영로,문현고가교,만남커피숍,30.08,225.0
2026-08-02T19:00:00,1360026600,수영로,카페베네부산문현로터리점,만남커피숍,22.82,222.0
2026-08-02T19:00:00,1360024700,지게골로,문현4치안센터,카페베네부산문현로터리점,10.42,0.0
2026-08-02T19:00:00,1360026500,수영로,만남커피숍,카페베네부산문현로터리점,34.41,225.0
2026-08-02T19:00:00,1360027000,수영로,문현교차로,카페베네부산문현로터리점,27.12,222.0
2026-08-02T19:00:00,1360024901,못골로,윌리스장난감박물관,대연동1277-2,12.59,0.0
2026-08-02T19:00:00,1360025001,못골로,대한땅콩상회,대연동1277-2,10.34,0.0
2026-08-02T19:00:00,1360025500,못골번영로,대한땅콩상회,천룡암,15.92,0.0
2026-08-02T19:00:00,1360025300,진남로,대연역6번출구,천룡암,20.42,0.0
2026-08-02T19:00:00,1360029002,진남로,대연동1805,천룡암,22.0,0.0
2026-08-02T19:00:00,1360029200,못골번영로,석청사,천룡암,17.84,0.0
2026-08-02T19:00:00,1360027100,번영로,문현램프,문현교차로,64.66,207.0
2026-08-02T19:00:00,1360025700,우암로,문현지하차도,문현교차로,36.33,0.0
2026-08-02T19:00:00,1360026900,수영로,카페베네부산문현로터리점,문현교차로,22.49,225.0
2026-08-02T19:00:00,1360027600,전포대로,문현교차로,문현교차로,21.67,0.0
2026-08-02T19:00:00,1360027400,자성로,범1교동측,문현교차로,22.25,0.0
2026-08-02T19:00:00,1360025900,전포대로,문현지하차도,문현교차로,53.13,627.0
2026-08-02T19:00:00,1360027500,전포대로,문현교차로,문현교차로,34.83,0.0
2026-08-02T19:00:00,1360028404,전포대로,문현역(부산2호선),문현교차로,35.75,0.0
2026-08-02T19:00:00,1360026300,수영로39번길,문현고가교,예수전도단부산지부,10.5,0.0
2026-08-02T19:00:00,1360029700,문현로,문현아트센터,예수전도단부산지부,33.5,0.0
2026-08-02T19:00:00,1360030200,문현로,꿈나무어린이집,예수전도단부산지부,32.83,0.0
2026-08-02T19:00:00,1360029800,문현로,예수전도단부산지부,문현아트센터,27.83,0.0
2026-08-02T19:00:00,1360030000,고동골로,옥수쌀직판장,문현아트센터,26.42,0.0
2026-08-02T19:00:00,1360027300,자성로,문현교차로,범1교동측,25.84,0.0
2026-08-02T19:00:00,1360027800,자성로,범1교서측,범1교동측,22.58,0.0
2026-08-02T19:00:00,1360028000,남동천로,범5호교동측,범1교동측,26.25,0.0
2026-08-02T19:00:00,1360027700,자성로,범1교동측,범1교서측,40.34,0.0
2026-08-02T19:00:00,1320020000,자성로,범일교,범1교서측,38.08,0.0
2026-08-02T19:00:00,1320020200,자성로141번길,동천오작교,범1교서측,22.42,0.0
2026-08-02T19:00:00,1360029301,진남로,부산우유대연대리점,대연동1779,15.08,0.0
2026-08-02T19:00:00,1360029401,진남로,속성변화점,대연동1779,14.08,0.0
2026-08-02T19:00:00,1360027900,남동천로,범1교동측,범5호교동측,27.58,0.0
2026-08-02T19:00:00,1360030700,자유평화로,예수교회창성교회,범5호교동측,26.33,0.0
2026-08-02T19:00:00,1360031400,남동천로,범2호교동측,범5호교동측,22.0,0.0
2026-08-02T19:00:00,1340003500,자유평화로,범5호교서측,범5호교동측,18.83,0.0
2026-08-02T19:00:00,1360028100,수영로,용소삼거리,경성대부경대역2번출구,27.16,222.0
2026-08-02T19:00:00,1360028600,수영로,대남교차로,경성대부경대역2번출구,29.32,225.0
2026-08-02T19:00:00,1360028800,수영로325번길,SH모바일,경성대부경대역2번출구,15.75,0.0
2026-08-02T19:00:00,1360028304,전포대로,문현역(부산2호선),문현역(부산2호선),50.59,0.0
2026-08-02T19:00:00,1360028401,전포대로,예수교회창성교회,문현역(부산2호선),46.58,0.0
2026-08-02T19:00:00,1360028303,전포대로,문현교차로,문현역(부산2호선),33.09,0.0
2026-08-02T19:00:00,1360028403,전포대로,문현역(부산2호선),문현역(부산2호선),47.75,0.0
2026-08-02T19:00:00,1360031200,동서고가로,문현램프,예수교회창성교회,52.71,0.0
2026-08-02T19:00:00,1360030800,자유평화로,범5호교동측,예수교회창성교회,12.33,0.0
2026-08-02T19:00:00,1360028302,전포대로,문현역(부산2호선),예수교회창성교회,47.75,0.0
2026-08-02T19:00:00,1360031000,전포대로,동서고가교,예수교회창성교회,45.25,0.0
2026-08-02T19:00:00,1360028500,수영로,경성대부경대역2번출구,대남교차로,20.91,222.0
2026-08-02T19:00:00,1430003500,황령대로,대남지하차도남측,대남교차로,31.75,0.0
2026-08-02T19:00:00,1430004400,수영로,KBS삼거리,대남교차로,22.47,270.0
2026-08-02T19:00:00,1360131600,황령대로,대남지하차도북측,대남교차로,14.0,0.0
2026-08-02T19:00:00,1360028700,수영로325번길,경성대부경대역2번출구,SH모바일,14.83,0.0
2026-08-02T19:00:00,1360032400,황령대로,GS주유소대일,SH모바일,36.06,333.0
2026-08-02T19:00:00,1360034400,황령대로,오일뱅크영웅셀프,SH모바일,40.82,147.0
2026-08-02T19:00:00,1360029001,진남로,부산우유대연대리점,대연동1805,20.92,0.0
2026-08-02T19:00:00,1360028901,진남로,천룡암,대연동1805,24.08,0.0
2026-08-02T19:00:00,1360029100,못골번영로,천룡암,석청사,16.84,0.0
2026-08-02T19:00:00,1360031700,남동천로,범2호교동측,범3호교동측,5.59,0.0
2026-08-02T19:00:00,1340005700,중앙번영로,범3호교서측,범3호교동측,6.08,0.0
2026-08-02T19:00:00,1360029302,진남로,대연동1779,속성변화점,28.09,0.0
2026-08-02T19:00:00,1360029600,진남로,남전교회,속성변화점,19.83,0.0
2026-08-02T19:00:00,1360029500,진남로,속성변화점,남전교회,23.92,0.0
2026-08-02T19:00:00,1360030300,문현로,꿈나무어린이집,남전교회,26.33,0.0
2026-08-02T19:00:00,1360032200,진남로,가베어린이집,남전교회,27.84,0.0
2026-08-02T19:00:00,1360029900,고동골로,문현아트센터,옥수쌀직판장,24.92,0.0
2026-08-02T19:00:00,1360032600,고동골로78번길,문현1동우편취급국,옥수쌀직판장,19.08,0.0
2026-08-02T19:00:00,1360033100,고동골로,가베어린이집,옥수쌀직판장,23.84,0.0
2026-08-02T19:00:00,1360030100,문현로,예수전도단부산지부,꿈나무어린이집,24.42,0.0
2026-08-02T19:00:00,1360030400,문현로,남전교회,꿈나무어린이집,21.42,0.0
2026-08-02T19:00:00,1360030600,문현로23번길,문현1동우편취급국,꿈나무어린이집,13.92,0.0
2026-08-02T19:00:00,1360032700,고동골로78번길,옥수쌀직판장,문현1동우편취급국,16.42,0.0
2026-08-02T19:00:00,1360030500,문현로23번길,꿈나무어린이집,문현1동우편취급국,14.0,0.0
2026-08-02T19:00:00,1360032900,고동골로78번길,가베어린이집,문현1동우편취급국,10.17,0.0
2026-08-02T19:00:00,1360030900,전포대로,예수교회창성교회,동서고가교,25.67,0.0
2026-08-02T19:00:00,1360031500,전포대로67번길,범2호교동측,동서고가교,9.75,0.0
2026-08-02T19:00:00,1360032000,전포대로,국제금융센터부산은행역2번출구,동서고가교,25.08,0.0
2026-08-02T19:00:00,1360031300,남동천로,범5호교동측,범2호교동측,21.08,0.0
2026-08-02T19:00:00,1360031800,남동천로,범3호교동측,범2호교동측,23.42,0.0
2026-08-02T19:00:00,1360031600,전포대로67번길,동서고가교,범2호교동측,18.09,0.0
2026-08-02T19:00:00,1340004100,무지개로,범2호교서측,범2호교동측,14.75,0.0
2026-08-02T19:00:00,1360031900,전포대로,동서고가교,국제금융센터부산은행역2번출구,29.42,0.0
2026-08-02T19:00:00,1360034200,전포대로,문전교차로,국제금융센터부산은행역2번출구,18.5,0.0
2026-08-02T19:00:00,1360032100,진남로,남전교회,가베어린이집,22.42,0.0
2026-08-02T19:00:00,1360032800,고동골로78번길,문현1동우편취급국,가베어린이집,24.42,0.0
2026-08-02T19:00:00,1360033300,진남로,가베어린이집,가베어린이집,25.0,0.0
2026-08-02T19:00:00,1360032500,황령대로,SH모바일,GS주유소대일,38.93,147.0
2026-08-02T19:00:00,1430004500,황령대로,대남지하차도북측,GS주유소대일,48.38,208.0
2026-08-02T19:00:00,1360033000,고동골로,옥수쌀직판장,가베어린이집,22.67,0.0
2026-08-02T19:00:00,1360033200,진남로,가베어린이집,가베어린이집,18.09,0.0
2026-08-02T19:00:00,1360033800,진남로,전포아파트우편취급국,가베어린이집,29.17,0.0
2026-08-02T19:00:00,1360033400,동서고가로,문현램프,탐앤탐스서면탐스커버리점,63.61,159.0
2026-08-02T19:00:00,1340013800,동서고가로,덕명여자정보고앞,탐앤탐스서면탐스커버리점,52.74,487.0
2026-08-02T19:00:00,1340013100,동서고가로,광무교,탐앤탐스서면탐스커버리점,63.87,262.0
2026-08-02T19:00:00,1360032300,번영로,GS주유소대일,대연램프,60.64,187.0
2026-08-02T19:00:00,1360034500,번영로,오일뱅크영웅셀프,대연램프,57.03,120.0
2026-08-02T19:00:00,1360033700,진남로,가베어린이집,전포아파트우편취급국,29.25,0.0
2026-08-02T19:00:00,1340014100,봉수로,행복한교회,전포아파트우편취급국,30.0,0.0
2026-08-02T19:00:00,1340019802,진남로,전포동326,전포아파트우편취급국,27.92,0.0
2026-08-02T19:00:00,1340321600,동성로46번길,연수어린이집,전포아파트우편취급국,12.17,0.0
2026-08-02T19:00:00,1360034100,전포대로,국제금융센터부산은행역2번출구,문전교차로,25.75,0.0
2026-08-02T19:00:00,1340011600,황령대로,덕명여자정보고앞,문전교차로,17.31,81.0
2026-08-02T19:00:00,1340010900,황령대로,범4호교,문전교차로,18.75,0.0
2026-08-02T19:00:00,1340011400,신천대로,교통공단앞,문전교차로,14.92,0.0
2026-08-02T19:00:00,1340011802,전포대로,전포동380-1,문전교차로,14.67,0.0
2026-08-02T19:00:00,1340323801,전포대로,동성중고앞교차로,문전교차로,33.0,0.0
2026-08-02T19:00:00,1360034300,황령대로,SH모바일,오일뱅크영웅셀프,36.46,333.0
2026-08-02T19:00:00,1360034700,황령대로,기능상사,오일뱅크영웅셀프,40.26,150.0
2026-08-02T19:00:00,1360034600,황령대로,오일뱅크영웅셀프,기능상사,39.3,333.0
2026-08-02T19:00:00,1360034800,번영로,S-Oil사랑드림셀프,기능상사,51.68,128.0
2026-08-02T19:00:00,1360035000,황령대로,황령터널TG,기능상사,46.06,137.0
2026-08-02T19:00:00,1360035200,황령대로319번길,황령터널,기능상사,34.0,0.0
2026-08-02T19:00:00,1360035400,황령대로319번길,대연경동메르빌아파트,기능상사,25.67,0.0
2026-08-02T19:00:00,1360000901,번영로,대연터널북측,S-Oil사랑드림셀프,63.41,596.0
2026-08-02T19:00:00,1360033600,번영로,대연램프,S-Oil사랑드림셀프,58.76,161.0
2026-08-02T19:00:00,1360001002,번영로,광안터널남측,S-Oil사랑드림셀프,61.66,603.0
2026-08-02T19:00:00,1360034900,황령대로,기능상사,황령터널TG,41.07,333.0
2026-08-02T19:00:00,1360035600,황령대로,황령터널동측,황령터널TG,46.12,137.0
2026-08-02T19:00:00,1360035100,황령대로319번길,기능상사,황령터널,30.17,0.0
2026-08-02T19:00:00,1360035800,황령대로319번길,황령터널,황령터널,24.08,0.0
2026-08-02T19:00:00,1360035300,황령대로319번길,기능상사,대연경동메르빌아파트,33.25,0.0
2026-08-02T19:00:00,1360036000,황령대로319번길,황령터널,대연경동메르빌아파트,33.75,0.0
2026-08-02T19:00:00,1360036200,황령대로319번가길,신나는어린이집,대연경동메르빌아파트,22.0,0.0
2026-08-02T19:00:00,1360035500,황령대로,황령터널TG,황령터널동측,40.91,333.0
2026-08-02T19:00:00,1360036400,황령대로,덕명여자정보고앞,황령터널동측,47.68,693.0
2026-08-02T19:00:00,1360035700,황령대로319번길,황령터널,황령터널,22.75,0.0
2026-08-02T19:00:00,1360035900,황령대로319번길,대연경동메르빌아파트,황령터널,36.17,0.0
2026-08-02T19:00:00,1360036600,황령대로319번가길,신나는어린이집,황령터널,10.0,0.0
2026-08-02T19:00:00,1360036100,황령대로319번가길,대연경동메르빌아파트,신나는어린이집,31.0,0.0
2026-08-02T19:00:00,1360036500,황령대로319번가길,황령터널,신나는어린이집,25.17,0.0
2026-08-02T19:00:00,1340013700,동서고가로,탐앤탐스서면탐스커버리점,덕명여자정보고앞,59.8,322.0
2026-08-02T19:00:00,1340011500,황령대로,문전교차로,덕명여자정보고앞,32.83,0.0
2026-08-02T19:00:00,1360036300,황령대로,황령터널동측,덕명여자정보고앞,46.48,1372.0
2026-08-02T19:00:00,1340013900,봉수로,행복한교회,덕명여자정보고앞,30.08,0.0
2026-08-02T19:00:00,1340014800,동성로,연수어린이집,덕명여자정보고앞,20.75,0.0
2026-08-02T19:00:00,1360133801,북항로,부산항운노동조합,감만동254-16,61.84,0.0
2026-08-02T19:00:00,1360115300,북항로,부산항대교북측,감만동254-16,66.75,0.0
2026-08-02T19:00:00,1360133601,북항로,CU,감만동254-16,67.42,0.0
2026-08-02T19:00:00,1360115200,북항로,감만동254-16,부산항대교북측,69.67,0.0
2026-08-02T19:00:00,1330099100,북항로,부산항대교남측,부산항대교북측,70.0,0.0
2026-08-02T19:00:00,1360124300,-,용호동176-53,용호동197-2,14.25,0.0
2026-08-02T19:00:00,1360001104,용호로,용호동565,용호4동주민센터,11.83,0.0
2026-08-02T19:00:00,1360001201,용호로,용호사거리,용호4동주민센터,21.17,0.0
2026-08-02T19:00:00,1340011000,황령대로,문전교차로,범4호교,14.08,0.0
2026-08-02T19:00:00,1340011201,동천로,홈에버서면점,범4호교,16.25,0.0
2026-08-02T19:00:00,1340010300,황령대로,범4호교,범4호교,23.92,0.0
2026-08-02T19:00:00,1360013007,-,용호동176-75,분포고등학교,29.84,0.0
2026-08-02T19:00:00,1360012907,-,분포고등학교,분포고등학교,24.0,0.0
2026-08-02T19:00:00,1360007002,신선로,신선대지하차도,용당동544-2,41.36,115.0
2026-08-02T19:00:00,1360006902,신선로,용당동532-20,용당동544-2,25.82,141.0
2026-08-02T19:00:00,1360006901,신선로,동명오거리,용당동532-20,20.98,141.0
2026-08-02T19:00:00,1360007003,신선로,용당동544-2,용당동532-20,27.65,115.0
2026-08-02T19:00:00,1360013005,-,LG메트로작은쌈지도서관,용호동176-53,12.0,0.0
2026-08-02T19:00:00,1360124200,-,용호동197-2,용호동176-53,11.5,0.0
2026-08-02T19:00:00,1360012905,-,용호동176-75,용호동176-53,6.0,0.0
2026-08-02T19:00:00,1360012908,-,분포고등학교,용호동176-75,32.0,0.0
2026-08-02T19:00:00,1360013006,-,용호동176-53,용호동176-75,30.0,0.0
2026-08-02T19:00:00,1360012901,분포로,용호동176-11,분포고등학교,32.08,0.0
2026-08-02T19:00:00,1360013008,-,분포고등학교,분포고등학교,13.0,0.0
2026-08-02T19:00:00,1360003302,신선로,신선대지하차도,용당동주민센터,36.75,0.0
2026-08-02T19:00:00,1360003401,신선로,동명오거리,용당동주민센터,25.42,0.0
2026-08-02T19:00:00,1370001702,만덕대로,숙등교차로,부민병원,35.5,0.0
2026-08-02T19:00:00,1370001802,만덕대로,주사랑교회,부민병원,26.33,0.0
2026-08-02T19:00:00,1360000902,번영로,S-Oil사랑드림셀프,광안터널남측,66.41,778.0
2026-08-02T19:00:00,1360131800,번영로,남구-수영구,광안터널남측,61.66,603.0
2026-08-02T19:00:00,1360131700,번영로,광안터널남측,남구-수영구,66.41,778.0
2026-08-02T19:00:00,1430033600,번영로,광안터널북측,남구-수영구,61.66,603.0
2026-08-02T19:00:00,1370012800,낙동북로,구포역,구포대교동측,39.5,0.0
2026-08-02T19:00:00,1370043400,강변대로,덕천동763-29,구포대교동측,77.17,503.0
2026-08-02T19:00:00,1370325100,강변대로,북구-사상구,구포대교동측,79.48,520.0
2026-08-02T19:00:00,1411062200,낙동북로,구포대교서측,구포대교동측,62.6,444.0
2026-08-02T19:00:00,1370000100,낙동북로,구포대교사거리,구포대교동측,43.42,0.0
2026-08-02T19:00:00,1370000400,낙동대로,구포대교교차로,구포역,34.42,0.0
2026-08-02T19:00:00,1370000701,낙동대로,CU구포동원점,구포역,48.75,0.0
2026-08-02T19:00:00,1370000300,낙동대로,구포역,구포대교교차로,43.25,0.0
2026-08-02T19:00:00,1370010100,낙동대로,구포삼거리,구포대교교차로,46.67,0.0
2026-08-02T19:00:00,1370000801,낙동대로,구포역,CU구포동원점,32.5,0.0
2026-08-02T19:00:00,1370000702,낙동대로,어반펠리체,CU구포동원점,28.83,0.0
2026-08-02T19:00:00,1370014800,낙동대로1739번길,덕천IC,CU구포동원점,19.75,0.0
2026-08-02T19:00:00,1370000802,낙동대로,CU구포동원점,어반펠리체,31.59,0.0
2026-08-02T19:00:00,1370001000,낙동대로,덕천교차로,어반펠리체,33.5,0.0
2026-08-02T19:00:00,1370015400,금곡대로13번길,덕천역10번출구,어반펠리체,24.67,0.0
2026-08-02T19:00:00,1370000900,낙동대로,어반펠리체,덕천교차로,15.17,0.0
2026-08-02T19:00:00,1370001201,만덕대로,숙등교차로,덕천교차로,19.92,0.0
2026-08-02T19:00:00,1370001400,금곡대로,덕천역10번출구,덕천교차로,8.25,0.0
2026-08-02T19:00:00,1370014500,백양대로,덕천역1번출구,덕천교차로,8.25,0.0
2026-08-02T19:00:00,1370001803,만덕대로,부민병원,숙등교차로,26.59,0.0
2026-08-02T19:00:00,1370001101,만덕대로,덕천교차로,숙등교차로,23.25,0.0
2026-08-02T19:00:00,1370014100,의성로,덕천주공아파트교차로,숙등교차로,12.92,0.0
2026-08-02T19:00:00,1370018200,의성로,한스커피,숙등교차로,6.33,0.0
2026-08-02T19:00:00,1370015300,금곡대로13번길,어반펠리체,덕천역10번출구,20.25,0.0
2026-08-02T19:00:00,1370001300,금곡대로,덕천교차로,덕천역10번출구,26.58,0.0
2026-08-02T19:00:00,1370001903,금곡대로,덕천동472,덕천역10번출구,24.25,0.0
2026-08-02T19:00:00,1370018000,기찰로,한스커피,덕천역10번출구,16.08,0.0
2026-08-02T19:00:00,1370001703,만덕대로,부민병원,주사랑교회,29.59,0.0
2026-08-02T19:00:00,1370003003,만덕대로,덕천동462,주사랑교회,28.0,0.0
2026-08-02T19:00:00,1370002003,금곡대로,덕천동472,부산북부교회,24.17,0.0
2026-08-02T19:00:00,1370005600,금곡대로,화명동삼거리,부산북부교회,26.17,0.0
2026-08-02T19:00:00,1370022900,의성로,부산북부교회,부산북부교회,7.08,0.0
2026-08-02T19:00:00,1370002002,금곡대로,덕천역10번출구,덕천동472,27.83,0.0
2026-08-02T19:00:00,1370001902,금곡대로,부산북부교회,덕천동472,25.34,0.0
2026-08-02T19:00:00,1370002401,만덕대로,만덕사거리,옹달샘어린이집,50.2,847.0
2026-08-02T19:00:00,1370003702,남해고속도로,속성변화점,옹달샘어린이집,55.42,0.0
2026-08-02T19:00:00,1370019800,만덕대로,남산정역2번출구,옹달샘어린이집,48.1,1164.0
2026-08-02T19:00:00,1370002700,만덕대로,만덕사거리,만덕역2번출구,38.58,0.0
2026-08-02T19:00:00,1370002601,만덕대로,만덕제2터널서측,만덕역2번출구,15.0,0.0
2026-08-02T19:00:00,1370019202,구만덕로,만덕동454-5,만덕역2번출구,38.75,0.0
2026-08-02T19:00:00,1370325300,만덕대로,동래구-북구,만덕제2터널서측,40.83,0.0
2026-08-02T19:00:00,1370002501,만덕대로,만덕역2번출구,만덕제2터널서측,52.08,0.0
2026-08-02T19:00:00,1370002902,만덕대로,주사랑교회,덕천동462,28.17,0.0
2026-08-02T19:00:00,1370003002,만덕대로,남산정교차로,덕천동462,26.58,0.0
2026-08-02T19:00:00,1370002903,만덕대로,덕천동462,남산정교차로,23.83,0.0
2026-08-02T19:00:00,1370018500,만덕3로,북구보훈회관,남산정교차로,15.25,0.0
2026-08-02T19:00:00,1370020000,기찰로,아이동산어린이집,남산정교차로,12.75,0.0
2026-08-02T19:00:00,1370004400,만덕대로,남산정역2번출구,남산정교차로,31.59,0.0
2026-08-02T19:00:00,1370003802,남해고속도로,옹달샘어린이집,속성변화점,60.75,0.0
2026-08-02T19:00:00,1370003701,남해고속도로,남산정역2번출구,속성변화점,60.17,0.0
2026-08-02T19:00:00,1370004900,남해고속도로,덕천IC교차로,덕천IC고가,57.44,1164.0
2026-08-02T19:00:00,1370004600,남해고속도로,남산정역2번출구,덕천IC고가,58.83,847.0
2026-08-02T19:00:00,1370005000,남해고속도로,덕천IC고가,덕천IC교차로,59.41,847.0
2026-08-02T19:00:00,1370004800,남해고속도로,제2낙동대교동측,덕천IC교차로,56.56,1164.0
2026-08-02T19:00:00,1370021200,남해고속도로,덕천1육교,덕천IC교차로,31.67,0.0
2026-08-02T19:00:00,1370004700,남해고속도로,덕천IC교차로,제2낙동대교동측,59.95,847.0
2026-08-02T19:00:00,1370044400,남해고속도로,덕천동763-29,제2낙동대교동측,53.83,0.0
2026-08-02T19:00:00,1370042500,남해고속도로,덕천IC,제2낙동대교동측,70.54,1304.0
2026-08-02T19:00:00,1370005500,금곡대로,부산북부교회,화명동삼거리,34.33,0.0
2026-08-02T19:00:00,1370005800,금곡대로,경보아파트앞사거리,화명동삼거리,23.92,0.0
2026-08-02T19:00:00,1370023200,학사로,투썸플레이스부산화명수정점,화명동삼거리,11.92,0.0
2026-08-02T19:00:00,1370005700,금곡대로,화명동삼거리,경보아파트앞사거리,33.17,0.0
2026-08-02T19:00:00,1370006000,금곡대로,CU화명스마일점,경보아파트앞사거리,27.42,0.0
2026-08-02T19:00:00,1370006202,금곡대로,스타벅스부산화명역점,CU화명스마일점,23.17,0.0
2026-08-02T19:00:00,1370005900,금곡대로,경보아파트앞사거리,CU화명스마일점,24.08,0.0
2026-08-02T19:00:00,1370023800,금곡대로229번길,용수초등학교병설유치원,CU화명스마일점,19.67,0.0
2026-08-02T19:00:00,1370007101,금곡대로,화명교북측,벽산어린이집,28.25,0.0
2026-08-02T19:00:00,1370007202,금곡대로,율리역,벽산어린이집,37.08,0.0
2026-08-02T19:00:00,1370035200,금곡대로410번길,화진그린빌라,벽산어린이집,10.75,0.0
2026-08-02T19:00:00,1370007102,금곡대로,벽산어린이집,율리역,29.83,0.0
2026-08-02T19:00:00,1370007400,금곡대로,금곡동행정복지센터,율리역,18.83,0.0
2026-08-02T19:00:00,1370035300,학사로,자격검정센터,율리역,19.5,0.0
2026-08-02T19:00:00,1370035600,효열로,나라어린이집,율리역,6.34,0.0
2026-08-02T19:00:00,1370007300,금곡대로,율리역,금곡동행정복지센터,44.42,0.0
2026-08-02T19:00:00,1370007602,금곡대로,미가미장,금곡동행정복지센터,32.42,0.0
2026-08-02T19:00:00,1370036200,금곡대로470번길,금곡로교회,금곡동행정복지센터,5.75,0.0
2026-08-02T19:00:00,1370007502,금곡대로,금곡동행정복지센터,부산중앙교회,49.83,0.0
2026-08-02T19:00:00,1370007601,금곡대로,금곡이안어린이집,부산중앙교회,42.92,0.0
2026-08-02T19:00:00,1370228700,금곡대로,금곡동476,부산중앙교회,39.84,0.0
2026-08-02T19:00:00,1370007800,금곡대로,금곡삼거리,금곡이안어린이집,50.33,0.0
2026-08-02T19:00:00,1370007501,금곡대로,부산중앙교회,금곡이안어린이집,43.42,0.0
2026-08-02T19:00:00,1370036700,금곡대로550번길,햇빛유치원,금곡이안어린이집,7.83,0.0
2026-08-02T19:00:00,1370007603,금곡대로,부산중앙교회,미가미장,39.34,0.0
2026-08-02T19:00:00,1370228800,금곡대로,금곡동476,미가미장,39.42,0.0
2026-08-02T19:00:00,1370008300,금곡대로,금곡역삼거리,부산보건환경연구원동물위생시험,52.5,0.0
2026-08-02T19:00:00,1370326200,금곡대로,북구-양산시,부산보건환경연구원동물위생시험,61.5,0.0
2026-08-02T19:00:00,1370009202,백양대로,구남역(부산2호선),구남역,35.5,0.0
2026-08-02T19:00:00,1440051102,백양대로,모라동1368,구남역,27.75,0.0
2026-08-02T19:00:00,1370012500,함박봉로,성원사,만덕119안전센터,27.34,0.0
2026-08-02T19:00:00,1370009101,백양대로,구남역,구남역(부산2호선),30.83,0.0
2026-08-02T19:00:00,1370009201,백양대로,구포대교사거리,구남역(부산2호선),22.5,0.0
2026-08-02T19:00:00,1370009400,낙동대로1570번길,북구청삼거리,북구청삼거리,11.0,0.0
2026-08-02T19:00:00,1370009600,사상로,구포삼거리,북구청삼거리,28.75,0.0
2026-08-02T19:00:00,1440052100,사상로,감성놀이참좋은어린이집,북구청삼거리,37.33,0.0
2026-08-02T19:00:00,1370009300,낙동대로1570번길,북구청삼거리,북구청삼거리,21.08,0.0
2026-08-02T19:00:00,1370009800,낙동대로,북구청삼거리,북구청삼거리,13.78,0.0
2026-08-02T19:00:00,1370009500,사상로,북구청삼거리,구포삼거리,37.59,0.0
2026-08-02T19:00:00,1370324900,낙동대로,북구청삼거리,구포삼거리,50.42,0.0
2026-08-02T19:00:00,1370010000,낙동대로,구포삼거리,구포삼거리,19.0,0.0
2026-08-02T19:00:00,1370009700,낙동대로,북구청삼거리,북구청삼거리,10.75,0.0
2026-08-02T19:00:00,1370325000,낙동대로,구포삼거리,북구청삼거리,45.42,0.0
2026-08-02T19:00:00,1440054900,낙동대로,부국축산유통,북구청삼거리,42.75,0.0
2026-08-02T19:00:00,1370011700,낙동대로,구포대교동측,구포삼거리,49.42,0.0
2026-08-02T19:00:00,1370010200,낙동대로,구포대교교차로,구포삼거리,50.5,0.0
2026-08-02T19:00:00,1370009900,낙동대로,구포삼거리,구포삼거리,54.25,0.0
2026-08-02T19:00:00,1370017300,덕천로,성원사,벽산라인어린이집,27.58,0.0
2026-08-02T19:00:00,1370016900,덕천로,엠크로씽,벽산라인어린이집,25.17,0.0
2026-08-02T19:00:00,1370017800,만덕대로178번길,북구보훈회관,벽산라인어린이집,19.33,0.0
2026-08-02T19:00:00,1370021301,의성로,덕천1육교,낙동고등학교,19.17,0.0
2026-08-02T19:00:00,1370021401,의성로,화정초등학교,낙동고등학교,22.42,0.0
2026-08-02T19:00:00,1370012100,백양대로,북부산농협구포시장지점,양광수산,15.0,0.0
2026-08-02T19:00:00,1370012300,낙동대로1780번길,덕천역1번출구,양광수산,8.0,0.0
2026-08-02T19:00:00,1370011500,백양대로,구포초등학교앞교차로,양광수산,35.25,0.0
2026-08-02T19:00:00,1370012000,백양대로,양광수산,북부산농협구포시장지점,34.25,0.0
2026-08-02T19:00:00,1370012700,백양대로,구포시장앞교차로,북부산농협구포시장지점,21.75,0.0
2026-08-02T19:00:00,1370041300,시랑로,포천사거리,북부산농협구포시장지점,27.0,0.0
2026-08-02T19:00:00,1370014600,백양대로,덕천교차로,덕천역1번출구,27.75,0.0
2026-08-02T19:00:00,1370012200,낙동대로1780번길,양광수산,덕천역1번출구,18.0,0.0
2026-08-02T19:00:00,1370013100,백양대로,구포시장앞교차로,덕천역1번출구,19.92,0.0
2026-08-02T19:00:00,1370012400,함박봉로,만덕119안전센터,성원사,28.75,0.0
2026-08-02T19:00:00,1370017400,덕천로,벽산라인어린이집,성원사,31.08,0.0
2026-08-02T19:00:00,1370013900,덕천로,덕천주공아파트교차로,성원사,27.5,0.0
2026-08-02T19:00:00,1370012600,백양대로,북부산농협구포시장지점,구포시장앞교차로,21.17,0.0
2026-08-02T19:00:00,1370013200,백양대로,덕천역1번출구,구포시장앞교차로,25.67,0.0
2026-08-02T19:00:00,1370013000,덕천로,덕천주공아파트교차로,구포시장앞교차로,22.83,0.0
2026-08-02T19:00:00,1370014200,의성로,숙등교차로,덕천주공아파트교차로,13.5,0.0
2026-08-02T19:00:00,1370014000,덕천로,성원사,덕천주공아파트교차로,33.25,0.0
2026-08-02T19:00:00,1370012900,덕천로,구포시장앞교차로,덕천주공아파트교차로,34.75,0.0
2026-08-02T19:00:00,1370013800,덕천로276번길,사랑이넘치는교회,만덕동955-5,20.25,0.0
2026-08-02T19:00:00,1370324800,덕천로276번길,,만덕동955-5,22.33,0.0
2026-08-02T19:00:00,1370013700,덕천로276번길,만덕동955-5,사랑이넘치는교회,17.75,0.0
2026-08-02T19:00:00,1370015600,덕천로,동원아파트앞교차로,사랑이넘치는교회,13.5,0.0
2026-08-02T19:00:00,1370015800,덕천로,호산나교회,사랑이넘치는교회,25.42,0.0
2026-08-02T19:00:00,1370015000,덕천로,동원아파트앞교차로,신만덕교차로,35.17,0.0
2026-08-02T19:00:00,1370015200,만덕2로,만덕역1번출구,신만덕교차로,17.09,0.0
2026-08-02T19:00:00,1370014700,낙동대로1739번길,CU구포동원점,덕천IC,28.33,0.0
2026-08-02T19:00:00,1370015500,덕천로,사랑이넘치는교회,동원아파트앞교차로,27.5,0.0
2026-08-02T19:00:00,1370014900,덕천로,신만덕교차로,동원아파트앞교차로,27.42,0.0
2026-08-02T19:00:00,1370016000,덕천로281번길,대한예수교회환희교회,동원아파트앞교차로,20.83,0.0
2026-08-02T19:00:00,1370018400,만덕2로,만덕사거리,만덕역1번출구,23.92,0.0
2026-08-02T19:00:00,1370015100,만덕2로,신만덕교차로,만덕역1번출구,18.67,0.0
2026-08-02T19:00:00,1370016700,덕천로281번길,대한예수교회환희교회,만덕역1번출구,20.42,0.0
2026-08-02T19:00:00,1370016400,덕천로259번길,호산나교회,호산나교회,10.5,0.0
2026-08-02T19:00:00,1370015700,덕천로,사랑이넘치는교회,호산나교회,21.17,0.0
2026-08-02T19:00:00,1370016200,덕천로,엠크로씽,호산나교회,31.92,0.0
2026-08-02T19:00:00,1370016600,만덕2로44번길,호산나교회,대한예수교회환희교회,10.17,0.0
2026-08-02T19:00:00,1370015900,덕천로281번길,동원아파트앞교차로,대한예수교회환희교회,15.5,0.0
2026-08-02T19:00:00,1370016800,덕천로281번길,만덕역1번출구,대한예수교회환희교회,23.0,0.0
2026-08-02T19:00:00,1370017000,덕천로,벽산라인어린이집,엠크로씽,25.09,0.0
2026-08-02T19:00:00,1370016100,덕천로,호산나교회,엠크로씽,21.34,0.0
2026-08-02T19:00:00,1370017200,만덕3로,북구보훈회관,엠크로씽,18.5,0.0
2026-08-02T19:00:00,1370018600,만덕3로,남산정교차로,북구보훈회관,19.84,0.0
2026-08-02T19:00:00,1370017700,만덕대로178번길,벽산라인어린이집,북구보훈회관,6.92,0.0
2026-08-02T19:00:00,1370017100,만덕3로,엠크로씽,북구보훈회관,20.75,0.0
2026-08-02T19:00:00,1370018100,의성로,숙등교차로,한스커피,6.84,0.0
2026-08-02T19:00:00,1370017900,기찰로,덕천역10번출구,한스커피,23.92,0.0
2026-08-02T19:00:00,1370018800,의성로,증산도덕천도장,한스커피,15.92,0.0
2026-08-02T19:00:00,1370019002,기찰로,덕천동460-1,한스커피,24.33,0.0
2026-08-02T19:00:00,1370021100,남해고속도로,덕천IC교차로,증산도덕천도장,30.58,0.0
2026-08-02T19:00:00,1370018700,의성로,한스커피,증산도덕천도장,34.0,0.0
2026-08-02T19:00:00,1370019600,의성로,덕천1육교,증산도덕천도장,17.83,0.0
2026-08-02T19:00:00,1370018901,기찰로,한스커피,덕천동460-1,16.25,0.0
2026-08-02T19:00:00,1370019001,기찰로,성락교회,덕천동460-1,39.75,0.0
2026-08-02T19:00:00,1370018902,기찰로,덕천동460-1,성락교회,32.67,0.0
2026-08-02T19:00:00,1370020800,기찰로,아이동산어린이집,성락교회,39.0,0.0
2026-08-02T19:00:00,1370019101,구만덕로,만덕역2번출구,만덕동454-5,37.34,0.0
2026-08-02T19:00:00,1370019201,구만덕로,만덕제1터널서측,만덕동454-5,43.08,0.0
2026-08-02T19:00:00,1370325500,구만덕로,만덕제1터널동측,만덕제1터널서측,57.25,0.0
2026-08-02T19:00:00,1370019102,구만덕로,만덕동454-5,만덕제1터널서측,43.92,0.0
2026-08-02T19:00:00,1370021402,의성로,낙동고등학교,덕천1육교,31.25,0.0
2026-08-02T19:00:00,1370019500,의성로,증산도덕천도장,덕천1육교,35.92,0.0
2026-08-02T19:00:00,1370021302,의성로,낙동고등학교,화정초등학교,31.17,0.0
2026-08-02T19:00:00,1370022100,의성로,부산북부교회,화정초등학교,24.17,0.0
2026-08-02T19:00:00,1370019900,기찰로,남산정교차로,아이동산어린이집,25.42,0.0
2026-08-02T19:00:00,1370020700,기찰로,성락교회,아이동산어린이집,29.42,0.0
2026-08-02T19:00:00,1370021600,낙동대로1739번길,덕천IC,성훈강변아파트,19.0,0.0
2026-08-02T19:00:00,1370022400,낙동대로1739번길,명진중학교,성훈강변아파트,24.0,0.0
2026-08-02T19:00:00,1370023000,의성로,부산북부교회,부산북부교회,25.33,0.0
2026-08-02T19:00:00,1370022000,의성로,화정초등학교,부산북부교회,22.33,0.0
2026-08-02T19:00:00,1370022300,낙동대로1739번길,성훈강변아파트,명진중학교,24.25,0.0
2026-08-02T19:00:00,1370032900,금곡대로347번길,화명1호교,명진중학교,23.42,0.0
2026-08-02T19:00:00,1370033400,금곡대로347번길,화명2호교,명진중학교,7.92,0.0
2026-08-02T19:00:00,1370023100,학사로,화명동삼거리,투썸플레이스부산화명수정점,11.25,0.0
2026-08-02T19:00:00,1370023400,화명신도시로,용수초등학교병설유치원,투썸플레이스부산화명수정점,13.67,0.0
2026-08-02T19:00:00,1370023600,학사로,화명동2257,투썸플레이스부산화명수정점,28.75,0.0
2026-08-02T19:00:00,1370023700,금곡대로229번길,CU화명스마일점,용수초등학교병설유치원,16.09,0.0
2026-08-02T19:00:00,1370023300,화명신도시로,투썸플레이스부산화명수정점,용수초등학교병설유치원,12.75,0.0
2026-08-02T19:00:00,1370024000,금곡대로229번길,화명동2257,용수초등학교병설유치원,15.75,0.0
2026-08-02T19:00:00,1370024200,화명신도시로,리틀스쿨어린이집,용수초등학교병설유치원,8.17,0.0
2026-08-02T19:00:00,1370023500,학사로,투썸플레이스부산화명수정점,화명동2257,47.17,0.0
2026-08-02T19:00:00,1370023900,금곡대로229번길,용수초등학교병설유치원,화명동2257,19.0,0.0
2026-08-02T19:00:00,1370024400,학사로,학사초등학교,화명동2257,39.5,0.0
2026-08-02T19:00:00,1370024100,화명신도시로,용수초등학교병설유치원,리틀스쿨어린이집,22.5,0.0
2026-08-02T19:00:00,1370024800,화명신도시로69번길,부산북부경찰서,리틀스쿨어린이집,12.5,0.0
2026-08-02T19:00:00,1370025000,화명신도시로,화명3동주민센터,리틀스쿨어린이집,14.84,0.0
2026-08-02T19:00:00,1370024300,학사로,화명동2257,학사초등학교,38.67,0.0
2026-08-02T19:00:00,1370025100,화명신도시로69번길,부산북부경찰서,학사초등학교,12.92,0.0
2026-08-02T19:00:00,1370025600,학사로,화명백합교회,학사초등학교,37.75,0.0
2026-08-02T19:00:00,1370024600,화명대로94번길,화목교회,수정캐슬유치원,22.83,0.0
2026-08-02T19:00:00,1370024500,화명대로94번길,수정캐슬유치원,화목교회,24.25,0.0
2026-08-02T19:00:00,1370318800,화명대로,와석교차로,화목교회,26.42,0.0
2026-08-02T19:00:00,1370029600,화명대로,유림어린이집,화목교회,18.75,0.0
2026-08-02T19:00:00,1370024700,화명신도시로69번길,리틀스쿨어린이집,부산북부경찰서,6.0,0.0
2026-08-02T19:00:00,1370025200,화명신도시로69번길,학사초등학교,부산북부경찰서,8.0,0.0
2026-08-02T19:00:00,1370025400,용당로5번길,화명지구대,부산북부경찰서,5.92,0.0
2026-08-02T19:00:00,1370024900,화명신도시로,리틀스쿨어린이집,화명3동주민센터,15.0,0.0
2026-08-02T19:00:00,1370025800,용당로,화명지구대,화명3동주민센터,4.5,0.0
2026-08-02T19:00:00,1370026000,화명신도시로,행복이가득한도서관,화명3동주민센터,19.17,0.0
2026-08-02T19:00:00,1370025300,용당로5번길,부산북부경찰서,화명지구대,2.58,0.0
2026-08-02T19:00:00,1370025700,용당로,화명3동주민센터,화명지구대,16.17,0.0
2026-08-02T19:00:00,1370026200,화명대로12번길,화명도서관,화명지구대,18.83,0.0
2026-08-02T19:00:00,1370025500,학사로,학사초등학교,화명백합교회,27.42,0.0
2026-08-02T19:00:00,1370026400,용당로20번길,부산어촌민속관,화명백합교회,5.67,0.0
2026-08-02T19:00:00,1370026600,학사로,부산어촌민속관,화명백합교회,32.84,0.0
2026-08-02T19:00:00,1370025900,화명신도시로,화명3동주민센터,행복이가득한도서관,19.17,0.0
2026-08-02T19:00:00,1370027700,금곡대로285번길,이디야커피부산화명점,행복이가득한도서관,4.0,0.0
2026-08-02T19:00:00,1370028400,화명신도시로,고가차도,행복이가득한도서관,19.42,0.0
2026-08-02T19:00:00,1370031800,금곡대로303번길,부산북부고용복지플러스센터,비전교회,8.33,0.0
2026-08-02T19:00:00,1370031500,금곡대로303번길,쉴이네슈가,비전교회,12.75,0.0
2026-08-02T19:00:00,1370032000,화명신도시로,화명1호교,비전교회,22.17,0.0
2026-08-02T19:00:00,1370030500,화명신도시로,고가차도,비전교회,7.17,0.0
2026-08-02T19:00:00,1370026100,화명대로12번길,화명지구대,화명도서관,7.33,0.0
2026-08-02T19:00:00,1370026800,학사로,부산어촌민속관,화명도서관,18.83,0.0
2026-08-02T19:00:00,1370027000,화명대로12번길,CGV화명,화명도서관,17.84,0.0
2026-08-02T19:00:00,1370026300,용당로20번길,화명백합교회,부산어촌민속관,4.42,0.0
2026-08-02T19:00:00,1370026700,학사로,화명도서관,부산어촌민속관,14.25,0.0
2026-08-02T19:00:00,1370027200,학사로,부산어촌민속관,부산어촌민속관,14.0,0.0
2026-08-02T19:00:00,1370026500,학사로,화명백합교회,부산어촌민속관,36.67,0.0
2026-08-02T19:00:00,1370027100,학사로,부산어촌민속관,부산어촌민속관,12.42,0.0
2026-08-02T19:00:00,1370027400,학사로,화명역,부산어촌민속관,34.25,0.0
2026-08-02T19:00:00,1370028100,금곡대로285번길,행복이가득한도서관,CGV화명,13.17,0.0
2026-08-02T19:00:00,1370028800,화명대로12번길,CGV화명,CGV화명,14.42,0.0
2026-08-02T19:00:00,1370027300,학사로,부산어촌민속관,화명역,33.84,0.0
2026-08-02T19:00:00,1370028500,금곡대로285번길,CGV화명,화명역,11.09,0.0
2026-08-02T19:00:00,1370029800,학사로,화명역앞교차로,화명역,44.58,0.0
2026-08-02T19:00:00,1370027500,금곡대로285번길,스타벅스부산화명역점,이디야커피부산화명점,7.75,0.0
2026-08-02T19:00:00,1370028000,-,KB국민은행화명동지점,이디야커피부산화명점,8.67,0.0
2026-08-02T19:00:00,1370027900,-,이디야커피부산화명점,KB국민은행화명동지점,15.42,0.0
2026-08-02T19:00:00,1370030200,-,쉴이네슈가,KB국민은행화명동지점,12.67,0.0
2026-08-02T19:00:00,1370029100,화명대로,와석교차로,KB국민은행화명동지점,20.0,0.0
2026-08-02T19:00:00,1370030000,화명대로,고가차도,KB국민은행화명동지점,16.58,0.0
2026-08-02T19:00:00,1370028700,화명대로12번길,CGV화명,CGV화명,8.08,0.0
2026-08-02T19:00:00,1370031000,-,부산북부고용복지플러스센터,CGV화명,13.42,0.0
2026-08-02T19:00:00,1370030800,화명대로,화명역앞교차로,CGV화명,12.92,0.0
2026-08-02T19:00:00,1370030300,화명대로,고가차도,CGV화명,18.33,0.0
2026-08-02T19:00:00,1370030900,-,CGV화명,부산북부고용복지플러스센터,14.09,0.0
2026-08-02T19:00:00,1370032200,금곡대로303번길,화명더누림오피스텔,부산북부고용복지플러스센터,13.67,0.0
2026-08-02T19:00:00,1370029700,학사로,화명역,화명역앞교차로,15.59,0.0
2026-08-02T19:00:00,1370030700,화명대로,CGV화명,화명역앞교차로,21.0,0.0
2026-08-02T19:00:00,1370031200,학사로,화명더누림오피스텔,화명역앞교차로,11.58,0.0
2026-08-02T19:00:00,1370123200,서낙동로,대동화명대교동측,화명역앞교차로,24.0,0.0
2026-08-02T19:00:00,1370031100,학사로,화명역앞교차로,화명더누림오피스텔,24.33,0.0
2026-08-02T19:00:00,1370032400,학사로,화명2호교,화명더누림오피스텔,42.5,0.0
2026-08-02T19:00:00,1370031300,금곡대로303번길,화명역2번출구,쉴이네슈가,21.0,0.0
2026-08-02T19:00:00,1370031600,금곡대로303번길,비전교회,쉴이네슈가,9.67,0.0
2026-08-02T19:00:00,1370030100,-,KB국민은행화명동지점,쉴이네슈가,13.58,0.0
2026-08-02T19:00:00,1370041601,낙동북로,포천사거리,구포대교사거리,34.75,0.0
2026-08-02T19:00:00,1370041501,낙동북로,구포대교사거리,구포대교사거리,32.5,0.0
2026-08-02T19:00:00,1370032700,금곡대로347번길,화명교남측,화명1호교,12.25,0.0
2026-08-02T19:00:00,1370033000,금곡대로347번길,명진중학교,화명1호교,12.34,0.0
2026-08-02T19:00:00,1370031900,화명신도시로,비전교회,화명1호교,13.92,0.0
2026-08-02T19:00:00,1370033200,화명신도시로,빛고운어린이집,화명1호교,13.84,0.0
2026-08-02T19:00:00,1370033300,금곡대로347번길,명진중학교,화명2호교,14.83,0.0
2026-08-02T19:00:00,1370032300,학사로,화명더누림오피스텔,화명2호교,37.34,0.0
2026-08-02T19:00:00,1370033600,학사로,오뚜기작은도서관,화명2호교,30.67,0.0
2026-08-02T19:00:00,1370033100,화명신도시로,화명1호교,빛고운어린이집,26.92,0.0
2026-08-02T19:00:00,1370034600,용수로,오뚜기작은도서관,빛고운어린이집,7.25,0.0
2026-08-02T19:00:00,1370034800,화명신도시로,자격검정센터,빛고운어린이집,15.0,0.0
2026-08-02T19:00:00,1370034300,양달로9번길,새로운교회,화진그린빌라,19.5,0.0
2026-08-02T19:00:00,1370035100,금곡대로410번길,벽산어린이집,화진그린빌라,18.92,0.0
2026-08-02T19:00:00,1370033500,학사로,화명2호교,오뚜기작은도서관,34.84,0.0
2026-08-02T19:00:00,1370034500,용수로,빛고운어린이집,오뚜기작은도서관,7.25,0.0
2026-08-02T19:00:00,1370035000,학사로,자격검정센터,오뚜기작은도서관,31.75,0.0
2026-08-02T19:00:00,1370035400,학사로,율리역,자격검정센터,17.0,0.0
2026-08-02T19:00:00,1370034700,화명신도시로,빛고운어린이집,자격검정센터,21.42,0.0
2026-08-02T19:00:00,1370034900,학사로,오뚜기작은도서관,자격검정센터,21.0,0.0
2026-08-02T19:00:00,1370035500,효열로,율리역,나라어린이집,12.08,0.0
2026-08-02T19:00:00,1370035800,효열로37번길,금곡로교회,나라어린이집,5.75,0.0
2026-08-02T19:00:00,1370036000,효열로,금곡유림1차아파트,나라어린이집,19.08,0.0
2026-08-02T19:00:00,1370036100,금곡대로470번길,금곡동행정복지센터,금곡로교회,16.83,0.0
2026-08-02T19:00:00,1370035700,효열로37번길,나라어린이집,금곡로교회,15.33,0.0
2026-08-02T19:00:00,1370036400,금곡대로470번길,금곡유림1차아파트,금곡로교회,22.08,0.0
2026-08-02T19:00:00,1370035900,효열로,나라어린이집,금곡유림1차아파트,17.0,0.0
2026-08-02T19:00:00,1370036300,금곡대로470번길,금곡로교회,금곡유림1차아파트,14.33,0.0
2026-08-02T19:00:00,1370036600,효열로,햇빛유치원,금곡유림1차아파트,18.42,0.0
2026-08-02T19:00:00,1370036800,금곡대로550번길,금곡이안어린이집,햇빛유치원,17.33,0.0
2026-08-02T19:00:00,1370036500,효열로,금곡유림1차아파트,햇빛유치원,22.25,0.0
2026-08-02T19:00:00,1370037000,효열로,금곡청소년수련관,햇빛유치원,16.33,0.0
2026-08-02T19:00:00,1370037400,효열로,새금곡교회,금곡청소년수련관,18.17,0.0
2026-08-02T19:00:00,1370036900,효열로,햇빛유치원,금곡청소년수련관,14.17,0.0
2026-08-02T19:00:00,1370037200,효열로162번길,해바라기숲어린이집,금곡청소년수련관,7.0,0.0
2026-08-02T19:00:00,1370037100,효열로162번길,금곡청소년수련관,해바라기숲어린이집,21.5,0.0
2026-08-02T19:00:00,1370037800,효열로162번길,금곡하나유치원,해바라기숲어린이집,15.0,0.0
2026-08-02T19:00:00,1370038000,효열로,새금곡교회,동산교회,15.75,0.0
2026-08-02T19:00:00,1370037500,효열로,해바라기숲어린이집,동산교회,30.0,0.0
2026-08-02T19:00:00,1370038200,효열로,금곡동산교회,동산교회,12.58,0.0
2026-08-02T19:00:00,1370039200,효열로220번길,성민교회,금곡하나유치원,18.09,0.0
2026-08-02T19:00:00,1370037700,효열로162번길,해바라기숲어린이집,금곡하나유치원,20.59,0.0
2026-08-02T19:00:00,1370039400,효열로162번길,금창초등어린이집,금곡하나유치원,21.0,0.0
2026-08-02T19:00:00,1370039000,효열로,성민교회,금곡동산교회,12.75,0.0
2026-08-02T19:00:00,1370038800,효열로203번길,금곡도서관,금곡동산교회,16.42,0.0
2026-08-02T19:00:00,1370038100,효열로,동산교회,금곡동산교회,14.08,0.0
2026-08-02T19:00:00,1370042100,강변대로,덕천IC,덕천IC,75.08,0.0
2026-08-02T19:00:00,1370044200,남해고속도로,덕천IC,덕천IC,45.67,0.0
2026-08-02T19:00:00,1370043500,강변대로,덕천동763-29,덕천IC,46.0,0.0
2026-08-02T19:00:00,1370041400,시랑로,북부산농협구포시장지점,포천사거리,20.08,0.0
2026-08-02T19:00:00,1370041502,낙동북로,구포대교사거리,포천사거리,26.5,0.0
2026-08-02T19:00:00,1370042900,강변대로,구포대교동측,덕천동763-29,75.77,520.0
2026-08-02T19:00:00,1370041200,강변대로,덕천IC,덕천IC,47.17,0.0
2026-08-02T19:00:00,1370041900,강변대로,덕천동763-29,덕천IC,74.42,0.0
2026-08-02T19:00:00,1370042200,강변대로,덕천동763-29,덕천IC,75.92,0.0
2026-08-02T19:00:00,1370042400,남해고속도로,제2낙동대교동측,덕천IC,73.15,1270.0
2026-08-02T19:00:00,1370044300,남해고속도로,덕천IC,덕천IC,41.59,0.0
2026-08-02T19:00:00,1370042600,남해고속도로,덕천IC,덕천IC,74.58,1304.0
2026-08-02T19:00:00,1370042300,남해고속도로,덕천IC,덕천IC,76.95,1270.0
2026-08-02T19:00:00,1370044100,남해고속도로,덕천IC,덕천IC,61.58,0.0
2026-08-02T19:00:00,1410016200,남해고속도로,제2낙동대교서측,덕천IC,78.58,1304.0
2026-08-02T19:00:00,1370043300,남해고속도로,덕천IC,덕천IC,54.0,0.0
2026-08-02T19:00:00,1370043100,강변대로,덕천동763-29,덕천IC,56.0,0.0
2026-08-02T19:00:00,1370043700,강변대로,덕천동597,덕천IC,51.84,0.0
2026-08-02T19:00:00,1370042000,강변대로,덕천IC,덕천동763-29,71.17,0.0
2026-08-02T19:00:00,1370042800,남해고속도로,덕천IC,덕천동763-29,50.92,0.0
2026-08-02T19:00:00,1370043600,강변대로,덕천IC,덕천동763-29,43.09,0.0
2026-08-02T19:00:00,1370043000,강변대로,덕천IC,덕천동597,44.5,0.0
2026-08-02T19:00:00,1370227500,강변대로,대동화명대교IC,덕천동597,59.17,0.0
2026-08-02T19:00:00,1370123002,서낙동로,대동화명대교IC,대동화명대교IC,72.78,186.0
2026-08-02T19:00:00,1370123102,서낙동로,대동화명대교서측,대동화명대교IC,68.34,0.0
2026-08-02T19:00:00,1370227400,서낙동로,대동화명대교IC,대동화명대교IC,61.92,0.0
2026-08-02T19:00:00,1370123103,서낙동로,대동화명대교IC,대동화명대교IC,58.21,201.0
2026-08-02T19:00:00,1370123003,서낙동로,대동화명대교동측,대동화명대교IC,53.83,0.0
2026-08-02T19:00:00,1370227600,서낙동로,대동화명대교IC,대동화명대교IC,50.67,0.0
2026-08-02T19:00:00,1370123300,서낙동로,화명역앞교차로,대동화명대교동측,58.75,0.0
2026-08-02T19:00:00,1370123101,서낙동로,대동화명대교IC,대동화명대교동측,57.75,0.0
2026-08-02T19:00:00,1370318600,화명대로,화명지하차도서측,대동화명대교동측,73.59,0.0
2026-08-02T19:00:00,1370123001,서낙동로,대동화명대교IC,대동화명대교서측,74.59,0.0
2026-08-02T19:00:00,3850791200,서낙동로,속성변화점,대동화명대교서측,44.58,0.0
2026-08-02T19:00:00,1370228400,강변대로,금곡동476,대동화명대교IC,69.83,0.0
2026-08-02T19:00:00,1370227700,강변대로,덕천동597,대동화명대교IC,62.67,0.0
2026-08-02T19:00:00,1370227300,강변대로,대동화명대교IC,대동화명대교IC,57.75,0.0
2026-08-02T19:00:00,1370228200,강변대로,대동화명대교IC,대동화명대교IC,64.33,0.0
2026-08-02T19:00:00,1370228100,강변대로,대동화명대교IC,대동화명대교IC,56.17,0.0
2026-08-02T19:00:00,1370228000,서낙동로,대동화명대교IC,대동화명대교IC,53.75,0.0
2026-08-02T19:00:00,1370227800,서낙동로,대동화명대교IC,대동화명대교IC,48.34,0.0
2026-08-02T19:00:00,1370227900,강변대로,대동화명대교IC,대동화명대교IC,47.17,0.0
2026-08-02T19:00:00,1370228600,금곡대로,부산중앙교회,금곡동476,55.25,0.0
2026-08-02T19:00:00,1370228300,강변대로,대동화명대교IC,금곡동476,61.92,0.0
2026-08-02T19:00:00,1370228500,강변대로,금곡동476,금곡동476,47.34,0.0
2026-08-02T19:00:00,1370239400,부산외곽순환고속도로,교량동측,낙동대교,92.0,0.0
2026-08-02T19:00:00,1370326400,부산외곽순환고속도로,북구-양산시,낙동대교,91.08,0.0
2026-08-02T19:00:00,1370239300,부산외곽순환고속도로,낙동대교,교량동측,91.17,0.0
2026-08-02T19:00:00,3851176500,부산외곽순환고속도로,,교량동측,91.75,0.0
2026-08-02T19:00:00,1370325200,강변대로,구포대교동측,북구-사상구,76.54,503.0
2026-08-02T19:00:00,1440070901,강변대로,버스정류장,북구-사상구,75.31,520.0
2026-08-02T19:00:00,1370326100,금곡대로,부산보건환경연구원동물위생시험,북구-양산시,60.5,0.0
2026-08-02T19:00:00,3880000400,양산대로,,북구-양산시,54.5,0.0
2026-08-02T19:00:00,1400293400,화명대로,산성터널동측,북구-금정구,75.43,611.0
2026-08-02T19:00:00,1370325900,화명대로,산성터널서측,북구-금정구,81.23,610.0
2026-08-02T19:00:00,1370326300,부산외곽순환고속도로,낙동대교,북구-양산시,92.33,0.0
2026-08-02T19:00:00,3880840700,부산외곽순환고속도로,금정구-양산시,북구-양산시,91.67,0.0
2026-08-02T19:00:00,1380000202,해운대로,우동1126-9,올림픽교차로,22.58,79.0
2026-08-02T19:00:00,1380000401,장산로,우동고가교,올림픽교차로,25.25,0.0
2026-08-02T19:00:00,1380033502,해운대로,우동1081-2,올림픽교차로,20.01,381.0
2026-08-02T19:00:00,1380048700,해운대로394번길,해운대센텀미진이지비아아파트,올림픽교차로,28.92,0.0
2026-08-02T19:00:00,1380043900,APEC로,렉싱턴갤러리,올림픽교차로,19.09,0.0
2026-08-02T19:00:00,1380000101,해운대로,올림픽교차로,우동1126-9,24.96,194.0
2026-08-02T19:00:00,1380000201,해운대로,삼호가든앞교차로,우동1126-9,26.41,79.0
2026-08-02T19:00:00,1380000102,해운대로,우동1126-9,삼호가든앞교차로,26.63,194.0
2026-08-02T19:00:00,1380000703,해운대로,키바제이,삼호가든앞교차로,22.95,79.0
2026-08-02T19:00:00,1380056900,센텀남대로,컨벤션홀BEXCO,삼호가든앞교차로,6.92,0.0
2026-08-02T19:00:00,1380000305,장산로,우2동주민센터,용수사,47.42,0.0
2026-08-02T19:00:00,1380000403,장산로,장산1터널서측,용수사,36.17,0.0
2026-08-02T19:00:00,1380042900,광안대로,벡스코TG,용수사,61.75,0.0
2026-08-02T19:00:00,1380000301,장산로,올림픽교차로,우동고가교,31.0,0.0
2026-08-02T19:00:00,1380000404,장산로,용수사,우2동주민센터,35.42,0.0
2026-08-02T19:00:00,1380000303,장산로,용수사,장산1터널서측,59.17,0.0
2026-08-02T19:00:00,1380000601,장산로,장산1터널동측,장산1터널서측,27.92,0.0
2026-08-02T19:00:00,1380000501,장산로,장산1터널서측,장산1터널동측,63.17,0.0
2026-08-02T19:00:00,1380000602,장산로,장산2터널서측,장산1터널동측,29.92,0.0
2026-08-02T19:00:00,1380000502,장산로,장산1터널동측,장산2터널서측,64.09,0.0
2026-08-02T19:00:00,1380000603,장산로,장산2터널동측,장산2터널서측,28.42,0.0
2026-08-02T19:00:00,1380000503,장산로,장산2터널서측,장산2터널동측,65.17,0.0
2026-08-02T19:00:00,1380001002,장산로,장기터널남측,장산2터널동측,18.42,0.0
2026-08-02T19:00:00,1380000801,해운대로,수영교회,재송동삼거리,21.34,194.0
2026-08-02T19:00:00,1380001100,해운대로,재송동삼거리,재송동삼거리,24.58,256.0
2026-08-02T19:00:00,1380074302,센텀북대로,재송동1199,재송동삼거리,21.25,0.0
2026-08-02T19:00:00,1380000701,해운대로,재송동삼거리,수영교회,30.28,79.0
2026-08-02T19:00:00,1380000802,해운대로,키바제이,수영교회,29.13,194.0
2026-08-02T19:00:00,1380065100,센텀5로,부산센텀시티우체국,수영교회,17.17,0.0
2026-08-02T19:00:00,1380000803,해운대로,삼호가든앞교차로,키바제이,30.13,194.0
2026-08-02T19:00:00,1380000702,해운대로,수영교회,키바제이,27.99,79.0
2026-08-02T19:00:00,1380060900,센텀4로,텐퍼센트커피센텀트럼프점,키바제이,12.92,0.0
2026-08-02T19:00:00,1380000902,장산로,장산2터널동측,장기터널남측,62.17,0.0
2026-08-02T19:00:00,1380001003,장산로,장기터널북측,장기터널남측,28.25,0.0
2026-08-02T19:00:00,1380000903,장산로,장기터널남측,장기터널북측,60.08,0.0
2026-08-02T19:00:00,1380001004,장산로,춘천1교,장기터널북측,35.99,710.0
2026-08-02T19:00:00,1380000904,장산로,장기터널북측,춘천1교,65.73,234.0
2026-08-02T19:00:00,1380002101,장산로,장산고가교,춘천1교,42.65,710.0
2026-08-02T19:00:00,1380077400,장산로,대천램프교차로,춘천1교,39.59,0.0
2026-08-02T19:00:00,1380001200,해운대로,재송동삼거리,재송동삼거리,27.45,562.0
2026-08-02T19:00:00,1380002304,해운대로,재송동973-39,재송동삼거리,29.87,256.0
2026-08-02T19:00:00,1380076300,재반로,풍성한교회,재송동삼거리,15.58,0.0
2026-08-02T19:00:00,1380001400,해운대로,송정터널동측,송정터널서측,53.52,1616.0
2026-08-02T19:00:00,1380002004,해운대로,속성변화점,송정터널서측,61.93,344.0
2026-08-02T19:00:00,1380001300,해운대로,송정터널서측,송정터널동측,59.77,445.0
2026-08-02T19:00:00,1380001800,해운대로,혜연사,송정터널동측,36.44,423.0
2026-08-02T19:00:00,1380001700,해운대로,송정터널동측,혜연사,46.6,171.0
2026-08-02T19:00:00,1380002601,해운대로,혜연사,혜연사,36.77,423.0
2026-08-02T19:00:00,1380075100,달맞이길,달맞이교,혜연사,39.5,0.0
2026-08-02T19:00:00,1380001903,해운대로,속성변화점,좌동1422,53.84,1165.0
2026-08-02T19:00:00,1380002002,장산로,좌동1422-1,좌동1422,68.98,234.0
2026-08-02T19:00:00,1380073100,해운대로,좌동지하차도앞교차로,좌동1422,46.84,0.0
2026-08-02T19:00:00,1380001904,해운대로,송정터널서측,속성변화점,52.83,1165.0
2026-08-02T19:00:00,1380002003,해운대로,좌동1422,속성변화점,62.27,344.0
2026-08-02T19:00:00,1380001902,장산로,좌동1422,좌동1422-1,55.57,710.0
2026-08-02T19:00:00,1380002005,장산로,해운대IC,좌동1422-1,68.94,234.0
2026-08-02T19:00:00,1380073300,장산로,좌동지하차도앞교차로,좌동1422-1,37.75,0.0
2026-08-02T19:00:00,1380001905,장산로,좌동1422-1,해운대IC,53.61,710.0
2026-08-02T19:00:00,1380002006,장산로,장산고가교,해운대IC,72.81,234.0
2026-08-02T19:00:00,1380090903,울산포항고속도로,동부산IC남측,해운대IC,81.17,0.0
2026-08-02T19:00:00,1380002201,장산로,춘천1교,장산고가교,69.02,234.0
2026-08-02T19:00:00,1380001906,장산로,해운대IC,장산고가교,54.11,710.0
2026-08-02T19:00:00,1380077000,장산로,장산고가교,장산고가교,36.5,0.0
2026-08-02T19:00:00,1380002402,해운대로,재송동338-1,동부지청어귀삼거리,24.86,562.0
2026-08-02T19:00:00,1380003000,해운대로,해운대경찰서앞교차로,동부지청어귀삼거리,27.5,256.0
2026-08-02T19:00:00,1380079200,해운대로161번길,풍성한교회,동부지청어귀삼거리,20.33,0.0
2026-08-02T19:00:00,1380002301,해운대로,동부지청어귀삼거리,재송동338-1,32.12,256.0
2026-08-02T19:00:00,1380002404,해운대로,재송동973-39,재송동338-1,21.11,562.0
2026-08-02T19:00:00,1380101500,해운대로,센텀초등학교,재송동338-1,10.92,0.0
2026-08-02T19:00:00,1380002403,해운대로,재송동삼거리,재송동973-39,32.78,562.0
2026-08-02T19:00:00,1380002303,해운대로,재송동338-1,재송동973-39,25.45,256.0
2026-08-02T19:00:00,1380076400,송정광어골로82번길,씨앤블루통상,혜연사,14.0,0.0
2026-08-02T19:00:00,1380002501,해운대로,혜연사,혜연사,36.64,171.0
2026-08-02T19:00:00,1380002602,해운대로,송정세양쉬에당파크아파트,혜연사,36.77,423.0
2026-08-02T19:00:00,1380002502,해운대로,혜연사,송정세양쉬에당파크아파트,32.14,171.0
2026-08-02T19:00:00,1380002603,해운대로,송정어귀삼거리,송정세양쉬에당파크아파트,28.32,423.0
2026-08-02T19:00:00,1380076600,송정광어골로,씨앤블루통상,송정어귀삼거리,7.08,0.0
2026-08-02T19:00:00,1380002503,해운대로,송정세양쉬에당파크아파트,송정어귀삼거리,34.64,171.0
2026-08-02T19:00:00,1380003412,해운대로,송정동451,송정어귀삼거리,23.56,423.0
2026-08-02T19:00:00,1380002900,해운대로,동부지청어귀삼거리,해운대경찰서앞교차로,27.28,562.0
2026-08-02T19:00:00,1380003100,해운대로,재송역,해운대경찰서앞교차로,32.04,256.0
2026-08-02T19:00:00,1380079302,센텀동로,해운대경찰서앞교차로,해운대경찰서앞교차로,10.08,0.0
2026-08-02T19:00:00,1380003602,해운대로,재송동920-4,재송역,24.7,256.0
2026-08-02T19:00:00,1380003200,해운대로,해운대경찰서앞교차로,재송역,20.07,562.0
2026-08-02T19:00:00,1380079900,재송1로,엘벧엘교회,재송역,14.42,0.0
2026-08-02T19:00:00,1380003308,해운대로,송정동447-16,송정동447,37.37,22.0
2026-08-02T19:00:00,1380003403,해운대로,송정1교남측,송정동447,38.67,34.0
2026-08-02T19:00:00,1380003310,해운대로,송정동451,송정삼거리,29.35,171.0
2026-08-02T19:00:00,1380003406,해운대로,송정동447-16,송정삼거리,30.05,34.0
2026-08-02T19:00:00,1380078302,송정중앙로,송정동197,송정삼거리,12.61,239.0
2026-08-02T19:00:00,1380003407,해운대로,송정동447,송정동447-16,30.34,34.0
2026-08-02T19:00:00,1380003307,해운대로,송정동447-16,송정동447-16,24.83,22.0
2026-08-02T19:00:00,1380003409,해운대로,송정삼거리,송정동451,19.32,423.0
2026-08-02T19:00:00,1380003312,해운대로,송정동451,송정동451,27.52,171.0
2026-08-02T19:00:00,1380003311,해운대로,송정어귀삼거리,송정동451,27.6,171.0
2026-08-02T19:00:00,1380003411,해운대로,송정동451,송정동451,18.61,423.0
2026-08-02T19:00:00,1380003800,해운대로,재송삼익APT교차로,왕자맨션앞교차로,16.77,377.0
2026-08-02T19:00:00,1380004002,해운대로,왕자맨션교차로,왕자맨션앞교차로,14.46,265.0
2026-08-02T19:00:00,1380082000,반여로2번길,왕자맨션,왕자맨션앞교차로,13.42,0.0
2026-08-02T19:00:00,1380003502,해운대로,재송동920-4,재송삼익APT교차로,21.28,562.0
2026-08-02T19:00:00,1380003700,해운대로,왕자맨션앞교차로,재송삼익APT교차로,23.51,265.0
2026-08-02T19:00:00,1380003901,해운대로,왕자맨션앞교차로,왕자맨션교차로,20.81,377.0
2026-08-02T19:00:00,1380004001,해운대로,원동IC앞,왕자맨션교차로,19.3,265.0
2026-08-02T19:00:00,1380003902,해운대로,왕자맨션교차로,원동IC앞,21.06,377.0
2026-08-02T19:00:00,1380004200,해운대로,원동교동측,원동IC앞,20.84,265.0
2026-08-02T19:00:00,1380004300,번영로,원동IC동측,원동IC앞,9.17,0.0
2026-08-02T19:00:00,1380004100,해운대로,원동IC앞,원동교동측,21.06,377.0
2026-08-02T19:00:00,1350000900,충렬대로,원동교서측,원동교동측,29.3,265.0
2026-08-02T19:00:00,1350054100,번영로,성일레포츠,원동IC동측,64.56,101.0
2026-08-02T19:00:00,1380004400,번영로,원동IC앞,원동IC동측,36.21,0.0
2026-08-02T19:00:00,1350002400,번영로,원동IC남측,원동IC동측,47.37,0.0
2026-08-02T19:00:00,1380005000,반송로,석대사거리,동천교동측,31.5,0.0
2026-08-02T19:00:00,1400001500,반송로,동천교서측,동천교동측,21.5,0.0
2026-08-02T19:00:00,1380004900,반송로,동천교동측,석대사거리,15.92,0.0
2026-08-02T19:00:00,1380005203,반송로,석대동604,석대사거리,7.83,0.0
2026-08-02T19:00:00,1380087700,수영강변대로,석대고가교남측,석대사거리,34.5,0.0
2026-08-02T19:00:00,1380005102,반송로,석대사거리,석대동604,24.0,0.0
2026-08-02T19:00:00,1380005202,반송로,반여농산물시장역,석대동604,21.84,0.0
2026-08-02T19:00:00,1380005103,반송로,석대동604,반여농산물시장역,27.08,0.0
2026-08-02T19:00:00,1380005602,반송로,세양물류CY,반여농산물시장역,27.25,0.0
2026-08-02T19:00:00,1380087302,선수촌로,반여동1502-48,반여농산물시장역,12.0,0.0
2026-08-02T19:00:00,1380010300,해운대해변로,부산해양경찰서운촌출장소,동백사거리,7.33,0.0
2026-08-02T19:00:00,1380008500,동백로,웨스틴조선호텔,동백사거리,11.42,0.0
2026-08-02T19:00:00,1380011202,해운대해변로,우동761-21,동백사거리,8.33,0.0
2026-08-02T19:00:00,1380011402,동백로,우동759-1,동백사거리,5.33,0.0
2026-08-02T19:00:00,1380015800,해운대로,운촌삼거리,운촌삼거리,22.92,0.0
2026-08-02T19:00:00,1380016000,동백길,동백역,운촌삼거리,40.33,0.0
2026-08-02T19:00:00,1380014700,동백로,해운대동백두산위브더제니스아파,운촌삼거리,10.34,0.0
2026-08-02T19:00:00,1380015200,구남로,비지에이치코리아해운대지점,스타벅스해운대점,6.25,0.0
2026-08-02T19:00:00,1380013900,해운대해변로,해운대해수욕장삼거리,스타벅스해운대점,25.09,0.0
2026-08-02T19:00:00,1380015000,해운대해변로,노보텔앞삼거리,스타벅스해운대점,8.08,0.0
2026-08-02T19:00:00,1380015100,구남로,스타벅스해운대점,비지에이치코리아해운대지점,8.42,0.0
2026-08-02T19:00:00,1380014500,해운대해변로265번길,해운대해수욕장삼거리,비지에이치코리아해운대지점,9.75,0.0
2026-08-02T19:00:00,1380019000,구남로,RERTI,비지에이치코리아해운대지점,8.42,0.0
2026-08-02T19:00:00,1380016400,달맞이길,미포교차로,까사오로,23.0,0.0
2026-08-02T19:00:00,1380016600,달맞이길,비비비당,까사오로,26.0,0.0
2026-08-02T19:00:00,1380015700,해운대로,운촌삼거리,운촌삼거리,6.0,0.0
2026-08-02T19:00:00,1380017800,해운대로,동백역,운촌삼거리,31.37,154.0
2026-08-02T19:00:00,1380017602,해운대로,우동852-1,운촌삼거리,22.57,534.0
2026-08-02T19:00:00,1380017700,해운대로,운촌삼거리,동백역,24.13,381.0
2026-08-02T19:00:00,1380022404,해운대로,우동961-5,동백역,32.66,154.0
2026-08-02T19:00:00,1380005506,반송로,석대동590,석대동152-4,43.42,0.0
2026-08-02T19:00:00,1380005603,반송로,반송1호교교차로,석대동152-4,30.42,0.0
2026-08-02T19:00:00,1380005501,반송로,반여농산물시장역,세양물류CY,21.34,0.0
2026-08-02T19:00:00,1380005606,반송로,석대동590,세양물류CY,45.17,0.0
2026-08-02T19:00:00,1380121000,석대로,해운대구-금정구,세양물류CY,46.0,0.0
2026-08-02T19:00:00,1380005605,반송로,석대동152-4,석대동590,52.83,0.0
2026-08-02T19:00:00,1380005505,반송로,세양물류CY,석대동590,45.67,0.0
2026-08-02T19:00:00,1380005504,반송로,석대동152-4,반송1호교교차로,30.17,0.0
2026-08-02T19:00:00,1380006000,반송로,동부산전문대학앞교차로,반송1호교교차로,39.58,0.0
2026-08-02T19:00:00,1380089100,아랫반송로,반송도서관앞교차로,반송1호교교차로,10.5,0.0
2026-08-02T19:00:00,1380010400,해운대해변로,동백사거리,부산해양경찰서운촌출장소,24.5,0.0
2026-08-02T19:00:00,1380009300,마린시티1로,탐앤탐스해운대마린시티점,부산해양경찰서운촌출장소,20.17,0.0
2026-08-02T19:00:00,1380010600,해운대해변로,경남은행해운대지점,부산해양경찰서운촌출장소,17.08,0.0
2026-08-02T19:00:00,1400003734,번영로,대영인터내셔널,금사락,75.15,1445.0
2026-08-02T19:00:00,1400002000,번영로,금사고가교북측,금사락,76.75,15.0
2026-08-02T19:00:00,1380005900,반송로,반송1호교교차로,동부산전문대학앞교차로,38.08,0.0
2026-08-02T19:00:00,1380006202,반송로,반송2호교,동부산전문대학앞교차로,37.0,0.0
2026-08-02T19:00:00,1380089500,아랫반송로21번길,동래농협반송지점,동부산전문대학앞교차로,22.75,0.0
2026-08-02T19:00:00,1380006102,반송로,동부산전문대학앞교차로,반송2호교,28.17,0.0
2026-08-02T19:00:00,1380006201,반송로,반송2호교교차로,반송2호교,29.33,0.0
2026-08-02T19:00:00,1380006101,반송로,반송2호교,반송2호교교차로,33.5,0.0
2026-08-02T19:00:00,1380006303,반송로,동부산대학역(부산4호선),반송2호교교차로,30.92,0.0
2026-08-02T19:00:00,1380006403,반송로,동부산대학역(부산4호선),목자교회,33.09,0.0
2026-08-02T19:00:00,1450002600,반송로,운봉삼거리,목자교회,37.67,0.0
2026-08-02T19:00:00,1380006402,반송로,반송2호교교차로,동부산대학역(부산4호선),31.0,0.0
2026-08-02T19:00:00,1380006302,반송로,목자교회,동부산대학역(부산4호선),48.34,0.0
2026-08-02T19:00:00,1380006800,마린시티1로,부산영화의거리,탐앤탐스해운대마린시티점,15.75,0.0
2026-08-02T19:00:00,1380007000,마린시티1로,윤앤정,탐앤탐스해운대마린시티점,18.17,0.0
2026-08-02T19:00:00,1380007200,마린시티3로,윤앤정,탐앤탐스해운대마린시티점,15.58,0.0
2026-08-02T19:00:00,1380006700,마린시티1로,탐앤탐스해운대마린시티점,부산영화의거리,19.25,0.0
2026-08-02T19:00:00,1380007400,마린시티2로,테라로사해운대마린시티점,부산영화의거리,18.92,0.0
2026-08-02T19:00:00,1380007600,마린시티1로,파크하얏트부산호텔,부산영화의거리,25.5,0.0
2026-08-02T19:00:00,1380006900,마린시티1로,탐앤탐스해운대마린시티점,윤앤정,19.58,0.0
2026-08-02T19:00:00,1380007800,-,윤앤정,윤앤정,17.25,0.0
2026-08-02T19:00:00,1380008000,마린시티1로,탐앤탐스해운대마린시티점,윤앤정,13.67,0.0
2026-08-02T19:00:00,1380007100,마린시티3로,탐앤탐스해운대마린시티점,윤앤정,8.83,0.0
2026-08-02T19:00:00,1380007700,-,윤앤정,윤앤정,7.75,0.0
2026-08-02T19:00:00,1380008200,-,테라로사해운대마린시티점,윤앤정,13.08,0.0
2026-08-02T19:00:00,1380008400,마린시티3로,부산은행마린시티영업소,윤앤정,20.25,0.0
2026-08-02T19:00:00,1380007300,마린시티2로,부산영화의거리,테라로사해운대마린시티점,15.08,0.0
2026-08-02T19:00:00,1380008100,-,윤앤정,테라로사해운대마린시티점,13.5,0.0
2026-08-02T19:00:00,1380009000,마린시티2로,네일샵,테라로사해운대마린시티점,12.84,0.0
2026-08-02T19:00:00,1380007500,마린시티1로,부산영화의거리,파크하얏트부산호텔,27.92,0.0
2026-08-02T19:00:00,1380009800,마린시티1로,마린시티자이아파트,파크하얏트부산호텔,25.25,0.0
2026-08-02T19:00:00,1380009400,마린시티1로,부산해양경찰서운촌출장소,탐앤탐스해운대마린시티점,13.17,0.0
2026-08-02T19:00:00,1380007900,마린시티1로,윤앤정,탐앤탐스해운대마린시티점,26.59,0.0
2026-08-02T19:00:00,1380009200,-,부산은행마린시티영업소,탐앤탐스해운대마린시티점,16.5,0.0
2026-08-02T19:00:00,1380009600,-,경남은행해운대지점,탐앤탐스해운대마린시티점,25.67,0.0
2026-08-02T19:00:00,1380008300,마린시티3로,윤앤정,부산은행마린시티영업소,12.75,0.0
2026-08-02T19:00:00,1380009100,-,탐앤탐스해운대마린시티점,부산은행마린시티영업소,11.08,0.0
2026-08-02T19:00:00,1380010000,-,네일샵,부산은행마린시티영업소,14.75,0.0
2026-08-02T19:00:00,1380010200,마린시티3로,해운대하나로교회,부산은행마린시티영업소,14.17,0.0
2026-08-02T19:00:00,1380008600,동백로,동백사거리,웨스틴조선호텔,21.0,0.0
2026-08-02T19:00:00,1380008900,마린시티2로,테라로사해운대마린시티점,네일샵,12.83,0.0
2026-08-02T19:00:00,1380009900,-,부산은행마린시티영업소,네일샵,13.58,0.0
2026-08-02T19:00:00,1380010800,수영만1길,마린시티자이아파트,네일샵,9.5,0.0
2026-08-02T19:00:00,1380011000,마린시티2로,우리은행마린시티지점,네일샵,9.42,0.0
2026-08-02T19:00:00,1380010500,해운대해변로,부산해양경찰서운촌출장소,경남은행해운대지점,17.84,0.0
2026-08-02T19:00:00,1380009500,-,탐앤탐스해운대마린시티점,경남은행해운대지점,7.5,0.0
2026-08-02T19:00:00,1380011800,해운대해변로,해운대하나로교회,경남은행해운대지점,23.42,0.0
2026-08-02T19:00:00,1380012000,-,해운대동백두산위브더제니스아파,경남은행해운대지점,10.58,0.0
2026-08-02T19:00:00,1380009700,마린시티1로,파크하얏트부산호텔,마린시티자이아파트,23.67,0.0
2026-08-02T19:00:00,1380010700,수영만1길,네일샵,마린시티자이아파트,19.67,0.0
2026-08-02T19:00:00,1380011600,마린시티1로,우3동주민센터,마린시티자이아파트,22.5,0.0
2026-08-02T19:00:00,1380010100,마린시티3로,부산은행마린시티영업소,해운대하나로교회,12.92,0.0
2026-08-02T19:00:00,1380011700,해운대해변로,경남은행해운대지점,해운대하나로교회,29.92,0.0
2026-08-02T19:00:00,1380012600,해운대해변로,우리은행마린시티지점,해운대하나로교회,25.25,0.0
2026-08-02T19:00:00,1380012800,-,부산여성미술협회,해운대하나로교회,17.5,0.0
2026-08-02T19:00:00,1380010900,마린시티2로,네일샵,우리은행마린시티지점,10.0,0.0
2026-08-02T19:00:00,1380012500,해운대해변로,해운대하나로교회,우리은행마린시티지점,21.08,0.0
2026-08-02T19:00:00,1380013400,해운대해변로,우3동주민센터,우리은행마린시티지점,25.66,1737.0
2026-08-02T19:00:00,1380013600,해운대해변로,부산여성미술협회,우리은행마린시티지점,14.84,0.0
2026-08-02T19:00:00,1380011101,해운대해변로,동백사거리,우동761-21,12.42,0.0
2026-08-02T19:00:00,1380011204,해운대해변로,우동1151-15,우동761-21,12.67,0.0
2026-08-02T19:00:00,1380011103,해운대해변로,우동761-21,우동1151-15,7.42,0.0
2026-08-02T19:00:00,1380011203,해운대해변로,해운대그랜드호텔웨딩,우동1151-15,16.42,0.0
2026-08-02T19:00:00,1380011104,해운대해변로,우동1151-15,해운대그랜드호텔웨딩,11.33,0.0
2026-08-02T19:00:00,1380012202,해운대해변로,우동630-5,해운대그랜드호텔웨딩,14.58,0.0
2026-08-02T19:00:00,1380011301,동백로,동백사거리,우동759-1,20.58,0.0
2026-08-02T19:00:00,1380011401,동백로,해운대동백두산위브더제니스아파,우동759-1,11.42,0.0
2026-08-02T19:00:00,1380014800,동백로,운촌삼거리,해운대동백두산위브더제니스아파,33.25,0.0
2026-08-02T19:00:00,1380011900,-,경남은행해운대지점,해운대동백두산위브더제니스아파,15.67,0.0
2026-08-02T19:00:00,1380011302,동백로,우동759-1,해운대동백두산위브더제니스아파,20.5,0.0
2026-08-02T19:00:00,1380011500,마린시티1로,마린시티자이아파트,우3동주민센터,11.67,0.0
2026-08-02T19:00:00,1380013300,해운대해변로,우리은행마린시티지점,우3동주민센터,33.01,2215.0
2026-08-02T19:00:00,1380016200,해운대해변로,한국해양소년단부산연맹,우3동주민센터,32.13,921.0
2026-08-02T19:00:00,1380012101,해운대해변로,해운대그랜드호텔웨딩,우동630-5,13.0,0.0
2026-08-02T19:00:00,1380012201,해운대해변로,해운대해수욕장삼거리,우동630-5,14.58,0.0
2026-08-02T19:00:00,1380014000,해운대해변로,스타벅스해운대점,해운대해수욕장삼거리,14.83,0.0
2026-08-02T19:00:00,1380012102,해운대해변로,우동630-5,해운대해수욕장삼거리,15.75,0.0
2026-08-02T19:00:00,1380013800,해운대로570번길,해운대해수욕장삼거리,해운대해수욕장삼거리,8.34,0.0
2026-08-02T19:00:00,1380019800,해운대해변로,해운대온천사거리,해운대온천사거리,4.83,0.0
2026-08-02T19:00:00,1380020000,중동1로,중동1372-3,해운대온천사거리,6.33,0.0
2026-08-02T19:00:00,1380017900,해운대해변로,노보텔앞삼거리,해운대온천사거리,22.33,0.0
2026-08-02T19:00:00,1380016800,해운대로570번길,부산기계공고삼거리,해운대비지니스호텔지티,18.75,0.0
2026-08-02T19:00:00,1380017000,해운대로594번길,해운대부민병원,해운대비지니스호텔지티,19.42,0.0
2026-08-02T19:00:00,1380012700,-,해운대하나로교회,부산여성미술협회,27.42,0.0
2026-08-02T19:00:00,1380013500,해운대해변로,우리은행마린시티지점,부산여성미술협회,21.92,0.0
2026-08-02T19:00:00,1380018300,해운대해변로,한국해양소년단부산연맹,부산여성미술협회,24.42,0.0
2026-08-02T19:00:00,1380013700,해운대로570번길,해운대해수욕장삼거리,해운대해수욕장삼거리,14.42,0.0
2026-08-02T19:00:00,1380016100,해운대해변로,우3동주민센터,한국해양소년단부산연맹,30.85,989.0
2026-08-02T19:00:00,1380018400,해운대해변로,부산여성미술협회,한국해양소년단부산연맹,17.75,0.0
2026-08-02T19:00:00,1380018600,해운대해변로,요트장삼거리,한국해양소년단부산연맹,25.75,0.0
2026-08-02T19:00:00,1380016300,달맞이길,까사오로,미포교차로,5.5,0.0
2026-08-02T19:00:00,1380020100,달맞이길,금향교회,미포교차로,13.25,0.0
2026-08-02T19:00:00,1380020800,좌동순환로,최장호갤러리,미포교차로,5.42,0.0
2026-08-02T19:00:00,1380021000,좌동순환로,스타벅스해운대달맞이DT점,미포교차로,23.33,0.0
2026-08-02T19:00:00,1380016500,달맞이길,까사오로,비비비당,23.25,0.0
2026-08-02T19:00:00,1380023800,달맞이길,갤러리대화,비비비당,26.67,0.0
2026-08-02T19:00:00,1380016700,해운대로570번길,해운대비지니스호텔지티,부산기계공고삼거리,7.5,0.0
2026-08-02T19:00:00,1380018800,해운대로,해운대부민병원,부산기계공고삼거리,19.49,857.0
2026-08-02T19:00:00,1380017502,해운대로,우동852-1,부산기계공고삼거리,23.45,983.0
2026-08-02T19:00:00,1380016900,해운대로594번길,해운대비지니스호텔지티,해운대부민병원,11.34,0.0
2026-08-02T19:00:00,1380018700,해운대로,부산기계공고삼거리,해운대부민병원,27.08,733.0
2026-08-02T19:00:00,1380025000,해운대로,해운대역,해운대부민병원,14.61,534.0
2026-08-02T19:00:00,1380024800,우동1로,꿈사랑어린이집,해운대부민병원,13.25,0.0
2026-08-02T19:00:00,1380017501,해운대로,운촌삼거리,우동852-1,20.42,458.0
2026-08-02T19:00:00,1380017601,해운대로,부산기계공고삼거리,우동852-1,22.94,661.0
2026-08-02T19:00:00,1380018500,해운대해변로,한국해양소년단부산연맹,요트장삼거리,21.25,0.0
2026-08-02T19:00:00,1380026002,해운대해변로,우동1428,요트장삼거리,12.5,0.0
2026-08-02T19:00:00,1380026202,해운대로452번길,우동1002-2,요트장삼거리,13.58,0.0
2026-08-02T19:00:00,1380025600,해운대해변로,커피콩,해운대온천사거리,7.17,0.0
2026-08-02T19:00:00,1380019700,해운대해변로,해운대온천사거리,해운대온천사거리,12.17,0.0
2026-08-02T19:00:00,1380025400,중동2로,해운대온천사거리,해운대온천사거리,21.0,0.0
2026-08-02T19:00:00,1380025800,해운대해변로,해운대경남아너스빌아파트,해운대온천사거리,10.08,0.0
2026-08-02T19:00:00,1380025100,달맞이길,경찰공제회해운대리조텔,해운대온천사거리,11.17,0.0
2026-08-02T19:00:00,1380019900,중동1로,해운대온천사거리,중동1372-3,8.17,0.0
2026-08-02T19:00:00,1380026600,중동1로,해운대청어귀삼거리,중동1372-3,9.83,0.0
2026-08-02T19:00:00,1380020200,달맞이길,미포교차로,금향교회,24.75,0.0
2026-08-02T19:00:00,1380020400,-,스타벅스해운대달맞이DT점,금향교회,15.0,0.0
2026-08-02T19:00:00,1380020600,달맞이길,바나나롱갤러리,금향교회,20.25,0.0
2026-08-02T19:00:00,1380020300,-,금향교회,스타벅스해운대달맞이DT점,23.83,0.0
2026-08-02T19:00:00,1380022000,-,스타벅스해운대달맞이DT점,스타벅스해운대달맞이DT점,18.5,0.0
2026-08-02T19:00:00,1380022200,-,대광명사,스타벅스해운대달맞이DT점,14.58,0.0
2026-08-02T19:00:00,1380020500,달맞이길,금향교회,바나나롱갤러리,15.58,0.0
2026-08-02T19:00:00,1380023200,-,강성원우유부산1대리점,바나나롱갤러리,9.67,0.0
2026-08-02T19:00:00,1380124301,달맞이길,바나나롱갤러리,바나나롱갤러리,17.25,0.0
2026-08-02T19:00:00,1380020700,좌동순환로,미포교차로,최장호갤러리,30.59,0.0
2026-08-02T19:00:00,1380021200,좌동순환로,장산불교용품점,최장호갤러리,17.75,0.0
2026-08-02T19:00:00,1380020900,좌동순환로,미포교차로,스타벅스해운대달맞이DT점,20.25,0.0
2026-08-02T19:00:00,1380021900,-,스타벅스해운대달맞이DT점,스타벅스해운대달맞이DT점,14.92,0.0
2026-08-02T19:00:00,1380024200,좌동순환로,탐앤탐스정관신도시점,스타벅스해운대달맞이DT점,24.67,0.0
2026-08-02T19:00:00,1380021100,좌동순환로,최장호갤러리,장산불교용품점,34.0,0.0
2026-08-02T19:00:00,1380022600,좌동순환로,해운대이웃교회,장산불교용품점,24.42,0.0
2026-08-02T19:00:00,1380019100,좌동순환로433번길,삼안캐슬어린이집,장산불교용품점,11.67,0.0
2026-08-02T19:00:00,1380022700,좌동순환로446번길,해운대이웃교회,장산불교용품점,23.92,0.0
2026-08-02T19:00:00,1380023600,-,탐앤탐스정관신도시점,장산불교용품점,19.67,0.0
2026-08-02T19:00:00,1380018900,구남로,비지에이치코리아해운대지점,RERTI,12.83,0.0
2026-08-02T19:00:00,1380021600,구남로29번길,해운대청어귀삼거리,RERTI,8.08,0.0
2026-08-02T19:00:00,1380021800,구남로,해운대역,RERTI,10.17,0.0
2026-08-02T19:00:00,1380026500,중동1로,중동1372-3,해운대청어귀삼거리,8.09,0.0
2026-08-02T19:00:00,1380029200,중동1로,할배치즈케이크해운대점,해운대청어귀삼거리,12.25,0.0
2026-08-02T19:00:00,1380024900,해운대로,해운대부민병원,해운대역,24.59,458.0
2026-08-02T19:00:00,1380021700,구남로,RERTI,해운대역,11.67,0.0
2026-08-02T19:00:00,1380031800,해운대로,해운대구청어귀삼거리,해운대역,17.97,116.0
2026-08-02T19:00:00,1380022100,-,스타벅스해운대달맞이DT점,대광명사,3.5,0.0
2026-08-02T19:00:00,1380024300,-,강성원우유부산1대리점,대광명사,17.33,0.0
2026-08-02T19:00:00,1380026800,-,탐앤탐스정관신도시점,대광명사,19.17,0.0
2026-08-02T19:00:00,1380027000,-,포포메,대광명사,6.83,0.0
2026-08-02T19:00:00,1380022304,해운대로,우동961-5,우동961-5,29.26,381.0
2026-08-02T19:00:00,1380022401,해운대로,승당삼거리,우동961-5,27.29,154.0
2026-08-02T19:00:00,1380022303,해운대로,동백역,우동961-5,24.09,381.0
2026-08-02T19:00:00,1380022403,해운대로,우동961-5,우동961-5,33.2,154.0
2026-08-02T19:00:00,1380022302,해운대로,우동961-5,승당삼거리,21.59,381.0
2026-08-02T19:00:00,1380026102,해운대로452번길,우동1002-2,승당삼거리,11.0,0.0
2026-08-02T19:00:00,1380033602,해운대로,우동1081-2,승당삼거리,30.16,154.0
2026-08-02T19:00:00,1380022500,좌동순환로,장산불교용품점,해운대이웃교회,22.42,0.0
2026-08-02T19:00:00,1380023002,좌동순환로,중동1782,해운대이웃교회,30.42,0.0
2026-08-02T19:00:00,1380022901,좌동순환로,해운대이웃교회,중동1782,28.25,0.0
2026-08-02T19:00:00,1380023001,좌동순환로,마마몬테소리어린이집,중동1782,17.17,0.0
2026-08-02T19:00:00,1380022902,좌동순환로,중동1782,마마몬테소리어린이집,31.83,0.0
2026-08-02T19:00:00,1380027200,좌동순환로,해운대선거관리위원회,마마몬테소리어린이집,28.92,0.0
2026-08-02T19:00:00,1380027400,좌동순환로402번길,현대온누리어린이집,마마몬테소리어린이집,20.92,0.0
2026-08-02T19:00:00,1380023100,-,바나나롱갤러리,강성원우유부산1대리점,19.5,0.0
2026-08-02T19:00:00,1380024400,-,대광명사,강성원우유부산1대리점,13.25,0.0
2026-08-02T19:00:00,1380024600,-,강성원우유부산1대리점,강성원우유부산1대리점,14.67,0.0
2026-08-02T19:00:00,1380023500,-,장산불교용품점,탐앤탐스정관신도시점,28.92,0.0
2026-08-02T19:00:00,1380028100,좌동순환로,탐앤탐스정관신도시점,탐앤탐스정관신도시점,20.17,0.0
2026-08-02T19:00:00,1380029000,좌동순환로,포포메,탐앤탐스정관신도시점,21.84,0.0
2026-08-02T19:00:00,1380023700,달맞이길,비비비당,갤러리대화,23.17,0.0
2026-08-02T19:00:00,1380032800,달맞이길,청사포입구,갤러리대화,27.92,0.0
2026-08-02T19:00:00,1380033000,-,현우산호맨션,갤러리대화,20.75,0.0
2026-08-02T19:00:00,1380036300,좌동순환로357번길,현우산호맨션,광남캐스빌,27.58,0.0
2026-08-02T19:00:00,1380037000,좌동순환로357번길,청사포입구삼거리,광남캐스빌,26.34,0.0
2026-08-02T19:00:00,1380024100,좌동순환로,스타벅스해운대달맞이DT점,탐앤탐스정관신도시점,14.92,0.0
2026-08-02T19:00:00,1380026700,-,대광명사,탐앤탐스정관신도시점,8.08,0.0
2026-08-02T19:00:00,1380028200,좌동순환로,탐앤탐스정관신도시점,탐앤탐스정관신도시점,19.25,0.0
2026-08-02T19:00:00,1380024500,-,강성원우유부산1대리점,강성원우유부산1대리점,15.0,0.0
2026-08-02T19:00:00,1380029400,-,포포메,강성원우유부산1대리점,13.33,0.0
2026-08-02T19:00:00,1380029600,-,코스모시티오피스텔,강성원우유부산1대리점,19.17,0.0
2026-08-02T19:00:00,1380024700,우동1로,해운대부민병원,꿈사랑어린이집,22.5,0.0
2026-08-02T19:00:00,1380030000,우동1로20번길,해운대시외버스터미널,꿈사랑어린이집,16.42,0.0
2026-08-02T19:00:00,1380030200,우동1로,해운대예수중심교회,꿈사랑어린이집,25.0,0.0
2026-08-02T19:00:00,1380027800,중동2로,우리은행해운대중앙지점,해운대온천사거리,8.0,0.0
2026-08-02T19:00:00,1380027600,해운대해변로,커피콩,해운대온천사거리,4.5,0.0
2026-08-02T19:00:00,1380025300,중동2로,해운대온천사거리,해운대온천사거리,11.25,0.0
2026-08-02T19:00:00,1380025901,해운대해변로,요트장삼거리,우동1428,27.5,0.0
2026-08-02T19:00:00,1380026004,해운대해변로,우동1428,우동1428,14.25,0.0
2026-08-02T19:00:00,1380025903,해운대해변로,우동1428,우동1428,24.59,0.0
2026-08-02T19:00:00,1380026003,해운대해변로,우동항삼거리,우동1428,27.33,650.0
2026-08-02T19:00:00,1380025904,해운대해변로,우동1428,우동항삼거리,31.23,1510.0
2026-08-02T19:00:00,1380028400,수영강변대로,우동천삼거리,우동항삼거리,14.59,0.0
2026-08-02T19:00:00,1430019100,광남로,수영2호교서측,우동항삼거리,36.49,1578.0
2026-08-02T19:00:00,1380026101,해운대로452번길,요트장삼거리,우동1002-2,23.58,0.0
2026-08-02T19:00:00,1380026201,해운대로452번길,승당삼거리,우동1002-2,15.17,0.0
2026-08-02T19:00:00,1380026900,-,대광명사,포포메,12.67,0.0
2026-08-02T19:00:00,1380029300,-,강성원우유부산1대리점,포포메,12.5,0.0
2026-08-02T19:00:00,1380030400,-,포포메,포포메,17.17,0.0
2026-08-02T19:00:00,1380027100,좌동순환로,마마몬테소리어린이집,해운대선거관리위원회,36.92,0.0
2026-08-02T19:00:00,1380028000,좌동순환로,중2동교차로,해운대선거관리위원회,25.75,0.0
2026-08-02T19:00:00,1380019300,좌동순환로433번길,삼안캐슬어린이집,해운대선거관리위원회,17.84,0.0
2026-08-02T19:00:00,1380027300,좌동순환로402번길,마마몬테소리어린이집,현대온누리어린이집,10.92,0.0
2026-08-02T19:00:00,1380033200,양운로37번길,대한예수교회소,현대온누리어린이집,13.42,0.0
2026-08-02T19:00:00,1380033400,좌동순환로402번길,푸른유치원,현대온누리어린이집,11.75,0.0
2026-08-02T19:00:00,1380027900,좌동순환로,해운대선거관리위원회,중2동교차로,29.5,0.0
2026-08-02T19:00:00,1380035600,양운로,푸른유치원,중2동교차로,16.75,0.0
2026-08-02T19:00:00,1380035800,좌동순환로,신곡중학교앞교차로,중2동교차로,21.92,0.0
2026-08-02T19:00:00,1380035400,좌동순환로357번길,청사포입구삼거리,중2동교차로,11.59,0.0
2026-08-02T19:00:00,1380028300,수영강변대로,우동항삼거리,우동천삼거리,9.42,0.0
2026-08-02T19:00:00,1380030800,해운대로394번길,벡스코TG,우동천삼거리,17.0,0.0
2026-08-02T19:00:00,1380031000,수영강변대로,올림픽동산삼거리,우동천삼거리,18.17,0.0
2026-08-02T19:00:00,1380028700,중동2로,우리은행해운대중앙지점,백운사,12.5,0.0
2026-08-02T19:00:00,1380031100,중동1로19번길,할배치즈케이크해운대점,백운사,6.33,0.0
2026-08-02T19:00:00,1380028900,좌동순환로,탐앤탐스정관신도시점,포포메,18.58,0.0
2026-08-02T19:00:00,1380030300,-,포포메,포포메,4.83,0.0
2026-08-02T19:00:00,1380031600,좌동순환로,중동사거리,포포메,22.5,0.0
2026-08-02T19:00:00,1380029100,중동1로,해운대청어귀삼거리,할배치즈케이크해운대점,12.84,0.0
2026-08-02T19:00:00,1380031200,중동1로19번길,백운사,할배치즈케이크해운대점,16.92,0.0
2026-08-02T19:00:00,1380031400,중동1로,해운대구청어귀삼거리,할배치즈케이크해운대점,11.92,0.0
2026-08-02T19:00:00,1380029500,-,강성원우유부산1대리점,코스모시티오피스텔,16.92,0.0
2026-08-02T19:00:00,1380032200,해운대해변로,중동사거리,코스모시티오피스텔,13.34,0.0
2026-08-02T19:00:00,1380030502,해운대해변로,중동1772,코스모시티오피스텔,22.33,0.0
2026-08-02T19:00:00,1380034200,-,청사포입구,청사포입구교차로,17.83,0.0
2026-08-02T19:00:00,1380034400,좌동순환로357번길,현우산호맨션,청사포입구교차로,21.0,0.0
2026-08-02T19:00:00,1380034600,청사포로,신곡중학교앞교차로,청사포입구교차로,24.17,0.0
2026-08-02T19:00:00,1380029900,우동1로20번길,꿈사랑어린이집,해운대시외버스터미널,13.75,0.0
2026-08-02T19:00:00,1380038200,우동1로20번길,해운대감리교회,해운대시외버스터미널,20.08,0.0
2026-08-02T19:00:00,1380038400,우동1로20번가길,펭카롱,해운대시외버스터미널,13.17,0.0
2026-08-02T19:00:00,1380030100,우동1로,꿈사랑어린이집,해운대예수중심교회,20.08,0.0
2026-08-02T19:00:00,1380039600,우동1로38번길,펭카롱,해운대예수중심교회,14.75,0.0
2026-08-02T19:00:00,1380039800,우동1로,남부특판,해운대예수중심교회,21.83,0.0
2026-08-02T19:00:00,1380030700,해운대로394번길,우동천삼거리,벡스코TG,33.42,0.0
2026-08-02T19:00:00,1380036000,해운대로394번길,벡스코TG,벡스코TG,45.84,0.0
2026-08-02T19:00:00,1380030900,수영강변대로,우동천삼거리,올림픽동산삼거리,20.0,0.0
2026-08-02T19:00:00,1380036600,수영강변대로,WBC더팰리스,올림픽동산삼거리,16.67,0.0
2026-08-02T19:00:00,1380036802,APEC로,우동1291-33,올림픽동산삼거리,11.34,0.0
2026-08-02T19:00:00,1380031700,해운대로,해운대역,해운대구청어귀삼거리,16.15,120.0
2026-08-02T19:00:00,1380031300,중동1로,할배치즈케이크해운대점,해운대구청어귀삼거리,9.33,0.0
2026-08-02T19:00:00,1380034000,해운대로,해운대시외버스터미널,해운대구청어귀삼거리,12.56,116.0
2026-08-02T19:00:00,1380031500,좌동순환로,포포메,중동사거리,13.09,0.0
2026-08-02T19:00:00,1380032100,해운대해변로,코스모시티오피스텔,중동사거리,15.33,0.0
2026-08-02T19:00:00,1380035000,좌동순환로,중동역5번출구,중동사거리,7.92,0.0
2026-08-02T19:00:00,1380034800,해운대해변로,해운대경남아너스빌아파트,중동사거리,9.42,0.0
2026-08-02T19:00:00,1380037100,해운대로,해운대시외버스터미널,LP해운대점,20.86,120.0
2026-08-02T19:00:00,1380040400,해운대로,중동지하차도,LP해운대점,14.02,116.0
2026-08-02T19:00:00,1380032700,달맞이길,갤러리대화,청사포입구,26.83,0.0
2026-08-02T19:00:00,1380034100,-,청사포입구교차로,청사포입구,16.25,0.0
2026-08-02T19:00:00,1380035200,달맞이길,달맞이교,청사포입구,36.42,0.0
2026-08-02T19:00:00,1380032900,-,갤러리대화,현우산호맨션,22.33,0.0
2026-08-02T19:00:00,1380036400,좌동순환로357번길,광남캐스빌,현우산호맨션,27.0,0.0
2026-08-02T19:00:00,1380034300,좌동순환로357번길,청사포입구교차로,현우산호맨션,21.75,0.0
2026-08-02T19:00:00,1380033100,양운로37번길,현대온누리어린이집,대한예수교회소,20.59,0.0
2026-08-02T19:00:00,1380038000,양운로37번길,좌2치안센터,대한예수교회소,26.67,0.0
2026-08-02T19:00:00,1380033300,좌동순환로402번길,현대온누리어린이집,푸른유치원,16.67,0.0
2026-08-02T19:00:00,1380035500,양운로,중2동교차로,푸른유치원,25.25,0.0
2026-08-02T19:00:00,1380038600,양운로,13호어린이공원앞교차로,푸른유치원,19.17,0.0
2026-08-02T19:00:00,1380033601,해운대로,올림픽교차로,우동1081-2,26.54,154.0
2026-08-02T19:00:00,1380033501,해운대로,승당삼거리,우동1081-2,20.01,381.0
2026-08-02T19:00:00,1380033800,광안대로,벡스코TG,광안대교우동TG,63.96,0.0
2026-08-02T19:00:00,1380120100,광안대로,광안대교분기점,광안대교우동TG,62.83,0.0
2026-08-02T19:00:00,1380033700,광안대로,광안대교우동TG,벡스코TG,61.38,0.0
2026-08-02T19:00:00,1380037800,해운대로394번길,해운대센텀미진이지비아아파트,벡스코TG,38.83,0.0
2026-08-02T19:00:00,1380037600,광안대로,벡스코TG,벡스코TG,63.08,0.0
2026-08-02T19:00:00,1380033900,해운대로,해운대구청어귀삼거리,해운대시외버스터미널,18.48,120.0
2026-08-02T19:00:00,1380037200,해운대로,LP해운대점,해운대시외버스터미널,13.1,116.0
2026-08-02T19:00:00,1380037400,우동2로,해운대감리교회,해운대시외버스터미널,7.25,0.0
2026-08-02T19:00:00,1380048800,해운대로394번길,올림픽교차로,해운대센텀미진이지비아아파트,26.83,0.0
2026-08-02T19:00:00,1380037700,해운대로394번길,벡스코TG,해운대센텀미진이지비아아파트,34.0,0.0
2026-08-02T19:00:00,1380035700,좌동순환로,중2동교차로,신곡중학교앞교차로,19.83,0.0
2026-08-02T19:00:00,1380034500,청사포로,청사포입구교차로,신곡중학교앞교차로,19.92,0.0
2026-08-02T19:00:00,1380047600,세실로,대우아이맘어린이집,신곡중학교앞교차로,12.67,0.0
2026-08-02T19:00:00,1380047800,좌동순환로,헬로우슬라임부산해운대점,신곡중학교앞교차로,22.42,0.0
2026-08-02T19:00:00,1380034900,좌동순환로,중동사거리,중동역5번출구,6.58,0.0
2026-08-02T19:00:00,1380039200,좌동순환로,중동역교차로,중동역5번출구,6.17,0.0
2026-08-02T19:00:00,1380039400,-,중동역1번출구,중동역5번출구,7.0,0.0
2026-08-02T19:00:00,1380077500,달맞이길,송정세양쉬에당파크아파트,달맞이교,36.5,0.0
2026-08-02T19:00:00,1380035100,달맞이길,청사포입구,달맞이교,35.75,0.0
2026-08-02T19:00:00,1380036900,좌동순환로357번길,광남캐스빌,청사포입구삼거리,24.5,0.0
2026-08-02T19:00:00,1380035300,좌동순환로357번길,중2동교차로,청사포입구삼거리,21.67,0.0
2026-08-02T19:00:00,1380043000,광안대로,용수사,벡스코TG,45.92,0.0
2026-08-02T19:00:00,1380035900,해운대로394번길,벡스코TG,벡스코TG,40.67,0.0
2026-08-02T19:00:00,1380037500,광안대로,벡스코TG,벡스코TG,66.59,0.0
2026-08-02T19:00:00,1380036500,수영강변대로,올림픽동산삼거리,WBC더팰리스,32.59,0.0
2026-08-02T19:00:00,1380040800,-,그랜드블랑,WBC더팰리스,12.75,0.0
2026-08-02T19:00:00,1380041000,수영강변대로,센텀시티교차로,WBC더팰리스,32.5,0.0
2026-08-02T19:00:00,1380036701,APEC로,올림픽동산삼거리,우동1291-33,29.0,0.0
2026-08-02T19:00:00,1380036804,APEC로,우동1291-33,우동1291-33,37.75,0.0
2026-08-02T19:00:00,1380036703,APEC로,우동1291-33,우동1291-33,23.0,0.0
2026-08-02T19:00:00,1380036803,APEC로,렉싱턴갤러리,우동1291-33,30.25,0.0
2026-08-02T19:00:00,1380044000,APEC로,올림픽교차로,렉싱턴갤러리,20.25,0.0
2026-08-02T19:00:00,1380036704,APEC로,우동1291-33,렉싱턴갤러리,16.5,0.0
2026-08-02T19:00:00,1380043800,센텀3로,웨딩앤마벨,렉싱턴갤러리,20.17,0.0
2026-08-02T19:00:00,1380038100,우동1로20번길,해운대시외버스터미널,해운대감리교회,17.25,0.0
2026-08-02T19:00:00,1380037300,우동2로,해운대시외버스터미널,해운대감리교회,14.67,0.0
2026-08-02T19:00:00,1380040600,우동2로,수협은행해운대지점,해운대감리교회,22.5,0.0
2026-08-02T19:00:00,1380037900,양운로37번길,대한예수교회소,좌2치안센터,25.58,0.0
2026-08-02T19:00:00,1380044200,양운로37번길,13호어린이공원앞교차로,좌2치안센터,26.17,0.0
2026-08-02T19:00:00,1380044400,해운대로774번길,주부산몽골영사관,좌2치안센터,27.5,0.0
2026-08-02T19:00:00,1380038300,우동1로20번가길,해운대시외버스터미널,펭카롱,13.92,0.0
2026-08-02T19:00:00,1380039500,우동1로38번길,해운대예수중심교회,펭카롱,12.75,0.0
2026-08-02T19:00:00,1380041200,우동1로20번가길,수협은행해운대지점,펭카롱,22.75,0.0
2026-08-02T19:00:00,1380038500,양운로,푸른유치원,13호어린이공원앞교차로,23.08,0.0
2026-08-02T19:00:00,1380044100,양운로37번길,좌2치안센터,13호어린이공원앞교차로,12.75,0.0
2026-08-02T19:00:00,1380046800,양운3길,요거프레소장산역점,13호어린이공원앞교차로,17.83,0.0
2026-08-02T19:00:00,1380047002,양운로,좌동1488,13호어린이공원앞교차로,27.33,0.0
2026-08-02T19:00:00,1380025700,해운대해변로,해운대온천사거리,해운대경남아너스빌아파트,17.92,0.0
2026-08-02T19:00:00,1380034700,해운대해변로,중동사거리,해운대경남아너스빌아파트,35.25,0.0
2026-08-02T19:00:00,1380038800,해운대해변로,우리아이어린이집,해운대경남아너스빌아파트,22.17,0.0
2026-08-02T19:00:00,1380038700,해운대해변로,해운대경남아너스빌아파트,우리아이어린이집,42.33,0.0
2026-08-02T19:00:00,1380042600,-,오산공원옆교차로,우리아이어린이집,16.17,0.0
2026-08-02T19:00:00,1380042800,해운대해변로,해송교회,우리아이어린이집,17.58,0.0
2026-08-02T19:00:00,1380039100,좌동순환로,중동역5번출구,중동역교차로,5.58,0.0
2026-08-02T19:00:00,1380042200,좌동순환로,중동역교차로,중동역교차로,10.83,0.0
2026-08-02T19:00:00,1380039300,-,중동역5번출구,중동역1번출구,23.0,0.0
2026-08-02T19:00:00,1380044500,해운대로,중동역교차로,중동역1번출구,24.74,120.0
2026-08-02T19:00:00,1380045200,해운대로,오산공원옆교차로,중동역1번출구,15.6,116.0
2026-08-02T19:00:00,1380045400,-,중동역2번출구,중동역1번출구,22.08,0.0
2026-08-02T19:00:00,1380039700,우동1로,해운대예수중심교회,남부특판,22.92,0.0
2026-08-02T19:00:00,1380041600,우동1로,한끼의식사기금,남부특판,21.75,0.0
2026-08-02T19:00:00,1380040300,해운대로,LP해운대점,중동지하차도,22.15,120.0
2026-08-02T19:00:00,1380041802,해운대로,중동1783-2,중동지하차도,14.97,116.0
2026-08-02T19:00:00,1380042000,우동3로,금천미술관,중동지하차도,16.0,0.0
2026-08-02T19:00:00,1380040500,우동2로,해운대감리교회,수협은행해운대지점,19.42,0.0
2026-08-02T19:00:00,1380041100,우동1로20번가길,펭카롱,수협은행해운대지점,18.17,0.0
2026-08-02T19:00:00,1380041300,우동1로50번길,남부특판,수협은행해운대지점,16.0,0.0
2026-08-02T19:00:00,1380043600,우동1로20번가길,한끼의식사기금,수협은행해운대지점,17.92,0.0
2026-08-02T19:00:00,1380040700,-,WBC더팰리스,그랜드블랑,10.25,0.0
2026-08-02T19:00:00,1380043200,-,스타벅스센텀드림월드점,그랜드블랑,9.08,0.0
2026-08-02T19:00:00,1380043400,센텀1로,센텀시티역13번출구,그랜드블랑,7.0,0.0
2026-08-02T19:00:00,1380040900,수영강변대로,WBC더팰리스,센텀시티교차로,22.5,0.0
2026-08-02T19:00:00,1380048400,센텀남대로,센텀시티역13번출구,센텀시티교차로,4.5,0.0
2026-08-02T19:00:00,1380045500,수영로,수영1호교동측,센텀시티교차로,11.25,0.0
2026-08-02T19:00:00,1380048600,수영강변대로,무인양품신세계센텀시티몰점,센텀시티교차로,17.34,0.0
2026-08-02T19:00:00,1380041500,우동1로,남부특판,한끼의식사기금,24.67,0.0
2026-08-02T19:00:00,1380043500,우동1로20번가길,수협은행해운대지점,한끼의식사기금,10.5,0.0
2026-08-02T19:00:00,1380041701,해운대로,중동지하차도,중동1783-2,21.15,120.0
2026-08-02T19:00:00,1380041801,해운대로,중동지하차도서측,중동1783-2,24.9,102.0
2026-08-02T19:00:00,1380041702,해운대로,중동1783-2,중동지하차도서측,30.99,294.0
2026-08-02T19:00:00,1380042400,해운대로,중동역교차로,중동지하차도서측,26.35,341.0
2026-08-02T19:00:00,1380041900,우동3로,중동지하차도,금천미술관,16.58,0.0
2026-08-02T19:00:00,1380048000,우동3로,금천미술관,금천미술관,16.25,0.0
2026-08-02T19:00:00,1380048200,우동3로11번길,샘터교회,금천미술관,23.5,0.0
2026-08-02T19:00:00,1380042100,좌동순환로,중동역교차로,중동역교차로,7.17,0.0
2026-08-02T19:00:00,1380044600,해운대로,중동역1번출구,중동역교차로,13.31,116.0
2026-08-02T19:00:00,1380042300,해운대로,중동지하차도서측,중동역교차로,26.47,460.0
2026-08-02T19:00:00,1380044800,좌동로,중동역4번출구,중동역교차로,8.75,0.0
2026-08-02T19:00:00,1380045000,좌동순환로,중동역8번출구,중동역교차로,5.92,0.0
2026-08-02T19:00:00,1380042500,-,우리아이어린이집,오산공원옆교차로,2.0,0.0
2026-08-02T19:00:00,1380045100,해운대로,중동역1번출구,오산공원옆교차로,19.49,120.0
2026-08-02T19:00:00,1380046000,해운대로,해송교회,오산공원옆교차로,14.77,116.0
2026-08-02T19:00:00,1380046200,-,이디야커피중동역점,오산공원옆교차로,3.0,0.0
2026-08-02T19:00:00,1380046400,-,해송교회,오산공원옆교차로,5.58,0.0
2026-08-02T19:00:00,1380042700,해운대해변로,우리아이어린이집,해송교회,44.17,0.0
2026-08-02T19:00:00,1380045900,해운대로,오산공원옆교차로,해송교회,19.74,120.0
2026-08-02T19:00:00,1380046600,해운대로,예루살렘순복음교회,해송교회,24.18,116.0
2026-08-02T19:00:00,1380043100,-,그랜드블랑,스타벅스센텀드림월드점,12.42,0.0
2026-08-02T19:00:00,1380047200,-,웨딩앤마벨,스타벅스센텀드림월드점,12.33,0.0
2026-08-02T19:00:00,1380047400,센텀2로,센텀시티역7번출구,스타벅스센텀드림월드점,11.84,0.0
2026-08-02T19:00:00,1380043300,센텀1로,그랜드블랑,센텀시티역13번출구,7.75,0.0
2026-08-02T19:00:00,1380048300,센텀남대로,센텀시티교차로,센텀시티역13번출구,28.84,0.0
2026-08-02T19:00:00,1380052200,센텀남대로,센텀시티역7번출구,센텀시티역13번출구,21.08,0.0
2026-08-02T19:00:00,1380044700,좌동로,중동역교차로,중동역4번출구,23.67,0.0
2026-08-02T19:00:00,1380049900,좌동로10번길,중동역2번출구,중동역4번출구,10.25,0.0
2026-08-02T19:00:00,1380050402,좌동로,중동199-6,중동역4번출구,21.08,0.0
2026-08-02T19:00:00,1380044900,좌동순환로,중동역교차로,중동역8번출구,16.92,0.0
2026-08-02T19:00:00,1380049100,좌동순환로15번길,좌동경원프라우드빌아파트,중동역8번출구,17.0,0.0
2026-08-02T19:00:00,1380052000,좌동순환로,엔제리너스해운대신시가지,중동역8번출구,14.58,0.0
2026-08-02T19:00:00,1380051800,대천로,효성코오롱아파트,중동역8번출구,14.42,0.0
2026-08-02T19:00:00,1380045300,-,중동역1번출구,중동역2번출구,10.08,0.0
2026-08-02T19:00:00,1380050000,좌동로10번길,중동역4번출구,중동역2번출구,21.08,0.0
2026-08-02T19:00:00,1380049500,좌동로10번길,이디야커피중동역점,중동역2번출구,13.83,0.0
2026-08-02T19:00:00,1380045600,수영로,센텀시티교차로,수영1호교동측,31.5,0.0
2026-08-02T19:00:00,1430021300,수영로,민락교차로,수영1호교동측,27.0,0.0
2026-08-02T19:00:00,1380045800,광안대로,센텀시티지하차도북측,센텀시티지하차도남측,73.71,452.0
2026-08-02T19:00:00,1380120300,광안대로,광안대교분기점,센텀시티지하차도남측,76.29,0.0
2026-08-02T19:00:00,1370039900,효열로,소망감리교회,금창초등어린이집,9.0,0.0
2026-08-02T19:00:00,1370335001,효열로,1단지헤어샵,금창초등어린이집,20.17,0.0
2026-08-02T19:00:00,1370039300,효열로162번길,금곡하나유치원,금창초등어린이집,19.25,0.0
2026-08-02T19:00:00,1410106301,울만로,설만교,대저2동496-7,37.0,0.0
2026-08-02T19:00:00,1411087601,에코대로,명지동3040-7,비에스인더스트리,34.09,0.0
2026-08-02T19:00:00,1451193401,정관중앙로,이진캐스빌2차아파트,용수리18-2,45.84,0.0
2026-08-02T19:00:00,1450336700,신정관로,산막2교남측,용수리18-2,63.25,45.0
2026-08-02T19:00:00,1450337200,신정관로,방곡터널서측,용수리18-2,66.25,0.0
2026-08-02T19:00:00,1451193301,정관중앙로,용수리18-2,이진캐스빌2차아파트,48.0,0.0
2026-08-02T19:00:00,1451188101,정관중앙로,기장소방서,이진캐스빌2차아파트,52.17,0.0
2026-08-02T19:00:00,1451188201,정관중앙로,이진캐스빌2차아파트,기장소방서,24.59,0.0
2026-08-02T19:00:00,1450057211,용수로,용수리1346,기장소방서,21.83,0.0
2026-08-02T19:00:00,1450057103,정관덕산길,SK주유소정관,기장소방서,19.58,0.0
2026-08-02T19:00:00,1411098801,제도로,대부동마을입구,비에스인더스트리,42.0,0.0
2026-08-02T19:00:00,1450813700,산단4로,달산리1221-1,속성변화점,25.0,0.0
2026-08-02T19:00:00,1451191601,산단4로,킹마트,속성변화점,5.0,0.0
2026-08-02T19:00:00,1451191501,산단4로,속성변화점,킹마트,12.0,0.0
2026-08-02T19:00:00,1451192201,산단4로,강변교북측,킹마트,24.0,0.0
2026-08-02T19:00:00,1451192101,산단4로,킹마트,강변교북측,23.0,0.0
2026-08-02T19:00:00,1451192501,산단4로,THE순한고기,강변교북측,8.0,0.0
2026-08-02T19:00:00,1450814400,산단4로,강변교남측,강변교북측,21.0,0.0
2026-08-02T19:00:00,1450056443,정관로,달산리1221-1,달산리1221-14,19.0,0.0
2026-08-02T19:00:00,1450813604,구연방곡로,방곡리404,달산리1221-14,13.0,0.0
2026-08-02T19:00:00,1450056352,정관로,달산리1242,달산리1221-14,30.67,0.0
2026-08-02T19:00:00,1451192601,산단4로,강변교북측,THE순한고기,20.0,0.0
2026-08-02T19:00:00,1451192901,산단4로,달산리1221-14,THE순한고기,14.0,0.0
2026-08-02T19:00:00,1410195601,거가대로,성북교차로,성북교차로,94.17,0.0
2026-08-02T19:00:00,1410195701,거가대로,성북IC램프,성북교차로,88.92,0.0
2026-08-02T19:00:00,1450057110,용수로,기장소방서,용수리1346,16.75,0.0
2026-08-02T19:00:00,1450057210,용수로,용수리1346,용수리1346,14.0,0.0
2026-08-02T19:00:00,1450057206,용수로,용수리718-10,가동초등학교,18.5,0.0
2026-08-02T19:00:00,1450057109,용수로,용수리1346,가동초등학교,9.08,0.0
2026-08-02T19:00:00,1450811204,정관5로,가동초등학교,가동초등학교,8.83,0.0
2026-08-02T19:00:00,1450050301,이화로,남광철재,학교앞,27.08,0.0
2026-08-02T19:00:00,1450067300,화용길,일광IC북측,학교앞,17.0,0.0
2026-08-02T19:00:00,1450050402,화용길,화전마을회관,학교앞,28.58,0.0
2026-08-02T19:00:00,1450009901,이화로,세월교북측,화전리562-10,33.0,0.0
2026-08-02T19:00:00,1450010001,이화로,남광철재,화전리562-10,26.17,0.0
2026-08-02T19:00:00,1340045500,백양순환로,부암동교회어린이집,늘푸른교회어린이집,24.25,0.0
2026-08-02T19:00:00,1340045800,백양순환로,백양산4호교차로,늘푸른교회어린이집,27.59,0.0
2026-08-02T19:00:00,1340045600,백양순환로,늘푸른교회어린이집,부암동교회어린이집,25.25,0.0
2026-08-02T19:00:00,1340045300,백양순환로,동화랑놀자,부암동교회어린이집,22.0,0.0
2026-08-02T19:00:00,1340045700,백양순환로,늘푸른교회어린이집,백양산4호교차로,5.5,0.0
2026-08-02T19:00:00,1340044100,백양순환로,한샘교회,백양산4호교차로,13.0,0.0
2026-08-02T19:00:00,1451155701,해빛3로,한신더휴센트럴포레2단지,일광한신더휴센트럴포레2어린이집,27.09,0.0
2026-08-02T19:00:00,1451162401,해빛3로,후동마을회관,일광한신더휴센트럴포레2어린이집,19.0,0.0
2026-08-02T19:00:00,1451162501,해빛2로,레이첼스가든,네일샵끌리다,28.0,0.0
2026-08-02T19:00:00,1451158601,해빛2로,네오더퍼스트,네일샵끌리다,37.0,0.0
2026-08-02T19:00:00,1451157601,해빛로,순수치킨,레이첼스가든,17.25,0.0
2026-08-02T19:00:00,1451162601,해빛2로,네일샵끌리다,레이첼스가든,14.0,0.0
2026-08-02T19:00:00,1451157401,해빛3로,네일만나,레이첼스가든,6.0,0.0
2026-08-02T19:00:00,1451154801,차성로,교리252,블루퀸공인중개사사무소,11.25,0.0
2026-08-02T19:00:00,1451155001,차성로,오레시피,블루퀸공인중개사사무소,16.17,0.0
2026-08-02T19:00:00,1451154701,차성로,블루퀸공인중개사사무소,교리252,17.17,0.0
2026-08-02T19:00:00,1451134400,차성로,교리252,교리252,11.25,0.0
2026-08-02T19:00:00,1451157901,해빛로,순수치킨,네오더퍼스트,9.42,0.0
2026-08-02T19:00:00,1451158201,해빛1로,네오더퍼스트,네오더퍼스트,21.75,0.0
2026-08-02T19:00:00,1451158501,해빛2로,네일샵끌리다,네오더퍼스트,11.0,0.0
2026-08-02T19:00:00,1451158401,해빛로,일광스시,네오더퍼스트,16.67,0.0
2026-08-02T19:00:00,1350019700,명안로,부산은행안락1동지점,명장1동행정복지센터,18.17,0.0
2026-08-02T19:00:00,1350025000,명장로,큰숲교회,명장1동행정복지센터,22.25,0.0
2026-08-02T19:00:00,1350021300,명장로,한국농산,부산제자교회,13.5,0.0
2026-08-02T19:00:00,1380084900,명장로67번길,일동햇살어린이집,부산제자교회,24.92,0.0
2026-08-02T19:00:00,1451159801,읍내로,청하포차,두원인테리어,25.5,0.0
2026-08-02T19:00:00,1451130000,차성서로,서부리65-1,두원인테리어,17.0,0.0
2026-08-02T19:00:00,1450037300,차성서로,금강궁전아파트,두원인테리어,25.0,0.0
2026-08-02T19:00:00,1450040804,읍내로,서부리65-1,두원인테리어,22.25,0.0
2026-08-02T19:00:00,1451159701,읍내로,두원인테리어,청하포차,18.59,0.0
2026-08-02T19:00:00,1451160401,읍내로,우리은행기장지점,청하포차,25.25,0.0
2026-08-02T19:00:00,1451160301,읍내로,청하포차,우리은행기장지점,18.59,0.0
2026-08-02T19:00:00,1450039300,차성로,기장시장앞교차로,우리은행기장지점,13.25,0.0
2026-08-02T19:00:00,1450040102,읍내로,동부리486,우리은행기장지점,15.08,0.0
2026-08-02T19:00:00,1450040600,차성로,더벤티기장점,우리은행기장지점,21.59,0.0
2026-08-02T19:00:00,1450034102,차성로,대라리413-9,기장시장앞교차로,10.58,0.0
2026-08-02T19:00:00,1450039400,차성로,우리은행기장지점,기장시장앞교차로,18.0,0.0
2026-08-02T19:00:00,1450038902,차성로288번길,기장시장교차로,기장시장앞교차로,16.38,0.0
2026-08-02T19:00:00,1370326501,만덕1로,서울학원,남산정역2번출구,22.0,0.0
2026-08-02T19:00:00,1370019700,만덕대로,옹달샘어린이집,남산정역2번출구,38.71,847.0
2026-08-02T19:00:00,1370004300,만덕대로,남산정교차로,남산정역2번출구,35.17,0.0
2026-08-02T19:00:00,1370003801,남해고속도로,속성변화점,남산정역2번출구,64.08,0.0
2026-08-02T19:00:00,1370004500,남해고속도로,덕천IC고가,남산정역2번출구,58.61,1164.0
2026-08-02T19:00:00,1370019300,만덕1로,만덕사거리,만덕역4번출구,9.58,0.0
2026-08-02T19:00:00,1370326701,만덕1로,서울학원,만덕역4번출구,23.0,0.0
2026-08-02T19:00:00,1380003305,해운대로,송정삼거리,송정동447-16,23.92,22.0
2026-08-02T19:00:00,1380003408,해운대로,송정동447-16,송정동447-16,24.0,34.0
2026-08-02T19:00:00,1410087300,녹산산업북로,GS주유소녹산화물터미널,녹송1호교,31.5,0.0
2026-08-02T19:00:00,1410337103,명지국제6로,명지동3431,명지동3431,14.33,0.0
2026-08-02T19:00:00,1410869800,명지국제4로,대방노블랜드오션뷰2차,명지동3431,11.58,0.0
2026-08-02T19:00:00,1410871000,명지국제6로,명지동3429-4,명지동3431,17.5,0.0
2026-08-02T19:00:00,1411063601,명지국제2로,크린토피아,명지동1866-14,15.58,0.0
2026-08-02T19:00:00,1410708500,명지국제8로,명지동630-6,명지동1866-14,23.58,0.0
2026-08-02T19:00:00,1410709400,명지국제8로,명지동3396,명지동1866-14,37.58,0.0
2026-08-02T19:00:00,1411063501,명지국제2로,명지동1866-14,크린토피아,20.83,0.0
2026-08-02T19:00:00,1411063001,명지국제2로,부산지방검찰청서부지청,크린토피아,16.33,0.0
2026-08-02T19:00:00,1411062901,명지국제2로,크린토피아,부산지방검찰청서부지청,21.25,0.0
2026-08-02T19:00:00,1411063101,명지국제7로,명지삼정어린이집,부산지방검찰청서부지청,31.17,0.0
2026-08-02T19:00:00,1410708300,명지국제7로,명지동3622,부산지방검찰청서부지청,16.34,0.0
2026-08-02T19:00:00,1410709000,명지국제2로,넘버25호텔명지서부지청점,부산지방검찰청서부지청,28.75,0.0
2026-08-02T19:00:00,1411063201,명지국제7로,부산지방검찰청서부지청,명지삼정어린이집,27.92,0.0
2026-08-02T19:00:00,1411063801,명지국제7로,명지동3397,명지삼정어린이집,29.33,0.0
2026-08-02T19:00:00,1410709700,명지국제3로,명지동3396,명지동3397,21.0,0.0
2026-08-02T19:00:00,1410710000,명지국제3로,명지동3431,명지동3397,28.83,0.0
2026-08-02T19:00:00,1410710700,명지국제7로,대방노블랜드오션뷰2차,명지동3397,14.67,0.0
2026-08-02T19:00:00,1390157101,감천항로,대복식당,구평동176,32.42,0.0
2026-08-02T19:00:00,1390025401,감천항로,감천항앞교차로,구평동176,23.67,0.0
2026-08-02T19:00:00,1390157001,감천항로,구평동176,대복식당,38.33,0.0
2026-08-02T19:00:00,1390156601,감천항로,대한마린산업,대복식당,16.75,0.0
2026-08-02T19:00:00,1390156701,감천항로,대복식당,대한마린산업,14.67,0.0
2026-08-02T19:00:00,1390025200,두송로,보광암,대한마린산업,11.92,0.0
2026-08-02T19:00:00,1390021902,감천항로,구평동313-4,대한마린산업,54.25,0.0
2026-08-02T19:00:00,1330107101,태종로,코사마트,해양대삼거리,15.08,0.0
2026-08-02T19:00:00,1330001400,태종로,동삼교회앞삼거리,해양대삼거리,18.92,0.0
2026-08-02T19:00:00,1330103600,해양로,부산해사고등학교,해양대삼거리,9.34,0.0
2026-08-02T19:00:00,1330107001,태종로,해양대삼거리,코사마트,30.25,0.0
2026-08-02T19:00:00,1330106701,태종로,오춘자비어,코사마트,30.5,0.0
2026-08-02T19:00:00,1330106601,태종로,코사마트,오춘자비어,23.0,0.0
2026-08-02T19:00:00,1330106301,태종로,우신전기철물,오춘자비어,24.75,0.0
2026-08-02T19:00:00,1330106201,태종로,오춘자비어,우신전기철물,26.08,0.0
2026-08-02T19:00:00,1330106101,태종로,태종대앞,우신전기철물,29.83,0.0
2026-08-02T19:00:00,1330106001,태종로,우신전기철물,태종대앞,24.58,0.0
2026-08-02T19:00:00,1380014900,해운대해변로,스타벅스해운대점,노보텔앞삼거리,23.42,0.0
2026-08-02T19:00:00,1380018000,해운대해변로,해운대온천사거리,노보텔앞삼거리,6.92,0.0
2026-08-02T19:00:00,1400292500,오시게로,온천교,뉴타운교,11.0,0.0
2026-08-02T19:00:00,1400024500,동현로,우리은행부곡동지점,뉴타운교,21.5,0.0
2026-08-02T19:00:00,1380025200,달맞이길,해운대온천사거리,경찰공제회해운대리조텔,13.17,0.0
2026-08-02T19:00:00,1380123601,달맞이길,버스정류장,경찰공제회해운대리조텔,11.42,0.0
2026-08-02T19:00:00,1360021301,수영로,문현고개,대연동1614-3,30.65,222.0
2026-08-02T19:00:00,1360132001,수영로,한국세무사회,대연동1614-3,33.08,225.0
2026-08-02T19:00:00,1360131901,수영로,대연동1614-3,한국세무사회,21.7,222.0
2026-08-02T19:00:00,1360132201,수영로,못골역3번출구,한국세무사회,31.08,225.0
2026-08-02T19:00:00,1360132401,못골로,못골역4번출구,한국세무사회,20.92,0.0
2026-08-02T19:00:00,1360021800,수영로,못골사거리,못골역3번출구,26.03,225.0
2026-08-02T19:00:00,1360132101,수영로,한국세무사회,못골역3번출구,24.53,222.0
2026-08-02T19:00:00,1360022000,못골로,못골역4번출구,못골역3번출구,14.58,0.0
2026-08-02T19:00:00,1360024200,못골로,윌리스장난감박물관,못골역4번출구,14.08,0.0
2026-08-02T19:00:00,1360024402,못골로,대연6동행정복지센터,못골역4번출구,12.34,0.0
2026-08-02T19:00:00,1360132301,못골로,한국세무사회,못골역4번출구,12.42,0.0
2026-08-02T19:00:00,1360021900,못골로,못골역3번출구,못골역4번출구,19.92,0.0
2026-08-02T19:00:00,1451158301,해빛로,네오더퍼스트,일광스시,12.67,0.0
2026-08-02T19:00:00,1330008900,절영로,영선2치안센터,영선윗로터리,23.92,0.0
2026-08-02T19:00:00,1330008700,남항새싹길,대원공인중개사,영선윗로터리,23.25,0.0
2026-08-02T19:00:00,1330010400,절영로,영선아래사거리,영선윗로터리,24.17,0.0
2026-08-02T19:00:00,1330010600,꿈나무길,원불교영도교당,영선윗로터리,26.17,0.0
2026-08-02T19:00:00,1451155101,차성로,후동마을회관,오레시피,19.17,0.0
2026-08-02T19:00:00,1451154901,차성로,블루퀸공인중개사사무소,오레시피,11.25,0.0
2026-08-02T19:00:00,1400005200,번영로,오륜터널북측,오륜터널남측,84.7,73.0
2026-08-02T19:00:00,1400003831,번영로,회동교차로,오륜터널남측,75.32,12.0
2026-08-02T19:00:00,1400005100,번영로,오륜터널남측,오륜터널북측,74.58,12.0
2026-08-02T19:00:00,1400006300,번영로,구서IC,오륜터널북측,71.83,0.0
2026-08-02T19:00:00,1350028701,우장춘로,미남교차로,온천동1777-10,15.17,0.0
2026-08-02T19:00:00,1350028801,우장춘로,산저교차로,온천동1777-10,23.34,0.0
2026-08-02T19:00:00,1350015800,사직북로19번길,사직주공APT,부산은행사직쌍용예가영업소,16.25,0.0
2026-08-02T19:00:00,1350053900,사직북로,사직동161-17,사직주공APT,13.58,0.0
2026-08-02T19:00:00,1350015700,사직북로19번길,부산은행사직쌍용예가영업소,사직주공APT,22.58,0.0
2026-08-02T19:00:00,1350017000,석사로,사직삼거리,사직주공APT,23.67,0.0
2026-08-02T19:00:00,1350016800,사직북로,사직1동우편취급국,사직주공APT,19.5,0.0
2026-08-02T19:00:00,1350030900,금정마을로,대동다숲아파트,산저교차로,13.34,0.0
2026-08-02T19:00:00,1350028702,우장춘로,온천동1777-10,산저교차로,19.08,0.0
2026-08-02T19:00:00,1350032400,우장춘로,우장춘지하차도남측,산저교차로,8.0,0.0
2026-08-02T19:00:00,1350032200,금강로,행복을그리는교회,산저교차로,9.25,0.0
2026-08-02T19:00:00,1350033201,우장춘로,우장춘지하차도북측,우장춘지하차도남측,43.5,0.0
2026-08-02T19:00:00,1350032300,우장춘로,산저교차로,우장춘지하차도남측,40.83,0.0
2026-08-02T19:00:00,1350031300,충렬대로107번길,반야사,행복을그리는교회,10.33,0.0
2026-08-02T19:00:00,1350032600,금강로,유락삼거리,행복을그리는교회,18.59,0.0
2026-08-02T19:00:00,1350032100,금강로,산저교차로,행복을그리는교회,16.0,0.0
2026-08-02T19:00:00,1350013900,여고로,종합운동장앞교차로,법원어귀교차로,19.67,0.0
2026-08-02T19:00:00,1350015400,미남로,한민교회,법원어귀교차로,17.92,0.0
2026-08-02T19:00:00,1350015200,여고로,열린문교회,법원어귀교차로,22.08,0.0
2026-08-02T19:00:00,1420028300,미남로,아이마루도서관,법원어귀교차로,14.75,0.0
2026-08-02T19:00:00,1350023000,아시아드대로228번길,미남역1번출구,한민교회,13.42,0.0
2026-08-02T19:00:00,1350023200,미남로,우리동래교회,한민교회,21.75,0.0
2026-08-02T19:00:00,1350015300,미남로,법원어귀교차로,한민교회,18.5,0.0
2026-08-02T19:00:00,1350014100,아시아드대로,종합운동장앞교차로,사직동161-1,41.67,0.0
2026-08-02T19:00:00,1350053700,사직로,사직동98-1,사직동161-1,17.33,0.0
2026-08-02T19:00:00,1350015602,아시아드대로,사직동161-1,사직동161-1,28.75,0.0
2026-08-02T19:00:00,1350015501,아시아드대로,사직동161-1,사직동161-1,36.0,0.0
2026-08-02T19:00:00,1350015604,아시아드대로,사직역(부산3호선),사직동161-1,40.75,0.0
2026-08-02T19:00:00,1350015503,아시아드대로,사직동161-1,사직역(부산3호선),41.17,0.0
2026-08-02T19:00:00,1350015603,아시아드대로,사직삼거리,사직역(부산3호선),38.58,0.0
2026-08-02T19:00:00,1350020200,아시아드대로,미남역1번출구,사직삼거리,26.33,0.0
2026-08-02T19:00:00,1350016900,석사로,사직주공APT,사직삼거리,14.25,0.0
2026-08-02T19:00:00,1350015504,아시아드대로,사직역(부산3호선),사직삼거리,32.09,0.0
2026-08-02T19:00:00,1350003601,반송로,대원정사,안락교차로,23.78,331.0
2026-08-02T19:00:00,1350016500,반송로,안락고가북측,안락교차로,18.6,99.0
2026-08-02T19:00:00,1350002800,충렬대로,안락사거리,안락교차로,20.09,606.0
2026-08-02T19:00:00,1350003201,충렬대로,안락지하차도,안락교차로,19.35,532.0
2026-08-02T19:00:00,1350016000,명륜로,동래소방서앞,세병교동측,25.92,0.0
2026-08-02T19:00:00,1350016200,온천천로,골드텔,세병교동측,24.67,0.0
2026-08-02T19:00:00,1420030100,명륜로,세병교서측,세병교동측,15.5,0.0
2026-08-02T19:00:00,1350012700,온천천로,수경사,세병교동측,26.59,0.0
2026-08-02T19:00:00,1350018800,충렬대로238번길,수민동교차로,동래소방서앞,7.67,0.0
2026-08-02T19:00:00,1350019000,명륜로,동래교차로,동래소방서앞,14.33,0.0
2026-08-02T19:00:00,1350012902,수안로,수안동42,동래소방서앞,19.5,0.0
2026-08-02T19:00:00,1350015900,명륜로,세병교동측,동래소방서앞,12.67,0.0
2026-08-02T19:00:00,1350021800,온천천로,내성교차로,골드텔,25.25,0.0
2026-08-02T19:00:00,1350016100,온천천로,세병교동측,골드텔,27.58,0.0
2026-08-02T19:00:00,1350016400,명장로,이솝어린이집,sk뜰에유치원,17.33,0.0
2026-08-02T19:00:00,1350013100,명장로,원동고가교,sk뜰에유치원,29.42,0.0
2026-08-02T19:00:00,1350016300,명장로,sk뜰에유치원,이솝어린이집,12.58,0.0
2026-08-02T19:00:00,1350017800,안락로,안락2동우편취급국,이솝어린이집,16.59,0.0
2026-08-02T19:00:00,1350018000,명장로,한국농산,이솝어린이집,8.0,0.0
2026-08-02T19:00:00,1350018200,삼어로,일동햇살어린이집,이솝어린이집,18.0,0.0
2026-08-02T19:00:00,1350016600,반송로,안락교차로,안락고가북측,24.75,176.0
2026-08-02T19:00:00,1350014300,반송로,안락고가남측,안락고가북측,23.85,99.0
2026-08-02T19:00:00,1350019204,사직북로,사직동161-1,사직1동우편취급국,22.0,0.0
2026-08-02T19:00:00,1350019400,석사북로,미남역,사직1동우편취급국,24.67,0.0
2026-08-02T19:00:00,1350016700,사직북로,사직주공APT,사직1동우편취급국,22.58,0.0
2026-08-02T19:00:00,1350012502,안연로,안락동474,안락사거리,10.42,0.0
2026-08-02T19:00:00,1350002700,충렬대로,안락교차로,안락사거리,22.21,466.0
2026-08-02T19:00:00,1350017200,충렬대로359번길,경진미트,안락사거리,14.92,0.0
2026-08-02T19:00:00,1350002600,충렬대로,안락지하차도,안락사거리,27.04,606.0
2026-08-02T19:00:00,1350019500,안락로,부산은행안락1동지점,경진미트,14.92,0.0
2026-08-02T19:00:00,1350020600,명장로20번길,명장역2번출구,경진미트,13.67,0.0
2026-08-02T19:00:00,1350020400,안락로,대원정사,경진미트,9.17,0.0
2026-08-02T19:00:00,1350017100,충렬대로359번길,안락사거리,경진미트,12.92,0.0
2026-08-02T19:00:00,1350015100,여고로,법원어귀교차로,열린문교회,27.92,0.0
2026-08-02T19:00:00,1350017400,여고로,송월타올앞교차로,열린문교회,27.0,0.0
2026-08-02T19:00:00,1350017600,여고로113번길,명신유통,열린문교회,14.0,0.0
2026-08-02T19:00:00,1350017300,여고로,열린문교회,송월타올앞교차로,14.67,0.0
2026-08-02T19:00:00,1420001701,중앙대로,교대사거리,송월타올앞교차로,18.92,0.0
2026-08-02T19:00:00,1350004001,중앙대로,내성지하차도,송월타올앞교차로,12.08,0.0
2026-08-02T19:00:00,1350026800,미남로132번길,광혜병원장례식장,명신유통,19.75,0.0
2026-08-02T19:00:00,1350027000,충렬대로108번길,온천입구교차로,명신유통,80.0,0.0
2026-08-02T19:00:00,1350017500,여고로113번길,열린문교회,명신유통,14.0,0.0
2026-08-02T19:00:00,1350017700,안락로,이솝어린이집,안락2동우편취급국,21.25,0.0
2026-08-02T19:00:00,1350018600,안락로125번길,한국농산,안락2동우편취급국,11.58,0.0
2026-08-02T19:00:00,1350014900,충렬대로459번길,하랑어린이집,안락2동우편취급국,17.34,0.0
2026-08-02T19:00:00,1350021400,명장로,부산제자교회,한국농산,21.08,0.0
2026-08-02T19:00:00,1350017900,명장로,이솝어린이집,한국농산,17.58,0.0
2026-08-02T19:00:00,1350018500,안락로125번길,안락2동우편취급국,한국농산,17.75,0.0
2026-08-02T19:00:00,1380085000,명장로67번길,부산제자교회,일동햇살어린이집,21.75,0.0
2026-08-02T19:00:00,1350018100,삼어로,이솝어린이집,일동햇살어린이집,21.5,0.0
2026-08-02T19:00:00,1380085200,삼어로,삼어교서측,일동햇살어린이집,23.5,0.0
2026-08-02T19:00:00,1380045700,광안대로,센텀시티지하차도남측,센텀시티지하차도북측,77.09,0.0
2026-08-02T19:00:00,1380067900,수영강변대로,포스크리에이티브파티본사,센텀시티지하차도북측,40.25,0.0
2026-08-02T19:00:00,1380070000,수영강변대로,새롬타올자수,센텀시티지하차도북측,55.08,0.0
2026-08-02T19:00:00,1380070200,수영강변대로,수영강변TG,센텀시티지하차도북측,49.92,0.0
2026-08-02T19:00:00,1380070400,광안대로,광안대교수영TG,센텀시티지하차도북측,67.49,1479.0
2026-08-02T19:00:00,1380046100,-,오산공원옆교차로,이디야커피중동역점,20.75,0.0
2026-08-02T19:00:00,1380049600,좌동로10번길,중동역2번출구,이디야커피중동역점,11.34,0.0
2026-08-02T19:00:00,1380049800,좌동로10번길,해송교회,이디야커피중동역점,9.58,0.0
2026-08-02T19:00:00,1380046300,-,오산공원옆교차로,해송교회,19.92,0.0
2026-08-02T19:00:00,1380049700,좌동로10번길,이디야커피중동역점,해송교회,11.25,0.0
2026-08-02T19:00:00,1380046500,해운대로,해송교회,예루살렘순복음교회,16.82,120.0
2026-08-02T19:00:00,1380051402,해운대로,중동1783,예루살렘순복음교회,22.56,116.0
2026-08-02T19:00:00,1380046700,양운3길,13호어린이공원앞교차로,요거프레소장산역점,19.5,0.0
2026-08-02T19:00:00,1380050500,세실로,대우아이맘어린이집,요거프레소장산역점,17.92,0.0
2026-08-02T19:00:00,1380051600,세실로,장산역1번출구,요거프레소장산역점,14.25,0.0
2026-08-02T19:00:00,1380046901,양운로,13호어린이공원앞교차로,좌동1488,20.0,0.0
2026-08-02T19:00:00,1380047001,양운로,장산역11번출구,좌동1488,31.25,0.0
2026-08-02T19:00:00,1380046902,양운로,좌동1488,장산역11번출구,18.34,0.0
2026-08-02T19:00:00,1380052900,-,주부산몽골영사관,장산역11번출구,9.67,0.0
2026-08-02T19:00:00,1380054000,양운로,장산역교차로,장산역11번출구,23.17,0.0
2026-08-02T19:00:00,1380043700,센텀3로,렉싱턴갤러리,웨딩앤마벨,9.75,0.0
2026-08-02T19:00:00,1380047100,-,스타벅스센텀드림월드점,웨딩앤마벨,12.09,0.0
2026-08-02T19:00:00,1380051000,센텀3로,센텀역교차로,웨딩앤마벨,23.67,0.0
2026-08-02T19:00:00,1380047300,센텀2로,스타벅스센텀드림월드점,센텀시티역7번출구,21.75,0.0
2026-08-02T19:00:00,1380052100,센텀남대로,센텀시티역13번출구,센텀시티역7번출구,29.5,0.0
2026-08-02T19:00:00,1380054600,센텀남대로,센텀역교차로,센텀시티역7번출구,15.75,0.0
2026-08-02T19:00:00,1380047500,세실로,신곡중학교앞교차로,대우아이맘어린이집,14.75,0.0
2026-08-02T19:00:00,1380050600,세실로,요거프레소장산역점,대우아이맘어린이집,10.75,0.0
2026-08-02T19:00:00,1380050800,대천로,장산역1번출구,대우아이맘어린이집,16.33,0.0
2026-08-02T19:00:00,1380047700,좌동순환로,신곡중학교앞교차로,헬로우슬라임부산해운대점,22.67,0.0
2026-08-02T19:00:00,1380053400,좌동순환로,좌2동행정복지센터,헬로우슬라임부산해운대점,27.67,0.0
2026-08-02T19:00:00,1380047900,우동3로,금천미술관,금천미술관,19.17,0.0
2026-08-02T19:00:00,1380048900,좌동순환로15번길,좌동경원프라우드빌아파트,금천미술관,27.92,0.0
2026-08-02T19:00:00,1380050200,우동3로,충렬어린이집,금천미술관,27.83,0.0
2026-08-02T19:00:00,1380048100,우동3로11번길,금천미술관,샘터교회,20.75,0.0
2026-08-02T19:00:00,1380055300,우동3로,충렬어린이집,샘터교회,32.0,0.0
2026-08-02T19:00:00,1380059000,우동3로,임마누엘해운대교회,샘터교회,26.5,0.0
2026-08-02T19:00:00,1380048500,수영강변대로,센텀시티교차로,무인양품신세계센텀시티몰점,17.75,0.0
2026-08-02T19:00:00,1380054200,센텀4로,스타벅스센텀갤러리점,무인양품신세계센텀시티몰점,8.33,0.0
2026-08-02T19:00:00,1380054400,수영강변대로,센텀시티지하차도,무인양품신세계센텀시티몰점,26.25,0.0
2026-08-02T19:00:00,1380049200,좌동순환로15번길,중동역8번출구,좌동경원프라우드빌아파트,26.92,0.0
2026-08-02T19:00:00,1380049000,좌동순환로15번길,금천미술관,좌동경원프라우드빌아파트,19.17,0.0
2026-08-02T19:00:00,1380049400,한적2길,충렬어린이집,좌동경원프라우드빌아파트,18.67,0.0
2026-08-02T19:00:00,1380050100,우동3로,금천미술관,충렬어린이집,27.75,0.0
2026-08-02T19:00:00,1380055400,우동3로,샘터교회,충렬어린이집,31.09,0.0
2026-08-02T19:00:00,1380049300,한적2길,좌동경원프라우드빌아파트,충렬어린이집,28.5,0.0
2026-08-02T19:00:00,1380050301,좌동로,중동역4번출구,중동199-6,25.0,0.0
2026-08-02T19:00:00,1380050401,좌동로,대천교,중동199-6,17.0,0.0
2026-08-02T19:00:00,1380050302,좌동로,중동199-6,대천교,20.92,0.0
2026-08-02T19:00:00,1380053700,해운대로781번길,주부산몽골영사관,대천교,16.58,0.0
2026-08-02T19:00:00,1380061400,좌동로,해운대문화회관교차로,대천교,22.08,0.0
2026-08-02T19:00:00,1410007205,생곡로,생곡동13-2,생곡동112-2,51.59,0.0
2026-08-02T19:00:00,1410007302,생곡로,GS주유소국제산업물류단지셀프,생곡동112-2,51.08,0.0
2026-08-02T19:00:00,1380053300,좌동순환로,헬로우슬라임부산해운대점,좌2동행정복지센터,29.25,0.0
2026-08-02T19:00:00,1380055600,좌동순환로,해운대백병원사거리,좌2동행정복지센터,16.83,0.0
2026-08-02T19:00:00,1380051900,좌동순환로,중동역8번출구,엔제리너스해운대신시가지,25.5,0.0
2026-08-02T19:00:00,1380063100,대천로53번길,행복한어린이집,엔제리너스해운대신시가지,12.09,0.0
2026-08-02T19:00:00,1380065600,좌동순환로,양운초등학교앞교차로,엔제리너스해운대신시가지,20.83,0.0
2026-08-02T19:00:00,1380065800,-,좌동119안전센터,엔제리너스해운대신시가지,10.5,0.0
2026-08-02T19:00:00,1380050900,센텀3로,웨딩앤마벨,센텀역교차로,12.08,0.0
2026-08-02T19:00:00,1380054500,센텀남대로,센텀시티역7번출구,센텀역교차로,5.92,0.0
2026-08-02T19:00:00,1380055000,센텀중앙로,산업은행해운대지점,센텀역교차로,12.92,0.0
2026-08-02T19:00:00,1380054800,센텀남대로,컨벤션홀BEXCO,센텀역교차로,11.5,0.0
2026-08-02T19:00:00,1380054900,센텀중앙로,센텀역교차로,산업은행해운대지점,20.92,0.0
2026-08-02T19:00:00,1380056100,센텀4로,스타벅스센텀갤러리점,산업은행해운대지점,12.34,0.0
2026-08-02T19:00:00,1380058600,센텀4로,텐퍼센트커피센텀트럼프점,산업은행해운대지점,12.0,0.0
2026-08-02T19:00:00,1380058800,센텀중앙로,KB국민은행센텀시티종합금융센터,산업은행해운대지점,30.08,0.0
2026-08-02T19:00:00,1380050700,대천로,대우아이맘어린이집,장산역1번출구,14.25,0.0
2026-08-02T19:00:00,1380057700,해운대로,장산역1번출구,장산역1번출구,23.42,0.0
2026-08-02T19:00:00,1380058400,해운대로,해운대백병원사거리,장산역1번출구,14.17,0.0
2026-08-02T19:00:00,1380058200,대천로,이디야커피해운대스위첸점,장산역1번출구,12.42,0.0
2026-08-02T19:00:00,1380051100,해운대로774번길,예루살렘순복음교회,주부산몽골영사관,32.67,0.0
2026-08-02T19:00:00,1380053200,해운대로774번길,주부산몽골영사관,주부산몽골영사관,20.0,0.0
2026-08-02T19:00:00,1380052700,해운대로774번길,주부산몽골영사관,주부산몽골영사관,21.0,0.0
2026-08-02T19:00:00,1380051301,해운대로,예루살렘순복음교회,중동1783,19.4,120.0
2026-08-02T19:00:00,1380051401,해운대로,주부산몽골영사관,중동1783,19.89,116.0
2026-08-02T19:00:00,1380053800,해운대로781번길,대천교,주부산몽골영사관,16.08,0.0
2026-08-02T19:00:00,1380053100,해운대로774번길,주부산몽골영사관,주부산몽골영사관,13.08,0.0
2026-08-02T19:00:00,1380051302,해운대로,중동1783,주부산몽골영사관,16.82,120.0
2026-08-02T19:00:00,1380053600,해운대로,장산역교차로,주부산몽골영사관,23.48,116.0
2026-08-02T19:00:00,1380051500,세실로,요거프레소장산역점,장산역1번출구,11.75,0.0
2026-08-02T19:00:00,1380057800,해운대로,장산역1번출구,장산역1번출구,11.17,0.0
2026-08-02T19:00:00,1380055900,해운대로,장산역교차로,장산역1번출구,22.42,0.0
2026-08-02T19:00:00,1380058000,세실로,장산역4번출구,장산역1번출구,9.58,0.0
2026-08-02T19:00:00,1380051700,대천로,중동역8번출구,효성코오롱아파트,23.0,0.0
2026-08-02T19:00:00,1380059200,대천로,행복한어린이집,효성코오롱아파트,20.92,0.0
2026-08-02T19:00:00,1380059400,대천로42번길,춘천4교,효성코오롱아파트,14.09,0.0
2026-08-02T19:00:00,1380052400,송정구덕포길,모카비치,비니하우스,17.17,0.0
2026-08-02T19:00:00,1380052300,송정구덕포길,비니하우스,모카비치,19.17,0.0
2026-08-02T19:00:00,1380073000,송정해변로,송정항,모카비치,13.0,0.0
2026-08-02T19:00:00,1380044300,해운대로774번길,좌2치안센터,주부산몽골영사관,23.25,0.0
2026-08-02T19:00:00,1380053000,-,장산역11번출구,주부산몽골영사관,14.75,0.0
2026-08-02T19:00:00,1380052800,해운대로774번길,주부산몽골영사관,주부산몽골영사관,24.0,0.0
2026-08-02T19:00:00,1380053900,양운로,장산역11번출구,장산역교차로,10.42,0.0
2026-08-02T19:00:00,1380053500,해운대로,주부산몽골영사관,장산역교차로,13.4,120.0
2026-08-02T19:00:00,1380056000,해운대로,장산역1번출구,장산역교차로,23.25,0.0
2026-08-02T19:00:00,1380055800,양운로,장산역10번출구,장산역교차로,14.92,0.0
2026-08-02T19:00:00,1380054100,센텀4로,무인양품신세계센텀시티몰점,스타벅스센텀갤러리점,11.17,0.0
2026-08-02T19:00:00,1380056200,센텀4로,산업은행해운대지점,스타벅스센텀갤러리점,11.67,0.0
2026-08-02T19:00:00,1380056400,센텀서로,뮤지엄다,스타벅스센텀갤러리점,9.75,0.0
2026-08-02T19:00:00,1380054300,수영강변대로,무인양품신세계센텀시티몰점,센텀시티지하차도,18.34,0.0
2026-08-02T19:00:00,1380056600,센텀5로,뮤지엄다,센텀시티지하차도,12.84,0.0
2026-08-02T19:00:00,1380056800,수영강변대로,포스크리에이티브파티본사,센텀시티지하차도,42.33,0.0
2026-08-02T19:00:00,1380057000,센텀남대로,삼호가든앞교차로,컨벤션홀BEXCO,16.84,0.0
2026-08-02T19:00:00,1380054700,센텀남대로,센텀역교차로,컨벤션홀BEXCO,25.0,0.0
2026-08-02T19:00:00,1380057200,센텀동로,텐퍼센트커피센텀트럼프점,컨벤션홀BEXCO,9.09,0.0
2026-08-02T19:00:00,1380065200,센텀5로,수영교회,부산센텀시티우체국,6.17,0.0
2026-08-02T19:00:00,1380061100,센텀동로,텐퍼센트커피센텀트럼프점,부산센텀시티우체국,12.67,0.0
2026-08-02T19:00:00,1380062700,센텀5로,KB국민은행센텀시티종합금융센터,부산센텀시티우체국,6.34,0.0
2026-08-02T19:00:00,1380065404,센텀동로,우동1524,부산센텀시티우체국,9.33,0.0
2026-08-02T19:00:00,1380055500,좌동순환로,좌2동행정복지센터,해운대백병원사거리,21.0,0.0
2026-08-02T19:00:00,1380058300,해운대로,장산역1번출구,해운대백병원사거리,22.67,0.0
2026-08-02T19:00:00,1380064202,좌동순환로,좌동1422,해운대백병원사거리,18.84,0.0
2026-08-02T19:00:00,1380064402,해운대로,좌동1422,해운대백병원사거리,16.25,0.0
2026-08-02T19:00:00,1380055700,양운로,장산역교차로,장산역10번출구,20.83,0.0
2026-08-02T19:00:00,1380057400,양운로,해운대문화회관,장산역10번출구,24.0,0.0
2026-08-02T19:00:00,1380057600,양운로80번길,한국문화센터,장산역10번출구,10.67,0.0
2026-08-02T19:00:00,1380056300,센텀서로,스타벅스센텀갤러리점,뮤지엄다,15.0,0.0
2026-08-02T19:00:00,1380056500,센텀5로,센텀시티지하차도,뮤지엄다,7.5,0.0
2026-08-02T19:00:00,1380060200,센텀5로,KB국민은행센텀시티종합금융센터,뮤지엄다,9.67,0.0
2026-08-02T19:00:00,1380060400,센텀서로,센텀가온어린이집,뮤지엄다,6.92,0.0
2026-08-02T19:00:00,1380068000,수영강변대로,센텀시티지하차도북측,포스크리에이티브파티본사,24.09,0.0
2026-08-02T19:00:00,1380056700,수영강변대로,센텀시티지하차도,포스크리에이티브파티본사,24.42,0.0
2026-08-02T19:00:00,1380067800,센텀7로,APEC기후센터,포스크리에이티브파티본사,8.75,0.0
2026-08-02T19:00:00,1380061000,센텀4로,키바제이,텐퍼센트커피센텀트럼프점,8.0,0.0
2026-08-02T19:00:00,1380058500,센텀4로,산업은행해운대지점,텐퍼센트커피센텀트럼프점,13.75,0.0
2026-08-02T19:00:00,1380057100,센텀동로,컨벤션홀BEXCO,텐퍼센트커피센텀트럼프점,10.0,0.0
2026-08-02T19:00:00,1380061200,센텀동로,부산센텀시티우체국,텐퍼센트커피센텀트럼프점,11.25,0.0
2026-08-02T19:00:00,1380057300,양운로,장산역10번출구,해운대문화회관,18.25,0.0
2026-08-02T19:00:00,1380062000,양운로80번길,한국문화센터,해운대문화회관,12.17,0.0
2026-08-02T19:00:00,1380062200,양운로,해운대문화회관교차로,해운대문화회관,25.0,0.0
2026-08-02T19:00:00,1380057500,양운로80번길,장산역10번출구,한국문화센터,11.83,0.0
2026-08-02T19:00:00,1380061900,양운로80번길,해운대문화회관,한국문화센터,15.33,0.0
2026-08-02T19:00:00,1380062400,-,반야원,한국문화센터,8.83,0.0
2026-08-02T19:00:00,1380057900,세실로,장산역1번출구,장산역4번출구,13.42,0.0
2026-08-02T19:00:00,1380060600,세실로,장산역4번출구,장산역4번출구,18.42,0.0
2026-08-02T19:00:00,1380060800,세실로69번길,반야원,장산역4번출구,10.5,0.0
2026-08-02T19:00:00,1380058100,대천로,장산역1번출구,이디야커피해운대스위첸점,19.75,0.0
2026-08-02T19:00:00,1380061500,-,장산역4번출구,이디야커피해운대스위첸점,20.42,0.0
2026-08-02T19:00:00,1380062600,대천로,건영아파트사거리,이디야커피해운대스위첸점,22.17,0.0
2026-08-02T19:00:00,1380058700,센텀중앙로,산업은행해운대지점,KB국민은행센텀시티종합금융센터,18.92,0.0
2026-08-02T19:00:00,1380062800,센텀5로,부산센텀시티우체국,KB국민은행센텀시티종합금융센터,9.5,0.0
2026-08-02T19:00:00,1380060100,센텀5로,뮤지엄다,KB국민은행센텀시티종합금융센터,8.17,0.0
2026-08-02T19:00:00,1380063000,센텀중앙로,이디야커피부산센텀퍼스트점,KB국민은행센텀시티종합금융센터,35.0,0.0
2026-08-02T19:00:00,1380067600,우동3로,장산터널,동원듀크빌리지3차아파트,23.42,0.0
2026-08-02T19:00:00,1380059900,우동3로,임마누엘해운대교회,동원듀크빌리지3차아파트,28.17,0.0
2026-08-02T19:00:00,1380060300,센텀서로,뮤지엄다,센텀가온어린이집,30.17,0.0
2026-08-02T19:00:00,1380064800,센텀6로,이디야커피부산센텀퍼스트점,센텀가온어린이집,27.25,0.0
2026-08-02T19:00:00,1380065000,센텀서로,APEC기후센터,센텀가온어린이집,30.0,0.0
2026-08-02T19:00:00,1380060500,세실로,장산역4번출구,장산역4번출구,15.17,0.0
2026-08-02T19:00:00,1380061600,-,이디야커피해운대스위첸점,장산역4번출구,10.0,0.0
2026-08-02T19:00:00,1380061800,세실로,반야원,장산역4번출구,18.75,0.0
2026-08-02T19:00:00,1380062300,-,한국문화센터,반야원,17.0,0.0
2026-08-02T19:00:00,1380060700,세실로69번길,장산역4번출구,반야원,8.42,0.0
2026-08-02T19:00:00,1380064000,세실로69번길,반야원,반야원,15.33,0.0
2026-08-02T19:00:00,1380061300,좌동로,대천교,해운대문화회관교차로,9.25,0.0
2026-08-02T19:00:00,1380062100,양운로,해운대문화회관,해운대문화회관교차로,14.25,0.0
2026-08-02T19:00:00,1380063602,좌동로,구좌동주민센터교차로,해운대문화회관교차로,9.33,0.0
2026-08-02T19:00:00,1380063800,양운로,공원입구교차로,해운대문화회관교차로,15.33,0.0
2026-08-02T19:00:00,1380062500,대천로,이디야커피해운대스위첸점,건영아파트사거리,16.25,0.0
2026-08-02T19:00:00,1380068800,좌동로,부흥중고교앞교차로,건영아파트사거리,17.09,0.0
2026-08-02T19:00:00,1380065902,좌동로,구좌동주민센터교차로,건영아파트사거리,10.67,0.0
2026-08-02T19:00:00,1380069002,대천로,건영2차아파트교차로,건영아파트사거리,12.58,0.0
2026-08-02T19:00:00,1380062900,센텀중앙로,KB국민은행센텀시티종합금융센터,이디야커피부산센텀퍼스트점,36.25,0.0
2026-08-02T19:00:00,1380064700,센텀6로,센텀가온어린이집,이디야커피부산센텀퍼스트점,14.09,0.0
2026-08-02T19:00:00,1380100000,센텀6로,우동1524,이디야커피부산센텀퍼스트점,15.0,0.0
2026-08-02T19:00:00,1380066800,센텀중앙로,부산산업과학혁신원,이디야커피부산센텀퍼스트점,22.58,0.0
2026-08-02T19:00:00,1380063200,대천로53번길,엔제리너스해운대신시가지,행복한어린이집,20.75,0.0
2026-08-02T19:00:00,1380059100,대천로,효성코오롱아파트,행복한어린이집,19.84,0.0
2026-08-02T19:00:00,1380063400,대천로,춘천4교,행복한어린이집,17.34,0.0
2026-08-02T19:00:00,1380063300,대천로,행복한어린이집,춘천4교,21.42,0.0
2026-08-02T19:00:00,1380066600,대천로67번길,양운초등학교앞교차로,춘천4교,16.08,0.0
2026-08-02T19:00:00,1380066400,대천로,춘천4교,춘천4교,21.67,0.0
2026-08-02T19:00:00,1380063501,좌동로,해운대문화회관교차로,구좌동주민센터교차로,15.0,0.0
2026-08-02T19:00:00,1380063601,좌동로,구좌동사무소교차로,구좌동주민센터교차로,18.0,0.0
2026-08-02T19:00:00,1380063502,좌동로,구좌동주민센터교차로,구좌동사무소교차로,8.0,0.0
2026-08-02T19:00:00,1380064500,세실로,반야원,구좌동사무소교차로,8.92,0.0
2026-08-02T19:00:00,1380066002,좌동로,구좌동주민센터교차로,구좌동사무소교차로,9.42,0.0
2026-08-02T19:00:00,1380066200,세실로,햇살공원교차로,구좌동사무소교차로,11.25,0.0
2026-08-02T19:00:00,1380063700,양운로,해운대문화회관교차로,공원입구교차로,13.58,0.0
2026-08-02T19:00:00,1380067300,대천로,춘천4교,공원입구교차로,10.25,0.0
2026-08-02T19:00:00,1380069800,양운로,양운고사거리,공원입구교차로,12.67,0.0
2026-08-02T19:00:00,1380069602,대천로,좌동1285,공원입구교차로,14.75,0.0
2026-08-02T19:00:00,1380061700,세실로,장산역4번출구,반야원,9.0,0.0
2026-08-02T19:00:00,1380063900,세실로69번길,반야원,반야원,9.67,0.0
2026-08-02T19:00:00,1380064600,세실로,구좌동사무소교차로,반야원,15.75,0.0
2026-08-02T19:00:00,1380064101,좌동순환로,해운대백병원사거리,좌동1422,22.5,0.0
2026-08-02T19:00:00,1380064201,좌동순환로,부흥중고교앞교차로,좌동1422,20.08,0.0
2026-08-02T19:00:00,1380068700,좌동로,건영아파트사거리,부흥중고교앞교차로,11.92,0.0
2026-08-02T19:00:00,1380064102,좌동순환로,좌동1422,부흥중고교앞교차로,17.42,0.0
2026-08-02T19:00:00,1380071202,좌동로,좌동1422,부흥중고교앞교차로,10.17,0.0
2026-08-02T19:00:00,1380071402,좌동순환로,부흥중학교,부흥중고교앞교차로,14.5,0.0
2026-08-02T19:00:00,1380064301,해운대로,해운대백병원사거리,좌동1422,26.67,0.0
2026-08-02T19:00:00,1380064401,해운대로,좌동지하차도앞교차로,좌동1422,23.83,0.0
2026-08-02T19:00:00,1380073200,해운대로,좌동1422,좌동지하차도앞교차로,22.42,0.0
2026-08-02T19:00:00,1380073400,장산로,좌동1422-1,좌동지하차도앞교차로,28.25,0.0
2026-08-02T19:00:00,1380064302,해운대로,좌동1422,좌동지하차도앞교차로,19.5,0.0
2026-08-02T19:00:00,1380071102,좌동로,좌동1422,좌동지하차도앞교차로,18.92,0.0
2026-08-02T19:00:00,1380067700,센텀7로,포스크리에이티브파티본사,APEC기후센터,22.25,0.0
2026-08-02T19:00:00,1380064900,센텀서로,센텀가온어린이집,APEC기후센터,30.67,0.0
2026-08-02T19:00:00,1380069200,센텀7로,부산산업과학혁신원,APEC기후센터,18.08,0.0
2026-08-02T19:00:00,1380065304,센텀동로,우동1524,우동1524,20.83,0.0
2026-08-02T19:00:00,1380065401,센텀동로,부산산업과학혁신원,우동1524,6.0,0.0
2026-08-02T19:00:00,1380118300,센텀동로,재송동1199,우동1524,11.59,0.0
2026-08-02T19:00:00,1380065303,센텀동로,부산센텀시티우체국,우동1524,37.33,0.0
2026-08-02T19:00:00,1380099900,센텀6로,이디야커피부산센텀퍼스트점,우동1524,15.0,0.0
2026-08-02T19:00:00,1380065403,센텀동로,우동1524,우동1524,20.0,0.0
2026-08-02T19:00:00,1380066700,센텀중앙로,이디야커피부산센텀퍼스트점,부산산업과학혁신원,45.17,0.0
2026-08-02T19:00:00,1380069100,센텀7로,APEC기후센터,부산산업과학혁신원,20.75,0.0
2026-08-02T19:00:00,1380065302,센텀동로,우동1524,부산산업과학혁신원,11.17,0.0
2026-08-02T19:00:00,1380071002,센텀중앙로,센텀시티지하차도(남측),부산산업과학혁신원,29.92,0.0
2026-08-02T19:00:00,1380065500,좌동순환로,엔제리너스해운대신시가지,양운초등학교앞교차로,11.67,0.0
2026-08-02T19:00:00,1380066500,대천로67번길,춘천4교,양운초등학교앞교차로,14.67,0.0
2026-08-02T19:00:00,1380068200,대천로67번길,좌동119안전센터,양운초등학교앞교차로,4.58,0.0
2026-08-02T19:00:00,1380068402,좌동순환로,좌동1343,양운초등학교앞교차로,15.75,0.0
2026-08-02T19:00:00,1380065700,-,엔제리너스해운대신시가지,좌동119안전센터,12.75,0.0
2026-08-02T19:00:00,1380068100,대천로67번길,양운초등학교앞교차로,좌동119안전센터,17.42,0.0
2026-08-02T19:00:00,1380068600,대천로67번길,부산양운우체국,좌동119안전센터,22.5,0.0
2026-08-02T19:00:00,1380066001,좌동로,건영아파트사거리,구좌동주민센터교차로,16.75,0.0
2026-08-02T19:00:00,1380065901,좌동로,구좌동사무소교차로,구좌동주민센터교차로,17.33,0.0
2026-08-02T19:00:00,1380066100,세실로,구좌동사무소교차로,햇살공원교차로,11.08,0.0
2026-08-02T19:00:00,1380068902,대천로,건영2차아파트교차로,햇살공원교차로,20.25,0.0
2026-08-02T19:00:00,1380070500,대천로,새생명교회,햇살공원교차로,16.08,0.0
2026-08-02T19:00:00,1380071600,세실로,좌동지구대앞교차로,햇살공원교차로,16.92,0.0
2026-08-02T19:00:00,1380059300,대천로42번길,효성코오롱아파트,춘천4교,14.75,0.0
2026-08-02T19:00:00,1380066300,대천로,춘천4교,춘천4교,18.75,0.0
2026-08-02T19:00:00,1380067400,대천로,공원입구교차로,춘천4교,24.0,0.0
2026-08-02T19:00:00,1380067200,대천로67번길,부산양운우체국,부산양운우체국,21.17,0.0
2026-08-02T19:00:00,1380059700,-,임마누엘해운대교회,부산양운우체국,28.67,0.0
2026-08-02T19:00:00,1380069400,대천로67번길,장산터널,부산양운우체국,25.58,0.0
2026-08-02T19:00:00,1380068500,대천로67번길,좌동119안전센터,부산양운우체국,20.42,0.0
2026-08-02T19:00:00,1380067100,대천로67번길,부산양운우체국,부산양운우체국,19.0,0.0
2026-08-02T19:00:00,1380068301,좌동순환로,양운초등학교앞교차로,좌동1343,25.83,0.0
2026-08-02T19:00:00,1380068401,좌동순환로,양운고사거리,좌동1343,23.83,0.0
2026-08-02T19:00:00,1380069700,양운로,공원입구교차로,양운고사거리,16.25,0.0
2026-08-02T19:00:00,1380068302,좌동순환로,좌동1343,양운고사거리,15.09,0.0
2026-08-02T19:00:00,1380074000,좌동순환로,메가커피해운대좌동점,양운고사거리,21.5,0.0
2026-08-02T19:00:00,1380074200,양운로,장산고가교,양운고사거리,21.0,0.0
2026-08-02T19:00:00,1380068901,대천로,건영아파트사거리,건영2차아파트교차로,24.92,0.0
2026-08-02T19:00:00,1380069001,대천로,햇살공원교차로,건영2차아파트교차로,15.33,0.0
2026-08-02T19:00:00,1380069501,대천로,공원입구교차로,좌동1285,20.42,0.0
2026-08-02T19:00:00,1380069601,대천로,새생명교회,좌동1285,14.17,0.0
2026-08-02T19:00:00,1380070600,대천로,햇살공원교차로,새생명교회,19.75,0.0
2026-08-02T19:00:00,1380069502,대천로,좌동1285,새생명교회,18.58,0.0
2026-08-02T19:00:00,1380070800,대천로103번길,메가커피해운대좌동점,새생명교회,4.0,0.0
2026-08-02T19:00:00,1380069900,수영강변대로,센텀시티지하차도북측,새롬타올자수,44.25,0.0
2026-08-02T19:00:00,1380072400,센텀북대로,수영3호교동측,새롬타올자수,27.33,0.0
2026-08-02T19:00:00,1380072600,수영강변대로,우리은행센텀파크지점,새롬타올자수,54.0,0.0
2026-08-02T19:00:00,1380074600,수영강변대로,우리은행센텀파크지점,수영강변TG,55.67,0.0
2026-08-02T19:00:00,1380070300,광안대로,센텀시티지하차도북측,광안대교수영TG,70.17,0.0
2026-08-02T19:00:00,1380075300,광안대로,우리은행센텀파크지점,광안대교수영TG,66.29,0.0
2026-08-02T19:00:00,1380073900,좌동순환로,양운고사거리,메가커피해운대좌동점,17.42,0.0
2026-08-02T19:00:00,1380070700,대천로103번길,새생명교회,메가커피해운대좌동점,12.33,0.0
2026-08-02T19:00:00,1380074700,좌동순환로,좌동지구대앞교차로,메가커피해운대좌동점,17.5,0.0
2026-08-02T19:00:00,1380075500,대천로103번길,메가커피해운대좌동점,메가커피해운대좌동점,12.0,0.0
2026-08-02T19:00:00,1380072000,좌수영로,수영강변TG,좌수영교,46.33,0.0
2026-08-02T19:00:00,1380071800,센텀북대로,수영3호교동측,좌수영교,48.34,0.0
2026-08-02T19:00:00,1430026100,센텀북대로,수영3호교서측,좌수영교,20.17,0.0
2026-08-02T19:00:00,1380072300,센텀북대로,새롬타올자수,수영3호교동측,17.92,0.0
2026-08-02T19:00:00,1380071700,센텀북대로,좌수영교,수영3호교동측,33.0,0.0
2026-08-02T19:00:00,1380073800,센텀북대로,센텀파크앞교차로,수영3호교동측,35.08,0.0
2026-08-02T19:00:00,1380072500,수영강변대로,새롬타올자수,우리은행센텀파크지점,49.25,0.0
2026-08-02T19:00:00,1380075200,광안대로,광안대교수영TG,우리은행센텀파크지점,60.13,0.0
2026-08-02T19:00:00,1380096300,센텀중앙로,센텀초등학교,우리은행센텀파크지점,19.17,0.0
2026-08-02T19:00:00,1380077902,수영강변대로,수영강변지하차도,우리은행센텀파크지점,55.17,0.0
2026-08-02T19:00:00,1380072900,송정해변로,모카비치,송정항,15.33,0.0
2026-08-02T19:00:00,1380077700,송정해변로,해수욕장입구교차로,송정항,17.09,0.0
2026-08-02T19:00:00,1380073700,센텀북대로,수영3호교동측,센텀파크앞교차로,19.0,0.0
2026-08-02T19:00:00,1380074402,센텀북대로,재송동1199,센텀파크앞교차로,14.17,0.0
2026-08-02T19:00:00,1380096100,센텀중앙로,센텀시티지하차도(북측),센텀파크앞교차로,10.83,0.0
2026-08-02T19:00:00,1380070902,센텀중앙로,센텀시티지하차도(남측),센텀파크앞교차로,15.58,0.0
2026-08-02T19:00:00,1380077100,장산로,춘천1교,장산고가교,28.58,0.0
2026-08-02T19:00:00,1380074100,양운로,양운고사거리,장산고가교,26.0,0.0
2026-08-02T19:00:00,1380076900,양운로,대천램프교차로,장산고가교,27.42,0.0
2026-08-02T19:00:00,1380074401,센텀북대로,재송동삼거리,재송동1199,15.0,0.0
2026-08-02T19:00:00,1380118400,센텀동로,우동1524,재송동1199,10.5,0.0
2026-08-02T19:00:00,1380074301,센텀북대로,센텀파크앞교차로,재송동1199,24.17,0.0
2026-08-02T19:00:00,1380118900,센텀동로,센텀초등학교,재송동1199,20.42,0.0
2026-08-02T19:00:00,1380071500,세실로,햇살공원교차로,좌동지구대앞교차로,10.92,0.0
2026-08-02T19:00:00,1380074800,좌동순환로,메가커피해운대좌동점,좌동지구대앞교차로,19.17,0.0
2026-08-02T19:00:00,1380075000,세실로,좌동지구대앞교차로,좌동지구대앞교차로,7.25,0.0
2026-08-02T19:00:00,1380071302,좌동순환로,부흥중학교,좌동지구대앞교차로,18.08,0.0
2026-08-02T19:00:00,1380074900,세실로,좌동지구대앞교차로,좌동지구대앞교차로,23.25,0.0
2026-08-02T19:00:00,1380075700,-,메가커피해운대좌동점,좌동지구대앞교차로,8.0,0.0
2026-08-02T19:00:00,1380075900,세실로,신해운대역1번출구,좌동지구대앞교차로,19.25,0.0
2026-08-02T19:00:00,1380075400,대천로103번길,메가커피해운대좌동점,메가커피해운대좌동점,22.5,0.0
2026-08-02T19:00:00,1380075800,세실로,좌동지구대앞교차로,신해운대역1번출구,22.34,0.0
2026-08-02T19:00:00,1380076200,재반로,재송동삼거리,풍성한교회,18.25,0.0
2026-08-02T19:00:00,1380079100,해운대로161번길,동부지청어귀삼거리,풍성한교회,21.5,0.0
2026-08-02T19:00:00,1380079800,재반로,엘벧엘교회,풍성한교회,17.0,0.0
2026-08-02T19:00:00,1380078000,장산로,장산고가교,대천램프교차로,17.42,0.0
2026-08-02T19:00:00,1380076800,양운로,장산고가교,대천램프교차로,8.42,0.0
2026-08-02T19:00:00,1380077600,송정해변로,송정항,해수욕장입구교차로,19.0,0.0
2026-08-02T19:00:00,1380078200,기장해안로,해수욕장입구,해수욕장입구교차로,26.07,344.0
2026-08-02T19:00:00,1380078402,송정중앙로,송정동197,해수욕장입구교차로,26.06,106.0
2026-08-02T19:00:00,1380078100,기장해안로,해수욕장입구교차로,해수욕장입구,25.46,182.0
2026-08-02T19:00:00,1380078600,기장해안로,일출횟집,해수욕장입구,29.6,344.0
2026-08-02T19:00:00,1380079402,센텀동로,해운대경찰서앞교차로,수영강변지하차도,13.83,0.0
2026-08-02T19:00:00,1380095100,수영강변대로,과정교,수영강변지하차도,7.0,0.0
2026-08-02T19:00:00,1380079401,센텀동로,해운대경찰서앞교차로,해운대경찰서앞교차로,27.83,0.0
2026-08-02T19:00:00,1380079301,센텀동로,수영강변지하차도,해운대경찰서앞교차로,18.08,0.0
2026-08-02T19:00:00,1380119200,센텀동로,센텀초등학교,해운대경찰서앞교차로,22.58,0.0
2026-08-02T19:00:00,1380079501,수영강변대로,수영강변지하차도,수영강변지하차도,28.17,0.0
2026-08-02T19:00:00,1380079602,수영강변대로,재송동958-3,수영강변지하차도,37.08,0.0
2026-08-02T19:00:00,1380120500,수영강변대로,수영강변지하차도,수영강변지하차도,46.84,0.0
2026-08-02T19:00:00,1380079502,수영강변대로,수영강변지하차도,재송동958-3,51.0,0.0
2026-08-02T19:00:00,1380079601,수영강변대로,수영강변도로원동고가교남측,재송동958-3,41.92,0.0
2026-08-02T19:00:00,1380079503,수영강변대로,재송동958-3,수영강변도로원동고가교남측,61.42,0.0
2026-08-02T19:00:00,1380122601,수영강변대로,삼성파트너스,수영강변도로원동고가교남측,62.33,0.0
2026-08-02T19:00:00,1380080200,재반로,엔제리너스부산재송,엘벧엘교회,24.5,0.0
2026-08-02T19:00:00,1380080000,재송1로,재송역,엘벧엘교회,13.83,0.0
2026-08-02T19:00:00,1380079700,재반로,풍성한교회,엘벧엘교회,23.75,0.0
2026-08-02T19:00:00,1380081900,반여로2번길,왕자맨션앞교차로,왕자맨션,21.75,0.0
2026-08-02T19:00:00,1380082202,반여로,반여동1317-2,왕자맨션,20.25,0.0
2026-08-02T19:00:00,1380082101,반여로,왕자맨션,반여동1317-2,20.92,0.0
2026-08-02T19:00:00,1380082201,반여로,꿈에그린어린이집,반여동1317-2,21.34,0.0
2026-08-02T19:00:00,1380082102,반여로,반여동1317-2,꿈에그린어린이집,16.42,0.0
2026-08-02T19:00:00,1380083000,반여로,푸르니어린이집,꿈에그린어린이집,24.34,0.0
2026-08-02T19:00:00,1380082900,반여로,꿈에그린어린이집,푸르니어린이집,24.17,0.0
2026-08-02T19:00:00,1380084200,반여로,반여동산교회,푸르니어린이집,21.0,0.0
2026-08-02T19:00:00,1380084404,수영강변대로,반여동1199-15,수영강변도로원동고가교북측,50.33,0.0
2026-08-02T19:00:00,1380123001,수영강변대로,삼성파트너스,수영강변도로원동고가교북측,20.67,0.0
2026-08-02T19:00:00,1380090800,선수촌로,반여고가교,삼어교동측,19.42,0.0
2026-08-02T19:00:00,1380090500,선수촌로,명륜오거리,삼어교동측,19.25,0.0
2026-08-02T19:00:00,1380085600,-,삼어교서측,삼어교동측,15.75,0.0
2026-08-02T19:00:00,1380082500,재반로,반여23파출소,갈보리교회,22.5,0.0
2026-08-02T19:00:00,1380083800,재반로,장산성당,갈보리교회,30.92,0.0
2026-08-02T19:00:00,1380083700,재반로,갈보리교회,장산성당,30.92,0.0
2026-08-02T19:00:00,1380084700,반여로,반여동산교회,장산성당,28.33,0.0
2026-08-02T19:00:00,1380086002,반여로155번길,반여동1014-11,장산성당,11.67,0.0
2026-08-02T19:00:00,1380084100,반여로,푸르니어린이집,반여동산교회,15.5,0.0
2026-08-02T19:00:00,1380084800,반여로,장산성당,반여동산교회,17.58,0.0
2026-08-02T19:00:00,1380084600,-,반여고가교,반여동산교회,15.0,0.0
2026-08-02T19:00:00,1380084304,수영강변대로,반여동1199-15,반여동1199-15,46.34,0.0
2026-08-02T19:00:00,1380084401,수영강변대로,선수촌교차로,반여동1199-15,43.34,0.0
2026-08-02T19:00:00,1380084303,수영강변대로,수영강변도로원동고가교북측,반여동1199-15,41.0,0.0
2026-08-02T19:00:00,1380084403,수영강변대로,반여동1199-15,반여동1199-15,33.0,0.0
2026-08-02T19:00:00,1380084302,수영강변대로,반여동1199-15,선수촌교차로,40.67,0.0
2026-08-02T19:00:00,1380085300,선수촌고가로,반여고가교,선수촌교차로,17.09,0.0
2026-08-02T19:00:00,1380085800,수영강변대로,GS주유소광안대로,선수촌교차로,44.08,0.0
2026-08-02T19:00:00,1380090700,선수촌로,삼어교동측,반여고가교,16.34,0.0
2026-08-02T19:00:00,1380084500,-,반여동산교회,반여고가교,15.75,0.0
2026-08-02T19:00:00,1380085400,선수촌고가로,선수촌교차로,반여고가교,19.58,0.0
2026-08-02T19:00:00,1380085901,반여로155번길,장산성당,반여동1014-11,11.92,0.0
2026-08-02T19:00:00,1380086001,반여로155번길,명륜오거리,반여동1014-11,19.0,0.0
2026-08-02T19:00:00,1380090600,선수촌로,삼어교동측,명륜오거리,20.67,0.0
2026-08-02T19:00:00,1380085902,반여로155번길,반여동1014-11,명륜오거리,11.92,0.0
2026-08-02T19:00:00,1380087402,선수촌로,반여동1502-48,풍산동래공장사원사택,26.75,0.0
2026-08-02T19:00:00,1380087200,선수촌로,반여농산물도매시장앞교차로,풍산동래공장사원사택,27.67,0.0
2026-08-02T19:00:00,1380087001,수영강변대로,반여농산물도매시장앞교차로,반여동1502-34,38.42,0.0
2026-08-02T19:00:00,1380086901,수영강변대로,GS주유소광안대로,반여동1502-34,53.08,0.0
2026-08-02T19:00:00,1380087401,선수촌로,반여농산물시장역,반여동1502-48,13.0,0.0
2026-08-02T19:00:00,1380087301,선수촌로,풍산동래공장사원사택,반여동1502-48,25.5,0.0
2026-08-02T19:00:00,1380087100,선수촌로,풍산동래공장사원사택,반여농산물도매시장앞교차로,17.83,0.0
2026-08-02T19:00:00,1380086902,수영강변대로,반여동1502-34,반여농산물도매시장앞교차로,50.09,0.0
2026-08-02T19:00:00,1380087600,수영강변대로,석대고가교남측,반여농산물도매시장앞교차로,32.34,0.0
2026-08-02T19:00:00,1380087800,수영강변대로,석대사거리,석대고가교남측,45.5,0.0
2026-08-02T19:00:00,1380087500,수영강변대로,반여농산물도매시장앞교차로,석대고가교남측,43.5,0.0
2026-08-02T19:00:00,1380088000,수영강변대로,석대고가교북측,석대고가교남측,62.08,207.0
2026-08-02T19:00:00,1380088200,아랫반송로,부산광역시립반송도서관,대한천리교,16.92,0.0
2026-08-02T19:00:00,1380088100,아랫반송로,대한천리교,부산광역시립반송도서관,19.33,0.0
2026-08-02T19:00:00,1380088500,아랫반송로29번길,반송3동주민센터,부산광역시립반송도서관,15.83,0.0
2026-08-02T19:00:00,1380089000,아랫반송로,반송도서관앞교차로,부산광역시립반송도서관,19.08,0.0
2026-08-02T19:00:00,1380088400,반송순환로,반송3동주민센터,해운대문화놀이센터,19.17,0.0
2026-08-02T19:00:00,1380088600,아랫반송로29번길,부산광역시립반송도서관,반송3동주민센터,20.0,0.0
2026-08-02T19:00:00,1380088300,반송순환로,해운대문화놀이센터,반송3동주민센터,24.75,0.0
2026-08-02T19:00:00,1380089600,아랫반송로21번길,동부산전문대학앞교차로,동래농협반송지점,25.5,0.0
2026-08-02T19:00:00,1380089300,아랫반송로21번길,반송도서관앞교차로,동래농협반송지점,21.92,0.0
2026-08-02T19:00:00,1380089200,아랫반송로,반송1호교교차로,반송도서관앞교차로,21.58,0.0
2026-08-02T19:00:00,1380088900,아랫반송로,부산광역시립반송도서관,반송도서관앞교차로,16.67,0.0
2026-08-02T19:00:00,1380089400,아랫반송로21번길,동래농협반송지점,반송도서관앞교차로,24.83,0.0
2026-08-02T19:00:00,1450002500,반송로,목자교회,운봉삼거리,30.67,0.0
2026-08-02T19:00:00,1450002903,반송로,고촌리160-27,운봉삼거리,37.0,0.0
2026-08-02T19:00:00,1380091001,울산포항고속도로,해운대IC,동부산IC남측,83.67,0.0
2026-08-02T19:00:00,1451153500,울산포항고속도로,동부산IC북측,동부산IC남측,86.09,0.0
2026-08-02T19:00:00,1400011700,중앙대로,노포축산,예수촌교회,27.4,271.0
2026-08-02T19:00:00,1400012000,중앙대로,입구식당,예수촌교회,40.33,0.0
2026-08-02T19:00:00,1400055500,체육공원로399번길,노포IC앞교차로,예수촌교회,25.42,0.0
2026-08-02T19:00:00,1400011900,중앙대로,예수촌교회,입구식당,38.4,271.0
2026-08-02T19:00:00,1400012200,중앙대로,여락고가교,입구식당,27.75,0.0
2026-08-02T19:00:00,1400057300,두구로,두구교서측,입구식당,16.92,0.0
2026-08-02T19:00:00,1400012100,중앙대로,입구식당,여락고가교,54.42,0.0
2026-08-02T19:00:00,1400012300,중앙대로,금정구-양산시,여락고가교,71.42,0.0
2026-08-02T19:00:00,1400057600,중앙대로,두구동982,여락고가교,53.42,0.0
2026-08-02T19:00:00,1400012400,중앙대로,여락고가교,금정구-양산시,64.0,0.0
2026-08-02T19:00:00,3880841600,중앙대로,,금정구-양산시,67.34,0.0
2026-08-02T19:00:00,1400013100,서동중심로,엘림교회,세계기독교통일신령협회금정교회,29.0,0.0
2026-08-02T19:00:00,1400014000,서동로176번길,부경양돈농협서동지점,세계기독교통일신령협회금정교회,19.92,0.0
2026-08-02T19:00:00,1400014200,서동중심로,희망교회,세계기독교통일신령협회금정교회,24.92,0.0
2026-08-02T19:00:00,1400013900,서동로176번길,세계기독교통일신령협회금정교회,부경양돈농협서동지점,24.59,0.0
2026-08-02T19:00:00,1400014400,서동중심로,희망교회,부경양돈농협서동지점,19.92,0.0
2026-08-02T19:00:00,1400014600,서동로176번길,부산은행금사공단지점,부경양돈농협서동지점,14.5,0.0
2026-08-02T19:00:00,1400014100,서동중심로,세계기독교통일신령협회금정교회,희망교회,17.25,0.0
2026-08-02T19:00:00,1400015200,서동중심로,희망교회,희망교회,21.75,0.0
2026-08-02T19:00:00,1400014500,서동로176번길,부경양돈농협서동지점,부산은행금사공단지점,19.0,0.0
2026-08-02T19:00:00,1400015600,서동로,부경양돈농협서동지점,부산은행금사공단지점,15.34,0.0
2026-08-02T19:00:00,1400015800,서동로175번길,넘버25호텔서동점,부산은행금사공단지점,20.75,0.0
2026-08-02T19:00:00,1400014700,서동로,금사사거리,부산은행금사공단지점,13.5,0.0
2026-08-02T19:00:00,1400017600,개좌로,동래농협동상동지점,금사동교차로,28.25,0.0
2026-08-02T19:00:00,1400017802,공단서로18번길,금사동154,금사동교차로,28.17,0.0
2026-08-02T19:00:00,1400014900,개좌로,금사사거리,금사동교차로,30.0,0.0
2026-08-02T19:00:00,1400013700,서명로,영광어린이집,희망교회,21.17,0.0
2026-08-02T19:00:00,1400015100,서동중심로,희망교회,희망교회,19.59,0.0
2026-08-02T19:00:00,1400015400,서동중심로,NH농협은행서동지점,희망교회,21.0,0.0
2026-08-02T19:00:00,1400015300,서동중심로,희망교회,NH농협은행서동지점,16.92,0.0
2026-08-02T19:00:00,1400016100,서동로,부경양돈농협서동지점,NH농협은행서동지점,25.5,0.0
2026-08-02T19:00:00,1400016600,서동로,장미교회,NH농협은행서동지점,26.42,0.0
2026-08-02T19:00:00,1400015500,서동로,부산은행금사공단지점,부경양돈농협서동지점,19.75,0.0
2026-08-02T19:00:00,1400016200,서동로,NH농협은행서동지점,부경양돈농협서동지점,20.33,0.0
2026-08-02T19:00:00,1400015700,서동로175번길,부산은행금사공단지점,넘버25호텔서동점,19.0,0.0
2026-08-02T19:00:00,1400017000,서동로175번길,금사동교차로,넘버25호텔서동점,21.0,0.0
2026-08-02T19:00:00,1400016800,서동로175번길,금정구건강생활지원센터,넘버25호텔서동점,11.17,0.0
2026-08-02T19:00:00,1400015900,금사로,부산은행금사공단지점,금정구건강생활지원센터,11.0,0.0
2026-08-02T19:00:00,1400016700,서동로175번길,넘버25호텔서동점,금정구건강생활지원센터,13.25,0.0
2026-08-02T19:00:00,1400017200,서곡로,둥지어린이집,금정구건강생활지원센터,17.0,0.0
2026-08-02T19:00:00,1400017400,금사로,행복한사람들의교회,금정구건강생활지원센터,19.67,0.0
2026-08-02T19:00:00,1400016300,서부로,부경양돈농협서동지점,서동제일어린이집,16.5,0.0
2026-08-02T19:00:00,1400018400,서금로,둥지어린이집,서동제일어린이집,22.83,0.0
2026-08-02T19:00:00,1400018600,서부로,소망교회,서동제일어린이집,23.92,0.0
2026-08-02T19:00:00,1400016500,서동로,NH농협은행서동지점,장미교회,27.5,0.0
2026-08-02T19:00:00,1400019800,서동로,서1치안센터,장미교회,20.92,0.0
2026-08-02T19:00:00,1400020000,서동로,신동아어린이집,장미교회,27.75,0.0
2026-08-02T19:00:00,1400017100,서곡로,금정구건강생활지원센터,둥지어린이집,18.08,0.0
2026-08-02T19:00:00,1400018300,서금로,서동제일어린이집,둥지어린이집,22.33,0.0
2026-08-02T19:00:00,1400020200,서금로,꿈사랑어린이집,둥지어린이집,22.25,0.0
2026-08-02T19:00:00,1400017500,개좌로,금사동교차로,동래농협동상동지점,30.67,0.0
2026-08-02T19:00:00,1400018800,금사로,행복한사람들의교회,동래농협동상동지점,26.42,0.0
2026-08-02T19:00:00,1400019002,개좌로,대원상사,동래농협동상동지점,24.0,0.0
2026-08-02T19:00:00,1400017701,공단서로18번길,금사동교차로,금사동154,27.0,0.0
2026-08-02T19:00:00,1400017801,공단서로18번길,진무건설,금사동154,26.67,0.0
2026-08-02T19:00:00,1400290100,공단로,대원상사,금사동154,22.0,0.0
2026-08-02T19:00:00,1400290400,공단서로8번길,현대모비스,금사동154,17.0,0.0
2026-08-02T19:00:00,1400017702,공단서로18번길,금사동154,진무건설,24.0,0.0
2026-08-02T19:00:00,1400019202,공단로50번길,금사동151,진무건설,23.0,0.0
2026-08-02T19:00:00,1400018100,공단서로18번길,동천교서측,진무건설,23.0,0.0
2026-08-02T19:00:00,1400017900,공단서로8번길,서3동파출소,진무건설,21.0,0.0
2026-08-02T19:00:00,1400018500,서부로,서동제일어린이집,소망교회,28.58,0.0
2026-08-02T19:00:00,1400020500,동현로,서1치안센터,소망교회,21.75,0.0
2026-08-02T19:00:00,1400021600,서부로,숲속유치원,소망교회,24.75,0.0
2026-08-02T19:00:00,1400017300,금사로,금정구건강생활지원센터,행복한사람들의교회,14.75,0.0
2026-08-02T19:00:00,1400018700,금사로,동래농협동상동지점,행복한사람들의교회,16.5,0.0
2026-08-02T19:00:00,1400020400,금사로,창대교회,행복한사람들의교회,26.42,0.0
2026-08-02T19:00:00,1400018901,개좌로,동래농협동상동지점,대원상사,31.92,0.0
2026-08-02T19:00:00,1400290200,공단로,금사동154,대원상사,19.0,0.0
2026-08-02T19:00:00,1400019001,개좌로,12번교차로,대원상사,24.0,0.0
2026-08-02T19:00:00,1400018902,개좌로,대원상사,12번교차로,28.84,0.0
2026-08-02T19:00:00,1400019102,공단로50번길,금사동151,12번교차로,25.0,0.0
2026-08-02T19:00:00,1400021400,개좌로,도도네개집,12번교차로,25.46,0.0
2026-08-02T19:00:00,1400019101,공단로50번길,진무건설,금사동151,24.0,0.0
2026-08-02T19:00:00,1400019201,공단로50번길,12번교차로,금사동151,24.0,0.0
2026-08-02T19:00:00,1400019501,부곡로,온천장입구교차로,부곡4동주민센터,15.25,0.0
2026-08-02T19:00:00,1400019601,부곡로,부산부곡동우체국,부곡4동주민센터,22.67,0.0
2026-08-02T19:00:00,1400019502,부곡로,부곡4동주민센터,부산부곡동우체국,15.17,0.0
2026-08-02T19:00:00,1400022500,서동로,신동아어린이집,부산부곡동우체국,5.67,0.0
2026-08-02T19:00:00,1400023400,부곡로,우리은행부곡동지점,부산부곡동우체국,16.42,0.0
2026-08-02T19:00:00,1400019700,서동로,장미교회,서1치안센터,22.92,0.0
2026-08-02T19:00:00,1400020600,동현로,소망교회,서1치안센터,21.58,0.0
2026-08-02T19:00:00,1400020800,동현로,대한예수교회영광교회,서1치안센터,19.5,0.0
2026-08-02T19:00:00,1400019900,서동로,장미교회,신동아어린이집,24.08,0.0
2026-08-02T19:00:00,1400022600,서동로,부산부곡동우체국,신동아어린이집,23.33,0.0
2026-08-02T19:00:00,1400022800,동부곡로6번길,우리은행부곡동지점,신동아어린이집,14.42,0.0
2026-08-02T19:00:00,1400020100,서금로,둥지어린이집,꿈사랑어린이집,19.25,0.0
2026-08-02T19:00:00,1400021200,서금로,천우델타빌,꿈사랑어린이집,26.5,0.0
2026-08-02T19:00:00,1400020300,금사로,행복한사람들의교회,창대교회,21.39,0.0
2026-08-02T19:00:00,1400024200,사천로,천우델타빌,창대교회,24.08,0.0
2026-08-02T19:00:00,1400024400,금사로,금사동청소년공부방,창대교회,29.83,0.0
2026-08-02T19:00:00,1400020700,동현로,서1치안센터,대한예수교회영광교회,19.5,0.0
2026-08-02T19:00:00,1400021700,서부로,숲속유치원,대한예수교회영광교회,28.5,0.0
2026-08-02T19:00:00,1400022000,동현로,소심유치원,대한예수교회영광교회,21.59,0.0
2026-08-02T19:00:00,1400021500,서부로,소망교회,숲속유치원,25.42,0.0
2026-08-02T19:00:00,1400021800,서부로,대한예수교회영광교회,숲속유치원,29.0,0.0
2026-08-02T19:00:00,1400021100,서금로,꿈사랑어린이집,천우델타빌,25.25,0.0
2026-08-02T19:00:00,1400024100,사천로,창대교회,천우델타빌,22.75,0.0
2026-08-02T19:00:00,1400021300,개좌로,12번교차로,도도네개집,30.83,0.0
2026-08-02T19:00:00,1400028300,금사로,금사동청소년공부방,도도네개집,19.75,0.0
2026-08-02T19:00:00,1400032002,개좌로,삼화여객,도도네개집,31.59,0.0
2026-08-02T19:00:00,1400021900,동현로,대한예수교회영광교회,소심유치원,24.75,0.0
2026-08-02T19:00:00,1400022200,동현로,꼬마대통령어린이집,소심유치원,23.75,0.0
2026-08-02T19:00:00,1400022400,-,고방사,소심유치원,20.17,0.0
2026-08-02T19:00:00,1400022100,동현로,소심유치원,꼬마대통령어린이집,25.58,0.0
2026-08-02T19:00:00,1400023200,-,고방사,꼬마대통령어린이집,15.84,0.0
2026-08-02T19:00:00,1400023000,동현로,우리은행부곡동지점,꼬마대통령어린이집,22.0,0.0
2026-08-02T19:00:00,1400022300,-,소심유치원,고방사,15.25,0.0
2026-08-02T19:00:00,1400023100,-,꼬마대통령어린이집,고방사,20.42,0.0
2026-08-02T19:00:00,1400022700,동부곡로6번길,신동아어린이집,우리은행부곡동지점,22.83,0.0
2026-08-02T19:00:00,1400022900,동현로,꼬마대통령어린이집,우리은행부곡동지점,23.58,0.0
2026-08-02T19:00:00,1400023800,동현로,우리은행부곡동지점,우리은행부곡동지점,21.5,0.0
2026-08-02T19:00:00,1400024600,동현로,뉴타운교,우리은행부곡동지점,14.25,0.0
2026-08-02T19:00:00,1400023300,부곡로,부산부곡동우체국,우리은행부곡동지점,30.33,0.0
2026-08-02T19:00:00,1400023700,동현로,우리은행부곡동지점,우리은행부곡동지점,7.0,0.0
2026-08-02T19:00:00,1400024800,부곡로,희락커피,우리은행부곡동지점,18.17,0.0
2026-08-02T19:00:00,1400023600,식물원로,장전동교차로,소정천삼거리,15.17,0.0
2026-08-02T19:00:00,1400002200,중앙대로,정천삼거리,소정천삼거리,11.17,0.0
2026-08-02T19:00:00,1350009804,중앙대로,온천동1750-1,소정천삼거리,23.75,0.0
2026-08-02T19:00:00,1400023500,식물원로,소정천삼거리,장전동교차로,15.92,0.0
2026-08-02T19:00:00,1400026002,식물원로,장전동608-2,장전동교차로,9.67,0.0
2026-08-02T19:00:00,1400026200,금정로,장전신한은행앞사거리,장전동교차로,15.09,0.0
2026-08-02T19:00:00,1400292900,온천장로,소방서삼거리,장전동교차로,19.42,0.0
2026-08-02T19:00:00,1400024300,금사로,창대교회,금사동청소년공부방,24.42,0.0
2026-08-02T19:00:00,1400028400,금사로,도도네개집,금사동청소년공부방,26.83,0.0
2026-08-02T19:00:00,1400024700,부곡로,우리은행부곡동지점,희락커피,25.92,0.0
2026-08-02T19:00:00,1400026800,부곡로,부곡2동우편취급국,희락커피,31.25,0.0
2026-08-02T19:00:00,1400024900,오시게로,뉴타운교,온천5호교동측,22.0,0.0
2026-08-02T19:00:00,1400002300,중앙대로,정천삼거리,온천5호교동측,43.83,0.0
2026-08-02T19:00:00,1400002600,중앙대로,부산경남우유농협,온천5호교동측,35.25,0.0
2026-08-02T19:00:00,1400002100,중앙대로,소정천삼거리,정천삼거리,30.75,0.0
2026-08-02T19:00:00,1400002400,중앙대로,온천5호교동측,정천삼거리,26.59,0.0
2026-08-02T19:00:00,1400029200,장전온천천로,온천2호교서측,오일뱅크현대부곡점셀프,16.58,0.0
2026-08-02T19:00:00,1400029000,장전로,장전신한은행앞사거리,오일뱅크현대부곡점셀프,16.5,0.0
2026-08-02T19:00:00,1400025500,금강로,경보아파트교차로,금강교차로,16.75,0.0
2026-08-02T19:00:00,1400027400,식물원로,크레파스어린이집,금강교차로,17.42,0.0
2026-08-02T19:00:00,1400026900,식물원로,금정교당,금강교차로,16.0,0.0
2026-08-02T19:00:00,1400027602,금강로,장전동682,금강교차로,14.5,0.0
2026-08-02T19:00:00,1400027800,식물원로,금강공원입구교차로,크레파스어린이집,15.58,0.0
2026-08-02T19:00:00,1400025700,식물원로75번길,경보아파트교차로,크레파스어린이집,12.0,0.0
2026-08-02T19:00:00,1400027300,식물원로,금강교차로,크레파스어린이집,25.33,0.0
2026-08-02T19:00:00,1400025901,식물원로,장전동교차로,장전동608-2,24.42,0.0
2026-08-02T19:00:00,1400026001,식물원로,금정교당,장전동608-2,13.5,0.0
2026-08-02T19:00:00,1400027000,식물원로,금강교차로,금정교당,10.33,0.0
2026-08-02T19:00:00,1400025902,식물원로,장전동608-2,금정교당,27.17,0.0
2026-08-02T19:00:00,1400027200,식물원로44번길,부산은행금정소정지점,금정교당,12.5,0.0
2026-08-02T19:00:00,1400027100,식물원로44번길,금정교당,부산은행금정소정지점,18.67,0.0
2026-08-02T19:00:00,1400027502,금강로,장전동682,부산은행금정소정지점,20.34,0.0
2026-08-02T19:00:00,1400028800,금강로,부산대후문사거리,부산은행금정소정지점,10.42,0.0
2026-08-02T19:00:00,1400027501,금강로,금강교차로,장전동682,26.5,0.0
2026-08-02T19:00:00,1400027601,금강로,부산은행금정소정지점,장전동682,12.0,0.0
2026-08-02T19:00:00,1400002500,중앙대로,온천5호교동측,부산경남우유농협,32.75,0.0
2026-08-02T19:00:00,1400028000,부곡온천천로,부산대역4번출구,부산경남우유농협,24.58,0.0
2026-08-02T19:00:00,1400002801,중앙대로,텐퍼센트커피부산대역부곡점,부산경남우유농협,42.0,0.0
2026-08-02T19:00:00,1400027900,부곡온천천로,부산경남우유농협,부산대역4번출구,16.5,0.0
2026-08-02T19:00:00,1400032200,부곡온천천로,온천2호교동측,부산대역4번출구,20.92,0.0
2026-08-02T19:00:00,1400031700,중앙대로1629번길,금정세무서,부산대역4번출구,18.92,0.0
2026-08-02T19:00:00,1400029100,장전온천천로,오일뱅크현대부곡점셀프,온천2호교서측,15.25,0.0
2026-08-02T19:00:00,1400033800,부산대학로,부산대학교앞교차로,온천2호교서측,21.84,0.0
2026-08-02T19:00:00,1400033300,부산대학로,온천2호교동측,온천2호교서측,15.25,0.0
2026-08-02T19:00:00,1400034000,장전온천천로,온천1호교서측,온천2호교서측,15.5,0.0
2026-08-02T19:00:00,1400026100,금정로,장전동교차로,장전신한은행앞사거리,20.75,0.0
2026-08-02T19:00:00,1400028900,장전로,오일뱅크현대부곡점셀프,장전신한은행앞사거리,11.25,0.0
2026-08-02T19:00:00,1400029400,장전로,부산대후문사거리,장전신한은행앞사거리,14.33,0.0
2026-08-02T19:00:00,1400029600,금정로,부산대학교앞교차로,장전신한은행앞사거리,21.5,0.0
2026-08-02T19:00:00,1400028700,금강로,부산은행금정소정지점,부산대후문사거리,16.67,0.0
2026-08-02T19:00:00,1400029300,장전로,장전신한은행앞사거리,부산대후문사거리,15.25,0.0
2026-08-02T19:00:00,1400031000,금강로,부대앞삼거리,부산대후문사거리,17.58,0.0
2026-08-02T19:00:00,1400033700,부산대학로,온천2호교서측,부산대학교앞교차로,9.17,0.0
2026-08-02T19:00:00,1400029500,금정로,장전신한은행앞사거리,부산대학교앞교차로,15.0,0.0
2026-08-02T19:00:00,1400034200,부산대학로,부대앞삼거리,부산대학교앞교차로,10.0,0.0
2026-08-02T19:00:00,1400034400,금정로,대한노인회부산금정구지회,부산대학교앞교차로,21.67,0.0
2026-08-02T19:00:00,1400031902,개좌로,삼화여객,22번교차로,16.0,0.0
2026-08-02T19:00:00,1400032408,개좌로,23번교차로,22번교차로,56.0,0.0
2026-08-02T19:00:00,1400028501,산성로,금강공원입구교차로,장전동505-21,31.92,0.0
2026-08-02T19:00:00,1400028601,산성로,산성교,장전동505-21,27.09,0.0
2026-08-02T19:00:00,1400030900,금강로,부산대후문사거리,부대앞삼거리,13.17,0.0
2026-08-02T19:00:00,1400034100,부산대학로,부산대학교앞교차로,부대앞삼거리,11.5,0.0
2026-08-02T19:00:00,1400034600,부산대학로,이솝커피전문점,부대앞삼거리,10.92,0.0
2026-08-02T19:00:00,1400034800,금강로,서울우유장전대리점,부대앞삼거리,19.67,0.0
2026-08-02T19:00:00,1400031901,개좌로,도도네개집,삼화여객,25.83,0.0
2026-08-02T19:00:00,1400032001,개좌로,22번교차로,삼화여객,36.59,0.0
2026-08-02T19:00:00,1400032100,부곡온천천로,부산대역4번출구,온천2호교동측,14.0,0.0
2026-08-02T19:00:00,1400033400,부산대학로,온천2호교서측,온천2호교동측,13.83,0.0
2026-08-02T19:00:00,1400033600,부곡온천천로,온천1호교동측,온천2호교동측,21.09,0.0
2026-08-02T19:00:00,1400033100,부산대학로,부곡사거리,온천2호교동측,17.5,0.0
2026-08-02T19:00:00,1400028502,산성로,장전동505-21,산성교,27.75,0.0
2026-08-02T19:00:00,1400293900,산성로,북구-금정구,산성교,29.33,0.0
2026-08-02T19:00:00,1400032404,개좌로,회동동3,회천교,34.75,0.0
2026-08-02T19:00:00,1400032306,개좌로,27번교차로,회천교,35.92,0.0
2026-08-02T19:00:00,1400181300,정관산업로,회동교차로,회천교,76.5,0.0
2026-08-02T19:00:00,1400181600,정관산업로,개좌터널남측,회천교,71.67,0.0
2026-08-02T19:00:00,1400293200,석대로,해운대구-금정구,회천교,53.0,0.0
2026-08-02T19:00:00,1400032303,개좌로,회천교,회동동3,33.17,0.0
2026-08-02T19:00:00,1400032403,개좌로,장전리산180-124,회동동3,61.0,0.0
2026-08-02T19:00:00,1400032405,개좌로,회천교,27번교차로,35.17,0.0
2026-08-02T19:00:00,1400032310,개좌로,25번교차로,27번교차로,31.42,0.0
2026-08-02T19:00:00,1400032409,개좌로,27번교차로,25번교차로,19.0,0.0
2026-08-02T19:00:00,1400032312,개좌로,24번교차로,25번교차로,13.0,0.0
2026-08-02T19:00:00,1400032307,개좌로,22번교차로,23번교차로,18.0,0.0
2026-08-02T19:00:00,1400032412,개좌로,24번교차로,23번교차로,33.59,0.0
2026-08-02T19:00:00,1400032411,개좌로,25번교차로,24번교차로,30.67,0.0
2026-08-02T19:00:00,1400032311,개좌로,23번교차로,24번교차로,25.25,0.0
2026-08-02T19:00:00,1400032304,개좌로,회동동3,장전리산180-124,43.0,0.0
2026-08-02T19:00:00,1450046602,개좌로,대곡새마을회관,장전리산180-124,36.92,0.0
2026-08-02T19:00:00,1400033000,무학송로,금정농협기찰지점,부곡교차로,25.42,0.0
2026-08-02T19:00:00,1400032600,-,부곡사거리,부곡교차로,18.67,0.0
2026-08-02T19:00:00,1400032800,부곡로,부곡동입구교차로,부곡교차로,20.17,0.0
2026-08-02T19:00:00,1400031500,부곡로,부곡2동주민센터,부곡교차로,24.67,0.0
2026-08-02T19:00:00,1400032900,무학송로,부곡교차로,금정농협기찰지점,27.0,0.0
2026-08-02T19:00:00,1400039400,무학송로,강서유통,금정농협기찰지점,29.33,0.0
2026-08-02T19:00:00,1400039200,오륜대로,맑은물교회,금정농협기찰지점,15.83,0.0
2026-08-02T19:00:00,1400033500,부곡온천천로,온천2호교동측,온천1호교동측,31.5,0.0
2026-08-02T19:00:00,1400035200,-,온천1호교서측,온천1호교동측,14.84,0.0
2026-08-02T19:00:00,1400035400,부곡온천천로,삼성교회,온천1호교동측,23.67,0.0
2026-08-02T19:00:00,1400034900,중앙대로1667번길,우리는교회,온천1호교동측,19.17,0.0
2026-08-02T19:00:00,1400033900,장전온천천로,온천2호교서측,온천1호교서측,17.92,0.0
2026-08-02T19:00:00,1400035100,-,온천1호교동측,온천1호교서측,12.84,0.0
2026-08-02T19:00:00,1400035600,장전온천천로,장전역,온천1호교서측,16.08,0.0
2026-08-02T19:00:00,1400034300,금정로,부산대학교앞교차로,대한노인회부산금정구지회,32.25,0.0
2026-08-02T19:00:00,1400036200,금정로119번길,서울우유장전대리점,대한노인회부산금정구지회,11.75,0.0
2026-08-02T19:00:00,1400036400,금정로,장전역,대한노인회부산금정구지회,31.08,0.0
2026-08-02T19:00:00,1400034500,부산대학로,부대앞삼거리,이솝커피전문점,19.0,0.0
2026-08-02T19:00:00,1400034700,금강로,부대앞삼거리,서울우유장전대리점,23.34,0.0
2026-08-02T19:00:00,1400036100,금정로119번길,대한노인회부산금정구지회,서울우유장전대리점,14.5,0.0
2026-08-02T19:00:00,1400036600,금강로,법인정사,서울우유장전대리점,25.58,0.0
2026-08-02T19:00:00,1400035300,부곡온천천로,온천1호교동측,삼성교회,27.83,0.0
2026-08-02T19:00:00,1400036000,부곡온천천로,장전역2번출구,삼성교회,22.75,0.0
2026-08-02T19:00:00,1400035700,중앙대로1685번길,헤이도기,삼성교회,17.34,0.0
2026-08-02T19:00:00,1400035500,장전온천천로,온천1호교서측,장전역,26.92,0.0
2026-08-02T19:00:00,1400036300,금정로,대한노인회부산금정구지회,장전역,22.33,0.0
2026-08-02T19:00:00,1400037300,금정로149번길,법인정사,장전역,4.0,0.0
2026-08-02T19:00:00,1400037800,금정로,장전교서측,장전역,31.83,0.0
2026-08-02T19:00:00,1400035900,부곡온천천로,삼성교회,장전역2번출구,21.83,0.0
2026-08-02T19:00:00,1400037000,부곡온천천로,장전교동측,장전역2번출구,22.0,0.0
2026-08-02T19:00:00,1400036800,중앙대로1719번길,부산축산농협금정지점,장전역2번출구,18.84,0.0
2026-08-02T19:00:00,1400036500,금강로,서울우유장전대리점,법인정사,16.67,0.0
2026-08-02T19:00:00,1400037400,금정로149번길,장전역,법인정사,9.0,0.0
2026-08-02T19:00:00,1400037600,금강로,금정농협장전동지점,법인정사,22.42,0.0
2026-08-02T19:00:00,1400036900,부곡온천천로,장전역2번출구,장전교동측,14.67,0.0
2026-08-02T19:00:00,1400038200,수림로,장전교서측,장전교동측,14.42,0.0
2026-08-02T19:00:00,1400038400,부곡온천천로,부곡교동측,장전교동측,21.67,0.0
2026-08-02T19:00:00,1400037500,금강로,법인정사,금정농협장전동지점,24.25,0.0
2026-08-02T19:00:00,1400038500,수림로,장전교서측,금정농협장전동지점,30.88,397.0
2026-08-02T19:00:00,1400037700,금정로,장전역,장전교서측,12.67,0.0
2026-08-02T19:00:00,1400038100,수림로,장전교동측,장전교서측,8.0,0.0
2026-08-02T19:00:00,1400038600,수림로,금정농협장전동지점,장전교서측,35.87,368.0
2026-08-02T19:00:00,1400038800,금정로,금정교남측,장전교서측,21.25,0.0
2026-08-02T19:00:00,1400038300,부곡온천천로,장전교동측,부곡교동측,28.83,0.0
2026-08-02T19:00:00,1400040600,부곡온천천로,금정교북측,부곡교동측,21.75,0.0
2026-08-02T19:00:00,1400040400,구서온천천로,부곡교서측,부곡교동측,17.75,0.0
2026-08-02T19:00:00,1400038700,금정로,장전교서측,금정교남측,25.59,0.0
2026-08-02T19:00:00,1400041200,금정로,금정교북측,금정교남측,27.58,0.0
2026-08-02T19:00:00,1400041400,금정로233번길,구서역1번출구,금정교남측,21.84,0.0
2026-08-02T19:00:00,1400042900,구서로,구서역1번출구,부산은행구서동지점,7.75,0.0
2026-08-02T19:00:00,1400043400,금강로,부산구서동우체국,부산은행구서동지점,22.42,0.0
2026-08-02T19:00:00,1400039300,무학송로,금정농협기찰지점,강서유통,26.34,0.0
2026-08-02T19:00:00,1400041000,무학송로,금정문화회관,강서유통,27.67,0.0
2026-08-02T19:00:00,1400040800,중앙대로1778번길,카라웨딩,강서유통,15.17,0.0
2026-08-02T19:00:00,1400039800,중앙대로1763번길,금정구보건소,제자드림교회,14.5,0.0
2026-08-02T19:00:00,1400040200,중앙대로1793번길,금정구청앞,제자드림교회,23.58,0.0
2026-08-02T19:00:00,1400040900,무학송로,강서유통,금정문화회관,28.84,0.0
2026-08-02T19:00:00,1400042402,체육공원로,구서동482,금정문화회관,29.67,0.0
2026-08-02T19:00:00,1400041500,체육공원로,금정구청앞,금정문화회관,32.25,0.0
2026-08-02T19:00:00,1400040500,부곡온천천로,부곡교동측,금정교북측,15.84,0.0
2026-08-02T19:00:00,1400041100,금정로,금정교남측,금정교북측,16.17,0.0
2026-08-02T19:00:00,1400042000,금정로,고속도로입구교차로,금정교북측,18.75,0.0
2026-08-02T19:00:00,1400042200,금정로237번길,구서역2번출구,금정교북측,12.67,0.0
2026-08-02T19:00:00,1400041300,금정로233번길,금정교남측,구서역1번출구,20.5,0.0
2026-08-02T19:00:00,1400043000,구서로,부산은행구서동지점,구서역1번출구,13.0,0.0
2026-08-02T19:00:00,1400043200,금정로233번길,구서역3번출구,구서역1번출구,19.0,0.0
2026-08-02T19:00:00,1400041900,금정로,금정교북측,고속도로입구교차로,19.75,0.0
2026-08-02T19:00:00,1400042600,중앙대로,구서역2번출구,고속도로입구교차로,10.67,0.0
2026-08-02T19:00:00,1400005700,중앙대로,금정구청앞,고속도로입구교차로,21.73,102.0
2026-08-02T19:00:00,1400006200,중앙대로,구서역4번출구,고속도로입구교차로,26.82,623.0
2026-08-02T19:00:00,1400301501,경부고속도로,고속도로입구,고속도로입구교차로,22.96,183.0
2026-08-02T19:00:00,1400042100,금정로237번길,금정교북측,구서역2번출구,19.08,0.0
2026-08-02T19:00:00,1400042500,중앙대로,고속도로입구교차로,구서역2번출구,11.75,0.0
2026-08-02T19:00:00,1400042800,금정로237번길,구서역4번출구,구서역2번출구,14.0,0.0
2026-08-02T19:00:00,1400042301,체육공원로,금정문화회관,구서동482,30.75,0.0
2026-08-02T19:00:00,1400042401,체육공원로,오륜지하차도남측,구서동482,30.5,0.0
2026-08-02T19:00:00,1400042302,체육공원로,구서동482,오륜지하차도남측,30.75,0.0
2026-08-02T19:00:00,1400044401,체육공원로,오륜지하차도북측,오륜지하차도남측,39.09,0.0
2026-08-02T19:00:00,1400042700,금정로237번길,구서역2번출구,구서역4번출구,21.34,0.0
2026-08-02T19:00:00,1400043600,중앙대로1841번길,구서역3번출구,구서역4번출구,14.25,0.0
2026-08-02T19:00:00,1400043800,중앙대로1841번길,구서역4번출구,구서역4번출구,16.75,0.0
2026-08-02T19:00:00,1400043100,금정로233번길,구서역1번출구,구서역3번출구,8.0,0.0
2026-08-02T19:00:00,1400043500,중앙대로1841번길,구서역4번출구,구서역3번출구,12.34,0.0
2026-08-02T19:00:00,1400044000,중앙대로1841번길,부산구서동우체국,구서역3번출구,24.67,0.0
2026-08-02T19:00:00,1400044200,금강로,동래영락교회,부산구서동우체국,14.59,0.0
2026-08-02T19:00:00,1400043300,금강로,부산은행구서동지점,부산구서동우체국,16.09,0.0
2026-08-02T19:00:00,1400043900,중앙대로1841번길,구서역3번출구,부산구서동우체국,15.0,0.0
2026-08-02T19:00:00,1400044301,체육공원로,오륜지하차도남측,오륜지하차도북측,43.25,0.0
2026-08-02T19:00:00,1400044404,체육공원로,선동745-3,오륜지하차도북측,37.0,0.0
2026-08-02T19:00:00,1400044303,체육공원로,오륜지하차도북측,선동745-3,37.33,0.0
2026-08-02T19:00:00,1400044403,체육공원로,구신천교서측,선동745-3,47.75,0.0
2026-08-02T19:00:00,1400044304,체육공원로,선동745-3,구신천교서측,44.5,0.0
2026-08-02T19:00:00,1400051400,체육공원로,신천교서측,구신천교서측,41.17,0.0
2026-08-02T19:00:00,1400045500,금강로565번길,새벽교회,신실한교회,18.0,0.0
2026-08-02T19:00:00,1400046000,금샘로,스타벅스부산외대점,신실한교회,24.92,0.0
2026-08-02T19:00:00,1400058300,금샘로,태광여자상업고등학교,신실한교회,26.08,0.0
2026-08-02T19:00:00,1400044500,금단로,구서교남측,금남교,24.5,0.0
2026-08-02T19:00:00,1400046200,금단로,금남교,금남교,3.0,0.0
2026-08-02T19:00:00,1400045700,금강로,새벽교회,금정중앙교회,15.25,0.0
2026-08-02T19:00:00,1400046800,두실로,스타벅스부산외대점,금정중앙교회,17.08,0.0
2026-08-02T19:00:00,1400047000,금강로,대한합기도협회신무도관덕인도장,금정중앙교회,15.67,0.0
2026-08-02T19:00:00,1400046500,두실로,금남교,금정중앙교회,14.67,0.0
2026-08-02T19:00:00,1400045900,금샘로,신실한교회,스타벅스부산외대점,21.34,0.0
2026-08-02T19:00:00,1400046700,두실로,금정중앙교회,스타벅스부산외대점,20.33,0.0
2026-08-02T19:00:00,1400047200,금샘로,요거프레소부산외대점,스타벅스부산외대점,13.92,0.0
2026-08-02T19:00:00,1400047400,범어천로,남산역8번출구,남산역8번출구,24.75,0.0
2026-08-02T19:00:00,1400047600,금단로,제칠일안식일예수재림교금정교회,남산역8번출구,19.5,0.0
2026-08-02T19:00:00,1400048200,금강로,남산침례교회,대한합기도협회신무도관덕인도장,18.42,0.0
2026-08-02T19:00:00,1400047700,남산로,남산역8번출구,대한합기도협회신무도관덕인도장,18.25,0.0
2026-08-02T19:00:00,1400046900,금강로,금정중앙교회,대한합기도협회신무도관덕인도장,19.67,0.0
2026-08-02T19:00:00,1400048000,남산로,요거프레소부산외대점,대한합기도협회신무도관덕인도장,14.17,0.0
2026-08-02T19:00:00,1400049300,경부고속도로,속성변화점,선동산33-1,61.0,0.0
2026-08-02T19:00:00,1400050900,금정도서관로,속성변화점,선동산33-1,42.92,0.0
2026-08-02T19:00:00,1400047100,금샘로,스타벅스부산외대점,요거프레소부산외대점,21.58,0.0
2026-08-02T19:00:00,1400047900,남산로,대한합기도협회신무도관덕인도장,요거프레소부산외대점,17.92,0.0
2026-08-02T19:00:00,1400048400,금샘로,남산동1002-1,요거프레소부산외대점,23.5,0.0
2026-08-02T19:00:00,1400050000,청룡로,무지개공동체,남산동1002-1,27.92,0.0
2026-08-02T19:00:00,1400048300,금샘로,요거프레소부산외대점,남산동1002-1,25.5,0.0
2026-08-02T19:00:00,1400050200,범어사로,범어사,남산동1002-1,24.92,0.0
2026-08-02T19:00:00,1400048900,경부고속도로,영락IC,속성변화점,56.67,0.0
2026-08-02T19:00:00,1400052000,신천로,신천교,선동998-1,26.0,0.0
2026-08-02T19:00:00,1400051000,금정도서관로,선동산33-1,속성변화점,39.5,0.0
2026-08-02T19:00:00,1400049500,금정도서관로,청룡동,속성변화점,26.92,0.0
2026-08-02T19:00:00,1400051300,체육공원로,구신천교서측,신천교서측,30.17,0.0
2026-08-02T19:00:00,1400052200,체육공원로,신천교,신천교서측,19.42,0.0
2026-08-02T19:00:00,1400052400,체육공원로399번길,구서교,신천교서측,32.92,0.0
2026-08-02T19:00:00,1400053004,고분로,노포IC교차로,속성변화점,39.25,0.0
2026-08-02T19:00:00,1400051700,고분로,한화선의기,속성변화점,45.5,0.0
2026-08-02T19:00:00,1400051900,신천로,선동998-1,신천교,25.67,0.0
2026-08-02T19:00:00,1400052100,체육공원로,신천교서측,신천교,11.59,0.0
2026-08-02T19:00:00,1400052800,체육공원로,임석사거리,신천교,40.75,0.0
2026-08-02T19:00:00,1400199700,부산외곽순환고속도로,속성변화점,신천교,20.58,0.0
2026-08-02T19:00:00,1400052300,체육공원로399번길,신천교서측,구서교,42.67,0.0
2026-08-02T19:00:00,1400053300,고분로,구서교,구서교,18.92,0.0
2026-08-02T19:00:00,1400053602,체육공원로399번길,노포IC,구서교,36.84,0.0
2026-08-02T19:00:00,1400050700,청룡예전로,범어사사거리,범어사,25.33,0.0
2026-08-02T19:00:00,1400050100,범어사로,남산동1002-1,범어사,26.75,0.0
2026-08-02T19:00:00,1400052600,청룡예전로,경동아파트,범어사,20.83,0.0
2026-08-02T19:00:00,1400056100,-,남율사,두구동1641,28.75,0.0
2026-08-02T19:00:00,1400056300,-,스포원어린이교통나라,두구동1641,35.17,0.0
2026-08-02T19:00:00,1400056600,-,두구교동측,두구동1641,28.67,0.0
2026-08-02T19:00:00,1400052500,청룡예전로,범어사,경동아파트,22.25,0.0
2026-08-02T19:00:00,1400054000,체육공원로,두구동우편취급국,임석사거리,30.84,0.0
2026-08-02T19:00:00,1400052700,체육공원로,신천교,임석사거리,46.42,0.0
2026-08-02T19:00:00,1400053800,체육공원로,임석교,임석사거리,23.08,0.0
2026-08-02T19:00:00,1400294000,철마로,장전리산99-2,임석사거리,24.84,0.0
2026-08-02T19:00:00,1400052905,고분로,속성변화점,노포IC교차로,45.0,0.0
2026-08-02T19:00:00,1400053003,고분로,구서교,노포IC교차로,33.75,0.0
2026-08-02T19:00:00,1400198900,경부고속도로,노포TG남측,노포IC교차로,29.67,0.0
2026-08-02T19:00:00,1400052906,고분로,노포IC교차로,구서교,44.33,0.0
2026-08-02T19:00:00,1400053200,고분로,구서교,구서교,34.25,0.0
2026-08-02T19:00:00,1400053400,고분로,구서교,구서교,25.17,0.0
2026-08-02T19:00:00,1400053100,고분로,구서교,구서교,34.08,0.0
2026-08-02T19:00:00,1400055600,체육공원로399번길,예수촌교회,노포IC앞교차로,27.83,0.0
2026-08-02T19:00:00,1400053500,체육공원로399번길,구서교,노포IC앞교차로,35.67,0.0
2026-08-02T19:00:00,1400055100,-,세월교서측,노포IC앞교차로,14.92,0.0
2026-08-02T19:00:00,1400053601,체육공원로399번길,노포IC앞교차로,노포IC,27.67,0.0
2026-08-02T19:00:00,1400053700,체육공원로,임석사거리,임석교,23.42,0.0
2026-08-02T19:00:00,1400054200,-,커핀그루나루,임석교,28.92,0.0
2026-08-02T19:00:00,1400054400,체육공원로447번길,스포원파크풋살장,임석교,29.08,0.0
2026-08-02T19:00:00,1400054100,-,임석교,커핀그루나루,29.0,0.0
2026-08-02T19:00:00,1400054800,-,남율사,커핀그루나루,34.25,0.0
2026-08-02T19:00:00,1400054300,-,임석교,스포원파크풋살장,25.5,0.0
2026-08-02T19:00:00,1400055000,-,세월교서측,스포원파크풋살장,30.92,0.0
2026-08-02T19:00:00,1400056200,-,두구동1641,남율사,30.5,0.0
2026-08-02T19:00:00,1400054700,-,커핀그루나루,남율사,33.42,0.0
2026-08-02T19:00:00,1400056000,-,스포원어린이교통나라,남율사,9.0,0.0
2026-08-02T19:00:00,1400055200,-,노포IC앞교차로,세월교서측,33.75,0.0
2026-08-02T19:00:00,1400054900,-,스포원파크풋살장,세월교서측,20.0,0.0
2026-08-02T19:00:00,1400055400,-,스포원어린이교통나라,세월교서측,30.5,0.0
2026-08-02T19:00:00,1400056400,-,두구동1641,스포원어린이교통나라,25.58,0.0
2026-08-02T19:00:00,1400055300,-,세월교서측,스포원어린이교통나라,34.0,0.0
2026-08-02T19:00:00,1400055700,중앙대로2327번길,노포축산,송림사,37.08,0.0
2026-08-02T19:00:00,1400056700,두구로,두구동우편취급국,두구교동측,22.5,0.0
2026-08-02T19:00:00,1400056500,-,두구동1641,두구교동측,30.0,0.0
2026-08-02T19:00:00,1400057200,두구로,두구교서측,두구교동측,37.25,0.0
2026-08-02T19:00:00,1400057400,두구로,입구식당,두구교서측,32.59,0.0
2026-08-02T19:00:00,1400057100,두구로,두구교동측,두구교서측,36.58,0.0
2026-08-02T19:00:00,1400058000,금강로513번길,동래영락교회,태광여자상업고등학교,22.34,0.0
2026-08-02T19:00:00,1400058400,금샘로,신실한교회,태광여자상업고등학교,20.75,0.0
2026-08-02T19:00:00,1400057700,영천로,두구동982,금정구-양산시,19.83,0.0
2026-08-02T19:00:00,3880317800,영천로,영천사거리,금정구-양산시,36.75,0.0
2026-08-02T19:00:00,1400181200,정관산업로,회천교,회동교차로,62.5,0.0
2026-08-02T19:00:00,1400180800,번영로,회동교차로,회동교차로,69.29,0.0
2026-08-02T19:00:00,1400181100,번영로,회동교차로,회동교차로,78.11,76.0
2026-08-02T19:00:00,1400296201,-,회동교차로,회동교차로,60.05,501.0
2026-08-02T19:00:00,1400181700,정관산업로,회천교,개좌터널남측,70.25,0.0
2026-08-02T19:00:00,1400293700,정관산업로,금정구-기장군,개좌터널남측,74.75,0.0
2026-08-02T19:00:00,1400198400,부산외곽순환고속도로,노포IC,금정산터널,90.92,0.0
2026-08-02T19:00:00,1400294400,부산외곽순환고속도로,금정구-양산시,금정산터널,91.75,0.0
2026-08-02T19:00:00,1400198800,부산외곽순환고속도로,수영강교,노포IC,94.5,0.0
2026-08-02T19:00:00,1400198500,부산외곽순환고속도로,노포JC,노포IC,89.58,0.0
2026-08-02T19:00:00,1450812001,산단1로,IBK기업은행정관지점,달산리1010,23.25,0.0
2026-08-02T19:00:00,1450811901,산단1로,매학리777-11,달산리1010,20.84,0.0
2026-08-02T19:00:00,1400198700,부산외곽순환고속도로,노포IC,수영강교,95.0,0.0
2026-08-02T19:00:00,1400199000,경부고속도로,노포IC,노포TG남측,54.17,0.0
2026-08-02T19:00:00,1400199400,경부고속도로,노포IC,노포TG북측,44.58,0.0
2026-08-02T19:00:00,1400199501,부산외곽순환고속도로,수영강교,수영강교,98.5,0.0
2026-08-02T19:00:00,1400199602,부산외곽순환고속도로,수영강교,수영강교,92.92,0.0
2026-08-02T19:00:00,1400199502,부산외곽순환고속도로,수영강교,수영강교,99.34,0.0
2026-08-02T19:00:00,1400199601,부산외곽순환고속도로,금정IC,수영강교,83.0,0.0
2026-08-02T19:00:00,1400199503,부산외곽순환고속도로,수영강교,금정IC,100.58,0.0
2026-08-02T19:00:00,1400200000,부산외곽순환고속도로,금정IC북측,금정IC,61.92,0.0
2026-08-02T19:00:00,1400200400,부산외곽순환고속도로,금정IC,금정IC,97.75,0.0
2026-08-02T19:00:00,1400199800,부산외곽순환고속도로,신천교,속성변화점,43.33,0.0
2026-08-02T19:00:00,1400200100,부산외곽순환고속도로,금정IC남측,속성변화점,48.75,0.0
2026-08-02T19:00:00,1400200800,부산외곽순환고속도로,금정IC,금정IC북측,50.92,0.0
2026-08-02T19:00:00,1400200600,부산외곽순환고속도로,금정IC남측,금정IC북측,47.33,0.0
2026-08-02T19:00:00,1400200300,부산외곽순환고속도로,금정IC,금정IC,94.58,0.0
2026-08-02T19:00:00,1400200900,부산외곽순환고속도로,철마1터널,금정IC,95.33,0.0
2026-08-02T19:00:00,1400200700,부산외곽순환고속도로,금정IC남측,금정IC,67.58,0.0
2026-08-02T19:00:00,1400201000,부산외곽순환고속도로,금정IC,철마1터널,93.09,0.0
2026-08-02T19:00:00,1400201100,부산외곽순환고속도로,철마1터널,철마1터널,96.58,0.0
2026-08-02T19:00:00,1400201200,부산외곽순환고속도로,철마1터널,철마1터널,89.0,0.0
2026-08-02T19:00:00,1450593200,부산외곽순환고속도로,기장철마IC,철마1터널,97.33,0.0
2026-08-02T19:00:00,1400293500,화명대로,북구-금정구,산성터널동측,75.1,536.0
2026-08-02T19:00:00,1400281202,수림로,장전동241-10,산성터널동측,34.54,397.0
2026-08-02T19:00:00,1400281101,수림로,산성터널동측,장전동241-10,58.56,368.0
2026-08-02T19:00:00,1400295001,-,LG전자서비스,장전동241-10,73.32,297.0
2026-08-02T19:00:00,1410001600,낙동남로,송정동934-2,본가양곱창,72.09,0.0
2026-08-02T19:00:00,1410000900,낙동남로,송정육교사거리,본가양곱창,82.92,0.0
2026-08-02T19:00:00,1410001200,낙동남로,영동공영주차장,본가양곱창,12.0,0.0
2026-08-02T19:00:00,1410001300,낙동남로,대단한감자탕본점,본가양곱창,19.33,0.0
2026-08-02T19:00:00,1380005701,번영로,금사락,석대고가교북측,62.16,106.0
2026-08-02T19:00:00,1380087900,수영강변대로,석대고가교남측,석대고가교북측,60.48,149.0
2026-08-02T19:00:00,1400293600,정관산업로,개좌터널남측,금정구-기장군,66.84,0.0
2026-08-02T19:00:00,1451153900,정관산업로,개좌터널북측,금정구-기장군,72.0,0.0
2026-08-02T19:00:00,1400294100,철마로,임석사거리,장전리산99-2,29.0,0.0
2026-08-02T19:00:00,1450049902,철마로,장전2교삼거리,장전리산99-2,38.0,0.0
2026-08-02T19:00:00,1410001500,낙동남로,본가양곱창,송정동934-2,84.59,0.0
2026-08-02T19:00:00,1410001800,낙동남로,송정동944-1,송정동934-2,65.84,0.0
2026-08-02T19:00:00,1410098800,낙동남로,영동공영주차장,송정동934-2,50.17,0.0
2026-08-02T19:00:00,1410001700,낙동남로,송정동934-2,송정동944-1,55.75,0.0
2026-08-02T19:00:00,1410002100,낙동남로,산양삼거리,송정동944-1,63.5,0.0
2026-08-02T19:00:00,1410022600,녹산산단322로,케이투크레인,송정동1732,30.5,0.0
2026-08-02T19:00:00,1410025200,녹산산단262로49번길,청명피혁,송정동1732,37.0,0.0
2026-08-02T19:00:00,1410025700,녹산산단382로50번길,주식회사아이티씨,송정동1732,27.0,0.0
2026-08-02T19:00:00,1410025900,녹산산단322로,리더나인,송정동1732,46.42,0.0
2026-08-02T19:00:00,1400011203,경부고속도로,노포IC,노포JC,94.09,0.0
2026-08-02T19:00:00,3880840600,부산외곽순환고속도로,북구-양산시,금정구-양산시,91.08,0.0
2026-08-02T19:00:00,1400294300,부산외곽순환고속도로,금정산터널,금정구-양산시,93.25,0.0
2026-08-02T19:00:00,1400294200,경부고속도로,노포JC,금정구-양산시,96.75,0.0
2026-08-02T19:00:00,3880841800,경부고속도로,,금정구-양산시,99.09,0.0
2026-08-02T19:00:00,1410000202,낙동남로,송정육교사거리,세븐일레븐녹산휴게소점,71.25,0.0
2026-08-02T19:00:00,1411061000,진해대로,강서구-창원시진해구,세븐일레븐녹산휴게소점,64.59,0.0
2026-08-02T19:00:00,1410001000,낙동남로,본가양곱창,송정육교사거리,76.17,0.0
2026-08-02T19:00:00,1410000102,낙동남로,세븐일레븐녹산휴게소점,송정육교사거리,76.17,0.0
2026-08-02T19:00:00,1410000801,가락대로,송정사거리,송정육교사거리,50.73,226.0
2026-08-02T19:00:00,1410098000,가락대로,송정육교사거리,송정육교사거리,29.68,227.0
2026-08-02T19:00:00,1410000701,가락대로,송정육교사거리,송정사거리,39.1,269.0
2026-08-02T19:00:00,1410000802,가락대로,강서구-창원시진해구,송정사거리,48.34,226.0
2026-08-02T19:00:00,1410098700,가락대로,대단한감자탕본점,송정사거리,25.83,0.0
2026-08-02T19:00:00,1410000702,가락대로,송정사거리,강서구-창원시진해구,50.8,269.0
2026-08-02T19:00:00,4180157900,가락대로,강서구-창원시진해구,강서구-창원시진해구,54.96,172.0
2026-08-02T19:00:00,1410001100,-,본가양곱창,영동공영주차장,19.25,0.0
2026-08-02T19:00:00,1410098900,낙동남로,송정동934-2,영동공영주차장,30.33,0.0
2026-08-02T19:00:00,1410098200,낙동남로,송정육교사거리,영동공영주차장,47.59,0.0
2026-08-02T19:00:00,1410001400,-,본가양곱창,대단한감자탕본점,5.0,0.0
2026-08-02T19:00:00,1410098600,가락대로,송정사거리,대단한감자탕본점,33.17,0.0
2026-08-02T19:00:00,1410099300,-,송정동880-1,대단한감자탕본점,23.75,0.0
2026-08-02T19:00:00,1410002900,낙동남로,명지IC,명지IC,43.42,0.0
2026-08-02T19:00:00,1410002000,낙동남로,송정동944-1,산양삼거리,53.59,0.0
2026-08-02T19:00:00,1410811700,녹산화전로,녹산동742-3,산양삼거리,33.17,0.0
2026-08-02T19:00:00,1410812204,낙동남로,녹산동616-2,산양삼거리,28.5,0.0
2026-08-02T19:00:00,1410002200,낙동남로,명지IC,명지IC,9.42,0.0
2026-08-02T19:00:00,1410100800,르노삼성대로,명지IC교차로,명지IC,31.0,0.0
2026-08-02T19:00:00,1410100400,르노삼성대로,명지IC남측,명지IC,48.0,0.0
2026-08-02T19:00:00,1410002700,낙동남로,명지IC,명지동1-610,64.75,0.0
2026-08-02T19:00:00,1410003500,낙동남로,명지IC,명지동1-610,41.5,0.0
2026-08-02T19:00:00,1410002500,낙동남로,명지IC,명지동1-610,71.09,0.0
2026-08-02T19:00:00,1410100700,르노삼성대로,명지IC,명지IC교차로,61.67,0.0
2026-08-02T19:00:00,1410101000,르노삼성대로,명지IC,명지IC교차로,42.25,0.0
2026-08-02T19:00:00,1410002800,낙동남로,명지동1-610,명지IC,68.75,0.0
2026-08-02T19:00:00,1410100900,르노삼성대로,명지IC교차로,명지IC,59.0,0.0
2026-08-02T19:00:00,1410003000,낙동남로,명지IC,명지IC,66.75,0.0
2026-08-02T19:00:00,1410101200,공항로,명지IC,명지IC,37.75,0.0
2026-08-02T19:00:00,1410003900,낙동남로,명지IC서측,명지IC,50.09,0.0
2026-08-02T19:00:00,1410002600,낙동남로,명지IC교차로,명지IC,38.42,0.0
2026-08-02T19:00:00,1410003100,낙동남로,명지IC,명지IC,71.92,0.0
2026-08-02T19:00:00,1410003400,낙동남로,부산명지동우체국,명지IC,66.67,0.0
2026-08-02T19:00:00,1410003300,낙동남로,명지IC,부산명지동우체국,66.08,0.0
2026-08-02T19:00:00,1410004000,낙동남로,명지IC서측,부산명지동우체국,63.84,0.0
2026-08-02T19:00:00,1410101600,낙동남로,명지IC,부산명지동우체국,32.83,0.0
2026-08-02T19:00:00,1410101100,공항로,명지IC,명지IC,55.58,0.0
2026-08-02T19:00:00,1410101400,공항로,명지IC,명지IC,33.75,0.0
2026-08-02T19:00:00,1410004100,낙동남로,부산명지동우체국,명지IC서측,68.83,0.0
2026-08-02T19:00:00,1410004300,낙동남로,명지IC,명지IC서측,34.33,0.0
2026-08-02T19:00:00,1410004602,낙동남로,명지동156-10,명지IC서측,59.25,0.0
2026-08-02T19:00:00,1410004202,낙동남로,명지IC,명지IC,23.5,0.0
2026-08-02T19:00:00,1410101701,낙동남로,명지IC,명지IC,19.17,0.0
2026-08-02T19:00:00,1410101300,공항로,명지IC,명지IC,45.33,0.0
2026-08-02T19:00:00,1410101702,낙동남로,명지IC,명지IC,11.25,0.0
2026-08-02T19:00:00,1410101800,낙동남로,명지동614-110,명지IC,7.33,0.0
2026-08-02T19:00:00,1410102100,공항로,명지IC북측,명지IC,41.67,0.0
2026-08-02T19:00:00,1410003200,낙동남로,명지IC,명지IC,21.42,0.0
2026-08-02T19:00:00,1410101500,낙동남로,부산명지동우체국,명지IC,20.34,0.0
2026-08-02T19:00:00,1410004201,낙동남로,명지IC,명지IC,29.5,0.0
2026-08-02T19:00:00,1410004701,낙동남로,명지IC서측,명지동156-10,33.17,0.0
2026-08-02T19:00:00,1410004601,낙동남로,서부유통,명지동156-10,54.0,0.0
2026-08-02T19:00:00,1410004902,낙동남로,명지동340-4,청량사어귀교차로,23.5,0.0
2026-08-02T19:00:00,1410005200,낙동남로,E1충전소명지가스,청량사어귀교차로,37.0,0.0
2026-08-02T19:00:00,1410102502,제도로,명지동3162-4,청량사어귀교차로,12.0,0.0
2026-08-02T19:00:00,1410872900,명지국제4로,명지동254-1,청량사어귀교차로,18.83,0.0
2026-08-02T19:00:00,1410004801,낙동남로,청량사어귀교차로,명지동340-4,44.0,0.0
2026-08-02T19:00:00,1410004901,낙동남로,서부유통,명지동340-4,46.33,0.0
2026-08-02T19:00:00,1410005300,낙동남로,청량사어귀교차로,E1충전소명지가스,45.34,0.0
2026-08-02T19:00:00,1410005800,낙동남로,제2녹산교동측,E1충전소명지가스,49.26,1200.0
2026-08-02T19:00:00,1410070602,명지둑길,명지동607-577,E1충전소명지가스,17.17,0.0
2026-08-02T19:00:00,1410005900,낙동남로,E1충전소명지가스,제2녹산교동측,55.35,922.0
2026-08-02T19:00:00,1410006000,낙동남로,제2녹산교서측,제2녹산교동측,62.33,0.0
2026-08-02T19:00:00,1410006100,낙동남로,제2녹산교동측,제2녹산교서측,48.84,0.0
2026-08-02T19:00:00,1410006400,낙동남로,제1녹산교동측,제2녹산교서측,59.67,0.0
2026-08-02T19:00:00,1410006500,낙동남로,제2녹산교서측,제1녹산교동측,53.0,967.0
2026-08-02T19:00:00,1410006600,낙동남로,제1녹산교서측,제1녹산교동측,46.67,0.0
2026-08-02T19:00:00,1410006700,낙동남로,제1녹산교동측,제1녹산교서측,27.75,0.0
2026-08-02T19:00:00,1410006900,낙동남로,성산삼거리,제1녹산교서측,34.08,0.0
2026-08-02T19:00:00,1410006800,낙동남로,제1녹산교서측,성산삼거리,18.59,0.0
2026-08-02T19:00:00,1410007305,생곡로,생곡동13-2,성산삼거리,55.09,0.0
2026-08-02T19:00:00,1410817100,낙동남로,본녹산삼거리,성산삼거리,38.25,0.0
2026-08-02T19:00:00,1410008000,가락대로,등대휴게소,부산경남경마공원,65.59,0.0
2026-08-02T19:00:00,1410857504,가락대로,범방동314-1,부산경남경마공원,64.58,0.0
2026-08-02T19:00:00,1410008300,남해고속도로제2지선,낙동대교서측,서부산IC,80.0,0.0
2026-08-02T19:00:00,1410008500,남해고속도로제2지선,서부산IC,서부산IC,95.75,0.0
2026-08-02T19:00:00,1410008700,남해고속도로제2지선,서부산IC북측,서부산IC,57.83,0.0
2026-08-02T19:00:00,1410008200,남해고속도로제2지선,서부산IC,낙동대교서측,85.08,0.0
2026-08-02T19:00:00,1411061900,남해고속도로제2지선,강서구-사상구,낙동대교서측,79.5,0.0
2026-08-02T19:00:00,1410007106,가락대로,송정동811-2,송정동737-5,62.58,269.0
2026-08-02T19:00:00,1410102600,가락대로,속성변화점,송정동737-5,24.67,0.0
2026-08-02T19:00:00,1410740902,가락대로,구랑동1265,송정동737-5,57.89,226.0
2026-08-02T19:00:00,1410007005,가락대로,송정동737-5,송정동811-2,57.46,226.0
2026-08-02T19:00:00,1410007105,가락대로,강서구-창원시진해구,송정동811-2,63.83,241.0
2026-08-02T19:00:00,1410121700,신항남로,강서구-창원시진해구,송정동811-2,82.08,0.0
2026-08-02T19:00:00,4180157800,가락대로,강서구-창원시진해구,강서구-창원시진해구,59.53,241.0
2026-08-02T19:00:00,1410007006,가락대로,송정동811-2,강서구-창원시진해구,65.21,172.0
2026-08-02T19:00:00,1410007304,생곡로,생곡동112-2,생곡동13-2,62.58,0.0
2026-08-02T19:00:00,1410007204,생곡로,성산삼거리,생곡동13-2,45.42,0.0
2026-08-02T19:00:00,1410007203,생곡로,생곡동112-2,GS주유소국제산업물류단지셀프,30.34,0.0
2026-08-02T19:00:00,1410858800,생곡로,생곡동120-44,GS주유소국제산업물류단지셀프,47.0,0.0
2026-08-02T19:00:00,1410008100,가락대로,부산경남경마공원,등대휴게소,62.0,0.0
2026-08-02T19:00:00,1410009202,가락대로,범방동36-2,등대휴게소,62.42,0.0
2026-08-02T19:00:00,1410008400,남해고속도로제2지선,서부산IC,서부산IC,91.92,0.0
2026-08-02T19:00:00,1410008800,남해고속도로제2지선,서부산IC북측,서부산IC,57.83,0.0
2026-08-02T19:00:00,1410009500,남해고속도로제2지선,서낙동강교동측,서부산IC,97.17,0.0
2026-08-02T19:00:00,1410008600,남해고속도로제2지선,서부산IC,서부산IC북측,21.0,0.0
2026-08-02T19:00:00,1410008900,남해고속도로제2지선,서부산IC,서부산IC북측,60.42,0.0
2026-08-02T19:00:00,1410009100,남해고속도로제2지선,서부산삼거리,서부산IC북측,45.17,0.0
2026-08-02T19:00:00,1410009303,가락대로,범방동36-2,범방동82-1,58.42,0.0
2026-08-02T19:00:00,1410009203,가락대로,조만포삼거리,범방동82-1,38.34,0.0
2026-08-02T19:00:00,1410009301,가락대로,등대휴게소,범방동36-2,62.25,0.0
2026-08-02T19:00:00,1410009204,가락대로,범방동82-1,범방동36-2,45.58,0.0
2026-08-02T19:00:00,1410009400,남해고속도로제2지선,서부산IC,서낙동강교동측,91.5,0.0
2026-08-02T19:00:00,1410010000,남해고속도로제2지선,서낙동강교서측,서낙동강교동측,94.75,0.0
2026-08-02T19:00:00,1410010100,남해고속도로제2지선,서낙동강교동측,서낙동강교서측,91.08,0.0
2026-08-02T19:00:00,1410201800,남해고속도로제2지선,가락IC,서낙동강교서측,92.17,0.0
2026-08-02T19:00:00,1410009000,남해고속도로제2지선,서부산IC북측,서부산삼거리,15.25,0.0
2026-08-02T19:00:00,1410104800,공항로,맥도생태공원,서부산삼거리,48.0,0.0
2026-08-02T19:00:00,1410105100,공항로,대저2동3267-13,서부산삼거리,41.67,0.0
2026-08-02T19:00:00,1410198800,가락대로,가락IC앞교량,조만포삼거리,56.83,0.0
2026-08-02T19:00:00,1410009304,가락대로,범방동82-1,조만포삼거리,65.08,0.0
2026-08-02T19:00:00,1410012613,가락대로,부산산업과학고등학교,죽림삼거리,23.0,0.0
2026-08-02T19:00:00,1410013300,가락대로,오봉삼거리,죽림삼거리,18.08,0.0
2026-08-02T19:00:00,1410013200,가락대로,죽림삼거리,오봉삼거리,33.17,0.0
2026-08-02T19:00:00,1410014100,식만로,강서구-김해시,오봉삼거리,33.92,0.0
2026-08-02T19:00:00,1410013500,중앙고속도로,대저2동1200,삼락IC,73.17,0.0
2026-08-02T19:00:00,1440050700,중앙고속도로,삼락동29-2,삼락IC,54.75,0.0
2026-08-02T19:00:00,1440054400,중앙고속도로,삼락IC,삼락IC,79.0,0.0
2026-08-02T19:00:00,1410013400,중앙고속도로,삼락IC,대저2동1200,71.92,0.0
2026-08-02T19:00:00,1410013700,중앙고속도로,대저2동1200-1,대저2동1200,75.67,0.0
2026-08-02T19:00:00,1410013600,중앙고속도로,대저2동1200,대저2동1200-1,75.42,0.0
2026-08-02T19:00:00,1410013901,중앙고속도로,신덕삼거리남측,대저2동1200-1,82.42,0.0
2026-08-02T19:00:00,1410013801,중앙고속도로,대저2동1200-1,신덕삼거리남측,85.17,0.0
2026-08-02T19:00:00,1410013902,중앙고속도로,삼락IC,신덕삼거리남측,89.34,0.0
2026-08-02T19:00:00,1410120200,중앙고속도로,삼락IC,신덕삼거리남측,52.42,0.0
2026-08-02T19:00:00,1410013802,중앙고속도로,신덕삼거리남측,삼락IC,83.5,0.0
2026-08-02T19:00:00,1410013903,중앙고속도로,신대저교차로,삼락IC,90.42,0.0
2026-08-02T19:00:00,1411062100,낙동북로,구포대교동측,구포대교서측,68.45,538.0
2026-08-02T19:00:00,1410014202,낙동북로,대동사거리,구포대교서측,68.42,0.0
2026-08-02T19:00:00,1410115400,낙동북로,대동사거리,구포대교서측,54.17,0.0
2026-08-02T19:00:00,1410014301,낙동북로,대동사거리,구포대교,64.75,0.0
2026-08-02T19:00:00,1410014500,낙동북로,대저1동2327-35,구포대교,67.17,0.0
2026-08-02T19:00:00,1410116200,낙동북로,대동사거리,구포대교,30.59,0.0
2026-08-02T19:00:00,1410013803,중앙고속도로,삼락IC,신대저교차로,90.17,0.0
2026-08-02T19:00:00,1410014600,낙동북로,대저1동2327-35,신대저교차로,26.59,0.0
2026-08-02T19:00:00,1410014800,낙동북로,대저1동2168-1,신대저교차로,17.5,0.0
2026-08-02T19:00:00,1410015500,중앙고속도로,대저JC남측,신대저교차로,90.83,0.0
2026-08-02T19:00:00,1410115000,체육공원로,신덕삼거리,신대저교차로,37.92,0.0
2026-08-02T19:00:00,1410117100,중앙고속도로,대저사거리,신대저교차로,21.0,0.0
2026-08-02T19:00:00,1411099701,중앙고속도로,신대저교차로,신대저교차로,30.42,0.0
2026-08-02T19:00:00,1410014000,식만로,오봉삼거리,강서구-김해시,36.42,0.0
2026-08-02T19:00:00,1410014302,낙동북로,구포대교서측,대동사거리,68.59,0.0
2026-08-02T19:00:00,1410014201,낙동북로,구포대교,대동사거리,69.67,0.0
2026-08-02T19:00:00,1410116100,공항로,대동사거리,대동사거리,36.25,0.0
2026-08-02T19:00:00,1410115800,공항로,대동사거리,대동사거리,25.84,0.0
2026-08-02T19:00:00,1410014400,낙동북로,구포대교,대저1동2327-35,55.75,0.0
2026-08-02T19:00:00,1410014700,낙동북로,신대저교차로,대저1동2327-35,47.25,0.0
2026-08-02T19:00:00,1410116900,낙동북로,대저1동2168-1,대저1동2327-35,66.7,517.0
2026-08-02T19:00:00,1410015102,낙동북로,대저1동1501-1,명지IC,56.25,0.0
2026-08-02T19:00:00,1410015200,낙동북로,평강역1번출구,명지IC,46.0,0.0
2026-08-02T19:00:00,1410118002,대저로,대저1동1551,명지IC,14.0,0.0
2026-08-02T19:00:00,1410015001,낙동북로,명지IC,대저1동1501-1,60.25,0.0
2026-08-02T19:00:00,1410015101,낙동북로,대저1동2168-1,대저1동1501-1,60.33,0.0
2026-08-02T19:00:00,1410014900,낙동북로,신대저교차로,대저1동2168-1,43.58,0.0
2026-08-02T19:00:00,1410116800,낙동북로,대저1동2327-35,대저1동2168-1,64.84,384.0
2026-08-02T19:00:00,1410015002,낙동북로,대저1동1501-1,대저1동2168-1,63.92,0.0
2026-08-02T19:00:00,1410015300,낙동북로,명지IC,평강역1번출구,38.09,0.0
2026-08-02T19:00:00,1410015600,낙동북로,우창아르피나,평강역1번출구,41.34,0.0
2026-08-02T19:00:00,1410015400,중앙고속도로,신대저교차로,대저JC남측,87.59,0.0
2026-08-02T19:00:00,1410018300,중앙고속도로,대저JC,대저JC남측,68.09,0.0
2026-08-02T19:00:00,1410018900,중앙고속도로,대저JC북측,대저JC남측,86.5,0.0
2026-08-02T19:00:00,1410017500,중앙고속도로,대저JC,대저JC남측,51.33,0.0
2026-08-02T19:00:00,1410118500,중앙고속도로,대저사거리,대저JC남측,56.42,0.0
2026-08-02T19:00:00,1410015700,낙동북로,평강역1번출구,우창아르피나,42.5,0.0
2026-08-02T19:00:00,1410015801,낙동북로,대사1구교차로,우창아르피나,41.83,0.0
2026-08-02T19:00:00,1410015901,낙동북로,우창아르피나,대사1구교차로,37.42,0.0
2026-08-02T19:00:00,1410016803,낙동북로,강동동663,대사1구교차로,45.75,0.0
2026-08-02T19:00:00,1410114402,제도로,강동동88-1,대사1구교차로,27.0,0.0
2026-08-02T19:00:00,1410016300,남해고속도로,덕천IC,제2낙동대교서측,77.03,1270.0
2026-08-02T19:00:00,1410017200,남해고속도로,대저JC,제2낙동대교서측,78.17,0.0
2026-08-02T19:00:00,1410016903,낙동북로,강동동663,김해교동측,51.17,0.0
2026-08-02T19:00:00,1410018600,낙동북로,강서구-김해시,김해교동측,51.83,0.0
2026-08-02T19:00:00,1410022400,녹산산단382로60번길,케이투크레인,대명ENG,41.83,0.0
2026-08-02T19:00:00,1410022900,녹산산단484로,디피아이,대명ENG,42.0,0.0
2026-08-02T19:00:00,1410023100,녹산산단382로,삼우실업,대명ENG,35.0,0.0
2026-08-02T19:00:00,1410016902,낙동북로,대사1구교차로,강동동663,49.92,0.0
2026-08-02T19:00:00,1410016802,낙동북로,김해교동측,강동동663,40.0,0.0
2026-08-02T19:00:00,1410018200,남해고속도로,대저JC남측,대저JC,57.25,0.0
2026-08-02T19:00:00,1410017100,남해고속도로,대저JC북측,대저JC,71.25,0.0
2026-08-02T19:00:00,1410018000,남해고속도로,대저JC,대저JC,96.0,0.0
2026-08-02T19:00:00,1410123600,남해고속도로,북부산TG,대저JC,94.92,0.0
2026-08-02T19:00:00,1410018800,중앙고속도로,대저JC남측,대저JC북측,91.17,0.0
2026-08-02T19:00:00,1410017000,중앙고속도로,대저JC,대저JC북측,58.75,0.0
2026-08-02T19:00:00,1410017700,중앙고속도로,대저JC,대저JC북측,74.17,0.0
2026-08-02T19:00:00,1410985200,중앙고속도로,대동낙동강교(남측),대저JC북측,79.42,0.0
2026-08-02T19:00:00,1410017400,남해고속도로,대저JC남측,대저JC,63.92,0.0
2026-08-02T19:00:00,1410017300,남해고속도로,제2낙동대교서측,대저JC,79.33,0.0
2026-08-02T19:00:00,1410018100,남해고속도로,대저JC,대저JC,95.83,0.0
2026-08-02T19:00:00,1410017600,남해고속도로,대저JC북측,대저JC,65.58,0.0
2026-08-02T19:00:00,1410022700,녹산산단322로,송정동1732,케이투크레인,38.5,0.0
2026-08-02T19:00:00,1410022500,녹산산단382로60번길,대명ENG,케이투크레인,46.0,0.0
2026-08-02T19:00:00,1410022000,녹산산단262로59번길,모아스틸,케이투크레인,26.25,0.0
2026-08-02T19:00:00,1410018700,낙동북로,김해교동측,강서구-김해시,34.08,0.0
2026-08-02T19:00:00,1410021300,신호산단2로,더울림교회,부산신호3차부영사랑으로어린이집,25.17,0.0
2026-08-02T19:00:00,1410020800,신호산단5로,신호마을회관,부산신호3차부영사랑으로어린이집,15.92,0.0
2026-08-02T19:00:00,1410020202,신호산단2로,신호초등학교사거리,부산신호3차부영사랑으로어린이집,16.83,0.0
2026-08-02T19:00:00,1410021500,녹산산단262로60번길,모아스틸,녹산산단공영주차장,25.67,0.0
2026-08-02T19:00:00,1410021900,거가대로,녹산산단공영주차장,녹산산단공영주차장,38.33,0.0
2026-08-02T19:00:00,1410022100,녹산산단262로59번길,케이투크레인,모아스틸,21.25,0.0
2026-08-02T19:00:00,1410021400,녹산산단262로60번길,녹산산단공영주차장,모아스틸,19.25,0.0
2026-08-02T19:00:00,1410022300,녹산산단262로,양일목재포장,모아스틸,25.75,0.0
2026-08-02T19:00:00,1410021600,녹산산단178로,녹산산단공영주차장,갯마을낚시,137.0,0.0
2026-08-02T19:00:00,1410023900,녹산산단178로,신안24시타이어,갯마을낚시,33.33,0.0
2026-08-02T19:00:00,1410021800,거가대로,녹산산단공영주차장,녹산산단공영주차장,36.0,0.0
2026-08-02T19:00:00,1410023600,녹산산단178로,갯마을낚시,녹산산단공영주차장,66.0,0.0
2026-08-02T19:00:00,1410024100,녹산산단262로50번길,로뎀나무교회,녹산산단공영주차장,24.33,0.0
2026-08-02T19:00:00,1410024300,거가대로,부산본부세관신항청사,녹산산단공영주차장,52.58,0.0
2026-08-02T19:00:00,1410022200,녹산산단262로,모아스틸,양일목재포장,20.42,0.0
2026-08-02T19:00:00,1410024400,녹산산단262로50번길,로뎀나무교회,양일목재포장,35.0,0.0
2026-08-02T19:00:00,1410024900,녹산산단262로49번길,청명피혁,양일목재포장,31.0,0.0
2026-08-02T19:00:00,1410025100,녹산산단262로,오성산업,양일목재포장,40.58,0.0
2026-08-02T19:00:00,1410022800,녹산산단484로,대명ENG,디피아이,31.75,0.0
2026-08-02T19:00:00,1410023300,녹산산단442로,준성화학,디피아이,28.08,0.0
2026-08-02T19:00:00,1410023000,녹산산단382로,대명ENG,삼우실업,7.0,0.0
2026-08-02T19:00:00,1410026400,녹산산단382로50번길,현대직모,삼우실업,38.0,0.0
2026-08-02T19:00:00,1410026900,녹산산단382로49번길,제이에이치하이텍,삼우실업,32.17,0.0
2026-08-02T19:00:00,1410027100,녹산산단382로,녹산패션칼라사업협동조합,삼우실업,38.17,0.0
2026-08-02T19:00:00,1410023200,녹산산단442로,디피아이,준성화학,34.83,0.0
2026-08-02T19:00:00,1410027200,녹산산단382로49번길,제이에이치하이텍,준성화학,36.25,0.0
2026-08-02T19:00:00,1410027700,녹산산단442로,유일식품,준성화학,48.83,0.0
2026-08-02T19:00:00,1410023400,녹산산단484로,디피아이,씨엠텍,27.75,0.0
2026-08-02T19:00:00,1410044300,녹산산업대로,아이엠아이,씨엠텍,33.27,42.0
2026-08-02T19:00:00,1410044802,르노삼성대로,신호동25-992,씨엠텍,39.55,32.0
2026-08-02T19:00:00,1410023800,녹산산단178로,갯마을낚시,신안24시타이어,137.0,0.0
2026-08-02T19:00:00,1410031300,녹산산단178로,강문건설,신안24시타이어,26.83,0.0
2026-08-02T19:00:00,1410030800,녹산산단178로,부산본부세관신항청사,신안24시타이어,45.0,0.0
2026-08-02T19:00:00,1410024000,녹산산단262로50번길,녹산산단공영주차장,로뎀나무교회,19.67,0.0
2026-08-02T19:00:00,1410024500,녹산산단262로50번길,양일목재포장,로뎀나무교회,22.67,0.0
2026-08-02T19:00:00,1410024700,녹산산단232로,중소조선연구원,로뎀나무교회,31.67,0.0
2026-08-02T19:00:00,1410024200,거가대로,녹산산단공영주차장,부산본부세관신항청사,31.84,0.0
2026-08-02T19:00:00,1410029600,녹산산단232로,부산은행녹산공단지점,부산본부세관신항청사,14.5,0.0
2026-08-02T19:00:00,1410030300,가락대로,파이프앤튜브,부산본부세관신항청사,50.84,0.0
2026-08-02T19:00:00,1410030100,녹산산단232로,부산본부세관신항청사,부산본부세관신항청사,29.0,0.0
2026-08-02T19:00:00,1410024600,녹산산단232로,로뎀나무교회,중소조선연구원,22.58,0.0
2026-08-02T19:00:00,1410028900,녹산산단232로,중소조선연구원,중소조선연구원,28.5,0.0
2026-08-02T19:00:00,1410029100,녹산산단232로,송정동1717,중소조선연구원,37.25,0.0
2026-08-02T19:00:00,1410025300,녹산산단262로49번길,송정동1732,청명피혁,32.58,0.0
2026-08-02T19:00:00,1410024800,녹산산단262로49번길,양일목재포장,청명피혁,36.58,0.0
2026-08-02T19:00:00,1410025500,녹산산단290로,대성씨엠피,청명피혁,37.17,0.0
2026-08-02T19:00:00,1410025000,녹산산단262로,양일목재포장,오성산업,34.67,0.0
2026-08-02T19:00:00,1410036000,녹산산단262로14번길,송정동1717,오성산업,29.09,0.0
2026-08-02T19:00:00,1410036500,녹산산단262로13번길,세보화성,오성산업,31.92,0.0
2026-08-02T19:00:00,1410036700,녹산산단262로,침지공업사,오성산업,30.67,0.0
2026-08-02T19:00:00,1410025400,녹산산단290로,청명피혁,대성씨엠피,24.83,0.0
2026-08-02T19:00:00,1410032500,녹산산단290로,세보화성,대성씨엠피,44.0,0.0
2026-08-02T19:00:00,1410025600,녹산산단382로50번길,송정동1732,주식회사아이티씨,38.58,0.0
2026-08-02T19:00:00,1410026100,녹산산단382로50번길,현대직모,주식회사아이티씨,27.0,0.0
2026-08-02T19:00:00,1410026300,녹산산단382로14번가길,용해포미주공1단지아파트,주식회사아이티씨,17.0,0.0
2026-08-02T19:00:00,1410025800,녹산산단322로,송정동1732,리더나인,44.92,0.0
2026-08-02T19:00:00,1410032300,녹산산단322로,우성에퍼트코리아,리더나인,53.0,0.0
2026-08-02T19:00:00,1410026500,녹산산단382로50번길,삼우실업,현대직모,30.17,0.0
2026-08-02T19:00:00,1410026000,녹산산단382로50번길,주식회사아이티씨,현대직모,39.42,0.0
2026-08-02T19:00:00,1410026700,녹산산단362로,동현상사,현대직모,33.0,0.0
2026-08-02T19:00:00,1410026200,녹산산단382로14번가길,주식회사아이티씨,용해포미주공1단지아파트,10.83,0.0
2026-08-02T19:00:00,1410037700,녹산산단382로14번길,동현상사,용해포미주공1단지아파트,28.83,0.0
2026-08-02T19:00:00,1410037200,녹산산단382로14번길,우성에퍼트코리아,용해포미주공1단지아파트,28.42,0.0
2026-08-02T19:00:00,1410026600,녹산산단362로,현대직모,동현상사,16.42,0.0
2026-08-02T19:00:00,1410037600,녹산산단382로14번길,용해포미주공1단지아파트,동현상사,25.0,0.0
2026-08-02T19:00:00,1410037900,녹산산단382로14번길,녹산패션칼라사업협동조합,동현상사,28.08,0.0
2026-08-02T19:00:00,1410038100,녹산산단362로,강서소방서,동현상사,31.42,0.0
2026-08-02T19:00:00,1410026800,녹산산단382로49번길,삼우실업,제이에이치하이텍,36.33,0.0
2026-08-02T19:00:00,1410027300,녹산산단382로49번길,준성화학,제이에이치하이텍,38.0,0.0
2026-08-02T19:00:00,1410027500,녹산산단408로,준솔루텍,제이에이치하이텍,39.08,0.0
2026-08-02T19:00:00,1410027000,녹산산단382로,삼우실업,녹산패션칼라사업협동조합,36.33,0.0
2026-08-02T19:00:00,1410037800,녹산산단382로14번길,동현상사,녹산패션칼라사업협동조합,29.0,0.0
2026-08-02T19:00:00,1410038300,녹산산단382로,준솔루텍,녹산패션칼라사업협동조합,18.67,0.0
2026-08-02T19:00:00,1410038500,녹산산단382로,반도염색,녹산패션칼라사업협동조합,34.0,0.0
2026-08-02T19:00:00,1410027400,녹산산단408로,제이에이치하이텍,준솔루텍,35.0,0.0
2026-08-02T19:00:00,1410038200,녹산산단382로,녹산패션칼라사업협동조합,준솔루텍,24.25,0.0
2026-08-02T19:00:00,1410038700,녹산산단408로,대정산업,준솔루텍,30.25,0.0
2026-08-02T19:00:00,1410027600,녹산산단442로,준성화학,유일식품,33.42,0.0
2026-08-02T19:00:00,1410043500,녹산산업대로,대정산업,유일식품,32.61,45.0
2026-08-02T19:00:00,1410044000,녹산산업대로,아이엠아이,유일식품,26.83,476.0
2026-08-02T19:00:00,1410044200,녹산화전로,삼현테크,유일식품,7.17,0.0
2026-08-02T19:00:00,1410028800,녹산산단232로,중소조선연구원,중소조선연구원,33.67,0.0
2026-08-02T19:00:00,1410029300,녹산산단232로,부산은행녹산공단지점,중소조선연구원,32.08,0.0
2026-08-02T19:00:00,1410029500,녹산산단262로14번길,송정동1708,중소조선연구원,26.0,0.0
2026-08-02T19:00:00,1410029000,녹산산단232로,중소조선연구원,송정동1717,33.92,0.0
2026-08-02T19:00:00,1410036100,녹산산단262로14번길,오성산업,송정동1717,33.17,0.0
2026-08-02T19:00:00,1410035800,녹산산단262로14번길,송정동1708,송정동1717,40.17,0.0
2026-08-02T19:00:00,1410036300,녹산산단232로,해양테크,송정동1717,29.5,0.0
2026-08-02T19:00:00,1410029700,녹산산단232로,부산본부세관신항청사,부산은행녹산공단지점,23.08,0.0
2026-08-02T19:00:00,1410029200,녹산산단232로,중소조선연구원,부산은행녹산공단지점,13.0,0.0
2026-08-02T19:00:00,1410029900,녹산산단262로14번길,부산세관신항지정장치장,부산은행녹산공단지점,10.5,0.0
2026-08-02T19:00:00,1410035900,녹산산단262로14번길,송정동1717,송정동1708,25.67,0.0
2026-08-02T19:00:00,1410035600,녹산산단262로14번길,부산세관신항지정장치장,송정동1708,37.67,0.0
2026-08-02T19:00:00,1410034600,녹산산단178로,강문건설,와이케이로지스틱,27.58,0.0
2026-08-02T19:00:00,1410031000,-,부산본부세관신항청사,와이케이로지스틱,32.0,0.0
2026-08-02T19:00:00,1410031200,녹산산단178로,신안24시타이어,강문건설,31.0,0.0
2026-08-02T19:00:00,1410034900,녹산산단178로,해양케미칼,강문건설,36.75,0.0
2026-08-02T19:00:00,1410032200,녹산산단322로,리더나인,우성에퍼트코리아,34.67,0.0
2026-08-02T19:00:00,1410037300,녹산산단382로14번길,용해포미주공1단지아파트,우성에퍼트코리아,28.92,0.0
2026-08-02T19:00:00,1410036800,녹산산단262로13번길,세보화성,우성에퍼트코리아,32.75,0.0
2026-08-02T19:00:00,1410037500,녹산산단322로,리키아지에스,우성에퍼트코리아,35.0,0.0
2026-08-02T19:00:00,1410036400,녹산산단262로13번길,오성산업,세보화성,34.92,0.0
2026-08-02T19:00:00,1410032400,녹산산단290로,대성씨엠피,세보화성,24.42,0.0
2026-08-02T19:00:00,1410036900,녹산산단262로13번길,우성에퍼트코리아,세보화성,27.58,0.0
2026-08-02T19:00:00,1410037100,녹산산단290로,경신화이바,세보화성,31.67,0.0
2026-08-02T19:00:00,1410035700,녹산산단262로14번길,송정동1708,부산세관신항지정장치장,31.75,0.0
2026-08-02T19:00:00,1410035200,녹산산단262로14번길,파이프앤튜브,부산세관신항지정장치장,38.42,0.0
2026-08-02T19:00:00,1410034100,신호산단1로,삼성자동차삼거리,강명종합건설,32.67,0.0
2026-08-02T19:00:00,1410033900,신호산단3로,열방교회,강명종합건설,25.09,0.0
2026-08-02T19:00:00,1410033400,신호산단1로,베테랑스서비스,강명종합건설,36.83,0.0
2026-08-02T19:00:00,1410034000,신호산단1로,강명종합건설,삼성자동차삼거리,26.75,0.0
2026-08-02T19:00:00,1410044900,르노삼성대로,아쿠아여행사,삼성자동차삼거리,46.16,692.0
2026-08-02T19:00:00,1410045800,르노삼성대로,신의주부대찌개퇴계로점,삼성자동차삼거리,43.94,342.0
2026-08-02T19:00:00,1410045000,르노삼성대로,삼성자동차삼거리,아쿠아여행사,50.69,342.0
2026-08-02T19:00:00,1410044702,르노삼성대로,신호동25-992,아쿠아여행사,28.27,42.0
2026-08-02T19:00:00,1410034400,신호산단2로,녹산농협신호지점,아쿠아여행사,18.92,0.0
2026-08-02T19:00:00,1410034800,녹산산단178로,강문건설,해양케미칼,25.83,0.0
2026-08-02T19:00:00,1410040200,녹산산업대로,해양코리아,해양케미칼,43.92,0.0
2026-08-02T19:00:00,1410039700,녹산산업대로,녹송3호교,해양케미칼,48.17,0.0
2026-08-02T19:00:00,1410030200,가락대로,부산본부세관신항청사,파이프앤튜브,28.58,0.0
2026-08-02T19:00:00,1410035000,녹산산단178로,와이케이로지스틱,파이프앤튜브,37.5,0.0
2026-08-02T19:00:00,1410035300,녹산산단262로14번길,부산세관신항지정장치장,파이프앤튜브,22.09,0.0
2026-08-02T19:00:00,1410035500,가락대로,해양코리아,파이프앤튜브,39.92,0.0
2026-08-02T19:00:00,1410040100,녹산산업대로,해양케미칼,해양코리아,32.5,0.0
2026-08-02T19:00:00,1410035400,가락대로,파이프앤튜브,해양코리아,9.67,0.0
2026-08-02T19:00:00,1410040400,녹산산업대로,해양테크,해양코리아,16.97,580.0
2026-08-02T19:00:00,1410040600,가락대로,송정동1536,해양코리아,15.61,115.0
2026-08-02T19:00:00,1410037400,녹산산단322로,우성에퍼트코리아,리키아지에스,11.84,0.0
2026-08-02T19:00:00,1410041500,녹산산업대로,경신화이바,리키아지에스,32.09,302.0
2026-08-02T19:00:00,1410042000,녹산산업대로,한국산업단지공단부산지역본부,리키아지에스,28.6,371.0
2026-08-02T19:00:00,1410042200,녹산산단321로,갑을녹산병원,리키아지에스,17.5,0.0
2026-08-02T19:00:00,1410038000,녹산산단362로,동현상사,강서소방서,13.0,0.0
2026-08-02T19:00:00,1410042800,녹산산업대로,반도염색,강서소방서,41.3,207.0
2026-08-02T19:00:00,1410042300,녹산산업대로,한국산업단지공단부산지역본부,강서소방서,51.16,290.0
2026-08-02T19:00:00,1410043000,녹산산단361로,신한은행녹산공단금융센터지점,강서소방서,8.5,0.0
2026-08-02T19:00:00,1410038400,녹산산단382로,녹산패션칼라사업협동조합,반도염색,9.67,0.0
2026-08-02T19:00:00,1410042700,녹산산업대로,강서소방서,반도염색,40.39,107.0
2026-08-02T19:00:00,1410043200,녹산산업대로,대정산업,반도염색,44.23,248.0
2026-08-02T19:00:00,1410043400,녹산산단381로,레아테크,반도염색,20.25,0.0
2026-08-02T19:00:00,1410038600,녹산산단408로,준솔루텍,대정산업,26.92,0.0
2026-08-02T19:00:00,1410043600,녹산산업대로,유일식품,대정산업,46.3,566.0
2026-08-02T19:00:00,1410043100,녹산산업대로,반도염색,대정산업,38.45,144.0
2026-08-02T19:00:00,1410043800,녹산산단407로,보금제재,대정산업,10.92,0.0
2026-08-02T19:00:00,1410039000,화전산업대로,신호동25-971,준시스템,52.67,0.0
2026-08-02T19:00:00,1410045900,화전산업대로,신의주부대찌개퇴계로점,준시스템,40.33,0.0
2026-08-02T19:00:00,1410038900,화전산업대로,준시스템,신호동25-971,50.5,0.0
2026-08-02T19:00:00,1410047400,화전산업대로,신호대교서측,신호동25-971,46.59,0.0
2026-08-02T19:00:00,1410055100,화전산업대로,화전동617,신호동25-971,66.5,0.0
2026-08-02T19:00:00,1410039402,녹산산업대로,신항입구교차로,녹송3호교,47.33,0.0
2026-08-02T19:00:00,1410120900,녹산산업대로,녹송3호교,녹송3호교,44.92,0.0
2026-08-02T19:00:00,1410039301,녹산산업대로,녹송3호교,신항입구교차로,49.58,0.0
2026-08-02T19:00:00,1410039404,녹산산업대로,신항입구교차로,신항입구교차로,55.08,0.0
2026-08-02T19:00:00,1410039303,녹산산업대로,신항입구교차로,신항입구교차로,53.0,0.0
2026-08-02T19:00:00,1410039403,녹산산업대로,창원산업,신항입구교차로,55.33,0.0
2026-08-02T19:00:00,1410039304,녹산산업대로,신항입구교차로,창원산업,58.67,0.0
2026-08-02T19:00:00,1410055300,녹산산업대로,부영인슈로,창원산업,63.75,0.0
2026-08-02T19:00:00,1410039500,녹산산단153로,녹송3호교,일성기공,27.75,0.0
2026-08-02T19:00:00,1410058200,녹산산단77로22번길,엔케이중공업,일성기공,25.83,0.0
2026-08-02T19:00:00,1410039800,녹산산업대로,해양케미칼,녹송3호교,57.5,0.0
2026-08-02T19:00:00,1410040000,녹산산단165로,송정동1525,녹송3호교,23.75,0.0
2026-08-02T19:00:00,1410119900,녹산산업대로,녹송3호교,녹송3호교,47.34,0.0
2026-08-02T19:00:00,1410048200,녹산산단165로14번길,송정동1533,송정동1525,31.83,0.0
2026-08-02T19:00:00,1410036200,녹산산단232로,송정동1717,해양테크,31.17,0.0
2026-08-02T19:00:00,1410040300,녹산산업대로,해양코리아,해양테크,27.69,109.0
2026-08-02T19:00:00,1410040800,녹산산업대로,침지공업사,해양테크,34.21,504.0
2026-08-02T19:00:00,1410041000,녹산산단231로,일신핫퓨젼,해양테크,5.0,0.0
2026-08-02T19:00:00,1410040500,가락대로,해양코리아,송정동1536,40.51,227.0
2026-08-02T19:00:00,1410051300,녹산산단165로14번길,지원산업,송정동1536,6.0,0.0
2026-08-02T19:00:00,1410052000,녹산산단261로13번길,일승상사,송정동1536,17.83,0.0
2026-08-02T19:00:00,1410052200,가락대로,부산플라스틱공업,송정동1536,28.03,115.0
2026-08-02T19:00:00,1410036600,녹산산단262로,오성산업,침지공업사,1.75,0.0
2026-08-02T19:00:00,1410040700,녹산산업대로,해양테크,침지공업사,46.7,169.0
2026-08-02T19:00:00,1410041200,녹산산업대로,경신화이바,침지공업사,52.29,466.0
2026-08-02T19:00:00,1410041400,녹산산단261로,대진기업,침지공업사,26.17,0.0
2026-08-02T19:00:00,1410040900,녹산산단231로,해양테크,일신핫퓨젼,31.67,0.0
2026-08-02T19:00:00,1410052800,녹산산단261로13번길,대진기업,일신핫퓨젼,32.83,0.0
2026-08-02T19:00:00,1410052300,녹산산단261로13번길,일승상사,일신핫퓨젼,33.25,0.0
2026-08-02T19:00:00,1410053000,녹산산단231로,금화산업,일신핫퓨젼,22.58,0.0
2026-08-02T19:00:00,1410037000,녹산산단290로,세보화성,경신화이바,12.0,0.0
2026-08-02T19:00:00,1410041600,녹산산업대로,리키아지에스,경신화이바,42.68,402.0
2026-08-02T19:00:00,1410041100,녹산산업대로,침지공업사,경신화이바,43.24,309.0
2026-08-02T19:00:00,1410041800,녹산산단289로,재유산업,경신화이바,7.17,0.0
2026-08-02T19:00:00,1410041300,녹산산단261로,침지공업사,대진기업,29.42,0.0
2026-08-02T19:00:00,1410052700,녹산산단261로13번길,일신핫퓨젼,대진기업,17.5,0.0
2026-08-02T19:00:00,1410053200,녹산산단261로14번길,스타코,대진기업,29.0,0.0
2026-08-02T19:00:00,1410053400,녹산산단261로,동성로라,대진기업,39.75,0.0
2026-08-02T19:00:00,1410041700,녹산산단289로,경신화이바,재유산업,37.0,0.0
2026-08-02T19:00:00,1410053500,녹산산단261로14번길,스타코,재유산업,27.42,0.0
2026-08-02T19:00:00,1410054000,녹산산단261로14번길,동방선기,재유산업,22.42,0.0
2026-08-02T19:00:00,1410054200,녹산산단289로,성골슈퍼,재유산업,17.75,0.0
2026-08-02T19:00:00,1410041900,녹산산업대로,리키아지에스,한국산업단지공단부산지역본부,50.5,290.0
2026-08-02T19:00:00,1410042400,녹산산업대로,강서소방서,한국산업단지공단부산지역본부,38.44,371.0
2026-08-02T19:00:00,1410042600,녹산산단335로,IBK기업은행,한국산업단지공단부산지역본부,18.34,0.0
2026-08-02T19:00:00,1410042100,녹산산단321로,리키아지에스,갑을녹산병원,33.42,0.0
2026-08-02T19:00:00,1410054300,녹산산단261로14번길,동방선기,갑을녹산병원,27.09,0.0
2026-08-02T19:00:00,1410054800,녹산산단321로,갑을녹산병원,갑을녹산병원,32.0,0.0
2026-08-02T19:00:00,1410042500,녹산산단335로,한국산업단지공단부산지역본부,IBK기업은행,18.0,0.0
2026-08-02T19:00:00,1410047600,녹산산단335로,신한은행녹산공단금융센터지점,IBK기업은행,17.75,0.0
2026-08-02T19:00:00,1410047800,녹산산단335로,KEB하나은행녹산공단지점,IBK기업은행,20.42,0.0
2026-08-02T19:00:00,1410042900,녹산산단361로,강서소방서,신한은행녹산공단금융센터지점,26.17,0.0
2026-08-02T19:00:00,1410047500,녹산산단335로,IBK기업은행,신한은행녹산공단금융센터지점,21.92,0.0
2026-08-02T19:00:00,1410048000,녹산산단361로,KT녹산지사,신한은행녹산공단금융센터지점,7.0,0.0
2026-08-02T19:00:00,1410043300,녹산산단381로,반도염색,레아테크,30.58,0.0
2026-08-02T19:00:00,1410051800,녹산산단381로,일신체육사,레아테크,33.42,0.0
2026-08-02T19:00:00,1410043700,녹산산단407로,대정산업,보금제재,32.92,0.0
2026-08-02T19:00:00,1410050200,녹산산단381로12번길,성현무역,보금제재,23.42,0.0
2026-08-02T19:00:00,1410050400,녹산산단381로12번길,신강이엔씨,보금제재,29.42,0.0
2026-08-02T19:00:00,1410050600,녹산산단407로,동화목재,보금제재,43.92,0.0
2026-08-02T19:00:00,1410044400,녹산산업대로,씨엠텍,아이엠아이,38.76,32.0
2026-08-02T19:00:00,1410043900,녹산산업대로,유일식품,아이엠아이,55.55,177.0
2026-08-02T19:00:00,1410044600,녹산산업북로,풍진테크,아이엠아이,8.67,0.0
2026-08-02T19:00:00,1410044100,녹산화전로,유일식품,삼현테크,34.0,0.0
2026-08-02T19:00:00,1410048800,녹산산단381로12번길,성현무역,삼현테크,36.5,0.0
2026-08-02T19:00:00,1410049000,녹산화전로,대진목재,삼현테크,25.33,0.0
2026-08-02T19:00:00,1410044500,녹산산업북로,아이엠아이,풍진테크,38.42,0.0
2026-08-02T19:00:00,1410049100,녹산산단381로12번길,삼현테크,풍진테크,31.67,0.0
2026-08-02T19:00:00,1410049600,녹산산업북로,동아의료보조기,풍진테크,20.67,0.0
2026-08-02T19:00:00,1410044701,르노삼성대로,씨엠텍,신호동25-992,38.06,42.0
2026-08-02T19:00:00,1410044801,르노삼성대로,아쿠아여행사,신호동25-992,37.59,32.0
2026-08-02T19:00:00,1410948400,신호산단1로,신호동303,신호동25-992,8.67,0.0
2026-08-02T19:00:00,1410038800,르노삼성대로,준시스템,76호광장교차로,36.25,0.0
2026-08-02T19:00:00,1410045200,르노삼성대로,76호광장앞교차로,76호광장교차로,58.19,342.0
2026-08-02T19:00:00,1410045400,르노삼성대로,신의주부대찌개퇴계로점,76호광장교차로,64.16,692.0
2026-08-02T19:00:00,1410045100,르노삼성대로,76호광장교차로,76호광장앞교차로,65.28,692.0
2026-08-02T19:00:00,1410045600,르노삼성대로,신호대교서측,76호광장앞교차로,60.27,342.0
2026-08-02T19:00:00,1410045700,르노삼성대로,삼성자동차삼거리,신의주부대찌개퇴계로점,57.74,692.0
2026-08-02T19:00:00,1410054900,르노삼성대로,신호동25-971,신의주부대찌개퇴계로점,44.67,0.0
2026-08-02T19:00:00,1410045300,르노삼성대로,76호광장교차로,신의주부대찌개퇴계로점,55.6,342.0
2026-08-02T19:00:00,1410045500,르노삼성대로,76호광장앞교차로,신호대교서측,64.66,692.0
2026-08-02T19:00:00,1410047300,르노삼성대로,신호대교동측,신호대교서측,60.94,342.0
2026-08-02T19:00:00,1410046100,르노삼성대로,명지지하차도서측,하비스트교회,32.29,299.0
2026-08-02T19:00:00,1410899300,르노삼성대로,명지동3227-3,하비스트교회,36.38,249.0
2026-08-02T19:00:00,1410046000,르노삼성대로,하비스트교회,명지지하차도서측,34.55,249.0
2026-08-02T19:00:00,1410046700,르노삼성대로,명지지하차도동측,명지지하차도서측,49.52,606.0
2026-08-02T19:00:00,1410046500,르노삼성대로,명지주거단지입구교차로,명지지하차도서측,39.42,0.0
2026-08-02T19:00:00,1410046600,르노삼성대로,명지지하차도서측,명지지하차도동측,44.57,532.0
2026-08-02T19:00:00,1410120600,르노삼성대로,명호사거리,명지지하차도동측,40.0,299.0
2026-08-02T19:00:00,1410046800,르노삼성대로,명지주거단지입구교차로,명지지하차도동측,41.5,0.0
2026-08-02T19:00:00,1410047200,르노삼성대로,신호대교서측,신호대교동측,60.87,692.0
2026-08-02T19:00:00,1410896000,르노삼성대로,명지폐기물처리장앞교차로,신호대교동측,60.65,342.0
2026-08-02T19:00:00,1410047700,녹산산단335로,IBK기업은행,KEB하나은행녹산공단지점,24.08,0.0
2026-08-02T19:00:00,1410056100,녹산산단335로,KT녹산지사,KEB하나은행녹산공단지점,20.0,0.0
2026-08-02T19:00:00,1410055600,녹산산단321로,갑을녹산병원,KEB하나은행녹산공단지점,12.33,0.0
2026-08-02T19:00:00,1410056300,녹산산단335로,동남식당,KEB하나은행녹산공단지점,23.42,0.0
2026-08-02T19:00:00,1410047900,녹산산단361로,신한은행녹산공단금융센터지점,KT녹산지사,23.67,0.0
2026-08-02T19:00:00,1410056000,녹산산단335로,KEB하나은행녹산공단지점,KT녹산지사,12.33,0.0
2026-08-02T19:00:00,1410056900,녹산산단361로,현우페트로테크,KT녹산지사,16.58,0.0
2026-08-02T19:00:00,1410049800,녹산산단165로14번길,지원산업,송정동1533,39.33,0.0
2026-08-02T19:00:00,1410050000,녹산산단165로14번길,송정동1528,송정동1533,15.25,0.0
2026-08-02T19:00:00,1410059500,녹산산단165로,녹송2호교,월드스페셜티,35.5,0.0
2026-08-02T19:00:00,1410048500,녹산산단381로12번길,삼현테크,삼현테크,36.83,0.0
2026-08-02T19:00:00,1410049400,녹산산단381로12번길,백산하이텍,삼현테크,25.0,0.0
2026-08-02T19:00:00,1410050100,녹산산단381로12번길,보금제재,성현무역,36.17,0.0
2026-08-02T19:00:00,1410048700,녹산산단381로12번길,삼현테크,성현무역,15.0,0.0
2026-08-02T19:00:00,1380095200,수영강변대로,수영강변지하차도,과정교,18.83,0.0
2026-08-02T19:00:00,1380116100,수영강변대로,수영구-해운대구,과정교,25.75,0.0
2026-08-02T19:00:00,1380096400,센텀중앙로,우리은행센텀파크지점,센텀초등학교,18.33,0.0
2026-08-02T19:00:00,1380118600,-,센텀초등학교,센텀초등학교,10.34,0.0
2026-08-02T19:00:00,1380118200,센텀중앙로,센텀시티지하차도(북측),센텀초등학교,15.92,0.0
2026-08-02T19:00:00,1380078401,송정중앙로,송정삼거리,송정동197,26.87,106.0
2026-08-02T19:00:00,1380078301,송정중앙로,해수욕장입구교차로,송정동197,14.42,239.0
2026-08-02T19:00:00,1380101600,해운대로,재송동338-1,센텀초등학교,6.0,0.0
2026-08-02T19:00:00,1380119000,센텀동로,재송동1199,센텀초등학교,7.5,0.0
2026-08-02T19:00:00,1380119100,센텀동로,해운대경찰서앞교차로,센텀초등학교,20.25,0.0
2026-08-02T19:00:00,1380118500,-,센텀초등학교,센텀초등학교,11.59,0.0
2026-08-02T19:00:00,1380071101,좌동로,부흥중고교앞교차로,좌동1422,25.0,0.0
2026-08-02T19:00:00,1380071201,좌동로,좌동지하차도앞교차로,좌동1422,14.34,0.0
2026-08-02T19:00:00,1380071301,좌동순환로,부흥중고교앞교차로,부흥중학교,22.25,0.0
2026-08-02T19:00:00,1380071401,좌동순환로,좌동지구대앞교차로,부흥중학교,26.0,0.0
2026-08-02T19:00:00,1380030601,해운대해변로,코스모시티오피스텔,중동1772,8.17,0.0
2026-08-02T19:00:00,1380030501,해운대해변로,커피콩,중동1772,8.33,0.0
2026-08-02T19:00:00,1430029500,수영강변대로,동래구-수영구,수영구-해운대구,28.42,0.0
2026-08-02T19:00:00,1380116200,수영강변대로,과정교,수영구-해운대구,25.0,0.0
2026-08-02T19:00:00,1380096200,센텀중앙로,센텀파크앞교차로,센텀시티지하차도(북측),18.5,0.0
2026-08-02T19:00:00,1380118100,센텀중앙로,센텀초등학교,센텀시티지하차도(북측),25.75,0.0
2026-08-02T19:00:00,1380096000,센텀중앙로,센텀시티지하차도(남측),센텀시티지하차도(북측),49.51,140.0
2026-08-02T19:00:00,1380120200,광안대로,광안대교우동TG,광안대교분기점,62.88,0.0
2026-08-02T19:00:00,1380120400,광안대로,센텀시티지하차도남측,광안대교분기점,73.71,0.0
2026-08-02T19:00:00,1430002900,광안대로,광안대교,광안대교분기점,72.04,0.0
2026-08-02T19:00:00,1380120700,번영로,동천고가교,금사고가교남측,86.25,32.0
2026-08-02T19:00:00,1400001100,번영로,동천교서측,금사고가교남측,63.13,49.0
2026-08-02T19:00:00,1400001300,번영로,금사고가교북측,금사고가교남측,77.56,80.0
2026-08-02T19:00:00,1380120900,석대로,세양물류CY,해운대구-금정구,43.0,0.0
2026-08-02T19:00:00,1400293300,석대로,회천교,해운대구-금정구,61.0,0.0
2026-08-02T19:00:00,1390000200,낙동대로,괴정사거리,사하초등삼거리,27.86,138.0
2026-08-02T19:00:00,1390000400,낙동대로,사하우체국,사하초등삼거리,28.39,150.0
2026-08-02T19:00:00,1390047100,장평로,부산은행사하지점,사하초등삼거리,24.83,0.0
2026-08-02T19:00:00,1390000100,낙동대로,사하초등삼거리,괴정사거리,27.05,150.0
2026-08-02T19:00:00,1390000801,낙동대로,괴정3치안센터,괴정사거리,28.09,417.0
2026-08-02T19:00:00,1390047700,사하로,동원맨션입구교차로,괴정사거리,18.67,0.0
2026-08-02T19:00:00,1390050200,승학로,사랑의교회,괴정사거리,23.25,0.0
2026-08-02T19:00:00,1390000300,낙동대로,사하초등삼거리,사하우체국,26.98,138.0
2026-08-02T19:00:00,1390000600,낙동대로,당리동주민센터사거리,사하우체국,36.43,150.0
2026-08-02T19:00:00,1390050400,마하로,사랑의교회,사하우체국,16.42,0.0
2026-08-02T19:00:00,1390000500,낙동대로,사하우체국,당리동주민센터사거리,26.74,138.0
2026-08-02T19:00:00,1390000902,낙동대로,사하구청앞교차로,당리동주민센터사거리,26.26,150.0
2026-08-02T19:00:00,1390051300,다대로,동매교사거리,당리동주민센터사거리,14.0,0.0
2026-08-02T19:00:00,1390051800,낙동대로372번길,비젼교회,당리동주민센터사거리,6.92,0.0
2026-08-02T19:00:00,1390000701,낙동대로,괴정사거리,괴정3치안센터,31.47,353.0
2026-08-02T19:00:00,1390000802,낙동대로,산정현교회,괴정3치안센터,33.47,417.0
2026-08-02T19:00:00,1390000702,낙동대로,괴정3치안센터,산정현교회,32.68,353.0
2026-08-02T19:00:00,1390001200,낙동대로,괴정초등학교앞삼거리,산정현교회,30.59,417.0
2026-08-02T19:00:00,1390050500,사리로,튼튼어린이집,산정현교회,25.5,0.0
2026-08-02T19:00:00,1390001002,낙동대로,사하구청앞교차로,당리역,17.69,138.0
2026-08-02T19:00:00,1390001700,낙동대로,당리역1번출구,당리역,29.26,150.0
2026-08-02T19:00:00,1390052900,괴정로57번길,남경어린이집,당리역,11.58,0.0
2026-08-02T19:00:00,1390001001,낙동대로,당리동주민센터사거리,사하구청앞교차로,17.69,138.0
2026-08-02T19:00:00,1390000901,낙동대로,당리역,사하구청앞교차로,24.18,150.0
2026-08-02T19:00:00,1390001100,낙동대로,산정현교회,괴정초등학교앞삼거리,32.43,353.0
2026-08-02T19:00:00,1390001400,낙동대로,대티역4번출구,괴정초등학교앞삼거리,32.38,417.0
2026-08-02T19:00:00,1390054402,대티로,괴정초등학교앞삼거리,괴정초등학교앞삼거리,14.42,0.0
2026-08-02T19:00:00,1390001300,낙동대로,괴정초등학교앞삼거리,대티역4번출구,26.89,353.0
2026-08-02T19:00:00,1390001600,낙동대로,화엄정사괴정포교당,대티역4번출구,34.05,417.0
2026-08-02T19:00:00,1390050700,낙동대로135번길,부산천사의학교도서관,대티역4번출구,16.92,0.0
2026-08-02T19:00:00,1390001500,낙동대로,대티역4번출구,화엄정사괴정포교당,34.55,353.0
2026-08-02T19:00:00,1390002501,낙동대로,화엄정사괴정포교당,화엄정사괴정포교당,31.72,417.0
2026-08-02T19:00:00,1390001800,낙동대로,당리역,당리역1번출구,21.28,138.0
2026-08-02T19:00:00,1390001900,낙동대로,하단역11번출구,당리역1번출구,33.43,150.0
2026-08-02T19:00:00,1390056200,제석로,스마일수산,당리역1번출구,10.92,0.0
2026-08-02T19:00:00,1390002601,낙동대로,화엄정사괴정포교당,화엄정사괴정포교당,34.05,353.0
2026-08-02T19:00:00,1390002502,낙동대로,대티터널남측,화엄정사괴정포교당,32.3,417.0
2026-08-02T19:00:00,1390002602,낙동대로,화엄정사괴정포교당,대티터널남측,38.22,353.0
2026-08-02T19:00:00,1390002503,낙동대로,대티터널동측,대티터널남측,35.93,417.0
2026-08-02T19:00:00,1390057400,하신번영로,하구둑교차로,하구둑교차로,25.08,0.0
2026-08-02T19:00:00,1390055700,하신번영로,부산해양경찰서하단출장소,하구둑교차로,28.09,0.0
2026-08-02T19:00:00,1390002100,강변대로,괴정1교북측,하구둑교차로,16.67,0.0
2026-08-02T19:00:00,1390002700,낙동남로,하구둑교차로,한주아파트,35.59,0.0
2026-08-02T19:00:00,1390002900,낙동남로,하단교차로,한주아파트,28.96,167.0
2026-08-02T19:00:00,1390003000,낙동남로,낙동강하구둑교량,한주아파트,44.14,225.0
2026-08-02T19:00:00,1390002800,낙동남로,한주아파트,하단교차로,25.31,225.0
2026-08-02T19:00:00,1390056300,하신중앙로,하단어린이집,하단교차로,14.92,0.0
2026-08-02T19:00:00,1390002200,낙동대로,하단역11번출구,하단교차로,14.57,138.0
2026-08-02T19:00:00,1390056900,승학로,스마일수산,하단교차로,16.67,0.0
2026-08-02T19:00:00,1390057600,낙동대로,엔제리너스부산동아대점,하단교차로,20.5,0.0
2026-08-02T19:00:00,1390003100,낙동남로,한주아파트,낙동강하구둑교량,42.71,167.0
2026-08-02T19:00:00,1390003600,낙동남로,낙동강하구둑교량,낙동강하구둑교량,56.34,0.0
2026-08-02T19:00:00,1390003800,낙동남로,하구둑교차로,낙동강하구둑교량,31.17,0.0
2026-08-02T19:00:00,1390140100,낙동남로,괴정1교북측,낙동강하구둑교량,43.25,0.0
2026-08-02T19:00:00,1390003500,낙동남로,낙동강하구둑교량,낙동강하구둑교량,65.0,0.0
2026-08-02T19:00:00,1390004100,낙동남로,을숙도휴게소,낙동강하구둑교량,58.0,0.0
2026-08-02T19:00:00,1390057300,하신번영로,하구둑교차로,하구둑교차로,26.67,0.0
2026-08-02T19:00:00,1390003200,낙동남로,한주아파트,하구둑교차로,18.75,0.0
2026-08-02T19:00:00,1390058000,하신번영로,하단2동열린독서방,하구둑교차로,26.83,0.0
2026-08-02T19:00:00,1390140000,낙동남로,낙동강하구둑교량,하구둑교차로,39.17,0.0
2026-08-02T19:00:00,1390003700,강변대로,하구둑교차로,하구둑교차로,30.58,0.0
2026-08-02T19:00:00,1390056700,강변대로,괴정1교북측,하구둑교차로,57.64,43.0
2026-08-02T19:00:00,1390059000,강변대로,하단강변삼거리,하구둑교차로,51.76,180.0
2026-08-02T19:00:00,1390004000,낙동남로,을숙도휴게소앞,을숙도휴게소,37.0,0.0
2026-08-02T19:00:00,1390058200,낙동남로,낙동강하구둑지하도로,을숙도휴게소,30.33,0.0
2026-08-02T19:00:00,1390004500,낙동남로,을숙도휴게소앞,을숙도휴게소앞,59.67,0.0
2026-08-02T19:00:00,1390004800,낙동남로,을숙도휴게소,을숙도휴게소앞,28.17,0.0
2026-08-02T19:00:00,1390005002,낙동남로,명지IC동측,을숙도휴게소앞,56.84,0.0
2026-08-02T19:00:00,1390004200,낙동남로,낙동강하구둑교량,을숙도휴게소,61.83,0.0
2026-08-02T19:00:00,1390003900,낙동남로,을숙도휴게소,을숙도휴게소,28.5,0.0
2026-08-02T19:00:00,1390004400,낙동남로,을숙도휴게소앞,을숙도휴게소,52.08,0.0
2026-08-02T19:00:00,1390004600,낙동남로,을숙도휴게소앞,을숙도휴게소앞,59.0,0.0
2026-08-02T19:00:00,1390004300,낙동남로,을숙도휴게소,을숙도휴게소앞,59.59,0.0
2026-08-02T19:00:00,1390004700,낙동남로,을숙도휴게소앞,을숙도휴게소,30.75,0.0
2026-08-02T19:00:00,1390059200,낙동남로,을숙도휴게소,을숙도휴게소,30.25,0.0
2026-08-02T19:00:00,1390004902,낙동남로,을숙도휴게소앞,명지IC동측,62.42,0.0
2026-08-02T19:00:00,1390005001,낙동남로,명지IC,명지IC동측,61.59,0.0
2026-08-02T19:00:00,1410002300,낙동남로,명지IC,명지IC,49.17,0.0
2026-08-02T19:00:00,1410002400,낙동남로,명지동1-610,명지IC,68.17,0.0
2026-08-02T19:00:00,1390004901,낙동남로,명지IC동측,명지IC,72.25,0.0
2026-08-02T19:00:00,1390005600,다대로,아이세상어린이집,다대해수욕장,29.0,0.0
2026-08-02T19:00:00,1390005402,다대로,다대해수욕장교차로,다대해수욕장,8.25,0.0
2026-08-02T19:00:00,1390005401,다대로,다대포해수욕장역2번출구,다대해수욕장교차로,17.09,0.0
2026-08-02T19:00:00,1390005301,다대로,다대해수욕장,다대해수욕장교차로,15.0,0.0
2026-08-02T19:00:00,1390005902,다대로,다대동1543,기계단지2교차로,43.92,0.0
2026-08-02T19:00:00,1390011200,다대로,기계단지1교차로,기계단지2교차로,49.08,0.0
2026-08-02T19:00:00,1390008000,감천항로405번길,동해엠티,오리엔트조선,27.75,0.0
2026-08-02T19:00:00,1390007801,감천항로,미래산업,구평동472-13,41.0,0.0
2026-08-02T19:00:00,1390146400,감천항로,구평동472-15,구평동472-13,51.09,0.0
2026-08-02T19:00:00,1390007702,감천항로,구평동472-13,미래산업,48.08,0.0
2026-08-02T19:00:00,1390009404,감천항로,구평동472-9,미래산업,51.0,0.0
2026-08-02T19:00:00,1390007900,감천항로405번길,오리엔트조선,동해엠티,19.0,0.0
2026-08-02T19:00:00,1390009602,감천항로405번길,구평동496-1,동해엠티,29.0,0.0
2026-08-02T19:00:00,1390009304,감천항로,구평동472-9,구평동472-9,10.0,0.0
2026-08-02T19:00:00,1390009401,감천항로,동호테크,구평동472-9,47.0,0.0
2026-08-02T19:00:00,1390154600,다송로,두송대선터널,구평동472-9,31.92,0.0
2026-08-02T19:00:00,1390009303,감천항로,미래산업,구평동472-9,44.5,0.0
2026-08-02T19:00:00,1390009403,감천항로,구평동472-9,구평동472-9,23.0,0.0
2026-08-02T19:00:00,1390009302,감천항로,구평동472-9,동호테크,27.0,0.0
2026-08-02T19:00:00,1390009502,감천항로405번길,구평동496-1,동호테크,40.0,0.0
2026-08-02T19:00:00,1390011800,감천항로,구평동468-2,동호테크,37.17,0.0
2026-08-02T19:00:00,1390009501,감천항로405번길,동해엠티,구평동496-1,40.0,0.0
2026-08-02T19:00:00,1390009601,감천항로405번길,동호테크,구평동496-1,22.0,0.0
2026-08-02T19:00:00,1390009900,다대동로,새에덴교회,다대포후리소리보존협회,34.59,0.0
2026-08-02T19:00:00,1390010400,다대동로,다대포항역2번출구,다대포후리소리보존협회,18.59,0.0
2026-08-02T19:00:00,1390011500,다대로,다대농협사거리,비전교회,41.17,0.0
2026-08-02T19:00:00,1390013100,다대로529번길,부산우유다대2동대리점,비전교회,9.34,0.0
2026-08-02T19:00:00,1390013600,다대로,윤공단앞교차로,비전교회,37.25,0.0
2026-08-02T19:00:00,1390010100,다대로,새에덴교회,다대농협사거리,18.33,0.0
2026-08-02T19:00:00,1390011600,다대로,비전교회,다대농협사거리,19.42,0.0
2026-08-02T19:00:00,1390010500,-,다대포항역2번출구,다대농협사거리,18.5,0.0
2026-08-02T19:00:00,1390011700,감천항로,동호테크,구평동468-2,52.0,0.0
2026-08-02T19:00:00,1390020200,감천항로,구평동313-4,구평동468-2,46.84,0.0
2026-08-02T19:00:00,1390012400,다대동로,아름빛유치원,다사랑교회,31.33,0.0
2026-08-02T19:00:00,1390012600,다대동로53번길,부산우유다대2동대리점,다사랑교회,12.67,0.0
2026-08-02T19:00:00,1390010700,다대동로,다대포항역2번출구,다사랑교회,18.0,0.0
2026-08-02T19:00:00,1390012300,다대동로,다사랑교회,아름빛유치원,30.92,0.0
2026-08-02T19:00:00,1390012800,다대동로,다대교회,아름빛유치원,32.08,0.0
2026-08-02T19:00:00,1390012500,다대동로53번길,다사랑교회,부산우유다대2동대리점,15.33,0.0
2026-08-02T19:00:00,1390013000,다대로529번길,다대교회,부산우유다대2동대리점,11.0,0.0
2026-08-02T19:00:00,1390012700,다대동로,아름빛유치원,다대교회,4.0,0.0
2026-08-02T19:00:00,1390013400,다대동로,원불교다대교당,다대교회,36.0,0.0
2026-08-02T19:00:00,1390013300,다대동로,다대교회,원불교다대교당,25.0,0.0
2026-08-02T19:00:00,1390013800,다대동로,윤공단앞교차로,원불교다대교당,30.08,0.0
2026-08-02T19:00:00,1390015400,다대로,다대1주공삼거리,윤공단앞교차로,33.5,0.0
2026-08-02T19:00:00,1390013500,다대로,비전교회,윤공단앞교차로,40.0,0.0
2026-08-02T19:00:00,1390013700,다대동로,원불교다대교당,윤공단앞교차로,23.25,0.0
2026-08-02T19:00:00,1390017600,후리소리길,바다유치원,꼬마대통령다대점,27.0,0.0
2026-08-02T19:00:00,1390015900,-,평강교회,꼬마대통령다대점,7.92,0.0
2026-08-02T19:00:00,1390015101,다송로84번길,해동사,다대동1595,17.0,0.0
2026-08-02T19:00:00,1390015201,다송로84번길,열방빛교회,다대동1595,12.0,0.0
2026-08-02T19:00:00,1390140200,다송로,두송대선터널,다대동1595,37.42,0.0
2026-08-02T19:00:00,1390015102,다송로84번길,다대동1595,열방빛교회,18.58,0.0
2026-08-02T19:00:00,1390017800,다송로,샘물교회,열방빛교회,22.59,0.0
2026-08-02T19:00:00,1390019100,다대로381번길,장대선교원,제자삼는교회,23.75,0.0
2026-08-02T19:00:00,1390021200,다대로381번길,속성변화점,제자삼는교회,24.25,0.0
2026-08-02T19:00:00,1390018501,다대로,현대아파트앞교차로,다대동1432-8,27.83,0.0
2026-08-02T19:00:00,1390018601,다대로,낫개역,다대동1432-8,28.92,0.0
2026-08-02T19:00:00,1390018502,다대로,다대동1432-8,낫개역,20.5,0.0
2026-08-02T19:00:00,1390020900,다대로429번길,다대지구대,낫개역,15.5,0.0
2026-08-02T19:00:00,1390021600,다대로,다송로입구삼거리,낫개역,31.0,0.0
2026-08-02T19:00:00,1390018700,다송로,장대선교원,장대선교원,16.83,0.0
2026-08-02T19:00:00,1390019200,다대로381번길,제자삼는교회,장대선교원,21.0,0.0
2026-08-02T19:00:00,1390019000,다송로,다대성당,장대선교원,19.84,0.0
2026-08-02T19:00:00,1390018900,다송로,장대선교원,다대성당,21.09,0.0
2026-08-02T19:00:00,1390019400,다송로,다대지구대,다대성당,20.33,0.0
2026-08-02T19:00:00,1390021000,다대로429번길,낫개역,다대지구대,17.09,0.0
2026-08-02T19:00:00,1390019300,다송로,다대성당,다대지구대,18.0,0.0
2026-08-02T19:00:00,1390020800,다송로,속성변화점,다대지구대,9.75,0.0
2026-08-02T19:00:00,1390011100,다대로,기계단지2교차로,기계단지1교차로,56.5,0.0
2026-08-02T19:00:00,1390019800,다대로,자동차부품단지앞교차로,기계단지1교차로,46.25,0.0
2026-08-02T19:00:00,1390019700,다대로,기계단지1교차로,자동차부품단지앞교차로,48.5,0.0
2026-08-02T19:00:00,1390022400,다대로,보덕1교,자동차부품단지앞교차로,49.08,0.0
2026-08-02T19:00:00,1390020100,감천항로,구평동468-2,구평동313-4,39.92,0.0
2026-08-02T19:00:00,1390022002,감천항로,구평동313-4,구평동313-4,16.0,0.0
2026-08-02T19:00:00,1390020700,다송로,다대지구대,속성변화점,29.08,0.0
2026-08-02T19:00:00,1390021400,다송로,다송로입구삼거리,속성변화점,13.17,0.0
2026-08-02T19:00:00,1390021100,다대로381번길,제자삼는교회,속성변화점,24.67,0.0
2026-08-02T19:00:00,1390023200,다대로381번길,갈보리교회,속성변화점,18.92,0.0
2026-08-02T19:00:00,1390021500,다대로,낫개역,다송로입구삼거리,22.75,0.0
2026-08-02T19:00:00,1390021300,다송로,속성변화점,다송로입구삼거리,19.92,0.0
2026-08-02T19:00:00,1390022600,다대로,갈보리교회,다송로입구삼거리,26.92,0.0
2026-08-02T19:00:00,1390023100,다대로381번길,속성변화점,갈보리교회,23.84,0.0
2026-08-02T19:00:00,1390022500,다대로,다송로입구삼거리,갈보리교회,30.84,0.0
2026-08-02T19:00:00,1390023402,다대로,장림동506-10,갈보리교회,38.59,0.0
2026-08-02T19:00:00,1390023301,다대로,갈보리교회,장림동506-10,15.75,0.0
2026-08-02T19:00:00,1390023401,다대로,속성변화점,장림동506-10,41.08,0.0
2026-08-02T19:00:00,1390023302,다대로,장림동506-10,속성변화점,43.08,0.0
2026-08-02T19:00:00,1390024000,다대로,한서병원앞삼거리,속성변화점,38.0,0.0
2026-08-02T19:00:00,1390025100,두송로,대한마린산업,보광암,18.75,0.0
2026-08-02T19:00:00,1390025602,두송로,장림동산40-9,보광암,26.67,0.0
2026-08-02T19:00:00,1390022300,다대로,자동차부품단지앞교차로,보덕1교,61.83,0.0
2026-08-02T19:00:00,1390023800,다대로,"도금,피혁단지교차로",보덕1교,62.5,0.0
2026-08-02T19:00:00,1390023700,다대로,보덕1교,"도금,피혁단지교차로",46.92,0.0
2026-08-02T19:00:00,1390026000,다대로,을숙도대교앞교차로,"도금,피혁단지교차로",61.0,0.0
2026-08-02T19:00:00,1390174401,다대로,봉구스밥버거,한서병원앞삼거리,39.75,0.0
2026-08-02T19:00:00,1390023900,다대로,속성변화점,한서병원앞삼거리,12.75,0.0
2026-08-02T19:00:00,1390024600,다대로320번길,협성어린이집,한서병원앞삼거리,15.42,0.0
2026-08-02T19:00:00,1390024400,장평로,협성어린이집,속성변화점,32.25,0.0
2026-08-02T19:00:00,1390024500,다대로320번길,한서병원앞삼거리,협성어린이집,30.34,0.0
2026-08-02T19:00:00,1390024300,장평로,속성변화점,협성어린이집,31.17,0.0
2026-08-02T19:00:00,1390025000,장평로,부산장림동우체국,협성어린이집,19.08,0.0
2026-08-02T19:00:00,1390027000,장평로,조흥은행,부산장림동우체국,26.75,0.0
2026-08-02T19:00:00,1390024900,장평로,협성어린이집,부산장림동우체국,22.5,0.0
2026-08-02T19:00:00,1390025302,감천항로,구평동176,감천항앞교차로,31.75,0.0
2026-08-02T19:00:00,1390029002,서포로,구평동138-6,감천항앞교차로,30.67,0.0
2026-08-02T19:00:00,1390029200,감천항로,GS25부산감천항점,감천항앞교차로,39.0,0.0
2026-08-02T19:00:00,1390030500,장림로,장림1동행정복지센터,장림동원아파트사거리,20.75,0.0
2026-08-02T19:00:00,1390031000,하신중앙로,장림1교북측,장림동원아파트사거리,15.58,0.0
2026-08-02T19:00:00,1390025501,두송로,보광암,장림동산40-9,26.0,0.0
2026-08-02T19:00:00,1390025601,두송로,은항교회,장림동산40-9,27.0,0.0
2026-08-02T19:00:00,1390025502,두송로,장림동산40-9,은항교회,26.0,0.0
2026-08-02T19:00:00,1390027400,다대로227번길,장림전화국앞교차로,은항교회,27.67,0.0
2026-08-02T19:00:00,1390027200,두송로,장림삼거리,은항교회,23.83,0.0
2026-08-02T19:00:00,1390025900,다대로,"도금,피혁단지교차로",을숙도대교앞교차로,59.09,0.0
2026-08-02T19:00:00,1390061700,다대로,을숙도대교,을숙도대교앞교차로,66.84,0.0
2026-08-02T19:00:00,1390032000,다대로,을숙도대교앞교차로,을숙도대교앞교차로,60.92,0.0
2026-08-02T19:00:00,1390029402,장림산업1길,장림동1067,장림전화국앞교차로,18.25,0.0
2026-08-02T19:00:00,1390027300,다대로227번길,은항교회,장림전화국앞교차로,14.25,0.0
2026-08-02T19:00:00,1390029800,다대로,사하경찰서사거리,장림전화국앞교차로,15.0,0.0
2026-08-02T19:00:00,1390028500,다대로,장림삼거리,장림전화국앞교차로,21.92,0.0
2026-08-02T19:00:00,1390029600,장림로,구평고개사거리,장림전화국앞교차로,23.67,0.0
2026-08-02T19:00:00,1390027600,암남공원로,송도동일스위트아파트,남성타워맨션아파트,25.25,0.0
2026-08-02T19:00:00,1390027500,암남공원로,남성타워맨션아파트,송도동일스위트아파트,25.0,0.0
2026-08-02T19:00:00,1390028800,암남공원로,금강송도타운아파트,송도동일스위트아파트,28.75,0.0
2026-08-02T19:00:00,1310004500,성산길,정림비치타운아파트,송도동일스위트아파트,18.33,0.0
2026-08-02T19:00:00,1390028100,장림번영로,조흥은행,장림1동행정복지센터,7.0,0.0
2026-08-02T19:00:00,1390030600,장림로,장림동원아파트사거리,장림1동행정복지센터,19.92,0.0
2026-08-02T19:00:00,1390030800,장평로195번길,GS25장림하신점,장림1동행정복지센터,12.67,0.0
2026-08-02T19:00:00,1390030100,장림로,민우마린,장림1동행정복지센터,12.75,0.0
2026-08-02T19:00:00,1390028301,장평로,조흥은행,장림동317-23,18.59,0.0
2026-08-02T19:00:00,1390153200,장림로,장림동1067,장림동317-23,12.83,0.0
2026-08-02T19:00:00,1390028401,장평로,부산경찰기동대1별관,장림동317-23,9.25,0.0
2026-08-02T19:00:00,1390153400,장림로,민우마린,장림동317-23,12.5,0.0
2026-08-02T19:00:00,1390029302,장림산업1길,장림동1067,부산경찰기동대1별관,24.25,0.0
2026-08-02T19:00:00,1390028302,장평로,장림동317-23,부산경찰기동대1별관,20.17,0.0
2026-08-02T19:00:00,1390031200,장평로,사하경찰서방범순찰대,부산경찰기동대1별관,16.0,0.0
2026-08-02T19:00:00,1390028700,암남공원로,송도동일스위트아파트,금강송도타운아파트,11.92,0.0
2026-08-02T19:00:00,1390155300,감천로,감천사거리,금강송도타운아파트,42.58,0.0
2026-08-02T19:00:00,1310004704,감천로,암남동10-16,금강송도타운아파트,20.5,0.0
2026-08-02T19:00:00,1390028901,서포로,감천항앞교차로,구평동138-6,27.67,0.0
2026-08-02T19:00:00,1390033600,을숙도대로,구평초교삼거리,장림고개삼거리,31.5,0.0
2026-08-02T19:00:00,1390033102,을숙도대로,구평고개사거리,장림고개삼거리,24.09,0.0
2026-08-02T19:00:00,1390029100,감천항로,감천항앞교차로,GS25부산감천항점,45.67,0.0
2026-08-02T19:00:00,1390036902,을숙도대로,구평동34-18,GS25부산감천항점,28.92,0.0
2026-08-02T19:00:00,1390039200,을숙도대로,복합화력발전소,GS25부산감천항점,41.59,0.0
2026-08-02T19:00:00,1390030700,장평로195번길,장림1동행정복지센터,GS25장림하신점,23.25,0.0
2026-08-02T19:00:00,1390031302,하신중앙로54번길,보림초등학교,GS25장림하신점,27.0,0.0
2026-08-02T19:00:00,1390032500,하신중앙로54번길,부산우유대리점,GS25장림하신점,24.67,0.0
2026-08-02T19:00:00,1390033000,-,GS25장림하신점,GS25장림하신점,15.59,0.0
2026-08-02T19:00:00,1390030900,하신중앙로,장림동원아파트사거리,장림1교북측,19.83,0.0
2026-08-02T19:00:00,1390031402,하신중앙로54번길,보림초등학교,장림1교북측,28.33,0.0
2026-08-02T19:00:00,1390031600,하신중앙로,신평장림산업단지사거리,장림1교북측,22.34,0.0
2026-08-02T19:00:00,1390031100,장평로,부산경찰기동대1별관,사하경찰서방범순찰대,16.0,0.0
2026-08-02T19:00:00,1390032200,하신중앙로54번길,부산우유대리점,사하경찰서방범순찰대,19.25,0.0
2026-08-02T19:00:00,1390032400,장평로,기동대입구교차로,사하경찰서방범순찰대,13.67,0.0
2026-08-02T19:00:00,1390031401,하신중앙로54번길,GS25장림하신점,보림초등학교,15.17,0.0
2026-08-02T19:00:00,1390031301,하신중앙로54번길,장림1교북측,보림초등학교,22.0,0.0
2026-08-02T19:00:00,1390031500,하신중앙로,장림1교북측,신평장림산업단지사거리,12.5,0.0
2026-08-02T19:00:00,1390034900,을숙도대로,GS25장림하신점,신평장림산업단지사거리,20.92,0.0
2026-08-02T19:00:00,1390035600,하신중앙로,신평2동사거리,신평장림산업단지사거리,23.42,0.0
2026-08-02T19:00:00,1390035400,을숙도대로,화진카클리닉,신평장림산업단지사거리,40.83,0.0
2026-08-02T19:00:00,1390032600,하신중앙로54번길,GS25장림하신점,부산우유대리점,19.67,0.0
2026-08-02T19:00:00,1390032100,하신중앙로54번길,사하경찰서방범순찰대,부산우유대리점,12.5,0.0
2026-08-02T19:00:00,1390032300,장평로,사하경찰서방범순찰대,기동대입구교차로,14.25,0.0
2026-08-02T19:00:00,1390034400,을숙도대로,CUE1알뜰주유소점,기동대입구교차로,24.17,0.0
2026-08-02T19:00:00,1390033900,을숙도대로,사하경찰서사거리,기동대입구교차로,34.42,0.0
2026-08-02T19:00:00,1390034600,장평로,대신공업사,기동대입구교차로,19.67,0.0
2026-08-02T19:00:00,1390032700,-,부산우유대리점,CUE1알뜰주유소점,13.0,0.0
2026-08-02T19:00:00,1390034300,을숙도대로,기동대입구교차로,CUE1알뜰주유소점,43.83,0.0
2026-08-02T19:00:00,1390034800,을숙도대로,GS25장림하신점,CUE1알뜰주유소점,43.75,0.0
2026-08-02T19:00:00,1390032900,-,GS25장림하신점,GS25장림하신점,7.83,0.0
2026-08-02T19:00:00,1390035000,을숙도대로,신평장림산업단지사거리,GS25장림하신점,46.17,0.0
2026-08-02T19:00:00,1390034700,을숙도대로,CUE1알뜰주유소점,GS25장림하신점,36.83,0.0
2026-08-02T19:00:00,1390035200,을숙도대로569번길,한라오토밸브,GS25장림하신점,23.75,0.0
2026-08-02T19:00:00,1390029700,다대로,장림전화국앞교차로,사하경찰서사거리,17.67,0.0
2026-08-02T19:00:00,1390034000,을숙도대로,기동대입구교차로,사하경찰서사거리,35.5,0.0
2026-08-02T19:00:00,1390034200,다대로,성일여고앞삼거리,사하경찰서사거리,18.5,0.0
2026-08-02T19:00:00,1390033700,을숙도대로,동남여객장림영업소,사하경찰서사거리,10.67,0.0
2026-08-02T19:00:00,1390034100,다대로,사하경찰서사거리,성일여고앞삼거리,39.59,0.0
2026-08-02T19:00:00,1390037400,다대로170번길,대신공업사,성일여고앞삼거리,8.0,0.0
2026-08-02T19:00:00,1390037600,다대로,강동병원앞교차로,성일여고앞삼거리,25.33,0.0
2026-08-02T19:00:00,1390034500,장평로,기동대입구교차로,대신공업사,18.75,0.0
2026-08-02T19:00:00,1390037300,다대로170번길,성일여고앞삼거리,대신공업사,36.5,0.0
2026-08-02T19:00:00,1390038200,다대로170번길,한라오토밸브,대신공업사,17.84,0.0
2026-08-02T19:00:00,1390038400,장평로,사하소방서앞교차로,대신공업사,35.0,0.0
2026-08-02T19:00:00,1390035100,을숙도대로569번길,GS25장림하신점,한라오토밸브,27.75,0.0
2026-08-02T19:00:00,1390038100,다대로170번길,대신공업사,한라오토밸브,19.0,0.0
2026-08-02T19:00:00,1390038800,을숙도대로569번길,캐나다영사관,한라오토밸브,30.92,0.0
2026-08-02T19:00:00,1390035500,하신중앙로,신평장림산업단지사거리,신평2동사거리,26.92,0.0
2026-08-02T19:00:00,1390040900,신산로,캐나다영사관,신평2동사거리,8.92,0.0
2026-08-02T19:00:00,1390041400,하신중앙로,서빙고,신평2동사거리,20.42,0.0
2026-08-02T19:00:00,1390041200,신산로,신평동665,신평2동사거리,23.75,0.0
2026-08-02T19:00:00,1390038600,강변대로,신평동교차로,신평동666,55.1,180.0
2026-08-02T19:00:00,1390036500,강변대로,을숙도대교앞교차로,신평동666,54.52,43.0
2026-08-02T19:00:00,1390036300,강변대로,을숙도대교앞교차로,신평동666,48.25,0.0
2026-08-02T19:00:00,1390033500,을숙도대로,장림고개삼거리,구평초교삼거리,41.0,0.0
2026-08-02T19:00:00,1390036800,사하로,프로미카월드부산구평점,구평초교삼거리,25.0,0.0
2026-08-02T19:00:00,1390037002,을숙도대로,구평동34-18,구평초교삼거리,46.33,0.0
2026-08-02T19:00:00,1390036700,사하로,구평초교삼거리,프로미카월드부산구평점,34.17,0.0
2026-08-02T19:00:00,1390037200,사하로,감천삼거리,프로미카월드부산구평점,35.34,0.0
2026-08-02T19:00:00,1390037001,을숙도대로,GS25부산감천항점,구평동34-18,51.83,0.0
2026-08-02T19:00:00,1390036901,을숙도대로,구평초교삼거리,구평동34-18,37.5,0.0
2026-08-02T19:00:00,1390142400,을숙도대로,감천지하차도,구평동34-18,70.29,478.0
2026-08-02T19:00:00,1390037500,다대로,성일여고앞삼거리,강동병원앞교차로,39.09,0.0
2026-08-02T19:00:00,1390039600,신산로,동매역2번출구,강동병원앞교차로,27.25,0.0
2026-08-02T19:00:00,1390039800,다대로,세븐일레븐부산강동점,강동병원앞교차로,31.42,0.0
2026-08-02T19:00:00,1390155200,감천로,금강송도타운아파트,감천사거리,22.0,0.0
2026-08-02T19:00:00,1390037800,감천로,감천1동행정복지센터,감천사거리,16.84,0.0
2026-08-02T19:00:00,1390038000,옥천로,남성사,감천사거리,27.42,0.0
2026-08-02T19:00:00,1390155000,원양로,서구-사하구,감천사거리,19.92,0.0
2026-08-02T19:00:00,1390037700,감천로,감천사거리,감천1동행정복지센터,26.75,0.0
2026-08-02T19:00:00,1390039000,감천로,복합화력발전소,감천1동행정복지센터,29.84,0.0
2026-08-02T19:00:00,1390037900,옥천로,감천사거리,남성사,27.0,0.0
2026-08-02T19:00:00,1310022600,옥천로,산상교회,남성사,27.67,0.0
2026-08-02T19:00:00,1390038300,장평로,대신공업사,사하소방서앞교차로,17.67,0.0
2026-08-02T19:00:00,1390040600,신산로,캐나다영사관,사하소방서앞교차로,28.17,0.0
2026-08-02T19:00:00,1390039900,신산로,동매역2번출구,사하소방서앞교차로,19.83,0.0
2026-08-02T19:00:00,1390040800,장평로,신평사거리,사하소방서앞교차로,16.42,0.0
2026-08-02T19:00:00,1390038500,강변대로,신평동666,신평동교차로,53.27,43.0
2026-08-02T19:00:00,1390047000,강변대로,한창물류,신평동교차로,44.1,180.0
2026-08-02T19:00:00,1390046700,하신번영로151번길,새로미어린이집,신평동교차로,31.0,0.0
2026-08-02T19:00:00,1390038700,을숙도대로569번길,한라오토밸브,캐나다영사관,27.17,0.0
2026-08-02T19:00:00,1390041000,신산로,신평2동사거리,캐나다영사관,34.5,0.0
2026-08-02T19:00:00,1390040500,신산로,사하소방서앞교차로,캐나다영사관,27.33,0.0
2026-08-02T19:00:00,1390039100,을숙도대로,GS25부산감천항점,복합화력발전소,34.17,0.0
2026-08-02T19:00:00,1390038900,감천로,감천1동행정복지센터,복합화력발전소,25.0,0.0
2026-08-02T19:00:00,1390040400,감천로,비락우유감천대리점,복합화력발전소,20.17,0.0
2026-08-02T19:00:00,1390039500,신산로,강동병원앞교차로,동매역2번출구,26.92,0.0
2026-08-02T19:00:00,1390040000,신산로,사하소방서앞교차로,동매역2번출구,34.5,0.0
2026-08-02T19:00:00,1390039700,다대로,강동병원앞교차로,세븐일레븐부산강동점,23.0,0.0
2026-08-02T19:00:00,1390041600,다대로,사하케이블유선방송,세븐일레븐부산강동점,32.67,0.0
2026-08-02T19:00:00,1390040700,장평로,사하소방서앞교차로,신평사거리,17.5,0.0
2026-08-02T19:00:00,1390040100,신산로,동매역2번출구,신평사거리,19.0,0.0
2026-08-02T19:00:00,1390042802,장평로,신평시장입구사거리,신평사거리,32.25,0.0
2026-08-02T19:00:00,1390040300,감천로,복합화력발전소,비락우유감천대리점,24.5,0.0
2026-08-02T19:00:00,1390043200,감천로,비락우유감천대리점,비락우유감천대리점,33.17,0.0
2026-08-02T19:00:00,1390043400,감천로21번길,명광교회,비락우유감천대리점,2.59,0.0
2026-08-02T19:00:00,1390041300,하신중앙로,신평2동사거리,서빙고,31.33,0.0
2026-08-02T19:00:00,1390043000,하신중앙로,신평역4번출구,서빙고,30.67,0.0
2026-08-02T19:00:00,1390041500,다대로,세븐일레븐부산강동점,사하케이블유선방송,28.83,0.0
2026-08-02T19:00:00,1390157401,다대로,대구쌀상회,사하케이블유선방송,8.0,0.0
2026-08-02T19:00:00,1390042701,장평로,신평사거리,신평시장입구사거리,13.5,0.0
2026-08-02T19:00:00,1390042804,장평로,신평동11-6,신평시장입구사거리,27.92,0.0
2026-08-02T19:00:00,1390042703,장평로,신평시장입구사거리,신평동11-6,18.75,0.0
2026-08-02T19:00:00,1390042803,장평로,배고개사거리,신평동11-6,34.34,0.0
2026-08-02T19:00:00,1390042900,하신중앙로,서빙고,신평역4번출구,31.17,0.0
2026-08-02T19:00:00,1390045000,하신중앙로,이마트24부산신평점,신평역4번출구,34.42,0.0
2026-08-02T19:00:00,1390043100,감천로,비락우유감천대리점,비락우유감천대리점,35.59,0.0
2026-08-02T19:00:00,1390043600,감천로15번길,명광교회,비락우유감천대리점,16.75,0.0
2026-08-02T19:00:00,1390043800,감천로,감천삼거리,비락우유감천대리점,35.42,0.0
2026-08-02T19:00:00,1390043300,감천로21번길,비락우유감천대리점,명광교회,12.42,0.0
2026-08-02T19:00:00,1390044000,감천로21번길,남해수산,명광교회,24.67,0.0
2026-08-02T19:00:00,1390043900,감천로21번길,명광교회,남해수산,19.0,0.0
2026-08-02T19:00:00,1390044900,하신중앙로,신평역4번출구,이마트24부산신평점,32.25,0.0
2026-08-02T19:00:00,1390048000,하신중앙로,부산은행신평역지점,이마트24부산신평점,27.67,0.0
2026-08-02T19:00:00,1390047900,하신중앙로,이마트24부산신평점,부산은행신평역지점,16.92,0.0
2026-08-02T19:00:00,1390048400,하신번영로,하남중학교앞교차로,부산은행신평역지점,19.42,0.0
2026-08-02T19:00:00,1390048600,하신중앙로,리버포레,부산은행신평역지점,23.25,0.0
2026-08-02T19:00:00,1390045700,하신번영로,신평역9번출구,부산은행신평역지점,18.0,0.0
2026-08-02T19:00:00,1390047800,사하로,괴정사거리,동원맨션입구교차로,24.75,0.0
2026-08-02T19:00:00,1390047600,오작로,괴정유치원,동원맨션입구교차로,16.0,0.0
2026-08-02T19:00:00,1390046500,사하로,괴정동삼거리,동원맨션입구교차로,22.25,0.0
2026-08-02T19:00:00,1390046900,강변대로,신평동교차로,한창물류,52.23,43.0
2026-08-02T19:00:00,1390049100,하신번영로201번길,하남중학교앞교차로,한창물류,19.17,0.0
2026-08-02T19:00:00,1390049600,강변대로,하단동1173,한창물류,47.18,180.0
2026-08-02T19:00:00,1390051400,다대로,당리동주민센터사거리,동매교사거리,11.0,0.0
2026-08-02T19:00:00,1390051600,괴정로,남경어린이집,동매교사거리,17.0,0.0
2026-08-02T19:00:00,1390047300,괴정로,부산은행사하지점,동매교사거리,18.83,0.0
2026-08-02T19:00:00,1390157301,다대로,치킨삼파전,동매교사거리,10.17,0.0
2026-08-02T19:00:00,1390047500,오작로,동원맨션입구교차로,괴정유치원,28.25,0.0
2026-08-02T19:00:00,1390048800,오작로,튼튼어린이집,괴정유치원,24.42,0.0
2026-08-02T19:00:00,1390049000,사리로7번길,튼튼어린이집,괴정유치원,24.42,0.0
2026-08-02T19:00:00,1390048300,하신번영로,부산은행신평역지점,하남중학교앞교차로,14.59,0.0
2026-08-02T19:00:00,1390049400,하신번영로,부산해양경찰서하단출장소,하남중학교앞교차로,18.83,0.0
2026-08-02T19:00:00,1390048500,하신중앙로,부산은행신평역지점,리버포레,32.58,0.0
2026-08-02T19:00:00,1390053600,하신중앙로,대진아파트앞교차로,리버포레,29.42,0.0
2026-08-02T19:00:00,1390053800,-,대진아파트앞교차로,리버포레,15.59,0.0
2026-08-02T19:00:00,1390048700,오작로,괴정유치원,튼튼어린이집,23.34,0.0
2026-08-02T19:00:00,1390049800,사리로,튼튼어린이집,튼튼어린이집,21.0,0.0
2026-08-02T19:00:00,1390050000,오작로,부산천사의학교도서관,튼튼어린이집,19.75,0.0
2026-08-02T19:00:00,1390050600,사리로,산정현교회,튼튼어린이집,25.67,0.0
2026-08-02T19:00:00,1390048900,사리로7번길,괴정유치원,튼튼어린이집,28.75,0.0
2026-08-02T19:00:00,1390049700,사리로,튼튼어린이집,튼튼어린이집,15.5,0.0
2026-08-02T19:00:00,1390055800,하신번영로,하구둑교차로,부산해양경찰서하단출장소,25.58,0.0
2026-08-02T19:00:00,1390049300,하신번영로,하남중학교앞교차로,부산해양경찰서하단출장소,19.42,0.0
2026-08-02T19:00:00,1390055500,동매로,대진아파트앞교차로,부산해양경찰서하단출장소,17.92,0.0
2026-08-02T19:00:00,1390049500,강변대로,한창물류,하단동1173,49.19,43.0
2026-08-02T19:00:00,1390052800,강변대로,괴정1교북측,하단동1173,42.18,180.0
2026-08-02T19:00:00,1390050800,낙동대로135번길,대티역4번출구,부산천사의학교도서관,18.75,0.0
2026-08-02T19:00:00,1390049900,오작로,튼튼어린이집,부산천사의학교도서관,15.84,0.0
2026-08-02T19:00:00,1390050100,승학로,괴정사거리,사랑의교회,19.17,0.0
2026-08-02T19:00:00,1390050300,마하로,사하우체국,사랑의교회,21.75,0.0
2026-08-02T19:00:00,1390053400,승학로,비젼교회,사랑의교회,25.75,0.0
2026-08-02T19:00:00,1390054900,까치고개로,괴정2동우편취급국,괴정2동행정복지센터,29.42,0.0
2026-08-02T19:00:00,1390056000,까치고개로,중앙동사거리,괴정2동행정복지센터,28.58,0.0
2026-08-02T19:00:00,1390051500,괴정로,동매교사거리,남경어린이집,25.83,0.0
2026-08-02T19:00:00,1390052000,괴정로57번길,남경어린이집,남경어린이집,5.25,0.0
2026-08-02T19:00:00,1390052200,동매로,대진아파트앞교차로,남경어린이집,29.42,0.0
2026-08-02T19:00:00,1390052400,괴정로,하단어린이집,남경어린이집,18.92,0.0
2026-08-02T19:00:00,1390051700,낙동대로372번길,당리동주민센터사거리,비젼교회,20.0,0.0
2026-08-02T19:00:00,1390053300,승학로,사랑의교회,비젼교회,26.92,0.0
2026-08-02T19:00:00,1390053000,괴정로57번길,당리역,남경어린이집,12.67,0.0
2026-08-02T19:00:00,1390051900,괴정로57번길,남경어린이집,남경어린이집,16.0,0.0
2026-08-02T19:00:00,1390053500,하신중앙로,리버포레,대진아파트앞교차로,26.42,0.0
2026-08-02T19:00:00,1390052100,동매로,남경어린이집,대진아파트앞교차로,19.42,0.0
2026-08-02T19:00:00,1390055400,하신중앙로,하단어린이집,대진아파트앞교차로,32.75,0.0
2026-08-02T19:00:00,1390055200,동매로,대진아파트앞교차로,대진아파트앞교차로,11.33,0.0
2026-08-02T19:00:00,1390056400,하신중앙로,하단교차로,하단어린이집,22.42,0.0
2026-08-02T19:00:00,1390052300,괴정로,남경어린이집,하단어린이집,20.17,0.0
2026-08-02T19:00:00,1390055300,하신중앙로,대진아파트앞교차로,하단어린이집,33.42,0.0
2026-08-02T19:00:00,1390054304,대티로,괴정동314-33,대성아파트,25.0,0.0
2026-08-02T19:00:00,1390057800,대티로,괴정교회,대성아파트,28.08,0.0
2026-08-02T19:00:00,1390054301,대티로,괴정초등학교앞삼거리,괴정초등학교앞삼거리,22.5,0.0
2026-08-02T19:00:00,1390054404,대티로,괴정동314-33,괴정초등학교앞삼거리,17.25,0.0
2026-08-02T19:00:00,1390060500,낙동대로,엔제리너스부산동아대점,하단남영아파트삼거리,16.75,0.0
2026-08-02T19:00:00,1390060800,하신번영로,하단2동열린독서방,하단남영아파트삼거리,6.08,0.0
2026-08-02T19:00:00,1390155900,낙동대로,사하구-사상구,하단남영아파트삼거리,37.0,0.0
2026-08-02T19:00:00,1390002400,낙동남로,낙동강하구둑교량,괴정1교북측,34.17,0.0
2026-08-02T19:00:00,1390056800,강변대로,하구둑교차로,괴정1교북측,49.47,180.0
2026-08-02T19:00:00,1390052700,강변대로,하단동1173,괴정1교북측,51.81,43.0
2026-08-02T19:00:00,1390002000,낙동대로,당리역1번출구,하단역11번출구,18.95,138.0
2026-08-02T19:00:00,1390002300,낙동대로,하단교차로,하단역11번출구,27.1,150.0
2026-08-02T19:00:00,1390053700,-,리버포레,대진아파트앞교차로,16.25,0.0
2026-08-02T19:00:00,1390055600,동매로,부산해양경찰서하단출장소,대진아파트앞교차로,23.25,0.0
2026-08-02T19:00:00,1390055100,동매로,대진아파트앞교차로,대진아파트앞교차로,27.58,0.0
2026-08-02T19:00:00,1390056100,제석로,당리역1번출구,스마일수산,17.5,0.0
2026-08-02T19:00:00,1390057000,승학로,하단교차로,스마일수산,25.33,0.0
2026-08-02T19:00:00,1390054403,대티로,대성아파트,괴정동314-33,28.59,0.0
2026-08-02T19:00:00,1390054303,대티로,괴정초등학교앞삼거리,괴정동314-33,24.17,0.0
2026-08-02T19:00:00,1390054600,까치고개로,화엄정사괴정포교당,괴정2동우편취급국,27.67,0.0
2026-08-02T19:00:00,1390055000,까치고개로,괴정2동행정복지센터,괴정2동우편취급국,26.0,0.0
2026-08-02T19:00:00,1390055900,까치고개로,괴정2동행정복지센터,중앙동사거리,26.67,0.0
2026-08-02T19:00:00,1390056600,오작로,괴정교회,중앙동사거리,24.58,0.0
2026-08-02T19:00:00,1310008300,까치고개로,산상교회,중앙동사거리,26.83,0.0
2026-08-02T19:00:00,1390057700,대티로,대성아파트,괴정교회,27.0,0.0
2026-08-02T19:00:00,1390056500,오작로,중앙동사거리,괴정교회,27.58,0.0
2026-08-02T19:00:00,1390058400,대티로,가람유치원,괴정교회,29.92,0.0
2026-08-02T19:00:00,1390057500,낙동대로,하단교차로,엔제리너스부산동아대점,26.09,0.0
2026-08-02T19:00:00,1390060600,낙동대로,하단남영아파트삼거리,엔제리너스부산동아대점,20.42,0.0
2026-08-02T19:00:00,1390057900,하신번영로,하구둑교차로,하단2동열린독서방,17.58,0.0
2026-08-02T19:00:00,1390060700,하신번영로,하단남영아파트삼거리,하단2동열린독서방,8.5,0.0
2026-08-02T19:00:00,1390061200,하신번영로,하단강변삼거리,하단2동열린독서방,30.0,0.0
2026-08-02T19:00:00,1390061400,하신번영로,부산경남중방식도장협회,하단2동열린독서방,18.0,0.0
2026-08-02T19:00:00,1390058100,낙동남로,을숙도휴게소,낙동강하구둑지하도로,24.83,0.0
2026-08-02T19:00:00,1390058600,낙동남로,낙동강하구둑지하도로,낙동강하구둑지하도로,36.33,0.0
2026-08-02T19:00:00,1390058300,대티로,괴정교회,가람유치원,22.42,0.0
2026-08-02T19:00:00,1310008900,해돋이로,노틀담유치원,가람유치원,29.08,0.0
2026-08-02T19:00:00,1310009600,대티로,산성교회,가람유치원,23.0,0.0
2026-08-02T19:00:00,1390058500,낙동남로,낙동강하구둑지하도로,낙동강하구둑지하도로,36.17,0.0
2026-08-02T19:00:00,1390058800,낙동남로,을숙도선착장,낙동강하구둑지하도로,23.5,0.0
2026-08-02T19:00:00,1390058700,낙동남로,낙동강하구둑지하도로,을숙도선착장,31.92,0.0
2026-08-02T19:00:00,1390059400,낙동남로,을숙도리틀야구장,을숙도선착장,18.5,0.0
2026-08-02T19:00:00,1390058900,강변대로,하구둑교차로,하단강변삼거리,46.02,43.0
2026-08-02T19:00:00,1390061100,하신번영로,하단2동열린독서방,하단강변삼거리,14.25,0.0
2026-08-02T19:00:00,1390155700,강변대로,사하구-사상구,하단강변삼거리,44.89,180.0
2026-08-02T19:00:00,1390059100,낙동남로,을숙도휴게소,을숙도휴게소,27.75,0.0
2026-08-02T19:00:00,1390060200,낙동남로,을숙도리틀야구장,을숙도휴게소,14.17,0.0
2026-08-02T19:00:00,1390059800,낙동남로,을숙도휴게소,을숙도리틀야구장,17.5,0.0
2026-08-02T19:00:00,1390059500,낙동남로,을숙도선착장,을숙도리틀야구장,21.17,0.0
2026-08-02T19:00:00,1390060100,낙동남로,을숙도휴게소,을숙도리틀야구장,10.67,0.0
2026-08-02T19:00:00,1390061300,하신번영로,하단2동열린독서방,부산경남중방식도장협회,16.75,0.0
2026-08-02T19:00:00,1440060900,농산물시장로,엄궁동665,부산경남중방식도장협회,29.0,0.0
2026-08-02T19:00:00,1390062400,강변대로,을숙도대교,신평IC북측,64.0,0.0
2026-08-02T19:00:00,1390140300,다송로,다대동1595,두송대선터널,31.92,0.0
2026-08-02T19:00:00,1390146200,다송로,두송대선터널,두송대선터널,37.42,0.0
2026-08-02T19:00:00,1390146500,감천항로,구평동472-13,구평동472-15,38.0,0.0
2026-08-02T19:00:00,1390147200,감천항로,속성변화점,구평동472-15,51.09,0.0
2026-08-02T19:00:00,1390142500,을숙도대로,구평동34-18,감천지하차도,76.62,1431.0
2026-08-02T19:00:00,1390150900,감천로,천마터널,감천지하차도,67.61,478.0
2026-08-02T19:00:00,1390143300,다대로,선민어린이집,신평동15-33,21.34,0.0
2026-08-02T19:00:00,1390143100,다대로,배고개사거리,신평동15-33,27.67,0.0
2026-08-02T19:00:00,1390143200,다대로,신평동15-33,선민어린이집,26.58,0.0
2026-08-02T19:00:00,1390158301,다대로,스카이빌,선민어린이집,31.67,0.0
2026-08-02T19:00:00,1390033201,을숙도대로,장림고개삼거리,구평고개사거리,21.75,0.0
2026-08-02T19:00:00,1390033101,을숙도대로,구평고개사거리,구평고개사거리,23.92,0.0
2026-08-02T19:00:00,1390155100,원양로,감천사거리,서구-사하구,24.67,0.0
2026-08-02T19:00:00,1310022100,원양로,암남동645-4,서구-사하구,41.67,0.0
2026-08-02T19:00:00,1390154700,다송로,구평동472-9,두송대선터널,37.42,0.0
2026-08-02T19:00:00,1390146300,-,두송대선터널,두송대선터널,31.92,0.0
2026-08-02T19:00:00,1390147300,감천항로,구평동472-15,속성변화점,38.0,0.0
2026-08-02T19:00:00,1390150800,감천로,감천지하차도,천마터널,72.77,1431.0
2026-08-02T19:00:00,1390150700,만년로,사하구-서구,천마터널,73.75,1123.0
2026-08-02T19:00:00,1390150600,만년로,천마터널,사하구-서구,74.67,1608.0
2026-08-02T19:00:00,1310016300,천해로13번나길,천마터널,사하구-서구,72.46,1123.0
2026-08-02T19:00:00,1390033800,을숙도대로,사하경찰서사거리,동남여객장림영업소,36.59,0.0
2026-08-02T19:00:00,1390033300,을숙도대로,구평고개사거리,동남여객장림영업소,30.42,0.0
2026-08-02T19:00:00,1390030200,장림로,장림1동행정복지센터,민우마린,14.67,0.0
2026-08-02T19:00:00,1390153500,장림로,장림동317-23,민우마린,25.92,0.0
2026-08-02T19:00:00,1390022001,감천항로,대한마린산업,구평동313-4,49.67,0.0
2026-08-02T19:00:00,1390021901,감천항로,구평동313-4,구평동313-4,48.75,0.0
2026-08-02T19:00:00,1390154900,천해로,암남동2-82,감천동13-674,23.0,0.0
2026-08-02T19:00:00,1390154800,천해로,감천동13-674,암남동2-82,19.0,0.0
2026-08-02T19:00:00,1310021200,천해로,동산교회,암남동2-82,22.0,0.0
2026-08-02T19:00:00,1390155400,을숙도대로,을숙도대교,사하구-강서구,81.31,678.0
2026-08-02T19:00:00,1411060400,을숙도대로,을숙도대교TG,사하구-강서구,72.92,0.0
2026-08-02T19:00:00,1390155600,강변대로,하단강변삼거리,사하구-사상구,50.44,43.0
2026-08-02T19:00:00,1440067100,강변대로,엄궁동658,사하구-사상구,45.1,180.0
2026-08-02T19:00:00,1390155800,낙동대로,하단남영아파트삼거리,사하구-사상구,44.92,0.0
2026-08-02T19:00:00,1440067300,낙동대로,어린이가족도서관꿈꾸는글나라,사하구-사상구,43.92,0.0
2026-08-02T19:00:00,1350008700,반송로,명장협진태양맨션,금사입구교차로,31.84,167.0
2026-08-02T19:00:00,1400013000,서동중심로,엘림교회,금사입구교차로,12.83,0.0
2026-08-02T19:00:00,1400000200,반송로,서동역1번출구,금사입구교차로,31.57,331.0
2026-08-02T19:00:00,1400000100,반송로,금사입구교차로,서동역1번출구,37.3,167.0
2026-08-02T19:00:00,1400000300,반송로,금사사거리,서동역1번출구,31.57,331.0
2026-08-02T19:00:00,1400014800,서동로,부산은행금사공단지점,금사사거리,16.5,0.0
2026-08-02T19:00:00,1400015000,개좌로,금사동교차로,금사사거리,22.59,0.0
2026-08-02T19:00:00,1400000400,반송로,서동역1번출구,금사사거리,30.5,167.0
2026-08-02T19:00:00,1400000500,반송로,금사우체국,금사사거리,22.34,0.0
2026-08-02T19:00:00,1400000600,반송로,금사사거리,금사우체국,31.92,0.0
2026-08-02T19:00:00,1400000702,반송로,현대모비스,금사우체국,42.67,0.0
2026-08-02T19:00:00,1400290300,공단서로8번길,금사동154,현대모비스,27.0,0.0
2026-08-02T19:00:00,1400000801,반송로,금사우체국,현대모비스,20.08,0.0
2026-08-02T19:00:00,1400000701,반송로,서3동파출소,현대모비스,35.83,0.0
2026-08-02T19:00:00,1400001600,반송로,동천교동측,동천교서측,35.58,0.0
2026-08-02T19:00:00,1400018200,공단서로18번길,진무건설,동천교서측,15.75,0.0
2026-08-02T19:00:00,1400001200,번영로,금사고가교남측,동천교서측,93.36,88.0
2026-08-02T19:00:00,1400000900,반송로,서3동파출소,동천교서측,41.17,0.0
2026-08-02T19:00:00,1400001700,번영로,금사고가교북측,동천교서측,81.25,0.0
2026-08-02T19:00:00,1400002701,중앙대로,부산경남우유농협,텐퍼센트커피부산대역부곡점,28.42,0.0
2026-08-02T19:00:00,1400003200,중앙대로,금정세무서,텐퍼센트커피부산대역부곡점,39.92,0.0
2026-08-02T19:00:00,1400030100,부곡로141번길,부곡2동우편취급국,텐퍼센트커피부산대역부곡점,8.0,0.0
2026-08-02T19:00:00,1400031800,중앙대로1629번길,부산대역4번출구,금정세무서,18.58,0.0
2026-08-02T19:00:00,1400003100,중앙대로,텐퍼센트커피부산대역부곡점,금정세무서,25.5,0.0
2026-08-02T19:00:00,1400003400,중앙대로,부곡사거리,금정세무서,38.0,0.0
2026-08-02T19:00:00,1400031300,부곡로155번길,부곡2동주민센터,금정세무서,14.25,0.0
2026-08-02T19:00:00,1400033200,부산대학로,온천2호교동측,부곡사거리,10.67,0.0
2026-08-02T19:00:00,1400032500,-,부곡교차로,부곡사거리,9.67,0.0
2026-08-02T19:00:00,1400003300,중앙대로,금정세무서,부곡사거리,22.83,0.0
2026-08-02T19:00:00,1400003602,중앙대로,부곡동입구교차로,부곡사거리,20.1,292.0
2026-08-02T19:00:00,1400032700,부곡로,부곡교차로,부곡동입구교차로,26.5,0.0
2026-08-02T19:00:00,1400003502,중앙대로,부곡사거리,부곡동입구교차로,36.5,134.0
2026-08-02T19:00:00,1400003601,중앙대로,우리는교회,부곡동입구교차로,22.02,292.0
2026-08-02T19:00:00,1400035000,중앙대로1667번길,온천1호교동측,우리는교회,21.33,0.0
2026-08-02T19:00:00,1400003501,중앙대로,부곡동입구교차로,우리는교회,31.05,134.0
2026-08-02T19:00:00,1400004000,중앙대로,헤이도기,우리는교회,22.39,292.0
2026-08-02T19:00:00,1400003711,번영로,오륜터널남측,회동교차로,84.7,62.0
2026-08-02T19:00:00,1400181000,번영로,회동교차로,회동교차로,56.67,0.0
2026-08-02T19:00:00,1400003811,번영로,회동교차로,회동교차로,74.28,12.0
2026-08-02T19:00:00,1400296401,번영로,회동교차로,회동교차로,64.04,118.0
2026-08-02T19:00:00,1400003721,번영로,회동교차로,회동교차로,84.7,73.0
2026-08-02T19:00:00,1400003821,번영로,대영인터내셔널,회동교차로,75.82,1144.0
2026-08-02T19:00:00,1400296001,번영로,회동교차로,회동교차로,51.58,0.0
2026-08-02T19:00:00,1400003834,번영로,금사락,대영인터내셔널,74.21,1293.0
2026-08-02T19:00:00,1400293100,번영로,석대고가교북측,대영인터내셔널,79.79,78.0
2026-08-02T19:00:00,1400003731,번영로,회동교차로,대영인터내셔널,71.82,1474.0
2026-08-02T19:00:00,1400035800,중앙대로1685번길,삼성교회,헤이도기,8.92,0.0
2026-08-02T19:00:00,1400003900,중앙대로,우리는교회,헤이도기,31.42,134.0
2026-08-02T19:00:00,1400004201,중앙대로,부산축산농협금정지점,헤이도기,25.18,292.0
2026-08-02T19:00:00,1400036700,중앙대로1719번길,장전역2번출구,부산축산농협금정지점,17.58,0.0
2026-08-02T19:00:00,1400004101,중앙대로,헤이도기,부산축산농협금정지점,26.13,134.0
2026-08-02T19:00:00,1400004602,중앙대로,스타벅스금정구청DT점,부산축산농협금정지점,26.64,292.0
2026-08-02T19:00:00,1400004502,중앙대로,부산축산농협금정지점,스타벅스금정구청DT점,21.54,134.0
2026-08-02T19:00:00,1400004601,중앙대로,맑은물교회,스타벅스금정구청DT점,21.95,232.0
2026-08-02T19:00:00,1400039100,오륜대로,금정농협기찰지점,맑은물교회,15.0,0.0
2026-08-02T19:00:00,1400004501,중앙대로,스타벅스금정구청DT점,맑은물교회,30.56,102.0
2026-08-02T19:00:00,1400004700,중앙대로,금정농협기찰지점,맑은물교회,26.12,232.0
2026-08-02T19:00:00,1400004800,중앙대로,맑은물교회,금정농협기찰지점,31.85,102.0
2026-08-02T19:00:00,1400005000,중앙대로,금정구보건소,금정농협기찰지점,29.41,232.0
2026-08-02T19:00:00,1400039700,중앙대로1763번길,제자드림교회,금정구보건소,12.5,0.0
2026-08-02T19:00:00,1400004900,중앙대로,금정농협기찰지점,금정구보건소,31.81,102.0
2026-08-02T19:00:00,1400005400,중앙대로,카라웨딩,금정구보건소,30.58,232.0
2026-08-02T19:00:00,1400040700,중앙대로1778번길,강서유통,카라웨딩,4.08,0.0
2026-08-02T19:00:00,1400005300,중앙대로,금정구보건소,카라웨딩,31.94,102.0
2026-08-02T19:00:00,1400005600,중앙대로,금정구청앞,카라웨딩,25.7,232.0
2026-08-02T19:00:00,1400040100,중앙대로1793번길,제자드림교회,금정구청앞,16.42,0.0
2026-08-02T19:00:00,1400041600,체육공원로,금정문화회관,금정구청앞,24.58,0.0
2026-08-02T19:00:00,1400005800,중앙대로,고속도로입구교차로,금정구청앞,29.7,232.0
2026-08-02T19:00:00,1400005500,중앙대로,카라웨딩,금정구청앞,34.94,102.0
2026-08-02T19:00:00,1400041800,중앙대로,구서역4번출구,금정구청앞,47.47,879.0
2026-08-02T19:00:00,1400006400,번영로,오륜터널북측,구서IC,68.78,12.0
2026-08-02T19:00:00,1400006700,경부고속도로,구서IC,구서IC,61.09,0.0
2026-08-02T19:00:00,1400007400,경부고속도로,구서IC,구서IC,64.75,0.0
2026-08-02T19:00:00,1400006500,중앙대로,구서교남측,구서역4번출구,38.24,623.0
2026-08-02T19:00:00,1400006100,중앙대로,고속도로입구교차로,구서역4번출구,31.45,236.0
2026-08-02T19:00:00,1400043700,중앙대로1841번길,구서역4번출구,구서역4번출구,13.5,0.0
2026-08-02T19:00:00,1400041700,중앙대로,금정구청앞,구서역4번출구,46.17,828.0
2026-08-02T19:00:00,1400006800,경부고속도로,구서IC,구서IC,46.49,36.0
2026-08-02T19:00:00,1400006900,경부고속도로,구서IC,구서IC,70.33,0.0
2026-08-02T19:00:00,1400301801,경부고속도로,고속도로입구,구서IC,30.5,0.0
2026-08-02T19:00:00,1400007300,경부고속도로,구서IC,구서IC,70.75,0.0
2026-08-02T19:00:00,1400007000,경부고속도로,구서IC,구서IC,85.42,0.0
2026-08-02T19:00:00,1400008800,경부고속도로,영락IC,구서IC,88.83,0.0
2026-08-02T19:00:00,1400050500,청룡로,범어사사거리,청룡동삼거리,11.83,0.0
2026-08-02T19:00:00,1400010300,중앙대로,범어사역6번출구,청룡동삼거리,35.59,233.0
2026-08-02T19:00:00,1400010500,중앙대로,한화선의기,청룡동삼거리,18.59,395.0
2026-08-02T19:00:00,1400051800,고분로,속성변화점,한화선의기,29.08,0.0
2026-08-02T19:00:00,1400010600,중앙대로,청룡동삼거리,한화선의기,35.89,233.0
2026-08-02T19:00:00,1400010800,중앙대로,노포삼거리,한화선의기,31.76,395.0
2026-08-02T19:00:00,1400008300,중앙대로,두실사거리,금남교,31.84,236.0
2026-08-02T19:00:00,1400008601,중앙대로,남산역8번출구,금남교,30.15,623.0
2026-08-02T19:00:00,1400046100,금단로,금남교,금남교,14.92,0.0
2026-08-02T19:00:00,1400046600,두실로,금정중앙교회,금남교,15.67,0.0
2026-08-02T19:00:00,1400049200,경부고속도로,선동산33-1,영락IC,42.75,0.0
2026-08-02T19:00:00,1400008700,경부고속도로,구서IC,영락IC,90.59,0.0
2026-08-02T19:00:00,1400011104,경부고속도로,노포JC,영락IC,91.75,0.0
2026-08-02T19:00:00,1400009400,중앙대로,남산역8번출구,속성변화점,38.51,236.0
2026-08-02T19:00:00,1400009600,중앙대로,제칠일안식일예수재림교금정교회,속성변화점,34.09,395.0
2026-08-02T19:00:00,1400009800,중앙대로,남산은혜교회,제칠일안식일예수재림교금정교회,26.17,395.0
2026-08-02T19:00:00,1400047500,금단로,남산역8번출구,제칠일안식일예수재림교금정교회,28.0,0.0
2026-08-02T19:00:00,1400009500,중앙대로,속성변화점,제칠일안식일예수재림교금정교회,39.24,256.0
2026-08-02T19:00:00,1400009900,중앙대로,남산은혜교회,청룡동,37.39,233.0
2026-08-02T19:00:00,1400010200,중앙대로,범어사역6번출구,청룡동,32.88,395.0
2026-08-02T19:00:00,1400049600,금정도서관로,속성변화점,청룡동,23.58,0.0
2026-08-02T19:00:00,1400294500,경부고속도로,금정구-양산시,노포JC,97.08,0.0
2026-08-02T19:00:00,1400199300,경부고속도로,노포TG북측,노포IC,52.25,0.0
2026-08-02T19:00:00,1400011102,경부고속도로,노포JC,노포IC,100.17,0.0
2026-08-02T19:00:00,1400011202,경부고속도로,노포JC,노포IC,96.33,0.0
2026-08-02T19:00:00,1400011204,경부고속도로,영락IC,노포JC,91.83,0.0
2026-08-02T19:00:00,1400011103,경부고속도로,노포IC,노포JC,97.92,0.0
2026-08-02T19:00:00,1450217801,동부산관광로,시랑리706,시랑리729,21.6,179.0
2026-08-02T19:00:00,1450217702,동부산관광로,시랑리729,시랑리729,26.7,125.0
2026-08-02T19:00:00,1400302001,노포사송로,노포삼거리,-,33.5,0.0
2026-08-02T19:00:00,1400011000,중앙대로,노포교,노포삼거리,30.55,395.0
2026-08-02T19:00:00,1400010700,중앙대로,한화선의기,노포삼거리,37.31,233.0
2026-08-02T19:00:00,1400301901,노포사송로,-,노포삼거리,58.59,0.0
2026-08-02T19:00:00,1411101601,공항로,-,황토오리나라,28.33,0.0
2026-08-02T19:00:00,1410098500,공항로,강서구-김해시,황토오리나라,41.0,0.0
2026-08-02T19:00:00,1411101501,공항로,황토오리나라,-,28.84,0.0
2026-08-02T19:00:00,1411101301,공항로,-,-,27.34,0.0
2026-08-02T19:00:00,1411101401,공항로,-,-,30.84,0.0
2026-08-02T19:00:00,1411101201,공항로,부산광역시농업기술센터,-,35.09,0.0
2026-08-02T19:00:00,1410115700,낙동북로,구포대교서측,부산광역시농업기술센터,48.42,0.0
2026-08-02T19:00:00,1411101101,공항로,-,부산광역시농업기술센터,49.33,0.0
2026-08-02T19:00:00,1410116300,공항로,대동사거리,부산광역시농업기술센터,45.34,0.0
2026-08-02T19:00:00,1411100001,대저로,-,금강부동산,20.5,0.0
2026-08-02T19:00:00,1410116601,대저로,대저사거리,금강부동산,25.17,0.0
2026-08-02T19:00:00,1411099901,대저로,금강부동산,-,20.67,0.0
2026-08-02T19:00:00,1411100201,대저로,대동사거리,-,25.0,0.0
2026-08-02T19:00:00,1410116000,공항로,대동사거리,대동사거리,20.75,0.0
2026-08-02T19:00:00,1410116400,공항로,부산광역시농업기술센터,대동사거리,29.67,0.0
2026-08-02T19:00:00,1411100101,대저로,-,대동사거리,32.5,0.0
2026-08-02T19:00:00,1411097601,델타대로,-,-,67.67,0.0
2026-08-02T19:00:00,1411097501,델타대로,-,-,60.0,0.0
2026-08-02T19:00:00,1411095801,델타대로,-,-,60.17,0.0
2026-08-02T19:00:00,1411095701,델타대로,-,-,57.0,0.0
2026-08-02T19:00:00,1411095501,에코4로,-,-,37.0,0.0
2026-08-02T19:00:00,1370006400,금곡대로,화명역2번출구,와석교차로,8.33,0.0
2026-08-02T19:00:00,1370006101,금곡대로,스타벅스부산화명역점,와석교차로,7.67,0.0
2026-08-02T19:00:00,1370318700,화명대로,화목교회,와석교차로,12.5,0.0
2026-08-02T19:00:00,1370029200,화명대로,KB국민은행화명동지점,와석교차로,13.33,0.0
2026-08-02T19:00:00,1370347101,-,-,-,48.17,0.0
2026-08-02T19:00:00,1370339601,산성로,화명삼거리,화명공영주차장,24.0,0.0
2026-08-02T19:00:00,1370346001,산성로,-,화명공영주차장,17.84,0.0
2026-08-02T19:00:00,1370345901,산성로,화명공영주차장,-,15.42,0.0
2026-08-02T19:00:00,1370347301,산성로,-,-,18.09,0.0
2026-08-02T19:00:00,1370347201,산성로,-,-,15.42,0.0
2026-08-02T19:00:00,1370343801,산성로,브니엘어린이집,대천교,17.42,0.0
2026-08-02T19:00:00,1310011500,대영로,동대사거리,대영고가교,45.77,210.0
2026-08-02T19:00:00,1310012000,-,백련불교문화원,대영고가교,44.5,0.0
2026-08-02T19:00:00,1310012200,대영로,부산터널서측,대영고가교,41.3,112.0
2026-08-02T19:00:00,1370029500,화명대로,화목교회,유림어린이집,17.42,0.0
2026-08-02T19:00:00,1370326000,화명대로,북구-금정구,산성터널서측,75.99,519.0
2026-08-02T19:00:00,1370349701,-,산성요금소,산성터널서측,73.7,593.0
2026-08-02T19:00:00,1370349801,-,산성터널서측,산성요금소,67.89,596.0
2026-08-02T19:00:00,1370349401,-,-,산성요금소,64.7,593.0
2026-08-02T19:00:00,1370349301,-,산성요금소,-,55.55,596.0
2026-08-02T19:00:00,1370348301,-,-,-,73.95,593.0
2026-08-02T19:00:00,1370348701,-,-,-,37.67,0.0
2026-08-02T19:00:00,1370347601,-,-,-,48.5,0.0
2026-08-02T19:00:00,1370348401,-,-,-,65.97,596.0
2026-08-02T19:00:00,1370347701,-,화명지하차도동측,-,74.78,593.0
2026-08-02T19:00:00,1370348201,-,-,-,32.67,0.0
2026-08-02T19:00:00,1310025901,보수대로,동대사거리,-,42.5,0.0
2026-08-02T19:00:00,1300014101,보수대로,흑교사거리,-,27.42,0.0
2026-08-02T19:00:00,1310011600,대영로,대영고가교,동대사거리,30.76,218.0
2026-08-02T19:00:00,1310026001,보수대로,-,동대사거리,14.83,0.0
2026-08-02T19:00:00,1310011800,보수대로,백련불교문화원,동대사거리,19.33,0.0
2026-08-02T19:00:00,1310011102,대영로,동대신동1가423-1,동대사거리,42.61,210.0
2026-08-02T19:00:00,1300014001,보수대로,-,흑교사거리,17.25,0.0
2026-08-02T19:00:00,1300007300,보수대로,영락교회앞사거리,흑교사거리,16.08,0.0
2026-08-02T19:00:00,1300007900,흑교로,보수파출소,흑교사거리,25.25,0.0
2026-08-02T19:00:00,1310009100,흑교로,부용사거리,흑교사거리,19.67,0.0
2026-08-02T19:00:00,1370347801,-,-,화명지하차도동측,67.96,596.0
2026-08-02T19:00:00,1370319000,화명대로,화명지하차도서측,화명지하차도동측,61.33,599.0
2026-08-02T19:00:00,1370348101,-,-,-,31.25,0.0
2026-08-02T19:00:00,1370348501,-,-,-,15.25,0.0
2026-08-02T19:00:00,1370348801,-,-,-,19.33,0.0
2026-08-02T19:00:00,1370348601,-,-,-,19.84,0.0
2026-08-02T19:00:00,1370348901,-,-,-,27.67,0.0
2026-08-02T19:00:00,1370034000,양달로,새로운교회,브니엘어린이집,22.25,0.0
2026-08-02T19:00:00,1370343701,산성로,대천교,브니엘어린이집,19.67,0.0
2026-08-02T19:00:00,1370349101,산성로,-,브니엘어린이집,20.25,0.0
2026-08-02T19:00:00,1370349001,-,-,-,24.42,0.0
2026-08-02T19:00:00,1370349201,산성로,브니엘어린이집,-,27.09,0.0
2026-08-02T19:00:00,1370349601,산성로,북구-금정구,-,34.0,0.0
2026-08-02T19:00:00,1400293800,산성로,산성교,북구-금정구,25.09,0.0
2026-08-02T19:00:00,1370349501,산성로,-,북구-금정구,35.84,0.0
2026-08-02T19:00:00,1400018000,공단서로8번길,진무건설,서3동파출소,9.75,0.0
2026-08-02T19:00:00,1400000802,반송로,현대모비스,서3동파출소,40.0,0.0
2026-08-02T19:00:00,1400001000,반송로,동천교서측,서3동파출소,33.25,0.0
2026-08-02T19:00:00,1400301401,삼어로,-,서3동파출소,10.0,0.0
2026-08-02T19:00:00,1400301301,삼어로,서3동파출소,-,25.0,0.0
2026-08-02T19:00:00,1380129601,삼어로,반여동1057-2,-,32.0,0.0
2026-08-02T19:00:00,1380129501,삼어로,-,반여동1057-2,32.0,0.0
2026-08-02T19:00:00,1380129101,삼어로,-,반여동1057-2,23.5,0.0
2026-08-02T19:00:00,1380129201,삼어로,반여동1057-2,-,26.0,0.0
2026-08-02T19:00:00,1380129001,삼어로,삼어교서측,-,28.0,0.0
2026-08-02T19:00:00,1380085100,삼어로,일동햇살어린이집,삼어교서측,24.17,0.0
2026-08-02T19:00:00,1380085500,-,삼어교동측,삼어교서측,18.09,0.0
2026-08-02T19:00:00,1380128901,삼어로,-,삼어교서측,25.92,0.0
2026-08-02T19:00:00,1380085700,수영강변대로,선수촌교차로,GS주유소광안대로,49.83,0.0
2026-08-02T19:00:00,1380087002,수영강변대로,반여동1502-34,GS주유소광안대로,38.5,0.0
2026-08-02T19:00:00,1411094901,낙동남로1013번길,-,-,21.0,0.0
2026-08-02T19:00:00,1410004702,낙동남로,명지동156-10,서부유통,42.58,0.0
2026-08-02T19:00:00,1410004802,낙동남로,명지동340-4,서부유통,44.25,0.0
2026-08-02T19:00:00,1410888700,영강길,명지동618-9,서부유통,11.0,0.0
2026-08-02T19:00:00,1411095001,낙동남로1013번길,-,-,30.0,0.0
2026-08-02T19:00:00,1411097001,-,-,-,38.0,0.0
2026-08-02T19:00:00,1390174201,장림번영로,버스정류장,장림삼거리,6.0,0.0
2026-08-02T19:00:00,1390174701,다대로,봉구스밥버거,장림삼거리,20.84,0.0
2026-08-02T19:00:00,1390027100,두송로,은항교회,장림삼거리,15.67,0.0
2026-08-02T19:00:00,1390028600,다대로,장림전화국앞교차로,장림삼거리,13.5,0.0
2026-08-02T19:00:00,1390030400,하신번영로,화진카클리닉,경원화학,36.59,0.0
2026-08-02T19:00:00,1370011600,백양대로,양광수산,구포초등학교앞교차로,22.83,0.0
2026-08-02T19:00:00,1370328201,백양대로,한일공인중개사,구포초등학교앞교차로,25.83,0.0
2026-08-02T19:00:00,1370328101,백양대로,구포초등학교앞교차로,한일공인중개사,19.09,0.0
2026-08-02T19:00:00,1370327801,백양대로,구포대교사거리,한일공인중개사,24.42,0.0
2026-08-02T19:00:00,1370000200,낙동북로,구포대교동측,구포대교사거리,29.92,0.0
2026-08-02T19:00:00,1370009102,백양대로,구남역(부산2호선),구포대교사거리,20.17,0.0
2026-08-02T19:00:00,1370041602,낙동북로,구포대교사거리,구포대교사거리,4.25,0.0
2026-08-02T19:00:00,1370327701,백양대로,한일공인중개사,구포대교사거리,14.42,0.0
2026-08-02T19:00:00,1390042704,장평로,신평동11-6,배고개사거리,10.75,0.0
2026-08-02T19:00:00,1390143000,다대로,신평동15-33,배고개사거리,23.08,0.0
2026-08-02T19:00:00,1390162701,장평로,참다람축산식육센터,배고개사거리,20.5,0.0
2026-08-02T19:00:00,1390158401,다대로,배고개사거리,배고개사거리,9.08,0.0
2026-08-02T19:00:00,1390162601,장평로,배고개사거리,참다람축산식육센터,26.84,0.0
2026-08-02T19:00:00,1390162801,장평로,부산은행사하지점,참다람축산식육센터,28.42,0.0
2026-08-02T19:00:00,1390047200,장평로,사하초등삼거리,부산은행사하지점,17.17,0.0
2026-08-02T19:00:00,1390047400,괴정로,동매교사거리,부산은행사하지점,25.09,0.0
2026-08-02T19:00:00,1390162901,장평로,참다람축산식육센터,부산은행사하지점,7.0,0.0
2026-08-02T19:00:00,1390046300,괴정로,괴정동삼거리,부산은행사하지점,18.0,0.0
2026-08-02T19:00:00,1390163401,사하로,괴정동삼거리,GS25,42.25,0.0
2026-08-02T19:00:00,1390163301,사하로,감천삼거리,GS25,26.42,0.0
2026-08-02T19:00:00,1390046600,사하로,동원맨션입구교차로,괴정동삼거리,13.5,0.0
2026-08-02T19:00:00,1390046400,괴정로,부산은행사하지점,괴정동삼거리,27.08,0.0
2026-08-02T19:00:00,1390163501,사하로,GS25,괴정동삼거리,21.75,0.0
2026-08-02T19:00:00,1390037100,사하로,프로미카월드부산구평점,감천삼거리,35.08,0.0
2026-08-02T19:00:00,1390043700,감천로,비락우유감천대리점,감천삼거리,37.25,0.0
2026-08-02T19:00:00,1390163201,사하로,GS25,감천삼거리,27.92,0.0
2026-08-02T19:00:00,1390046800,하신번영로151번길,신평동교차로,새로미어린이집,28.25,0.0
2026-08-02T19:00:00,1390162301,하신번영로151번길,죽로돼지국밥,새로미어린이집,28.0,0.0
2026-08-02T19:00:00,1390044700,신산로13번길,청해물산,새로미어린이집,22.17,0.0
2026-08-02T19:00:00,1390162201,하신번영로151번길,새로미어린이집,죽로돼지국밥,35.58,0.0
2026-08-02T19:00:00,1390162501,하신번영로151번길,신평역9번출구,죽로돼지국밥,23.0,0.0
2026-08-02T19:00:00,1390045800,하신번영로,부산은행신평역지점,신평역9번출구,24.5,0.0
2026-08-02T19:00:00,1390162401,하신번영로151번길,죽로돼지국밥,신평역9번출구,13.25,0.0
2026-08-02T19:00:00,1390044500,하신번영로,신평역1번출구,신평역9번출구,17.25,0.0
2026-08-02T19:00:00,1390161401,하신번영로127번길,청해물산,신평식당,29.0,0.0
2026-08-02T19:00:00,1390161901,하신번영로127번길,신평역1번출구,신평식당,28.0,0.0
2026-08-02T19:00:00,1390044800,신산로13번길,새로미어린이집,청해물산,30.75,0.0
2026-08-02T19:00:00,1390161501,하신번영로127번길,신평식당,청해물산,28.0,0.0
2026-08-02T19:00:00,1390160901,신산로13번길,신평패션칼라노상공영주차장,청해물산,30.0,0.0
2026-08-02T19:00:00,1390044600,하신번영로,신평역9번출구,신평역1번출구,29.17,0.0
2026-08-02T19:00:00,1390161801,하신번영로127번길,신평식당,신평역1번출구,12.0,0.0
2026-08-02T19:00:00,1390161701,하신번영로,아즈텍더블유비이,신평역1번출구,15.92,0.0
2026-08-02T19:00:00,1390160801,신산로13번길,청해물산,신평패션칼라노상공영주차장,35.0,0.0
2026-08-02T19:00:00,1390160701,신산로13번길,부광섬유,신평패션칼라노상공영주차장,33.0,0.0
2026-08-02T19:00:00,1390161101,하신번영로107번길,아즈텍더블유비이,신평패션칼라노상공영주차장,31.0,0.0
2026-08-02T19:00:00,1390160601,신산로13번길,신평패션칼라노상공영주차장,부광섬유,28.0,0.0
2026-08-02T19:00:00,1390041700,신산로,신평동665,부광섬유,34.75,0.0
2026-08-02T19:00:00,1390161601,하신번영로,신평역1번출구,아즈텍더블유비이,33.92,0.0
2026-08-02T19:00:00,1390161001,하신번영로107번길,신평패션칼라노상공영주차장,아즈텍더블유비이,30.0,0.0
2026-08-02T19:00:00,1390161301,하신번영로,신평동665,아즈텍더블유비이,20.84,0.0
2026-08-02T19:00:00,1390041100,신산로,신평2동사거리,신평동665,22.5,0.0
2026-08-02T19:00:00,1390041800,신산로,부광섬유,신평동665,26.75,0.0
2026-08-02T19:00:00,1390161201,하신번영로,아즈텍더블유비이,신평동665,17.42,0.0
2026-08-02T19:00:00,1390035900,하신번영로,화진카클리닉,신평동665,27.75,0.0
2026-08-02T19:00:00,1390160501,을숙도대로,화진카클리닉,66호광장,47.67,0.0
2026-08-02T19:00:00,1390035300,을숙도대로,신평장림산업단지사거리,화진카클리닉,43.33,0.0
2026-08-02T19:00:00,1390030300,하신번영로,경원화학,화진카클리닉,15.42,0.0
2026-08-02T19:00:00,1390036000,하신번영로,신평동665,화진카클리닉,31.42,0.0
2026-08-02T19:00:00,1390160401,을숙도대로,66호광장,화진카클리닉,26.25,0.0
2026-08-02T19:00:00,1390159601,을숙도대로,66호광장,60호광장,57.1,34.0
2026-08-02T19:00:00,1390061800,을숙도대로,신평IC북측,을숙도대교,65.58,0.0
2026-08-02T19:00:00,1390155500,을숙도대로,사하구-강서구,을숙도대교,79.93,385.0
2026-08-02T19:00:00,1390159501,을숙도대로,66호광장,을숙도대교,62.62,166.0
2026-08-02T19:00:00,1390061900,을숙도대로,을숙도대교앞교차로,을숙도대교,48.92,0.0
2026-08-02T19:00:00,1390159701,을숙도대로,60호광장,66호광장,56.62,166.0
2026-08-02T19:00:00,1390159401,을숙도대로,을숙도대교,66호광장,58.68,34.0
2026-08-02T19:00:00,1390031900,다대로,을숙도대교앞교차로,을숙도대교앞교차로,22.5,0.0
2026-08-02T19:00:00,1390036600,강변대로,신평동666,을숙도대교앞교차로,34.89,180.0
2026-08-02T19:00:00,1390159901,을숙도대로,을숙도대교앞교차로,을숙도대교앞교차로,11.25,0.0
2026-08-02T19:00:00,1390031700,을숙도대로,을숙도대교앞교차로,을숙도대교앞교차로,45.5,0.0
2026-08-02T19:00:00,1390159801,을숙도대로,을숙도대교앞교차로,을숙도대교앞교차로,43.09,0.0
2026-08-02T19:00:00,1410034500,신호산단2로,아쿠아여행사,녹산농협신호지점,25.59,0.0
2026-08-02T19:00:00,1411067001,신호산단2로,우리돈,녹산농협신호지점,13.09,0.0
2026-08-02T19:00:00,1410034200,신호산단3로,열방교회,녹산농협신호지점,26.58,0.0
2026-08-02T19:00:00,1410948600,신호산단3로,신호동303,녹산농협신호지점,23.0,0.0
2026-08-02T19:00:00,1411066901,신호산단2로,녹산농협신호지점,우리돈,23.67,0.0
2026-08-02T19:00:00,1411066001,신호산단2로,이룸교회,우리돈,22.92,0.0
2026-08-02T19:00:00,1411065901,신호산단2로,우리돈,이룸교회,22.5,0.0
2026-08-02T19:00:00,1411066201,신호산단4로,소방파출소,이룸교회,21.17,0.0
2026-08-02T19:00:00,1411065401,신호산단2로,파리바게뜨,이룸교회,19.58,0.0
2026-08-02T19:00:00,1410992600,신호산단4로,신호동303,이룸교회,26.0,0.0
2026-08-02T19:00:00,1411066101,신호산단4로,이룸교회,소방파출소,23.08,0.0
2026-08-02T19:00:00,1411068401,신호산단4로,신호119안전센터,소방파출소,11.08,0.0
2026-08-02T19:00:00,1411068301,신호산단4로,소방파출소,신호119안전센터,7.0,0.0
2026-08-02T19:00:00,1411069201,신호산단4로,하이카프라자,신호119안전센터,21.17,0.0
2026-08-02T19:00:00,1411068901,-,펀모텔,신호119안전센터,12.0,0.0
2026-08-02T19:00:00,1411068601,신호산단4로64번길,GS25,신호119안전센터,9.0,0.0
2026-08-02T19:00:00,1411065301,신호산단2로,이룸교회,파리바게뜨,18.58,0.0
2026-08-02T19:00:00,1411065001,신호산단2로,더울림교회,파리바게뜨,20.58,0.0
2026-08-02T19:00:00,1410021200,신호산단2로,부산신호3차부영사랑으로어린이집,더울림교회,17.33,0.0
2026-08-02T19:00:00,1411064901,신호산단2로,파리바게뜨,더울림교회,18.92,0.0
2026-08-02T19:00:00,1410021000,신호산단4로64번길,신호마을회관,신호교회,14.92,0.0
2026-08-02T19:00:00,1410020900,신호산단5로,부산신호3차부영사랑으로어린이집,신호마을회관,15.75,0.0
2026-08-02T19:00:00,1410021100,신호산단4로64번길,신호교회,신호마을회관,13.25,0.0
2026-08-02T19:00:00,1411065801,신호산단5로,남정빌,신호마을회관,19.84,0.0
2026-08-02T19:00:00,1410020000,신호산단4로64번길,리프패럿명지점,신호마을회관,18.25,0.0
2026-08-02T19:00:00,1411065701,신호산단5로,신호마을회관,남정빌,10.0,0.0
2026-08-02T19:00:00,1411067801,신호산단5로,송림빌,남정빌,25.0,0.0
2026-08-02T19:00:00,1411067701,신호산단5로,남정빌,송림빌,16.08,0.0
2026-08-02T19:00:00,1410020700,신호산단1로,파스텔교회,송림빌,34.67,0.0
2026-08-02T19:00:00,1410019800,신호산단1로,리프패럿명지점,송림빌,40.83,0.0
2026-08-02T19:00:00,1410020600,신호산단1로,송림빌,파스텔교회,38.42,0.0
2026-08-02T19:00:00,1410028100,신호산단1로,파스텔교회,파스텔교회,31.42,0.0
2026-08-02T19:00:00,1411069101,신호산단4로,신호119안전센터,하이카프라자,31.75,0.0
2026-08-02T19:00:00,1411070801,신호산단4로,파스텔교회,하이카프라자,19.33,0.0
2026-08-02T19:00:00,1410028000,신호산단1로,파스텔교회,파스텔교회,33.34,0.0
2026-08-02T19:00:00,1411070701,신호산단4로,하이카프라자,파스텔교회,24.17,0.0
2026-08-02T19:00:00,1410031900,신호산단1로,베테랑스서비스,파스텔교회,31.09,0.0
2026-08-02T19:00:00,1410033800,신호산단3로,강명종합건설,열방교회,25.5,0.0
2026-08-02T19:00:00,1410034300,신호산단3로,녹산농협신호지점,열방교회,20.92,0.0
2026-08-02T19:00:00,1411070401,-,펀모텔,열방교회,9.0,0.0
2026-08-02T19:00:00,1411069001,-,신호119안전센터,펀모텔,20.0,0.0
2026-08-02T19:00:00,1411070301,-,열방교회,펀모텔,20.0,0.0
2026-08-02T19:00:00,1410033500,신호산단1로,강명종합건설,베테랑스서비스,33.83,0.0
2026-08-02T19:00:00,1410031800,신호산단1로,파스텔교회,베테랑스서비스,33.25,0.0
2026-08-02T19:00:00,1411068501,신호산단4로64번길,신호119안전센터,GS25,15.0,0.0
2026-08-02T19:00:00,1451163101,일광로,버스정류장,이천리211-5,38.17,0.0
2026-08-02T19:00:00,1450994203,일광로,이동교차로,이천리211-5,32.58,0.0
2026-08-02T19:00:00,1451163701,일광로,버스정류장,차양교차로,33.5,0.0
2026-08-02T19:00:00,1450994101,일광로,동백리51-3,차양교차로,29.58,0.0
2026-08-02T19:00:00,1451163201,일광로,이천리211-5,버스정류장,39.0,0.0
2026-08-02T19:00:00,1451163801,일광로,차양교차로,버스정류장,35.84,0.0
2026-08-02T19:00:00,1440042900,사상로,모덕역3번출구,모라교회,34.92,0.0
2026-08-02T19:00:00,1440046400,사상로455번길,삼락3호교동측,모라교회,16.0,0.0
2026-08-02T19:00:00,1440046600,사상로,사상농협모라지점,모라교회,36.58,0.0
2026-08-02T19:00:00,1451177601,해송로,홍이집,홍이집,5.83,0.0
2026-08-02T19:00:00,1451177501,해송로,홍이집,홍이집,28.67,0.0
2026-08-02T19:00:00,1451177801,해송로,상상짬뽕,홍이집,15.67,0.0
2026-08-02T19:00:00,1451177701,해송로,홍이집,상상짬뽕,29.5,0.0
2026-08-02T19:00:00,1451178201,해송로,하운드호텔,상상짬뽕,23.75,0.0
2026-08-02T19:00:00,1451178101,해송로,상상짬뽕,하운드호텔,36.92,0.0
2026-08-02T19:00:00,1451179001,해송로,하운드호텔,하운드호텔,25.34,0.0
2026-08-02T19:00:00,1451178901,해송로,하운드호텔,하운드호텔,38.0,0.0
2026-08-02T19:00:00,1451180001,해송로,일광면사무소주변노상공영주차장,하운드호텔,24.84,0.0
2026-08-02T19:00:00,1451179901,해송로,하운드호텔,일광면사무소주변노상공영주차장,36.34,0.0
2026-08-02T19:00:00,1451182201,해송로,아인스톤,일광면사무소주변노상공영주차장,17.17,0.0
2026-08-02T19:00:00,1451180601,일광로,영빈낚시할인마트,아인스톤,17.58,0.0
2026-08-02T19:00:00,1451182101,해송로,일광면사무소주변노상공영주차장,아인스톤,11.75,0.0
2026-08-02T19:00:00,1451162101,일광로,삼성리54-3,아인스톤,17.67,0.0
2026-08-02T19:00:00,1451183101,일광로,잔선식당,삼성리54-3,17.58,0.0
2026-08-02T19:00:00,1451162201,일광로,아인스톤,삼성리54-3,32.5,0.0
2026-08-02T19:00:00,1451179301,일광로,영빈낚시할인마트,해연반점,25.0,0.0
2026-08-02T19:00:00,1451178801,일광로,삼성리96-3,해연반점,23.92,0.0
2026-08-02T19:00:00,1390172601,다송로,장대선교원,GS25,19.83,0.0
2026-08-02T19:00:00,1390172501,다송로,샘물교회,GS25,18.59,0.0
2026-08-02T19:00:00,1390017700,다송로,열방빛교회,샘물교회,16.67,0.0
2026-08-02T19:00:00,1390172401,다송로,GS25,샘물교회,19.92,0.0
2026-08-02T19:00:00,1390172001,다송로72번길,열방빛교회,샘물교회,6.58,0.0
2026-08-02T19:00:00,1390171401,-,바다유치원,부엉이숲작은도서관,12.0,0.0
2026-08-02T19:00:00,1390171101,-,함께꿈꾸는교회,부엉이숲작은도서관,18.0,0.0
2026-08-02T19:00:00,1390172101,다송로72번길,샘물교회,열방빛교회,17.5,0.0
2026-08-02T19:00:00,1390171201,다송로72번길,함께꿈꾸는교회,열방빛교회,19.0,0.0
2026-08-02T19:00:00,1390016000,-,꼬마대통령다대점,평강교회,11.08,0.0
2026-08-02T19:00:00,1390169701,-,생선가게,평강교회,23.0,0.0
2026-08-02T19:00:00,1390014300,다송로72번길,다대동120-8,평강교회,13.08,0.0
2026-08-02T19:00:00,1390170001,다송로72번길,평강교회,836숯불바베큐치킨,18.0,0.0
2026-08-02T19:00:00,1390170701,다송로72번길,함께꿈꾸는교회,836숯불바베큐치킨,10.0,0.0
2026-08-02T19:00:00,1390171001,-,부엉이숲작은도서관,함께꿈꾸는교회,20.0,0.0
2026-08-02T19:00:00,1390171301,다송로72번길,열방빛교회,함께꿈꾸는교회,21.0,0.0
2026-08-02T19:00:00,1390170601,다송로72번길,836숯불바베큐치킨,함께꿈꾸는교회,15.0,0.0
2026-08-02T19:00:00,1390016100,-,해동사,함께꿈꾸는교회,11.83,0.0
2026-08-02T19:00:00,1390014900,-,해동사,해동사,8.17,0.0
2026-08-02T19:00:00,1390016200,-,함께꿈꾸는교회,해동사,16.25,0.0
2026-08-02T19:00:00,1390169501,다송로84번길,해동사,불탄통영장어숯불구이,24.0,0.0
2026-08-02T19:00:00,1390168501,다송로84번길,제이트레이딩,불탄통영장어숯불구이,28.0,0.0
2026-08-02T19:00:00,1390014400,다송로72번길,평강교회,다대동120-8,5.58,0.0
2026-08-02T19:00:00,1390168301,-,제이트레이딩,다대동120-8,16.0,0.0
2026-08-02T19:00:00,1390168401,다송로84번길,불탄통영장어숯불구이,제이트레이딩,31.0,0.0
2026-08-02T19:00:00,1451156701,해빛3로,한신더휴센트럴포레2단지,네일만나,25.0,0.0
2026-08-02T19:00:00,1451157301,해빛3로,레이첼스가든,네일만나,13.0,0.0
2026-08-02T19:00:00,1340008800,가야대로548번길,수정터널TG,이디야커피부산동의대중앙점,24.75,0.0
2026-08-02T19:00:00,1340052600,엄광로,참좋은원룸,이디야커피부산동의대중앙점,15.0,0.0
2026-08-02T19:00:00,1340008100,엄광로,커피베이부산가야공원점,이디야커피부산동의대중앙점,25.75,0.0
2026-08-02T19:00:00,1340012500,냉정로,개금파출소앞교차로,상주상회,19.58,0.0
2026-08-02T19:00:00,1340016000,냉정로,가야고가교,상주상회,14.25,0.0
2026-08-02T19:00:00,1340016200,가야공원로,가야성당,상주상회,11.42,0.0
2026-08-02T19:00:00,1340008500,가야공원로,커피베이부산가야공원점,상주상회,13.0,0.0
2026-08-02T19:00:00,1340008700,가야대로552번길,이디야커피부산동의대중앙점,수정터널TG,25.84,0.0
2026-08-02T19:00:00,1340012000,가야대로548번길,가야고가교,수정터널TG,39.5,0.0
2026-08-02T19:00:00,1340012200,관문대로,부산동노회,수정터널TG,50.08,0.0
2026-08-02T19:00:00,1340321800,관문대로,동구-부산진구,수정터널TG,52.08,0.0
2026-08-02T19:00:00,1340009202,만리산로,범천동1616-1,비락우유부전대리점,24.0,0.0
2026-08-02T19:00:00,1340319500,만리산로,범천동1303-2,비락우유부전대리점,26.0,0.0
2026-08-02T19:00:00,1340009101,만리산로,비락우유부전대리점,범천동1616-1,29.0,0.0
2026-08-02T19:00:00,1340009201,만리산로,테즈락스포츠,범천동1616-1,23.0,0.0
2026-08-02T19:00:00,1340012600,냉정로,상주상회,개금파출소앞교차로,16.92,0.0
2026-08-02T19:00:00,1340012800,복지로,개금사거리,개금파출소앞교차로,16.75,0.0
2026-08-02T19:00:00,1340010100,복지로,행복어린이집,개금파출소앞교차로,14.0,0.0
2026-08-02T19:00:00,1340322600,냉정로,개금동527-237,개금파출소앞교차로,9.0,0.0
2026-08-02T19:00:00,1340010802,동서고가로,광무교,범4호교,62.2,58.0
2026-08-02T19:00:00,1340013200,동서고가로,탐앤탐스서면탐스커버리점,광무교,57.39,326.0
2026-08-02T19:00:00,1340013400,동서고가로,교통공단앞,광무교,54.41,63.0
2026-08-02T19:00:00,1340013600,동서고가로,화성환경,광무교,66.65,568.0
2026-08-02T19:00:00,1340011101,동천로,범4호교,홈에버서면점,23.17,0.0
2026-08-02T19:00:00,1340011204,동천로,범내골램프교차로,홈에버서면점,16.25,0.0
2026-08-02T19:00:00,1340011103,동천로,홈에버서면점,범내골램프교차로,24.09,0.0
2026-08-02T19:00:00,1340011300,신천대로,문전교차로,교통공단앞,16.06,81.0
2026-08-02T19:00:00,1340011104,동천로,범내골램프교차로,교통공단앞,10.5,0.0
2026-08-02T19:00:00,1340014402,신천대로,센트럴스퀘어대우백화점,교통공단앞,17.0,0.0
2026-08-02T19:00:00,1340014602,동천로,부전동572-2,교통공단앞,8.33,0.0
2026-08-02T19:00:00,1340309200,전포대로171번길,전포동888,교통공단앞,11.59,0.0
2026-08-02T19:00:00,1340011701,전포대로,문전교차로,전포동380-1,30.17,0.0
2026-08-02T19:00:00,1340011801,전포대로,동성중고앞교차로,전포동380-1,26.25,0.0
2026-08-02T19:00:00,1340011702,전포대로,전포동380-1,동성중고앞교차로,21.92,0.0
2026-08-02T19:00:00,1340018202,전포대로,동성중고앞교차로,동성중고앞교차로,26.09,0.0
2026-08-02T19:00:00,1340015900,냉정로,상주상회,가야고가교,28.75,0.0
2026-08-02T19:00:00,1340011900,가야대로552번길,수정터널TG,가야고가교,38.33,0.0
2026-08-02T19:00:00,1340016800,대학로46번길,송림어린이집,가야고가교,24.75,0.0
2026-08-02T19:00:00,1340017000,가야대로548번길,동의대어귀사거리,가야고가교,37.33,0.0
2026-08-02T19:00:00,1340025000,관문대로,윤선생영어교실,부산동노회,72.75,0.0
2026-08-02T19:00:00,1340012100,관문대로,수정터널TG,부산동노회,63.75,0.0
2026-08-02T19:00:00,1340020700,관문대로,동의대어귀사거리,부산동노회,33.08,0.0
2026-08-02T19:00:00,1340016604,엄광로,범천동1592-76,범천건강문화센터,23.0,0.0
2026-08-02T19:00:00,1340012300,엄광로,테즈락스포츠,범천건강문화센터,23.0,0.0
2026-08-02T19:00:00,1340016400,신암로135번길,신암삼거리,범천건강문화센터,26.84,0.0
2026-08-02T19:00:00,1340012700,복지로,개금파출소앞교차로,개금사거리,13.0,0.0
2026-08-02T19:00:00,1340019102,가야대로,개금동163-2,개금사거리,20.49,324.0
2026-08-02T19:00:00,1340019600,가야대로443번길,개금초등교,개금사거리,15.33,0.0
2026-08-02T19:00:00,1340322800,가야대로,동남석면환경연구소,개금사거리,27.57,279.0
2026-08-02T19:00:00,1340015200,신천대로,속성변화점,사우스반데코호텔,24.54,203.0
2026-08-02T19:00:00,1340015600,부전로,부산비즈니스호텔,사우스반데코호텔,14.0,0.0
2026-08-02T19:00:00,1340012900,신천대로,광무교남측,사우스반데코호텔,21.67,0.0
2026-08-02T19:00:00,1340015000,신천대로,광무교북측,사우스반데코호텔,22.23,81.0
2026-08-02T19:00:00,1340015400,서면로,문화관광앞교차로,사우스반데코호텔,16.17,0.0
2026-08-02T19:00:00,1340013500,동서고가로,광무교,화성환경,59.19,483.0
2026-08-02T19:00:00,1340029700,동서고가로,속성변화점,화성환경,63.67,718.0
2026-08-02T19:00:00,1340033700,동서고가로,진양사거리,화성환경,26.21,0.0
2026-08-02T19:00:00,1340014200,봉수로,전포아파트우편취급국,행복한교회,32.33,0.0
2026-08-02T19:00:00,1340014000,봉수로,덕명여자정보고앞,행복한교회,23.58,0.0
2026-08-02T19:00:00,1340014301,신천대로,교통공단앞,센트럴스퀘어대우백화점,18.31,81.0
2026-08-02T19:00:00,1340014401,신천대로,광무교북측,센트럴스퀘어대우백화점,17.0,0.0
2026-08-02T19:00:00,1340014601,동천로,흥국빌딩앞교차로,부전동572-2,20.25,0.0
2026-08-02T19:00:00,1340014501,동천로,교통공단앞,부전동572-2,21.59,0.0
2026-08-02T19:00:00,1340318600,전포대로175번길,전포동865,부전동572-2,7.08,0.0
2026-08-02T19:00:00,1340015100,신천대로,사우스반데코호텔,속성변화점,24.69,81.0
2026-08-02T19:00:00,1340015800,신천대로,부전2동교차로,속성변화점,32.96,203.0
2026-08-02T19:00:00,1340016100,가야공원로,상주상회,가야성당,23.0,0.0
2026-08-02T19:00:00,1340020000,가야대로,동의대어귀사거리,가야성당,20.49,324.0
2026-08-02T19:00:00,1340019300,가야대로,미래꿈나무어린이집,가야성당,22.04,223.0
2026-08-02T19:00:00,1340016504,엄광로,범천동1592-76,가남초등학교,33.0,0.0
2026-08-02T19:00:00,1340016503,엄광로,범천건강문화센터,범천동1592-76,22.5,0.0
2026-08-02T19:00:00,1340016502,엄광로,가남초등학교,부산우유가야대리점,24.0,0.0
2026-08-02T19:00:00,1340020200,엄광로,가야천부교회,부산우유가야대리점,23.25,0.0
2026-08-02T19:00:00,1340016700,대학로46번길,가야고가교,송림어린이집,25.34,0.0
2026-08-02T19:00:00,1340017200,대학로45번길,삼정어린이집,송림어린이집,25.92,0.0
2026-08-02T19:00:00,1340017400,대학로,가야1치안센터,송림어린이집,24.25,0.0
2026-08-02T19:00:00,1340052400,대학로,참좋은원룸,송림어린이집,17.0,0.0
2026-08-02T19:00:00,1340016900,가야대로552번길,가야고가교,동의대어귀사거리,27.58,0.0
2026-08-02T19:00:00,1340020800,관문대로,부산동노회,동의대어귀사거리,38.0,0.0
2026-08-02T19:00:00,1340019900,가야대로,가야성당,동의대어귀사거리,23.45,223.0
2026-08-02T19:00:00,1340020600,가야대로,사랑의장기기증운동본부부산지부,동의대어귀사거리,27.45,405.0
2026-08-02T19:00:00,1340021000,가야대로549번길,개금주공아파트사거리,동의대어귀사거리,27.08,0.0
2026-08-02T19:00:00,1340017100,대학로45번길,송림어린이집,삼정어린이집,24.25,0.0
2026-08-02T19:00:00,1340017600,엄광로,가야천부교회,삼정어린이집,19.67,0.0
2026-08-02T19:00:00,1340052900,엄광로,참좋은원룸,삼정어린이집,24.67,0.0
2026-08-02T19:00:00,1340017300,대학로,송림어린이집,가야1치안센터,25.08,0.0
2026-08-02T19:00:00,1340020300,대학로,가야천부교회,가야1치안센터,24.67,0.0
2026-08-02T19:00:00,1340021600,대학로,사랑의장기기증운동본부부산지부,가야1치안센터,18.08,0.0
2026-08-02T19:00:00,1340021800,대학로,가야삼거리,가야1치안센터,21.67,0.0
2026-08-02T19:00:00,1340020100,엄광로,부산우유가야대리점,가야천부교회,21.83,0.0
2026-08-02T19:00:00,1340017500,엄광로,삼정어린이집,가야천부교회,18.42,0.0
2026-08-02T19:00:00,1340020400,대학로,가야1치안센터,가야천부교회,17.33,0.0
2026-08-02T19:00:00,1340017800,가야대로498번길,대도웨딩,홈플러스가야점,13.83,0.0
2026-08-02T19:00:00,1340018000,가야대로510번길,미래꿈나무어린이집,홈플러스가야점,21.83,0.0
2026-08-02T19:00:00,1340017700,가야대로498번길,홈플러스가야점,대도웨딩,10.0,0.0
2026-08-02T19:00:00,1340019002,가야대로,개금동152-2,대도웨딩,20.65,324.0
2026-08-02T19:00:00,1340019202,가야대로,개금동163-2,대도웨딩,27.87,223.0
2026-08-02T19:00:00,1340019400,가야대로,가야성당,미래꿈나무어린이집,24.82,324.0
2026-08-02T19:00:00,1340017900,가야대로510번길,홈플러스가야점,미래꿈나무어린이집,14.25,0.0
2026-08-02T19:00:00,1340018902,가야대로,개금동152-2,미래꿈나무어린이집,23.12,223.0
2026-08-02T19:00:00,1340018201,전포대로,전포동부산은행앞사거리,동성중고앞교차로,19.83,0.0
2026-08-02T19:00:00,1340018101,전포대로,동성중고앞교차로,동성중고앞교차로,23.83,0.0
2026-08-02T19:00:00,1340309000,전포대로175번길,전포동865,동성중고앞교차로,4.25,0.0
2026-08-02T19:00:00,1340319000,전포대로171번길,전포동888,동성중고앞교차로,9.17,0.0
2026-08-02T19:00:00,1340025800,가야대로,부전동앞교차로,부암역4번출구,20.01,295.0
2026-08-02T19:00:00,1340025300,가야대로,부암역8번출구,부암역4번출구,24.16,236.0
2026-08-02T19:00:00,1340026000,신천대로,CU부암점,부암역4번출구,15.83,0.0
2026-08-02T19:00:00,1340018300,신천대로,부전2동교차로,부암역4번출구,20.67,523.0
2026-08-02T19:00:00,1340024100,가야대로,가야삼거리,가야굴다리앞교차로,28.83,236.0
2026-08-02T19:00:00,1340025200,가야대로,부암역8번출구,가야굴다리앞교차로,32.28,405.0
2026-08-02T19:00:00,1340018500,신암로,신암삼거리,가야굴다리앞교차로,21.33,0.0
2026-08-02T19:00:00,1340018901,가야대로,대도웨딩,개금동152-2,23.2,223.0
2026-08-02T19:00:00,1340019001,가야대로,미래꿈나무어린이집,개금동152-2,19.99,324.0
2026-08-02T19:00:00,1340019201,가야대로,개금사거리,개금동163-2,24.46,223.0
2026-08-02T19:00:00,1340019101,가야대로,대도웨딩,개금동163-2,20.07,324.0
2026-08-02T19:00:00,1340320800,개금온정로,개금지하차도(남측),개금동163-2,24.24,288.0
2026-08-02T19:00:00,1340019500,가야대로443번길,개금사거리,개금초등교,14.92,0.0
2026-08-02T19:00:00,1340021102,백양대로,개금동455-2,개금초등교,21.25,0.0
2026-08-02T19:00:00,1340024002,백양대로,개금동216-10,개금초등교,12.83,0.0
2026-08-02T19:00:00,1340019701,진남로,전포아파트우편취급국,전포동326,16.17,0.0
2026-08-02T19:00:00,1340019804,진남로,전포동27-377,전포동326,20.67,0.0
2026-08-02T19:00:00,1340019703,진남로,전포동326,전포동27-377,25.34,0.0
2026-08-02T19:00:00,1340019803,진남로,양정동408,전포동27-377,26.84,0.0
2026-08-02T19:00:00,1340019704,진남로,전포동27-377,양정동408,26.09,0.0
2026-08-02T19:00:00,1340043000,진남로,국공립소명어린이집,양정동408,26.33,0.0
2026-08-02T19:00:00,1340026800,가야대로,서면교차로,서면역9번출구,21.76,295.0
2026-08-02T19:00:00,1340026500,가야대로,서면역9번출구,서면역9번출구,17.97,267.0
2026-08-02T19:00:00,1340027000,서면문화로,소방산업공제조합영남지역본부,서면역9번출구,12.0,0.0
2026-08-02T19:00:00,1340022100,서면로,문화관광앞교차로,서면역9번출구,16.33,0.0
2026-08-02T19:00:00,1340020500,가야대로,동의대어귀사거리,사랑의장기기증운동본부부산지부,27.71,236.0
2026-08-02T19:00:00,1340021500,대학로,가야1치안센터,사랑의장기기증운동본부부산지부,12.5,0.0
2026-08-02T19:00:00,1340023600,가야대로,가야삼거리,사랑의장기기증운동본부부산지부,21.57,405.0
2026-08-02T19:00:00,1340020900,가야대로549번길,동의대어귀사거리,개금주공아파트사거리,25.25,0.0
2026-08-02T19:00:00,1340029300,백양대로,개포초등학교,개금주공아파트사거리,24.58,0.0
2026-08-02T19:00:00,1340030000,백양대로,위드윌,개금주공아파트사거리,18.75,0.0
2026-08-02T19:00:00,1340030200,백양관문로,지혜어린이집,개금주공아파트사거리,10.17,0.0
2026-08-02T19:00:00,1340021201,백양대로,개금초등교,개금동455-2,39.09,0.0
2026-08-02T19:00:00,1340021101,백양대로,아이사랑어린이집,개금동455-2,28.42,0.0
2026-08-02T19:00:00,1340027100,서전로,서면교차로,디씨티앞교차로,13.92,0.0
2026-08-02T19:00:00,1340022702,동천로,NC백화점,디씨티앞교차로,11.25,0.0
2026-08-02T19:00:00,1340027600,서전로,전포사거리,디씨티앞교차로,16.34,0.0
2026-08-02T19:00:00,1340027800,동천로,부전사거리,디씨티앞교차로,14.08,0.0
2026-08-02T19:00:00,1340022900,전포대로200번길,전포동부산은행앞사거리,연수어린이집,14.42,0.0
2026-08-02T19:00:00,1340321700,동성로46번길,전포아파트우편취급국,연수어린이집,17.42,0.0
2026-08-02T19:00:00,1340014700,동성로,덕명여자정보고앞,연수어린이집,17.0,0.0
2026-08-02T19:00:00,1340023400,동성로,성령교회,연수어린이집,16.08,0.0
2026-08-02T19:00:00,1340023300,동성로,연수어린이집,성령교회,15.75,0.0
2026-08-02T19:00:00,1340028100,서전로,이아커피&amp;세라믹,성령교회,13.17,0.0
2026-08-02T19:00:00,1340028800,동성로,기독교방송국사거리,성령교회,20.0,0.0
2026-08-02T19:00:00,1340021700,대학로,가야1치안센터,가야삼거리,26.0,0.0
2026-08-02T19:00:00,1340023500,가야대로,사랑의장기기증운동본부부산지부,가야삼거리,32.5,236.0
2026-08-02T19:00:00,1340023800,가야대로,가야삼거리,가야삼거리,28.57,405.0
2026-08-02T19:00:00,1340024200,가야대로,가야굴다리앞교차로,가야삼거리,25.24,405.0
2026-08-02T19:00:00,1340023700,가야대로,가야삼거리,가야삼거리,26.58,236.0
2026-08-02T19:00:00,1340023901,백양대로,개금초등교,개금동216-10,32.59,0.0
2026-08-02T19:00:00,1340024001,백양대로,개포초등학교,개금동216-10,30.17,0.0
2026-08-02T19:00:00,1340320400,개금온정로,개금지하차도(북측),개금동216-10,26.25,0.0
2026-08-02T19:00:00,1340029400,백양대로,개금주공아파트사거리,개포초등학교,31.09,0.0
2026-08-02T19:00:00,1340023902,백양대로,개금동216-10,개포초등학교,38.09,0.0
2026-08-02T19:00:00,1340029600,백양대로208번길,개금주공1단지아파트,개포초등학교,15.84,0.0
2026-08-02T19:00:00,1340015500,부전로,사우스반데코호텔,부산비즈니스호텔,27.42,0.0
2026-08-02T19:00:00,1340024600,부전로,부전동앞교차로,부산비즈니스호텔,24.25,0.0
2026-08-02T19:00:00,1340024800,가야대로784번길,서면역9번출구,부산비즈니스호텔,11.25,0.0
2026-08-02T19:00:00,1340025700,가야대로,부암역4번출구,부전동앞교차로,22.1,267.0
2026-08-02T19:00:00,1340024500,부전로,부산비즈니스호텔,부전동앞교차로,6.17,0.0
2026-08-02T19:00:00,1340026200,가야대로,서면역9번출구,부전동앞교차로,18.64,295.0
2026-08-02T19:00:00,1340026400,부전로,소방산업공제조합영남지역본부,부전동앞교차로,10.67,0.0
2026-08-02T19:00:00,1340026600,가야대로,서면역9번출구,서면역9번출구,24.43,295.0
2026-08-02T19:00:00,1340026100,가야대로,부전동앞교차로,서면역9번출구,20.26,267.0
2026-08-02T19:00:00,1340025400,가야대로,부암역4번출구,부암역8번출구,25.15,405.0
2026-08-02T19:00:00,1340025100,가야대로,가야굴다리앞교차로,부암역8번출구,24.25,236.0
2026-08-02T19:00:00,1340025600,가야대로703번길,CU부암점,부암역8번출구,19.09,0.0
2026-08-02T19:00:00,1340025900,신천대로,부암역4번출구,CU부암점,28.0,0.0
2026-08-02T19:00:00,1340025500,가야대로703번길,부암역8번출구,CU부암점,17.83,0.0
2026-08-02T19:00:00,1340030400,신천대로,진양사거리,CU부암점,28.34,0.0
2026-08-02T19:00:00,1340026900,서면문화로,서면역9번출구,소방산업공제조합영남지역본부,13.33,0.0
2026-08-02T19:00:00,1340026300,부전로,부전동앞교차로,소방산업공제조합영남지역본부,18.67,0.0
2026-08-02T19:00:00,1340032200,부전로,춘추화랑,소방산업공제조합영남지역본부,17.33,0.0
2026-08-02T19:00:00,1340027300,새싹로,서면교차로,춘추화랑,19.83,0.0
2026-08-02T19:00:00,1340032100,부전로,소방산업공제조합영남지역본부,춘추화랑,7.25,0.0
2026-08-02T19:00:00,1340032400,새싹로,인본사회연구소,춘추화랑,27.42,0.0
2026-08-02T19:00:00,1340032600,부전로,부전역,춘추화랑,17.0,0.0
2026-08-02T19:00:00,1340028000,서전로,전포사거리,이아커피&amp;세라믹,21.5,0.0
2026-08-02T19:00:00,1340028200,서전로,성령교회,이아커피&amp;세라믹,23.59,0.0
2026-08-02T19:00:00,1340028500,전포대로,전포사거리,기독교방송국사거리,25.84,0.0
2026-08-02T19:00:00,1340028700,동성로,성령교회,기독교방송국사거리,16.17,0.0
2026-08-02T19:00:00,1340031402,동성로,부전사거리,기독교방송국사거리,12.0,0.0
2026-08-02T19:00:00,1340031602,전포대로,전포2동행정복지센터,기독교방송국사거리,9.75,0.0
2026-08-02T19:00:00,1340031900,당감서로,창작생활,부산교구사회복지회,22.5,0.0
2026-08-02T19:00:00,1340034100,당감로17번길,향기복지재단향기어린이집,부산교구사회복지회,19.25,0.0
2026-08-02T19:00:00,1340034800,당감로17번길,KB국민은행당감동지점,부산교구사회복지회,17.5,0.0
2026-08-02T19:00:00,1340035000,당감서로,새롬교회,부산교구사회복지회,20.92,0.0
2026-08-02T19:00:00,1340029000,동서고가로,동서고가도로TG,속성변화점,66.27,581.0
2026-08-02T19:00:00,1340323000,동서고가로,부산진구-사상구,속성변화점,65.83,721.0
2026-08-02T19:00:00,1340028900,동서고가로,속성변화점,동서고가도로TG,65.83,721.0
2026-08-02T19:00:00,1340029200,동서고가로,속성변화점,동서고가도로TG,61.63,607.0
2026-08-02T19:00:00,1340029800,동서고가로,화성환경,속성변화점,59.01,581.0
2026-08-02T19:00:00,1340029100,동서고가로,동서고가도로TG,속성변화점,64.43,745.0
2026-08-02T19:00:00,1340030800,백양대로208번길,윤선생영어교실,개금주공1단지아파트,23.5,0.0
2026-08-02T19:00:00,1340029500,백양대로208번길,개포초등학교,개금주공1단지아파트,23.67,0.0
2026-08-02T19:00:00,1340030600,백양관문로,지혜어린이집,개금주공1단지아파트,20.83,0.0
2026-08-02T19:00:00,1340029900,백양대로,개금주공아파트사거리,위드윌,32.92,0.0
2026-08-02T19:00:00,1340031000,백양대로,창작생활,위드윌,24.0,0.0
2026-08-02T19:00:00,1340031200,백양대로136번길,향기복지재단향기어린이집,위드윌,14.08,0.0
2026-08-02T19:00:00,1340030100,백양관문로,개금주공아파트사거리,지혜어린이집,26.42,0.0
2026-08-02T19:00:00,1340030500,백양관문로,개금주공1단지아파트,지혜어린이집,11.92,0.0
2026-08-02T19:00:00,1340032800,백양관문로,백양터널어귀삼거리,지혜어린이집,16.42,0.0
2026-08-02T19:00:00,1340033800,동서고가로,화성환경,진양사거리,49.08,0.0
2026-08-02T19:00:00,1340030300,신천대로,CU부암점,진양사거리,12.83,0.0
2026-08-02T19:00:00,1340033602,백양대로,진양램프,진양사거리,17.5,0.0
2026-08-02T19:00:00,1340034000,신천대로,더블유스퀘어웨딩홀,진양사거리,20.09,0.0
2026-08-02T19:00:00,1340316800,시민공원로,부암동666-1,진양사거리,9.58,0.0
2026-08-02T19:00:00,1340317600,서면문화로,서면중학교,진양사거리,12.0,0.0
2026-08-02T19:00:00,1340032000,당감서로,부산교구사회복지회,창작생활,20.25,0.0
2026-08-02T19:00:00,1340030900,백양대로,위드윌,창작생활,41.75,0.0
2026-08-02T19:00:00,1340031800,백양대로,당감입구교차로,창작생활,37.92,0.0
2026-08-02T19:00:00,1340034200,당감로17번길,부산교구사회복지회,향기복지재단향기어린이집,10.5,0.0
2026-08-02T19:00:00,1340031100,백양대로136번길,위드윌,향기복지재단향기어린이집,17.0,0.0
2026-08-02T19:00:00,1340034400,백양대로136번길,새솔푸른어린이집,향기복지재단향기어린이집,21.0,0.0
2026-08-02T19:00:00,1340031301,동성로,기독교방송국사거리,부전사거리,26.67,0.0
2026-08-02T19:00:00,1340031401,동성로,부전사거리,부전사거리,7.0,0.0
2026-08-02T19:00:00,1340031501,전포대로,기독교방송국사거리,전포2동행정복지센터,28.33,0.0
2026-08-02T19:00:00,1340312200,전포대로,성전초교앞,전포2동행정복지센터,18.09,0.0
2026-08-02T19:00:00,1340031700,백양대로,창작생활,당감입구교차로,39.33,0.0
2026-08-02T19:00:00,1340033200,백양대로,부산기관차승무사업소,당감입구교차로,33.67,0.0
2026-08-02T19:00:00,1340033400,당감로,KB국민은행당감동지점,당감입구교차로,13.75,0.0
2026-08-02T19:00:00,1340032300,새싹로,춘추화랑,인본사회연구소,17.5,0.0
2026-08-02T19:00:00,1340035200,새싹로,범전우편취급국,인본사회연구소,16.58,0.0
2026-08-02T19:00:00,1340317100,서면문화로,서면중학교,인본사회연구소,18.25,0.0
2026-08-02T19:00:00,1340032500,부전로,춘추화랑,부전역,21.0,0.0
2026-08-02T19:00:00,1340036200,부전로,부산은행전포동지점,부전역,17.75,0.0
2026-08-02T19:00:00,1340032900,중앙대로783번길,부전사거리,부전역,17.42,0.0
2026-08-02T19:00:00,1340035800,백양관문로,윤선생영어교실,백양터널어귀삼거리,27.08,95.0
2026-08-02T19:00:00,1340032700,백양관문로,지혜어린이집,백양터널어귀삼거리,24.42,0.0
2026-08-02T19:00:00,1340035600,동평로,새솔푸른어린이집,백양터널어귀삼거리,32.28,140.0
2026-08-02T19:00:00,1340033100,백양대로,당감입구교차로,부산기관차승무사업소,40.75,0.0
2026-08-02T19:00:00,1340033502,백양대로,진양램프,부산기관차승무사업소,26.75,0.0
2026-08-02T19:00:00,1340034700,당감로17번길,부산교구사회복지회,KB국민은행당감동지점,15.58,0.0
2026-08-02T19:00:00,1340033300,당감로,당감입구교차로,KB국민은행당감동지점,17.0,0.0
2026-08-02T19:00:00,1340036000,당감로,당감동사거리,KB국민은행당감동지점,13.0,0.0
2026-08-02T19:00:00,1340033501,백양대로,진양사거리,진양램프,29.5,0.0
2026-08-02T19:00:00,1340033601,백양대로,부산기관차승무사업소,진양램프,47.33,0.0
2026-08-02T19:00:00,1340033900,신천대로,진양사거리,더블유스퀘어웨딩홀,31.58,0.0
2026-08-02T19:00:00,1340036600,-,카페베네부산부암메리움점,더블유스퀘어웨딩홀,17.33,0.0
2026-08-02T19:00:00,1340036800,신천대로,부암교차로,더블유스퀘어웨딩홀,50.92,0.0
2026-08-02T19:00:00,1340037002,신천대로,부암동52-2,더블유스퀘어웨딩홀,43.67,0.0
2026-08-02T19:00:00,1340034300,백양대로136번길,향기복지재단향기어린이집,새솔푸른어린이집,24.0,0.0
2026-08-02T19:00:00,1340035500,동평로,백양터널어귀삼거리,새솔푸른어린이집,28.37,182.0
2026-08-02T19:00:00,1340038400,동평로,새롬교회,새솔푸른어린이집,38.11,140.0
2026-08-02T19:00:00,1340038600,백양순환로,한샘교회,새솔푸른어린이집,23.75,0.0
2026-08-02T19:00:00,1340039500,동평로,당감동사거리,당감삼거리,22.57,122.0
2026-08-02T19:00:00,1340040202,동평로,아이시에스시스템,당감삼거리,24.87,119.0
2026-08-02T19:00:00,1340040400,백양순환로,갈릴리교회,당감삼거리,10.5,0.0
2026-08-02T19:00:00,1340034900,당감서로,부산교구사회복지회,새롬교회,16.09,0.0
2026-08-02T19:00:00,1340038300,동평로,새솔푸른어린이집,새롬교회,24.66,182.0
2026-08-02T19:00:00,1340039200,동평로,당감동사거리,새롬교회,31.9,140.0
2026-08-02T19:00:00,1340039400,당감서로,부산우유농협당감지점,새롬교회,12.0,0.0
2026-08-02T19:00:00,1340036500,-,더블유스퀘어웨딩홀,카페베네부산부암메리움점,20.42,0.0
2026-08-02T19:00:00,1340038000,새싹로,이디야커피부산시민공원점,카페베네부산부암메리움점,15.92,0.0
2026-08-02T19:00:00,1340035900,당감로,KB국민은행당감동지점,당감동사거리,12.0,0.0
2026-08-02T19:00:00,1340039600,동평로,당감삼거리,당감동사거리,15.91,119.0
2026-08-02T19:00:00,1340039100,동평로,새롬교회,당감동사거리,23.28,182.0
2026-08-02T19:00:00,1340039800,당감로,당감안식일교회,당감동사거리,13.0,0.0
2026-08-02T19:00:00,1340036100,부전로,부전역,부산은행전포동지점,12.25,0.0
2026-08-02T19:00:00,1340037702,시민공원로76번길,범전동36-1,부산은행전포동지점,21.67,0.0
2026-08-02T19:00:00,1340036300,범전로,삼전교차로,부산은행전포동지점,25.92,0.0
2026-08-02T19:00:00,1340035100,새싹로,인본사회연구소,범전우편취급국,12.5,0.0
2026-08-02T19:00:00,1340037200,시민공원로,부산진중학교,범전우편취급국,17.0,0.0
2026-08-02T19:00:00,1340037402,시민공원로,부암동666-1,범전우편취급국,13.75,0.0
2026-08-02T19:00:00,1340037600,새싹로,이디야커피부산시민공원점,범전우편취급국,13.58,0.0
2026-08-02T19:00:00,1340035300,새싹로,인본사회연구소,부산진중학교,23.75,0.0
2026-08-02T19:00:00,1340037100,시민공원로,범전우편취급국,부산진중학교,29.33,0.0
2026-08-02T19:00:00,1340037802,시민공원로76번길,범전동36-1,부산진중학교,20.17,0.0
2026-08-02T19:00:00,1340036700,신천대로,더블유스퀘어웨딩홀,부암교차로,20.42,0.0
2026-08-02T19:00:00,1340043200,동평로,한국가수협회부산지회,부암교차로,45.75,0.0
2026-08-02T19:00:00,1340041700,동평로,행복한우리교회,부암교차로,29.92,0.0
2026-08-02T19:00:00,1340036901,신천대로,더블유스퀘어웨딩홀,부암동52-2,40.92,0.0
2026-08-02T19:00:00,1340037004,신천대로,부암동49-5,부암동52-2,42.09,0.0
2026-08-02T19:00:00,1340036903,신천대로,부암동52-2,부암동49-5,30.75,0.0
2026-08-02T19:00:00,1340037003,신천대로,부암교차로,부암동49-5,23.25,0.0
2026-08-02T19:00:00,1340036904,신천대로,부암동49-5,부암교차로,12.83,0.0
2026-08-02T19:00:00,1340038702,새싹로,부암동15-1,부암교차로,21.09,0.0
2026-08-02T19:00:00,1340043400,동평로,한국가수협회부산지회,부암교차로,18.75,119.0
2026-08-02T19:00:00,1340041900,동평로,행복한우리교회,부암교차로,18.94,122.0
2026-08-02T19:00:00,1340043600,새싹로,꿈나래어린이집,부암교차로,16.25,0.0
2026-08-02T19:00:00,1340316900,시민공원로,진양사거리,부암동666-1,8.67,0.0
2026-08-02T19:00:00,1340037301,시민공원로,범전우편취급국,부암동666-1,12.0,0.0
2026-08-02T19:00:00,1340037900,새싹로,카페베네부산부암메리움점,이디야커피부산시민공원점,9.67,0.0
2026-08-02T19:00:00,1340037500,새싹로,범전우편취급국,이디야커피부산시민공원점,26.58,0.0
2026-08-02T19:00:00,1340038200,새싹로,주안교회,이디야커피부산시민공원점,27.17,0.0
2026-08-02T19:00:00,1340037801,시민공원로76번길,부산은행전포동지점,범전동36-1,21.83,0.0
2026-08-02T19:00:00,1340037701,시민공원로76번길,부산진중학교,범전동36-1,25.5,0.0
2026-08-02T19:00:00,1340314000,시민공원로,연지동74-1,범전동36-1,26.0,0.0
2026-08-02T19:00:00,1340038100,새싹로,이디야커피부산시민공원점,주안교회,26.25,0.0
2026-08-02T19:00:00,1340038802,새싹로,부암동15-1,주안교회,24.17,0.0
2026-08-02T19:00:00,1340044200,백양순환로,백양산4호교차로,한샘교회,22.25,0.0
2026-08-02T19:00:00,1340038500,백양순환로,새솔푸른어린이집,한샘교회,23.25,0.0
2026-08-02T19:00:00,1340038801,새싹로,부암교차로,부암동15-1,23.5,0.0
2026-08-02T19:00:00,1340038701,새싹로,주안교회,부암동15-1,32.83,0.0
2026-08-02T19:00:00,1340038901,새싹로92번길,주안교회,연지동177-37,34.0,0.0
2026-08-02T19:00:00,1340043100,동평로,부암교차로,한국가수협회부산지회,45.33,0.0
2026-08-02T19:00:00,1340043300,동평로,부암교차로,한국가수협회부산지회,24.69,122.0
2026-08-02T19:00:00,1340045000,동평로,연지삼거리,한국가수협회부산지회,30.54,62.0
2026-08-02T19:00:00,1340039300,당감서로,새롬교회,부산우유농협당감지점,22.83,0.0
2026-08-02T19:00:00,1340041100,당감서로80번길,당감4치안센터,부산우유농협당감지점,7.83,0.0
2026-08-02T19:00:00,1340039700,당감로,당감동사거리,당감안식일교회,17.92,0.0
2026-08-02T19:00:00,1340040800,당감로64번길,갈릴리교회,당감안식일교회,14.0,0.0
2026-08-02T19:00:00,1340040600,당감서로80번길,당감4치안센터,당감안식일교회,17.17,0.0
2026-08-02T19:00:00,1340041000,당감로,동화랑놀자,당감안식일교회,25.34,0.0
2026-08-02T19:00:00,1340040101,동평로,당감삼거리,아이시에스시스템,21.77,122.0
2026-08-02T19:00:00,1340040201,동평로,행복한우리교회,아이시에스시스템,20.12,119.0
2026-08-02T19:00:00,1340041800,동평로,부암교차로,행복한우리교회,18.92,0.0
2026-08-02T19:00:00,1340042000,동평로,부암교차로,행복한우리교회,23.29,119.0
2026-08-02T19:00:00,1340040102,동평로,아이시에스시스템,행복한우리교회,22.57,122.0
2026-08-02T19:00:00,1340040300,백양순환로,당감삼거리,갈릴리교회,22.67,0.0
2026-08-02T19:00:00,1340040700,당감로64번길,당감안식일교회,갈릴리교회,17.0,0.0
2026-08-02T19:00:00,1340042400,백양순환로,동화랑놀자,갈릴리교회,23.67,0.0
2026-08-02T19:00:00,1340041200,당감서로80번길,부산우유농협당감지점,당감4치안센터,14.92,0.0
2026-08-02T19:00:00,1340040500,당감서로80번길,당감안식일교회,당감4치안센터,16.5,0.0
2026-08-02T19:00:00,1340045400,백양순환로,부암동교회어린이집,동화랑놀자,5.0,0.0
2026-08-02T19:00:00,1340040900,당감로,당감안식일교회,동화랑놀자,24.42,0.0
2026-08-02T19:00:00,1340042300,백양순환로,갈릴리교회,동화랑놀자,24.08,0.0
2026-08-02T19:00:00,1340042104,거제대로,양정동378-62,양정동378-62,15.5,0.0
2026-08-02T19:00:00,1340042201,거제대로,하마정사거리,양정동378-62,36.84,0.0
2026-08-02T19:00:00,1340042203,거제대로,양정동378-62,양정동378-62,30.0,0.0
2026-08-02T19:00:00,1340042106,거제대로,양정동376-1,양정동378-62,18.5,0.0
2026-08-02T19:00:00,1340042205,거제대로,양정동378-62,양정동376-1,27.67,0.0
2026-08-02T19:00:00,1340042105,거제대로,송공삼거리,양정동376-1,19.58,0.0
2026-08-02T19:00:00,1340042900,진남로,양정동408,국공립소명어린이집,21.5,0.0
2026-08-02T19:00:00,1340047400,진남로,텐퍼센트커피연제이마트점,국공립소명어린이집,12.0,0.0
2026-08-02T19:00:00,1340043500,새싹로,부암교차로,꿈나래어린이집,21.67,0.0
2026-08-02T19:00:00,1340048202,초읍천로,초읍동332-63,꿈나래어린이집,12.75,0.0
2026-08-02T19:00:00,1340048400,새싹로,대공원로터리,꿈나래어린이집,19.33,0.0
2026-08-02T19:00:00,1340044500,관문대로,미소유치원,백양터널남측,56.25,500.0
2026-08-02T19:00:00,1340323300,관문대로,부산진구-사상구,백양터널남측,54.06,424.0
2026-08-02T19:00:00,1340044900,동평로,한국가수협회부산지회,연지삼거리,19.23,64.0
2026-08-02T19:00:00,1340046200,동평로,연지어린이집,연지삼거리,40.0,0.0
2026-08-02T19:00:00,1340046400,성지로,부산은행초읍동지점,연지삼거리,19.5,0.0
2026-08-02T19:00:00,1340046100,동평로,연지삼거리,연지어린이집,31.08,0.0
2026-08-02T19:00:00,1340047000,동평로291번길,부산은행초읍동지점,연지어린이집,14.83,0.0
2026-08-02T19:00:00,1340047202,동평로,연지동74-1,연지어린이집,43.17,0.0
2026-08-02T19:00:00,1340046300,성지로,연지삼거리,부산은행초읍동지점,24.84,0.0
2026-08-02T19:00:00,1340046900,동평로291번길,연지어린이집,부산은행초읍동지점,23.42,0.0
2026-08-02T19:00:00,1340050200,성지로,시민도서관삼거리,부산은행초읍동지점,25.67,0.0
2026-08-02T19:00:00,1340314100,시민공원로,범전동36-1,연지동74-1,27.84,0.0
2026-08-02T19:00:00,1340047101,동평로,연지어린이집,연지동74-1,32.08,0.0
2026-08-02T19:00:00,1340047204,동평로,양정동512-2,연지동74-1,38.67,0.0
2026-08-02T19:00:00,1340047103,동평로,연지동74-1,양정동512-2,42.92,0.0
2026-08-02T19:00:00,1340047206,동평로,양정동512-2,양정동512-2,34.25,0.0
2026-08-02T19:00:00,1340047105,동평로,양정동512-2,양정동512-2,43.58,0.0
2026-08-02T19:00:00,1340047205,동평로,금샘유치원,양정동512-2,17.25,0.0
2026-08-02T19:00:00,1340049200,동평로405번길,카페감,KEB하나은행양정역지점,16.17,0.0
2026-08-02T19:00:00,1340049000,동평로,하마정사거리,KEB하나은행양정역지점,24.92,0.0
2026-08-02T19:00:00,1340047700,동평로,양정교차로,KEB하나은행양정역지점,16.09,0.0
2026-08-02T19:00:00,1340049400,연수로,연제구청삼거리,동래소방서앞,25.97,321.0
2026-08-02T19:00:00,1340047900,연수로,양정교차로,동래소방서앞,23.02,296.0
2026-08-02T19:00:00,1340049600,중앙대로970번길,양정2동파출소,동래소방서앞,19.59,0.0
2026-08-02T19:00:00,1340048101,초읍천로,꿈나래어린이집,초읍동332-63,19.0,0.0
2026-08-02T19:00:00,1340048204,초읍천로,초읍동645-10,초읍동332-63,11.25,0.0
2026-08-02T19:00:00,1340048103,초읍천로,초읍동332-63,초읍동645-10,9.34,0.0
2026-08-02T19:00:00,1340048206,초읍천로,연학초등학교,초읍동645-10,19.0,0.0
2026-08-02T19:00:00,1340048105,초읍천로,초읍동645-10,연학초등학교,19.0,0.0
2026-08-02T19:00:00,1340048205,초읍천로,수월정사,연학초등학교,11.0,0.0
2026-08-02T19:00:00,1340048106,초읍천로,연학초등학교,수월정사,22.75,0.0
2026-08-02T19:00:00,1340051200,초읍천로,대공원로터리,수월정사,24.92,0.0
2026-08-02T19:00:00,1340048300,새싹로,꿈나래어린이집,대공원로터리,21.25,0.0
2026-08-02T19:00:00,1340051100,초읍천로,수월정사,대공원로터리,25.0,0.0
2026-08-02T19:00:00,1340051900,성지로,시민도서관삼거리,대공원로터리,18.33,0.0
2026-08-02T19:00:00,1340311400,초읍천로,초읍동231,대공원로터리,7.0,0.0
2026-08-02T19:00:00,1340311600,성지곡로,초읍동294,대공원로터리,26.0,0.0
2026-08-02T19:00:00,1340049100,동평로405번길,KEB하나은행양정역지점,카페감,18.09,0.0
2026-08-02T19:00:00,1340050502,중앙대로969번길,양정동322,카페감,21.92,0.0
2026-08-02T19:00:00,1340050800,동평로405번길,NH농협은행부산시청지점,카페감,13.5,0.0
2026-08-02T19:00:00,1340050100,성지로,부산은행초읍동지점,시민도서관삼거리,21.09,0.0
2026-08-02T19:00:00,1340051400,성지로,시민도서관삼거리,시민도서관삼거리,16.25,0.0
2026-08-02T19:00:00,1340051600,월드컵대로,시민도서관삼거리,시민도서관삼거리,9.92,0.0
2026-08-02T19:00:00,1340050601,중앙대로969번길,카페감,양정동322,26.83,0.0
2026-08-02T19:00:00,1340050501,중앙대로969번길,양정2동파출소,양정동322,23.5,0.0
2026-08-02T19:00:00,1340052000,성지로,대공원로터리,시민도서관삼거리,21.92,0.0
2026-08-02T19:00:00,1340051300,성지로,시민도서관삼거리,시민도서관삼거리,20.75,0.0
2026-08-02T19:00:00,1340051800,월드컵대로474번길,시민도서관삼거리,시민도서관삼거리,14.09,0.0
2026-08-02T19:00:00,1340051500,월드컵대로,시민도서관삼거리,시민도서관삼거리,28.5,0.0
2026-08-02T19:00:00,1340052201,월드컵대로,한신아파트,시민도서관삼거리,23.42,0.0
2026-08-02T19:00:00,1340052500,엄광로,이디야커피부산동의대중앙점,참좋은원룸,18.0,0.0
2026-08-02T19:00:00,1340052300,대학로,송림어린이집,참좋은원룸,24.0,0.0
2026-08-02T19:00:00,1340052800,엄광로,삼정어린이집,참좋은원룸,21.0,0.0
2026-08-02T19:00:00,1340318700,전포대로175번길,부전동572-2,전포동865,17.08,0.0
2026-08-02T19:00:00,1340309100,전포대로175번길,동성중고앞교차로,전포동865,21.25,0.0
2026-08-02T19:00:00,1340309300,전포대로171번길,교통공단앞,전포동888,24.75,0.0
2026-08-02T19:00:00,1340311700,성지곡로,대공원로터리,초읍동294,25.0,0.0
2026-08-02T19:00:00,1340313600,성지곡로,초읍동643-12,초읍동294,27.0,0.0
2026-08-02T19:00:00,1340311900,전포대로,양정동408,송공삼거리,37.0,0.0
2026-08-02T19:00:00,1340312300,전포대로,전포2동행정복지센터,성전초교앞,28.5,0.0
2026-08-02T19:00:00,1340317700,서면문화로,진양사거리,서면중학교,31.0,0.0
2026-08-02T19:00:00,1340317000,서면문화로,인본사회연구소,서면중학교,32.0,0.0
2026-08-02T19:00:00,1340313700,성지곡로,초읍동294,초읍동643-12,19.0,0.0
2026-08-02T19:00:00,1450812501,구연3로,매학리751-1,매학리753,14.0,0.0
2026-08-02T19:00:00,1450812601,구연3로,매학리757,매학리753,16.0,0.0
2026-08-02T19:00:00,1450812902,구연방곡로,매학리775,구연교남측,20.0,0.0
2026-08-02T19:00:00,1450813000,구연방곡로,구연교북측,구연교남측,30.17,0.0
2026-08-02T19:00:00,1450812701,구연방곡로,구연교남측,매학리775,22.25,0.0
2026-08-02T19:00:00,1450812904,구연방곡로,매학리775,매학리775,15.0,0.0
2026-08-02T19:00:00,1450812703,구연방곡로,매학리775,매학리775,25.0,0.0
2026-08-02T19:00:00,1450812903,구연방곡로,매학리762-17,매학리775,21.33,0.0
2026-08-02T19:00:00,1450813300,구연방곡로,방곡리255-3,구연교북측,29.83,0.0
2026-08-02T19:00:00,1450813200,구연방곡로,구연교남측,구연교북측,36.0,0.0
2026-08-02T19:00:00,1450813605,구연방곡로,방곡리404,방곡리404,32.0,0.0
2026-08-02T19:00:00,1450813505,구연방곡로,방곡리404,방곡리404,17.0,0.0
2026-08-02T19:00:00,1450813503,구연방곡로,달산리1221-14,방곡리404,35.42,0.0
2026-08-02T19:00:00,1450813606,구연방곡로,방곡리404,방곡리404,11.0,0.0
2026-08-02T19:00:00,1450814300,산단4로,강변교북측,강변교남측,17.0,0.0
2026-08-02T19:00:00,1450814600,산단4로,근린공원2호,강변교남측,25.0,0.0
2026-08-02T19:00:00,1450815200,산단6로,달음교남측,달음교북측,29.0,0.0
2026-08-02T19:00:00,1450814900,산단6로,달산리1242,달음교북측,44.0,0.0
2026-08-02T19:00:00,1450815100,산단6로,달음교북측,달음교남측,33.0,0.0
2026-08-02T19:00:00,1450815400,산단6로,달산리1100-1,달음교남측,26.0,0.0
2026-08-02T19:00:00,1450902402,기장대로,용소리581,좌동리79-5,65.25,0.0
2026-08-02T19:00:00,1450902200,기장대로,장안IC북측,좌동리79-5,69.59,0.0
2026-08-02T19:00:00,1450902601,기장대로,좌동리79-5,용소리581,57.84,0.0
2026-08-02T19:00:00,1450902401,기장대로,용소삼거리,용소리581,60.25,0.0
2026-08-02T19:00:00,1450913002,기장대로,기룡리107-8,기룡리산76-7,71.0,0.0
2026-08-02T19:00:00,1450920600,기장대로,오리산194-2,기룡리산76-7,74.59,0.0
2026-08-02T19:00:00,1450912401,기장대로,기룡리산76-7,기룡리107-8,75.25,0.0
2026-08-02T19:00:00,1450913001,기장대로,기룡교차로,기룡리107-8,62.92,0.0
2026-08-02T19:00:00,1450921000,기장대로,기룡리산76-7,오리산194-2,78.17,0.0
2026-08-02T19:00:00,1450922900,기장대로,오리보건진료소,오리산194-2,79.08,0.0
2026-08-02T19:00:00,1450993600,일반국도31호선,이천교차로,동백교차로,83.25,0.0
2026-08-02T19:00:00,1450994300,일반국도31호선,문중교차로,동백교차로,77.75,0.0
2026-08-02T19:00:00,1450994202,일광로,차양교차로,동백리51-3,26.59,0.0
2026-08-02T19:00:00,1450994906,일광로,신평리14-6,동백리51-3,39.67,0.0
2026-08-02T19:00:00,1450995003,일광로,신평리56-4,칠암리269-8,12.75,0.0
2026-08-02T19:00:00,1450994903,일광로,장곡교차로,칠암리269-8,24.75,0.0
2026-08-02T19:00:00,1450994904,일광로,칠암리269-8,신평리56-4,30.92,0.0
2026-08-02T19:00:00,1450995006,일광로,신평리14-6,신평리56-4,31.33,0.0
2026-08-02T19:00:00,1451045800,정관로,월평교차로,임곡교차로,56.71,84.0
2026-08-02T19:00:00,1451046900,정관로,두명마을회관,임곡교차로,50.29,193.0
2026-08-02T19:00:00,1451125400,차성서로,서부리65-1,서부리65-1,29.0,0.0
2026-08-02T19:00:00,1451129900,차성서로,서부리341,서부리65-1,25.0,0.0
2026-08-02T19:00:00,1451095500,정관3로,산막입구교차로,용수리1382,11.0,0.0
2026-08-02T19:00:00,1451081700,정관3로,용수리1349,용수리1382,10.0,0.0
2026-08-02T19:00:00,1451134700,차성로,교리초등학교,교리14-6,11.25,0.0
2026-08-02T19:00:00,1451059500,차성로,교리252,교리14-6,17.08,0.0
2026-08-02T19:00:00,1451059400,차성로,교리14-6,교리252,11.25,0.0
2026-08-02T19:00:00,1451136100,차성로,교리252,교리252,17.17,0.0
2026-08-02T19:00:00,1451125500,차성서로,서부리65-1,서부리65-1,33.0,0.0
2026-08-02T19:00:00,1451131400,차성서로,서부리65-1,서부리65-1,28.0,0.0
2026-08-02T19:00:00,1450053410,해맞이로,속성변화점,임량리332-2,51.25,0.0
2026-08-02T19:00:00,1450053307,해맞이로,임랑교차로,임량리332-2,43.59,0.0
2026-08-02T19:00:00,1450995005,일광로,동백리51-3,신평리14-6,42.42,0.0
2026-08-02T19:00:00,1450994905,일광로,신평리56-4,신평리14-6,28.42,0.0
2026-08-02T19:00:00,1450810504,정관6로,매학리737,매학리737,24.0,0.0
2026-08-02T19:00:00,1450810606,정관6로,매학리737,매학리737,13.0,0.0
2026-08-02T19:00:00,1450810401,정관5로,신한은행정관금융센터,매학리731,19.67,0.0
2026-08-02T19:00:00,1450810301,정관5로,용상교,매학리731,23.25,0.0
2026-08-02T19:00:00,1450810603,정관6로,매학리737,매학리737,13.0,0.0
2026-08-02T19:00:00,1450810503,정관6로,우성스마트시티오피스텔,매학리737,22.0,0.0
2026-08-02T19:00:00,1451130100,차성서로,두원인테리어,서부리65-1,24.0,0.0
2026-08-02T19:00:00,1451131500,차성서로,서부리65-1,서부리65-1,26.0,0.0
2026-08-02T19:00:00,1451134500,차성로,교리252,교리252,17.08,0.0
2026-08-02T19:00:00,1451136000,차성로,교리252,교리252,11.25,0.0
2026-08-02T19:00:00,1380078500,기장해안로,해수욕장입구,일출횟집,29.18,182.0
2026-08-02T19:00:00,1451153300,기장해안로,고려환경산업,일출횟집,30.57,344.0
2026-08-02T19:00:00,1451154000,울산포항고속도로,장안IC북측,기장군-울주군,99.17,0.0
2026-08-02T19:00:00,1961174100,울산포항고속도로,,기장군-울주군,101.67,0.0
2026-08-02T19:00:00,1451154200,장곡길,길천리460-3,기장군-울주군,88.25,0.0
2026-08-02T19:00:00,1961173900,장곡길,,기장군-울주군,90.67,0.0
2026-08-02T19:00:00,1451154500,웅상대로,과적차량검문소,기장군-양산시,59.5,0.0
2026-08-02T19:00:00,3880545302,웅상대로,,기장군-양산시,61.75,0.0
2026-08-02T19:00:00,1320018800,자성로,자성대고가교동측,자성대교차로,14.75,0.0
2026-08-02T19:00:00,1320018300,자성로,자성대고가교서측,자성대교차로,22.09,0.0
2026-08-02T19:00:00,1320017402,범일로,범일동252-852,자성대교차로,12.0,0.0
2026-08-02T19:00:00,1320018600,범일로,자성대고가교북측,자성대교차로,17.5,0.0
2026-08-02T19:00:00,1320018700,자성로,자성대교차로,자성대고가교동측,41.33,0.0
2026-08-02T19:00:00,1320027200,자성로,자성대고가교서측,자성대고가교동측,25.75,0.0
2026-08-02T19:00:00,1320019202,자성로,범일교차로,자성대고가교동측,17.92,0.0
2026-08-02T19:00:00,1320018400,자성로,자성대교차로,자성대고가교서측,29.08,0.0
2026-08-02T19:00:00,1320027300,자성로,자성대고가교동측,자성대고가교서측,26.92,0.0
2026-08-02T19:00:00,1320018100,자성로,자성교동측,자성대고가교서측,19.5,0.0
2026-08-02T19:00:00,1340320900,개금온정로,개금동163-2,개금지하차도(남측),19.42,0.0
2026-08-02T19:00:00,1340320700,개금온정로,개금지하차도(북측),개금지하차도(남측),23.75,0.0
2026-08-02T19:00:00,1340320500,개금온정로,개금동216-10,개금지하차도(북측),26.5,0.0
2026-08-02T19:00:00,1340320600,개금온정로,개금지하차도(남측),개금지하차도(북측),37.25,0.0
2026-08-02T19:00:00,1350002500,충렬대로,안락사거리,안락지하차도,32.12,466.0
2026-08-02T19:00:00,1350003000,충렬대로,안락지하차도,안락지하차도,49.84,0.0
2026-08-02T19:00:00,1350002201,충렬대로,속성변화점,안락지하차도,36.42,606.0
2026-08-02T19:00:00,1350003101,충렬대로,안락교차로,안락지하차도,29.41,544.0
2026-08-02T19:00:00,1350002900,충렬대로,안락지하차도,안락지하차도,49.08,0.0
2026-08-02T19:00:00,1350003702,충렬대로,속성변화점,안락지하차도,34.35,532.0
2026-08-02T19:00:00,1350006400,충렬대로,내성교차로,내성교차로,8.0,0.0
2026-08-02T19:00:00,1350006100,중앙대로,내성교차로,내성교차로,11.25,0.0
2026-08-02T19:00:00,1350006602,중앙대로,동래역(부산1호선),내성교차로,5.33,0.0
2026-08-02T19:00:00,1350006802,충렬대로,동래시외버스터미널,내성교차로,10.83,0.0
2026-08-02T19:00:00,1370028300,화명신도시로,행복이가득한도서관,고가차도,6.58,0.0
2026-08-02T19:00:00,1370030600,화명신도시로,비전교회,고가차도,7.75,0.0
2026-08-02T19:00:00,1370029900,화명대로,KB국민은행화명동지점,고가차도,17.67,0.0
2026-08-02T19:00:00,1370030400,화명대로,CGV화명,고가차도,13.0,0.0
2026-08-02T19:00:00,1370318500,화명대로,대동화명대교동측,화명지하차도서측,72.17,0.0
2026-08-02T19:00:00,1370318900,화명대로,화명지하차도동측,화명지하차도서측,70.79,382.0
2026-08-02T19:00:00,1380028500,해운대해변로,커피콩,커피콩,19.08,0.0
2026-08-02T19:00:00,1380030602,해운대해변로,중동1772,커피콩,10.17,0.0
2026-08-02T19:00:00,1380070901,센텀중앙로,부산산업과학혁신원,센텀시티지하차도(남측),16.17,0.0
2026-08-02T19:00:00,1380071001,센텀중앙로,센텀파크앞교차로,센텀시티지하차도(남측),28.83,0.0
2026-08-02T19:00:00,1380095900,센텀중앙로,센텀시티지하차도(북측),센텀시티지하차도(남측),40.37,89.0
2026-08-02T19:00:00,1380077801,수영강변대로,우리은행센텀파크지점,수영강변지하차도,59.25,0.0
2026-08-02T19:00:00,1380077901,수영강변대로,수영강변지하차도,수영강변지하차도,43.09,0.0
2026-08-02T19:00:00,1380120600,수영강변대로,수영강변지하차도,수영강변지하차도,56.42,0.0
2026-08-02T19:00:00,3870097400,거가대로,거가대교,장목터널,79.71,0.0
2026-08-02T19:00:00,3870097300,거가대로,장목터널,거가대교,79.57,0.0
2026-08-02T19:00:00,3870102600,거가대로,거가대교,거가대교,80.88,0.0
2026-08-02T19:00:00,3870102700,거가대로,거가대교,속성변화점,74.33,0.0
2026-08-02T19:00:00,3870326300,거가대로,강서구-거제시,속성변화점,83.17,0.0
2026-08-02T19:00:00,3870102500,거가대로,거가대교,거가대교,74.08,0.0
2026-08-02T19:00:00,3870102800,거가대로,속성변화점,거가대교,79.17,0.0
2026-08-02T19:00:00,1300005600,해관로,중부경찰서삼거리,중앙역7번출구,22.17,0.0
2026-08-02T19:00:00,1300005400,대청로,부산우체국앞교차로,중앙역7번출구,23.59,0.0
2026-08-02T19:00:00,1300005200,대청로,대청동2가14-3,중앙역7번출구,19.92,0.0
2026-08-02T19:00:00,1300000200,구덕로,자갈치교차로,남포사거리,21.25,0.0
2026-08-02T19:00:00,1300000600,구덕로,남포동교차로,남포사거리,14.33,0.0
2026-08-02T19:00:00,1300002100,자갈치로37번길,자갈치역10번출구,남포사거리,6.59,0.0
2026-08-02T19:00:00,1300002400,중구로,어벤더치커피부평점,남포사거리,7.5,0.0
2026-08-02T19:00:00,1300000100,구덕로,남포사거리,자갈치교차로,18.0,0.0
2026-08-02T19:00:00,1310007600,보수대로,부평교차로,자갈치교차로,12.67,0.0
2026-08-02T19:00:00,1310000300,구덕로,충무교차로,자갈치교차로,14.42,0.0
2026-08-02T19:00:00,1300000500,구덕로,남포사거리,남포동교차로,32.09,0.0
2026-08-02T19:00:00,1300000400,구덕로,옛시청교차로,남포동교차로,33.17,0.0
2026-08-02T19:00:00,1300001900,자갈치로,자갈치역10번출구,남포동교차로,15.84,0.0
2026-08-02T19:00:00,1300003000,해관로,중앙역7번출구,옛시청교차로,15.92,0.0
2026-08-02T19:00:00,1300000300,구덕로,남포동교차로,옛시청교차로,10.75,0.0
2026-08-02T19:00:00,1300000800,중앙대로,부산제2롯데월드,옛시청교차로,9.75,0.0
2026-08-02T19:00:00,1300001700,태종로,영도대교북측,옛시청교차로,18.92,0.0
2026-08-02T19:00:00,1300000700,중앙대로,옛시청교차로,부산제2롯데월드,20.09,0.0
2026-08-02T19:00:00,1300001000,중앙대로,부산우체국앞교차로,부산제2롯데월드,20.58,0.0
2026-08-02T19:00:00,1300003200,중앙대로20번길,한국철도시설공단영남본부,부산제2롯데월드,11.42,0.0
2026-08-02T19:00:00,1300005300,대청로,중앙역7번출구,부산우체국앞교차로,10.92,0.0
2026-08-02T19:00:00,1300000900,중앙대로,부산제2롯데월드,부산우체국앞교차로,19.33,0.0
2026-08-02T19:00:00,1300001200,중앙대로,중앙동사거리,부산우체국앞교차로,20.92,0.0
2026-08-02T19:00:00,1300005900,대청로,연안부두삼거리,부산우체국앞교차로,5.25,0.0
2026-08-02T19:00:00,1300001300,중앙대로,중부경찰서삼거리,중앙동사거리,25.08,0.0
2026-08-02T19:00:00,1300001100,중앙대로,부산우체국앞교차로,중앙동사거리,22.09,0.0
2026-08-02T19:00:00,1300007600,충장대로,세관삼거리,중앙동사거리,13.83,0.0
2026-08-02T19:00:00,1300001800,태종로,옛시청교차로,영도대교북측,23.42,0.0
2026-08-02T19:00:00,1330019300,태종로,영도대교남측,영도대교북측,34.83,0.0
2026-08-02T19:00:00,1300012501,-,롯데타운(2024년1월예정),영도대교북측,22.09,0.0
2026-08-02T19:00:00,1300002000,자갈치로,남포동교차로,자갈치역10번출구,20.0,0.0
2026-08-02T19:00:00,1300011700,자갈치로,자갈치역4번출구,자갈치역10번출구,15.5,0.0
2026-08-02T19:00:00,1300003100,중앙대로20번길,부산제2롯데월드,한국철도시설공단영남본부,13.5,0.0
2026-08-02T19:00:00,1300003400,대교로,부산대교북측,한국철도시설공단영남본부,28.17,0.0
2026-08-02T19:00:00,1300002500,대교로,롯데백화점광복점,한국철도시설공단영남본부,33.17,0.0
2026-08-02T19:00:00,1300003300,대교로,한국철도시설공단영남본부,부산대교북측,33.5,0.0
2026-08-02T19:00:00,1300005000,대교로,연안부두삼거리,부산대교북측,47.75,0.0
2026-08-02T19:00:00,1330019100,대교로,부산교회,부산대교북측,49.83,0.0
2026-08-02T19:00:00,1300002700,광복로,옛시청교차로,창선치안센터,11.83,0.0
2026-08-02T19:00:00,1300003800,광복중앙로,대청동2가14-3,창선치안센터,13.17,0.0
2026-08-02T19:00:00,1300002300,중구로,남포사거리,어벤더치커피부평점,8.75,0.0
2026-08-02T19:00:00,1300003500,광복로,창선치안센터,어벤더치커피부평점,10.75,0.0
2026-08-02T19:00:00,1300004200,중구로,대청사거리,어벤더치커피부평점,14.5,0.0
2026-08-02T19:00:00,1300005100,대청로,중앙역7번출구,대청동2가14-3,21.67,0.0
2026-08-02T19:00:00,1300003700,광복중앙로,창선치안센터,대청동2가14-3,12.0,0.0
2026-08-02T19:00:00,1300005800,대청로,대청사거리,대청동2가14-3,23.17,0.0
2026-08-02T19:00:00,1310007500,보수대로,자갈치교차로,부평교차로,24.34,0.0
2026-08-02T19:00:00,1300003900,광복로,어벤더치커피부평점,부평교차로,8.17,0.0
2026-08-02T19:00:00,1300004600,흑교로,보수사거리,부평교차로,13.17,0.0
2026-08-02T19:00:00,1300004800,보수대로,영락교회앞사거리,부평교차로,20.59,0.0
2026-08-02T19:00:00,1310022700,까치고개로,토성동1가57,부평교차로,21.58,0.0
2026-08-02T19:00:00,1300004100,중구로,어벤더치커피부평점,대청사거리,12.17,0.0
2026-08-02T19:00:00,1300005700,대청로,대청동2가14-3,대청사거리,21.09,0.0
2026-08-02T19:00:00,1300006400,대청로,보수사거리,대청사거리,15.75,0.0
2026-08-02T19:00:00,1300006600,중구로,중구청앞,대청사거리,18.58,0.0
2026-08-02T19:00:00,1300004500,흑교로,부평교차로,보수사거리,11.75,0.0
2026-08-02T19:00:00,1300006300,대청로,대청사거리,보수사거리,13.5,0.0
2026-08-02T19:00:00,1300006800,대청로,영락교회앞사거리,보수사거리,18.92,0.0
2026-08-02T19:00:00,1300007000,흑교로,보수파출소,보수사거리,12.0,0.0
2026-08-02T19:00:00,1300007400,보수대로,흑교사거리,영락교회앞사거리,19.25,0.0
2026-08-02T19:00:00,1300004700,보수대로,부평교차로,영락교회앞사거리,20.25,0.0
2026-08-02T19:00:00,1300006700,대청로,보수사거리,영락교회앞사거리,27.09,0.0
2026-08-02T19:00:00,1310023300,대청로,부민사거리,영락교회앞사거리,8.0,0.0
2026-08-02T19:00:00,1300006000,대청로,부산우체국앞교차로,연안부두삼거리,16.92,0.0
2026-08-02T19:00:00,1300004900,대교로,부산대교북측,연안부두삼거리,16.33,0.0
2026-08-02T19:00:00,1300006200,대교로,세관삼거리,연안부두삼거리,9.75,0.0
2026-08-02T19:00:00,1300007500,충장대로,중앙동사거리,세관삼거리,6.25,0.0
2026-08-02T19:00:00,1300006100,대교로,연안부두삼거리,세관삼거리,26.17,0.0
2026-08-02T19:00:00,1300007800,충장대로,GS주유소해안,세관삼거리,23.84,0.0
2026-08-02T19:00:00,1300006500,중구로,대청사거리,중구청앞,22.67,0.0
2026-08-02T19:00:00,1300008600,동영로,중구자원봉사센터,중구청앞,28.17,0.0
2026-08-02T19:00:00,1300008800,중구로,부산터널삼거리,중구청앞,19.25,0.0
2026-08-02T19:00:00,1300008000,흑교로,흑교사거리,보수파출소,23.5,0.0
2026-08-02T19:00:00,1300006900,흑교로,보수사거리,보수파출소,27.5,0.0
2026-08-02T19:00:00,1300007700,충장대로,세관삼거리,GS주유소해안,33.17,0.0
2026-08-02T19:00:00,1300010500,대영로,영주고가교,GS주유소해안,48.02,109.0
2026-08-02T19:00:00,1320003802,충장대로,초량동1185-18,GS주유소해안,29.43,71.0
2026-08-02T19:00:00,1300008200,망양로,동아9블럭아파트,용해선원,27.25,0.0
2026-08-02T19:00:00,1300012000,망양로,중구-서구,용해선원,27.25,0.0
2026-08-02T19:00:00,1300008100,망양로,용해선원,동아9블럭아파트,18.75,0.0
2026-08-02T19:00:00,1300011200,망양로,동남파크앞교차로,동아9블럭아파트,29.17,0.0
2026-08-02T19:00:00,1300008500,동영로,중구청앞,중구자원봉사센터,26.33,0.0
2026-08-02T19:00:00,1300009202,동영로,부산터널삼거리,중구자원봉사센터,24.25,0.0
2026-08-02T19:00:00,1300009400,영주로,동남파크앞교차로,중구자원봉사센터,25.92,0.0
2026-08-02T19:00:00,1300008700,중구로,중구청앞,부산터널삼거리,20.0,0.0
2026-08-02T19:00:00,1300010000,대영로,대영우편취급국,부산터널삼거리,42.77,109.0
2026-08-02T19:00:00,1300009800,대영로,부산터널삼거리,부산터널삼거리,34.34,112.0
2026-08-02T19:00:00,1300009101,동영로,중구자원봉사센터,부산터널삼거리,24.92,0.0
2026-08-02T19:00:00,1300009201,동영로,대영우편취급국,부산터널삼거리,32.67,0.0
2026-08-02T19:00:00,1300011300,초량상로5번길,영주삼거리,부산터널삼거리,22.58,0.0
2026-08-02T19:00:00,1300009900,대영로,부산터널삼거리,대영우편취급국,39.05,112.0
2026-08-02T19:00:00,1300011000,대영로,부산터널동측,대영우편취급국,45.69,109.0
2026-08-02T19:00:00,1300011100,망양로,동아9블럭아파트,동남파크앞교차로,30.92,0.0
2026-08-02T19:00:00,1300009300,영주로,중구자원봉사센터,동남파크앞교차로,23.92,0.0
2026-08-02T19:00:00,1300009700,대영로,부산터널삼거리,부산터널삼거리,36.48,109.0
2026-08-02T19:00:00,1300010200,대영로,영주고가교,부산터널삼거리,35.76,112.0
2026-08-02T19:00:00,1320003500,대영로,영주사거리,영주고가교,28.17,0.0
2026-08-02T19:00:00,1300010600,대영로,GS주유소해안,영주고가교,47.84,112.0
2026-08-02T19:00:00,1300010100,대영로,부산터널삼거리,영주고가교,36.23,109.0
2026-08-02T19:00:00,1320031500,초량중로,생명의빛교회,영주고가교,18.75,0.0
2026-08-02T19:00:00,1300010900,대영로,대영우편취급국,부산터널동측,43.96,112.0
2026-08-02T19:00:00,1310012500,대영로,부산터널서측,부산터널동측,48.86,109.0
2026-08-02T19:00:00,1310007200,자갈치로,자갈치교차로,자갈치역4번출구,9.67,0.0
2026-08-02T19:00:00,1300011800,자갈치로,자갈치역10번출구,자갈치역4번출구,16.58,0.0
2026-08-02T19:00:00,1310006800,자갈치로,충무교차로,자갈치역4번출구,17.84,0.0
2026-08-02T19:00:00,1300011400,초량상로5번길,부산터널삼거리,영주삼거리,28.5,0.0
2026-08-02T19:00:00,1300012200,초량상로,부산터널삼거리,영주삼거리,23.0,0.0
2026-08-02T19:00:00,1320031700,초량상로,초량지구대,영주삼거리,22.0,0.0
2026-08-02T19:00:00,1300011600,중앙대로132번길,대창동1가38-1,중앙동4가91,22.67,0.0
2026-08-02T19:00:00,1300011900,망양로,용해선원,중구-서구,28.42,0.0
2026-08-02T19:00:00,1310023800,망양로,아트빌,중구-서구,28.75,0.0
2026-08-02T19:00:00,1310023400,대청로,영락교회앞사거리,부민사거리,5.34,0.0
2026-08-02T19:00:00,1310000902,구덕로,속성변화점,부민사거리,25.17,0.0
2026-08-02T19:00:00,1310000700,구덕로,토성동역앞교차로,부민사거리,16.17,0.0
2026-08-02T19:00:00,1310008700,임시수도기념로,노틀담유치원,부민사거리,13.0,0.0
2026-08-02T19:00:00,1310009200,흑교로,흑교사거리,부용사거리,17.17,0.0
2026-08-02T19:00:00,1310001001,구덕로,속성변화점,부용사거리,31.67,0.0
2026-08-02T19:00:00,1310001200,구덕로,동대신사거리,부용사거리,21.0,0.0
2026-08-02T19:00:00,1310009400,부용로,예닮교회,부용사거리,15.75,0.0
2026-08-02T19:00:00,1310001002,구덕로,부민사거리,속성변화점,29.75,0.0
2026-08-02T19:00:00,1310000901,구덕로,부용사거리,속성변화점,26.67,0.0
2026-08-02T19:00:00,1310001100,구덕로,부용사거리,동대신사거리,14.5,0.0
2026-08-02T19:00:00,1310001500,구덕로,구덕운동장,동대신사거리,15.5,0.0
2026-08-02T19:00:00,1310010500,대영로,한국외식업중앙회부산서구지부,동대신사거리,19.64,353.0
2026-08-02T19:00:00,1310011202,대영로,동대신동1가423-1,동대신사거리,26.72,218.0
2026-08-02T19:00:00,1390002603,낙동대로,대티터널남측,대티터널동측,37.18,353.0
2026-08-02T19:00:00,1310001400,낙동대로,서대신사거리,대티터널동측,33.55,417.0
2026-08-02T19:00:00,1310001300,낙동대로,대티터널동측,서대신사거리,28.26,353.0
2026-08-02T19:00:00,1310001700,망양로,구덕운동장앞교차로,서대신사거리,20.83,0.0
2026-08-02T19:00:00,1310010300,대영로,서부산농협대신SMART지점,서대신사거리,24.51,417.0
2026-08-02T19:00:00,1310011402,대티로,서대신3동주민센터,서대신사거리,8.75,0.0
2026-08-02T19:00:00,1310001600,구덕로,동대신사거리,구덕운동장,25.67,0.0
2026-08-02T19:00:00,1310001900,구덕로,구덕운동장삼거리,구덕운동장,19.75,0.0
2026-08-02T19:00:00,1310001800,망양로,서대신사거리,구덕운동장앞교차로,16.83,0.0
2026-08-02T19:00:00,1310002200,망양로,구덕운동장삼거리,구덕운동장앞교차로,25.75,0.0
2026-08-02T19:00:00,1310013200,꽃마을로,영락어린이집,구덕운동장앞교차로,20.25,0.0
2026-08-02T19:00:00,1310002000,구덕로,구덕운동장,구덕운동장삼거리,18.92,0.0
2026-08-02T19:00:00,1310002100,망양로,구덕운동장앞교차로,구덕운동장삼거리,8.75,0.0
2026-08-02T19:00:00,1310013400,망양로,구덕사거리,구덕운동장삼거리,18.0,0.0
2026-08-02T19:00:00,1310002700,암남공원로,혈청소닭집,웰관광,31.33,0.0
2026-08-02T19:00:00,1310022000,원양로,암남동645-4,웰관광,26.34,0.0
2026-08-02T19:00:00,1310002800,암남공원로,웰관광,혈청소닭집,31.83,0.0
2026-08-02T19:00:00,1310002600,암남공원로,서구생활체육협의회,혈청소닭집,12.5,0.0
2026-08-02T19:00:00,1310003000,암남공원로,송도교차로,혈청소닭집,24.59,0.0
2026-08-02T19:00:00,1310002500,암남공원로,혈청소닭집,서구생활체육협의회,12.5,0.0
2026-08-02T19:00:00,1310003900,천마로,송도교차로,대동아파트,28.42,0.0
2026-08-02T19:00:00,1310005100,해돋이로,부민작은도서관,대동아파트,27.5,0.0
2026-08-02T19:00:00,1310005800,천마로,속성변화점,대동아파트,22.92,0.0
2026-08-02T19:00:00,1310002900,암남공원로,혈청소닭집,송도교차로,19.25,0.0
2026-08-02T19:00:00,1310003400,충무대로,송도교차로,송도교차로,21.67,0.0
2026-08-02T19:00:00,1310003600,감천로,송도교차로,송도교차로,22.0,0.0
2026-08-02T19:00:00,1310004000,천마로,대동아파트,송도교차로,21.0,0.0
2026-08-02T19:00:00,1310003300,충무대로,송도교차로,송도교차로,18.58,0.0
2026-08-02T19:00:00,1310003800,감천로,송도교차로,송도교차로,14.92,0.0
2026-08-02T19:00:00,1310004202,충무대로,암남동주민센터,송도교차로,15.25,0.0
2026-08-02T19:00:00,1310003500,감천로,송도교차로,송도교차로,39.59,0.0
2026-08-02T19:00:00,1310003700,감천로,송도교차로,송도교차로,27.42,0.0
2026-08-02T19:00:00,1310004400,감천로,정림비치타운아파트,송도교차로,24.92,0.0
2026-08-02T19:00:00,1310004101,충무대로,송도교차로,암남동주민센터,22.25,0.0
2026-08-02T19:00:00,1310004204,충무대로,암남동115-74,암남동주민센터,21.54,289.0
2026-08-02T19:00:00,1310017900,충무대로,천마터널,암남동주민센터,64.46,1608.0
2026-08-02T19:00:00,1310025401,남항대교,승강기,암남동주민센터,49.9,857.0
2026-08-02T19:00:00,1310004108,충무대로,남부민1동행정복지센터,남부민1동행정복지센터,29.77,302.0
2026-08-02T19:00:00,1310004205,충무대로,충무교차로,남부민1동행정복지센터,29.08,289.0
2026-08-02T19:00:00,1310004103,충무대로,암남동주민센터,암남동115-74,24.52,302.0
2026-08-02T19:00:00,1310004208,충무대로,남부민1동행정복지센터,암남동115-74,24.96,289.0
2026-08-02T19:00:00,1310004207,충무대로,남부민1동행정복지센터,남부민1동행정복지센터,32.62,289.0
2026-08-02T19:00:00,1310004107,충무대로,암남동115-74,남부민1동행정복지센터,24.85,302.0
2026-08-02T19:00:00,1310000400,구덕로,자갈치교차로,충무교차로,13.67,0.0
2026-08-02T19:00:00,1310006700,자갈치로,자갈치역4번출구,충무교차로,8.5,0.0
2026-08-02T19:00:00,1310004106,충무대로,남부민1동행정복지센터,충무교차로,24.93,302.0
2026-08-02T19:00:00,1310000100,구덕로,성불원,충무교차로,14.5,0.0
2026-08-02T19:00:00,1310004600,성산길,송도동일스위트아파트,정림비치타운아파트,19.17,0.0
2026-08-02T19:00:00,1310004300,감천로,송도교차로,정림비치타운아파트,37.08,0.0
2026-08-02T19:00:00,1310004802,감천로,알로이시오전자기계고등학교,정림비치타운아파트,29.67,0.0
2026-08-02T19:00:00,1310004701,감천로,정림비치타운아파트,알로이시오전자기계고등학교,40.75,0.0
2026-08-02T19:00:00,1310004804,감천로,암남동10-16,알로이시오전자기계고등학교,30.25,0.0
2026-08-02T19:00:00,1310004803,감천로,금강송도타운아파트,암남동10-16,22.17,0.0
2026-08-02T19:00:00,1310004703,감천로,알로이시오전자기계고등학교,암남동10-16,45.0,0.0
2026-08-02T19:00:00,1310021500,감천로,암남동6-2,암남동10-16,12.33,0.0
2026-08-02T19:00:00,1310005200,해돋이로,대동아파트,부민작은도서관,21.17,0.0
2026-08-02T19:00:00,1310005400,천해로,동산교회,부민작은도서관,22.75,0.0
2026-08-02T19:00:00,1310005600,해돋이로,초장교회,부민작은도서관,27.5,0.0
2026-08-02T19:00:00,1310021100,천해로,암남동2-82,동산교회,23.0,0.0
2026-08-02T19:00:00,1310005300,천해로,부민작은도서관,동산교회,23.5,0.0
2026-08-02T19:00:00,1310005500,해돋이로,부민작은도서관,초장교회,28.0,0.0
2026-08-02T19:00:00,1310006600,초장로,성불원,초장교회,26.0,0.0
2026-08-02T19:00:00,1310006400,해돋이로,속성변화점,초장교회,26.42,0.0
2026-08-02T19:00:00,1310005700,천마로,대동아파트,속성변화점,25.33,0.0
2026-08-02T19:00:00,1310006000,천마로,속성변화점,속성변화점,21.75,0.0
2026-08-02T19:00:00,1310005900,천마로,속성변화점,속성변화점,22.75,0.0
2026-08-02T19:00:00,1310006202,천마로,충무동3가54,속성변화점,19.33,0.0
2026-08-02T19:00:00,1310006101,천마로,속성변화점,충무동3가54,24.25,0.0
2026-08-02T19:00:00,1310006201,천마로,성불원,충무동3가54,26.42,0.0
2026-08-02T19:00:00,1310000200,구덕로,충무교차로,성불원,22.5,0.0
2026-08-02T19:00:00,1310006500,초장로,초장교회,성불원,21.5,0.0
2026-08-02T19:00:00,1310006102,천마로,충무동3가54,성불원,14.84,0.0
2026-08-02T19:00:00,1310000500,구덕로,토성동역앞교차로,성불원,20.09,0.0
2026-08-02T19:00:00,1310006300,해돋이로,초장교회,속성변화점,28.33,0.0
2026-08-02T19:00:00,1310007400,해돋이로,아미치안센터,속성변화점,22.5,0.0
2026-08-02T19:00:00,1310007300,해돋이로,속성변화점,아미치안센터,24.92,0.0
2026-08-02T19:00:00,1310007700,까치고개로,토성동역앞교차로,아미치안센터,30.83,0.0
2026-08-02T19:00:00,1310008000,까치고개로,산상교회,아미치안센터,28.83,0.0
2026-08-02T19:00:00,1310008200,해돋이로,원불교토성교당,아미치안센터,25.0,0.0
2026-08-02T19:00:00,1310000800,구덕로,부민사거리,토성동역앞교차로,20.33,0.0
2026-08-02T19:00:00,1310000600,구덕로,성불원,토성동역앞교차로,14.08,0.0
2026-08-02T19:00:00,1310007800,까치고개로,아미치안센터,토성동역앞교차로,20.83,0.0
2026-08-02T19:00:00,1310023200,까치고개로,토성동1가57,토성동역앞교차로,21.92,0.0
2026-08-02T19:00:00,1310022500,옥천로,남성사,산상교회,19.92,0.0
2026-08-02T19:00:00,1310008400,까치고개로,중앙동사거리,산상교회,23.59,0.0
2026-08-02T19:00:00,1310007900,까치고개로,아미치안센터,산상교회,25.25,0.0
2026-08-02T19:00:00,1310008100,해돋이로,아미치안센터,원불교토성교당,25.75,0.0
2026-08-02T19:00:00,1310008600,해돋이로,노틀담유치원,원불교토성교당,27.58,0.0
2026-08-02T19:00:00,1310009000,해돋이로,가람유치원,노틀담유치원,29.92,0.0
2026-08-02T19:00:00,1310008500,해돋이로,원불교토성교당,노틀담유치원,30.75,0.0
2026-08-02T19:00:00,1310009300,부용로,부용사거리,예닮교회,22.83,0.0
2026-08-02T19:00:00,1310009800,부용로,서부산농협대신SMART지점,예닮교회,27.5,0.0
2026-08-02T19:00:00,1310009500,대티로,가람유치원,산성교회,19.42,0.0
2026-08-02T19:00:00,1310010800,대티로,부산병원교회,산성교회,20.34,0.0
2026-08-02T19:00:00,1310010400,대영로,서대신사거리,서부산농협대신SMART지점,26.59,353.0
2026-08-02T19:00:00,1310009700,부용로,예닮교회,서부산농협대신SMART지점,8.25,0.0
2026-08-02T19:00:00,1310010200,대영로,한국외식업중앙회부산서구지부,서부산농협대신SMART지점,27.76,417.0
2026-08-02T19:00:00,1310010600,대영로,동대신사거리,한국외식업중앙회부산서구지부,29.55,417.0
2026-08-02T19:00:00,1310009900,대영로46번길,예닮교회,한국외식업중앙회부산서구지부,17.0,0.0
2026-08-02T19:00:00,1310010100,대영로,서부산농협대신SMART지점,한국외식업중앙회부산서구지부,24.76,353.0
2026-08-02T19:00:00,1310010700,대티로,산성교회,부산병원교회,27.92,0.0
2026-08-02T19:00:00,1310011302,대티로,서대신3동주민센터,부산병원교회,7.0,0.0
2026-08-02T19:00:00,1310011900,-,대영고가교,백련불교문화원,15.09,0.0
2026-08-02T19:00:00,1310011700,보수대로,동대사거리,백련불교문화원,27.75,0.0
2026-08-02T19:00:00,1310012400,보수대로,신광교회,백련불교문화원,26.84,0.0
2026-08-02T19:00:00,1310012100,대영로,대영고가교,부산터널서측,45.61,109.0
2026-08-02T19:00:00,1310012600,대영로,부산터널동측,부산터널서측,45.22,112.0
2026-08-02T19:00:00,1310013100,꽃마을로,구덕운동장앞교차로,영락어린이집,20.67,0.0
2026-08-02T19:00:00,1310014000,대신로,구덕사거리,영락어린이집,24.84,0.0
2026-08-02T19:00:00,1310013300,망양로,구덕운동장삼거리,구덕사거리,16.83,0.0
2026-08-02T19:00:00,1310013602,망양로,동대신동3가520-1,구덕사거리,8.42,0.0
2026-08-02T19:00:00,1310013800,보수대로,구덕사거리,구덕사거리,17.58,0.0
2026-08-02T19:00:00,1310012900,보수대로,신광교회,구덕사거리,23.08,0.0
2026-08-02T19:00:00,1310013501,망양로,구덕사거리,동대신동3가520-1,16.08,0.0
2026-08-02T19:00:00,1310013601,망양로,아트빌,동대신동3가520-1,15.17,0.0
2026-08-02T19:00:00,1310023700,망양로,중구-서구,아트빌,29.17,0.0
2026-08-02T19:00:00,1310013502,망양로,동대신동3가520-1,아트빌,25.17,0.0
2026-08-02T19:00:00,1310013900,대신로,영락어린이집,구덕사거리,19.17,0.0
2026-08-02T19:00:00,1310013700,보수대로,구덕사거리,구덕사거리,36.42,0.0
2026-08-02T19:00:00,1310014604,보수대로,서대신동3가76-7,구덕사거리,45.17,0.0
2026-08-02T19:00:00,1310014504,보수대로,서대신동3가76-7,대신중학교,49.09,0.0
2026-08-02T19:00:00,1310014601,보수대로,구덕터널남측,대신중학교,50.33,0.0
2026-08-02T19:00:00,1310014503,보수대로,구덕사거리,서대신동3가76-7,49.25,0.0
2026-08-02T19:00:00,1310014603,보수대로,대신중학교,서대신동3가76-7,29.17,0.0
2026-08-02T19:00:00,1310014502,보수대로,대신중학교,구덕터널남측,49.09,0.0
2026-08-02T19:00:00,1310024200,보수대로,서구-사상구,구덕터널남측,59.5,0.0
2026-08-02T19:00:00,1310022200,원양로,서구-사하구,암남동645-4,43.08,0.0
2026-08-02T19:00:00,1310021900,원양로,웰관광,암남동645-4,31.92,0.0
2026-08-02T19:00:00,1310016400,천해로13번나길,사하구-서구,천마터널,72.8,1608.0
2026-08-02T19:00:00,1310018000,충무대로,암남동주민센터,천마터널,73.75,1123.0
2026-08-02T19:00:00,1310011301,대티로,서대신사거리,서대신3동주민센터,18.17,0.0
2026-08-02T19:00:00,1310011401,대티로,부산병원교회,서대신3동주민센터,24.0,0.0
2026-08-02T19:00:00,1320008100,초량중로,부산은행초량동지점,초량2치안센터,13.0,0.0
2026-08-02T19:00:00,1320008800,중앙대로251번길,초량육거리,초량2치안센터,13.83,0.0
2026-08-02T19:00:00,1320027600,중앙대로251번길,초량교차로,초량2치안센터,16.75,0.0
2026-08-02T19:00:00,1320009000,초량중로,삼송정사,초량2치안센터,26.17,0.0
2026-08-02T19:00:00,1320008200,초량중로,초량2치안센터,부산은행초량동지점,15.92,0.0
2026-08-02T19:00:00,1320008400,초량로,초량육거리,부산은행초량동지점,14.0,0.0
2026-08-02T19:00:00,1320006100,초량로,한국토지공사,부산은행초량동지점,14.83,0.0
2026-08-02T19:00:00,1320005300,초량중로,커피이바구,부산은행초량동지점,17.08,0.0
2026-08-02T19:00:00,1310011201,대영로,동대사거리,동대신동1가423-1,33.01,218.0
2026-08-02T19:00:00,1310011101,대영로,동대신사거리,동대신동1가423-1,40.82,210.0
2026-08-02T19:00:00,1310020500,구덕로124번길,성불원,토성동1가57,12.0,0.0
2026-08-02T19:00:00,1310023100,까치고개로,토성동역앞교차로,토성동1가57,22.17,0.0
2026-08-02T19:00:00,1310023000,까치고개로,토성동1가57,토성동1가57,29.92,0.0
2026-08-02T19:00:00,1310022800,까치고개로,부평교차로,토성동1가57,20.0,0.0
2026-08-02T19:00:00,1310022900,까치고개로,토성동1가57,토성동1가57,18.17,0.0
2026-08-02T19:00:00,1310021400,천해남로,암남동2-82,암남동6-2,28.0,0.0
2026-08-02T19:00:00,1310021800,감천로,알로이시오전자기계고등학교,암남동6-2,5.0,0.0
2026-08-02T19:00:00,1320000601,중앙대로,한국토지공사,KB국민은행초량지점,29.75,0.0
2026-08-02T19:00:00,1320000400,중앙대로,부산역5번출구,KB국민은행초량지점,20.92,0.0
2026-08-02T19:00:00,1320005000,중앙대로221번길,커피이바구,KB국민은행초량지점,13.17,0.0
2026-08-02T19:00:00,1320008700,중앙대로251번길,초량2치안센터,초량육거리,13.59,0.0
2026-08-02T19:00:00,1320008300,초량로,부산은행초량동지점,초량육거리,14.33,0.0
2026-08-02T19:00:00,1320005900,초량상로,초량지구대,초량육거리,19.42,0.0
2026-08-02T19:00:00,1320009200,초량상로,한국걸스카우트부산연맹,초량육거리,23.25,0.0
2026-08-02T19:00:00,1320009400,홍곡로,한국걸스카우트부산연맹,초량육거리,23.33,0.0
2026-08-02T19:00:00,1320033201,초량로,-,초량육거리,17.0,0.0
2026-08-02T19:00:00,1320006200,초량로,부산은행초량동지점,한국토지공사,14.92,0.0
2026-08-02T19:00:00,1320000501,중앙대로,KB국민은행초량지점,한국토지공사,19.25,0.0
2026-08-02T19:00:00,1320001000,중앙대로,초량교차로,한국토지공사,29.33,0.0
2026-08-02T19:00:00,1320027500,중앙대로251번길,초량2치안센터,초량교차로,13.5,0.0
2026-08-02T19:00:00,1320000900,중앙대로,한국토지공사,초량교차로,11.92,0.0
2026-08-02T19:00:00,1320001100,중앙대로,초량교차로,초량교차로,26.0,0.0
2026-08-02T19:00:00,1320007200,고관로,초량역7번출구,초량교차로,8.42,0.0
2026-08-02T19:00:00,1320001200,중앙대로,초량교차로,초량교차로,12.75,0.0
2026-08-02T19:00:00,1320001300,중앙대로,제2지하차도,초량교차로,21.0,0.0
2026-08-02T19:00:00,1320007700,중앙대로260번길,초량역6번출구,초량교차로,7.33,0.0
2026-08-02T19:00:00,1320001400,중앙대로,초량교차로,제2지하차도,29.25,0.0
2026-08-02T19:00:00,1320001600,중앙대로,고관입구,제2지하차도,40.0,0.0
2026-08-02T19:00:00,1320012300,중앙대로308번길,제2지하차도,제2지하차도,9.75,0.0
2026-08-02T19:00:00,1320001500,중앙대로,제2지하차도,고관입구,24.59,0.0
2026-08-02T19:00:00,1320001801,중앙대로,부산진역,고관입구,37.17,0.0
2026-08-02T19:00:00,1320011900,중앙대로332번길,제2지하차도,고관입구,17.25,0.0
2026-08-02T19:00:00,1320013500,중앙대로349번길,동구청앞교차로,고관입구,11.84,0.0
2026-08-02T19:00:00,1320001701,중앙대로,고관입구,부산진역,25.84,0.0
2026-08-02T19:00:00,1320002206,중앙대로,좌천동1079,부산진역,36.17,0.0
2026-08-02T19:00:00,1320014700,진성로,노을사거리,부산진역,18.0,0.0
2026-08-02T19:00:00,1320002104,중앙대로,좌천동76-1,좌천삼거리,23.83,0.0
2026-08-02T19:00:00,1320002202,중앙대로,좌천삼거리,좌천삼거리,40.25,0.0
2026-08-02T19:00:00,1320017600,관문대로,좌천삼거리,좌천삼거리,39.92,0.0
2026-08-02T19:00:00,1320002203,중앙대로,좌천삼거리,좌천동76-1,31.67,0.0
2026-08-02T19:00:00,1320002106,중앙대로,좌천동1079,좌천동76-1,38.42,0.0
2026-08-02T19:00:00,1320002105,중앙대로,부산진역,좌천동1079,35.0,0.0
2026-08-02T19:00:00,1320002205,중앙대로,좌천동76-1,좌천동1079,26.59,0.0
2026-08-02T19:00:00,1320002102,중앙대로,좌천삼거리,좌천삼거리,16.09,0.0
2026-08-02T19:00:00,1320002401,중앙대로,테레사여고,좌천삼거리,25.37,222.0
2026-08-02T19:00:00,1320017301,자성로,자성교서측,좌천삼거리,27.59,0.0
2026-08-02T19:00:00,1320002301,중앙대로,좌천삼거리,테레사여고,30.13,334.0
2026-08-02T19:00:00,1320003001,중앙대로,범곡교차로,테레사여고,35.2,222.0
2026-08-02T19:00:00,1320020700,진시장로,부산진시장앞교차로,테레사여고,30.84,32.0
2026-08-02T19:00:00,1320002901,중앙대로,테레사여고,범곡교차로,26.59,334.0
2026-08-02T19:00:00,1320025102,망양로,범천동1303-2,범곡교차로,13.92,0.0
2026-08-02T19:00:00,1340322100,중앙대로,범내골교차로,범곡교차로,25.41,222.0
2026-08-02T19:00:00,1340322300,신암로,범천2동사무소,범곡교차로,17.92,0.0
2026-08-02T19:00:00,1320003701,충장대로,GS주유소해안,초량동1185-18,35.69,70.0
2026-08-02T19:00:00,1320003801,충장대로,제1지하차도,초량동1185-18,29.46,71.0
2026-08-02T19:00:00,1320003702,충장대로,초량동1185-18,제1지하차도,47.73,70.0
2026-08-02T19:00:00,1320005600,충장대로,제1지하차도,제1지하차도,11.92,0.0
2026-08-02T19:00:00,1320005800,충장대로,제1지하차도,제1지하차도,35.48,80.0
2026-08-02T19:00:00,1320000300,중앙대로,KB국민은행초량지점,부산역5번출구,22.92,0.0
2026-08-02T19:00:00,1320004000,중앙대로195번가길,생명의빛교회,부산역5번출구,11.25,0.0
2026-08-02T19:00:00,1320000202,중앙대로,부산역(부산1호선),부산역5번출구,19.5,0.0
2026-08-02T19:00:00,1320031400,초량중로,영주고가교,생명의빛교회,17.58,0.0
2026-08-02T19:00:00,1320003900,중앙대로195번가길,부산역5번출구,생명의빛교회,8.92,0.0
2026-08-02T19:00:00,1320004600,초량중로,커피이바구,생명의빛교회,22.42,0.0
2026-08-02T19:00:00,1320004800,중앙대로195번가길,초량지구대,생명의빛교회,24.25,0.0
2026-08-02T19:00:00,1320004100,중앙대로248번길,광장관광호텔,제1지하차도,8.92,0.0
2026-08-02T19:00:00,1320007400,중앙대로260번길,초량역6번출구,제1지하차도,9.5,0.0
2026-08-02T19:00:00,1320006300,중앙대로260번길,제1지하차도,제1지하차도,28.58,0.0
2026-08-02T19:00:00,1320004400,중앙대로214번길,초량역6번출구,엔제리너스부산역광장2호,16.0,0.0
2026-08-02T19:00:00,1320007800,중앙대로260번길,초량교차로,초량역6번출구,14.67,0.0
2026-08-02T19:00:00,1320007300,중앙대로260번길,제1지하차도,초량역6번출구,11.0,0.0
2026-08-02T19:00:00,1320008000,중앙대로260번길,제2지하차도,초량역6번출구,20.34,0.0
2026-08-02T19:00:00,1320005400,초량중로,부산은행초량동지점,커피이바구,18.42,0.0
2026-08-02T19:00:00,1320004900,중앙대로221번길,KB국민은행초량지점,커피이바구,15.75,0.0
2026-08-02T19:00:00,1320004500,초량중로,생명의빛교회,커피이바구,21.5,0.0
2026-08-02T19:00:00,1320005200,중앙대로221번길,초량지구대,커피이바구,20.0,0.0
2026-08-02T19:00:00,1320031600,초량상로,영주삼거리,초량지구대,21.0,0.0
2026-08-02T19:00:00,1320006000,초량상로,초량육거리,초량지구대,22.42,0.0
2026-08-02T19:00:00,1320004700,중앙대로195번가길,생명의빛교회,초량지구대,14.08,0.0
2026-08-02T19:00:00,1320005100,중앙대로221번길,커피이바구,초량지구대,19.75,0.0
2026-08-02T19:00:00,1320006400,중앙대로260번길,제1지하차도,제1지하차도,7.5,0.0
2026-08-02T19:00:00,1320006600,중앙대로260번길,제1지하차도,제1지하차도,28.0,0.0
2026-08-02T19:00:00,1320005700,충장대로,제1지하차도,제1지하차도,36.87,109.0
2026-08-02T19:00:00,1320006500,중앙대로260번길,제1지하차도,제1지하차도,3.5,0.0
2026-08-02T19:00:00,1320008602,충장대로,제1지하차도교차로,제1지하차도,35.64,80.0
2026-08-02T19:00:00,1320007000,망양로,초량6동우편취급국,금수아파트,30.67,0.0
2026-08-02T19:00:00,1320032901,초량로,-,금수아파트,26.0,0.0
2026-08-02T19:00:00,1320006900,망양로,금수아파트,초량6동우편취급국,28.75,0.0
2026-08-02T19:00:00,1320013100,홍곡남로,동일유치원,초량6동우편취급국,26.84,0.0
2026-08-02T19:00:00,1320013400,망양로,수성초등학교병설유치원,초량6동우편취급국,28.92,0.0
2026-08-02T19:00:00,1320007100,고관로,초량교차로,초량역7번출구,16.5,0.0
2026-08-02T19:00:00,1320010000,고관로29번길,삼송정사,초량역7번출구,12.25,0.0
2026-08-02T19:00:00,1320010200,고관로,컴퓨터전문인선교회,초량역7번출구,15.0,0.0
2026-08-02T19:00:00,1320007500,중앙대로260번길,제1지하차도,제2지하차도,14.67,0.0
2026-08-02T19:00:00,1320011800,중앙대로308번길,제2지하차도,제2지하차도,13.33,0.0
2026-08-02T19:00:00,1320011100,중앙대로308번길,제2지하차도,제2지하차도,23.84,0.0
2026-08-02T19:00:00,1320012400,중앙대로308번길,제2지하차도,제2지하차도,20.34,0.0
2026-08-02T19:00:00,1320011700,중앙대로308번길,제2지하차도,제2지하차도,26.08,0.0
2026-08-02T19:00:00,1320008501,충장대로,제1지하차도,제1지하차도교차로,31.95,109.0
2026-08-02T19:00:00,1320008601,충장대로,초량동45-38,제1지하차도교차로,23.31,80.0
2026-08-02T19:00:00,1320008502,충장대로,제1지하차도교차로,초량동45-38,45.29,109.0
2026-08-02T19:00:00,1320009600,충장대로,제2지하차도,초량동45-38,19.42,0.0
2026-08-02T19:00:00,1320009800,충장대로,강아지나라,초량동45-38,31.77,80.0
2026-08-02T19:00:00,1320008900,초량중로,초량2치안센터,삼송정사,22.17,0.0
2026-08-02T19:00:00,1320009900,고관로29번길,초량역7번출구,삼송정사,20.42,0.0
2026-08-02T19:00:00,1320010400,고관로29번길,한국걸스카우트부산연맹,삼송정사,21.5,0.0
2026-08-02T19:00:00,1320009100,초량상로,초량육거리,한국걸스카우트부산연맹,17.08,0.0
2026-08-02T19:00:00,1320010300,고관로29번길,삼송정사,한국걸스카우트부산연맹,12.0,0.0
2026-08-02T19:00:00,1320010600,고관로29번길,한국걸스카우트부산연맹,한국걸스카우트부산연맹,13.17,0.0
2026-08-02T19:00:00,1320010800,초량상로,컴퓨터전문인선교회,한국걸스카우트부산연맹,15.92,0.0
2026-08-02T19:00:00,1320009300,홍곡로,초량육거리,한국걸스카우트부산연맹,18.0,0.0
2026-08-02T19:00:00,1320010500,고관로29번길,한국걸스카우트부산연맹,한국걸스카우트부산연맹,12.17,0.0
2026-08-02T19:00:00,1320011400,홍곡남로,동일유치원,한국걸스카우트부산연맹,18.67,0.0
2026-08-02T19:00:00,1320011200,중앙대로308번길,제2지하차도,제2지하차도,30.09,0.0
2026-08-02T19:00:00,1320011000,중앙대로308번길,강아지나라,제2지하차도,27.67,0.0
2026-08-02T19:00:00,1320009700,충장대로,초량동45-38,강아지나라,43.03,109.0
2026-08-02T19:00:00,1320010900,중앙대로308번길,제2지하차도,강아지나라,32.34,0.0
2026-08-02T19:00:00,1320011600,충장대로,충장고가교,강아지나라,39.35,80.0
2026-08-02T19:00:00,1320010100,고관로,초량역7번출구,컴퓨터전문인선교회,24.75,0.0
2026-08-02T19:00:00,1320010700,초량상로,한국걸스카우트부산연맹,컴퓨터전문인선교회,15.75,0.0
2026-08-02T19:00:00,1320012200,고관로,동구청앞교차로,컴퓨터전문인선교회,23.84,0.0
2026-08-02T19:00:00,1320013200,홍곡남로,초량6동우편취급국,동일유치원,21.92,0.0
2026-08-02T19:00:00,1320011300,홍곡남로,한국걸스카우트부산연맹,동일유치원,24.83,0.0
2026-08-02T19:00:00,1320011500,충장대로,강아지나라,충장고가교,46.28,109.0
2026-08-02T19:00:00,1320012600,부두순환로,부두사거리,충장고가교,45.33,0.0
2026-08-02T19:00:00,1320032401,충장대로,부두사거리,충장고가교,22.39,153.0
2026-08-02T19:00:00,1320013600,중앙대로349번길,고관입구,동구청앞교차로,13.0,0.0
2026-08-02T19:00:00,1320012100,고관로,컴퓨터전문인선교회,동구청앞교차로,19.67,0.0
2026-08-02T19:00:00,1320032201,충장대로,충장고가교,부두사거리,8.17,0.0
2026-08-02T19:00:00,1320012500,부두순환로,충장고가교,부두사거리,29.67,0.0
2026-08-02T19:00:00,1320012900,-,좌천동1116,부두사거리,6.25,0.0
2026-08-02T19:00:00,1320014000,부두순환로,충장고가교,부두사거리,16.92,0.0
2026-08-02T19:00:00,1320014201,성남로,건세종합물류,부두사거리,14.92,0.0
2026-08-02T19:00:00,1320032501,충장대로,부두사거리,부두사거리,42.0,0.0
2026-08-02T19:00:00,1320013000,-,부두사거리,좌천동1116,21.0,0.0
2026-08-02T19:00:00,1320013300,망양로,초량6동우편취급국,수성초등학교병설유치원,28.75,0.0
2026-08-02T19:00:00,1320018000,망양로,온누리어린이집,수성초등학교병설유치원,26.92,0.0
2026-08-02T19:00:00,1320014600,진성로,부산진역,노을사거리,19.17,0.0
2026-08-02T19:00:00,1320016300,진성로,수정성당,노을사거리,22.25,0.0
2026-08-02T19:00:00,1320013900,부두순환로,부두사거리,충장고가교,48.58,0.0
2026-08-02T19:00:00,1320014500,부두순환로,제우스,충장고가교,41.58,0.0
2026-08-02T19:00:00,1320014101,성남로,부두사거리,건세종합물류,31.0,0.0
2026-08-02T19:00:00,1320014204,성남로,좌천동1119-2,건세종합물류,35.0,0.0
2026-08-02T19:00:00,1320027000,관문대로,좌천삼거리,건세종합물류,62.17,0.0
2026-08-02T19:00:00,1410048900,녹산화전로,삼현테크,대진목재,30.42,0.0
2026-08-02T19:00:00,1410062700,녹산산단381로40번길,백산하이텍,대진목재,28.0,0.0
2026-08-02T19:00:00,1410062400,녹산산단381로40번길,녹산119안전센터,대진목재,36.67,0.0
2026-08-02T19:00:00,1410062900,녹산화전로,대일목재상사,대진목재,26.5,0.0
2026-08-02T19:00:00,1410062600,녹산산단381로40번길,대진목재,백산하이텍,34.0,0.0
2026-08-02T19:00:00,1410063100,녹산산단381로40번길,동아의료보조기,백산하이텍,33.0,0.0
2026-08-02T19:00:00,1410049500,녹산산업북로,풍진테크,동아의료보조기,38.33,0.0
2026-08-02T19:00:00,1410063000,녹산산단381로40번길,백산하이텍,동아의료보조기,36.0,0.0
2026-08-02T19:00:00,1410063300,녹산산업북로,산율철강,동아의료보조기,42.67,0.0
2026-08-02T19:00:00,1410051400,녹산산단165로14번길,송정동1536,지원산업,13.58,0.0
2026-08-02T19:00:00,1410051600,녹산산업중로168번길,해은산업,지원산업,32.25,0.0
2026-08-02T19:00:00,1410059100,녹산산단165로,월드스페셜티,송정동1528,27.42,0.0
2026-08-02T19:00:00,1410058900,녹산산단165로,해은산업,송정동1528,23.25,0.0
2026-08-02T19:00:00,1410051000,녹산산단381로12번길,레아테크,신강이엔씨,38.0,0.0
2026-08-02T19:00:00,1410050500,녹산산단407로,보금제재,동화목재,30.83,0.0
2026-08-02T19:00:00,1410061800,녹산산단381로40번길,녹산국가산업단지을숙도방면,동화목재,30.42,0.0
2026-08-02T19:00:00,1410062300,녹산산단407로,삼양목재상사,동화목재,33.08,0.0
2026-08-02T19:00:00,1410062000,녹산산단381로40번길,동화목재,녹산119안전센터,36.33,0.0
2026-08-02T19:00:00,1410051900,녹산산단261로13번길,송정동1536,일승상사,39.5,0.0
2026-08-02T19:00:00,1410052400,녹산산단261로13번길,일신핫퓨젼,일승상사,33.17,0.0
2026-08-02T19:00:00,1410052600,녹산산업중로192번길,삼진야드,일승상사,24.08,0.0
2026-08-02T19:00:00,1410052500,녹산산업중로192번길,일승상사,삼진야드,8.58,0.0
2026-08-02T19:00:00,1410065200,녹산산업중로,부산플라스틱공업,삼진야드,38.25,0.0
2026-08-02T19:00:00,1410065700,녹산산업중로,신지통상,삼진야드,44.25,0.0
2026-08-02T19:00:00,1410052900,녹산산단231로,일신핫퓨젼,금화산업,38.58,0.0
2026-08-02T19:00:00,1410056500,녹산산단261로23번길,동성로라,금화산업,9.67,0.0
2026-08-02T19:00:00,1410056700,녹산산단231로,태화금속공업사,금화산업,17.25,0.0
2026-08-02T19:00:00,1410053100,녹산산단261로14번길,대진기업,스타코,8.0,0.0
2026-08-02T19:00:00,1410053600,녹산산단261로14번길,재유산업,스타코,26.33,0.0
2026-08-02T19:00:00,1410053900,녹산산단261로14번길,재유산업,동방선기,41.17,0.0
2026-08-02T19:00:00,1410054400,녹산산단261로14번길,갑을녹산병원,동방선기,25.75,0.0
2026-08-02T19:00:00,1410061500,녹산산단261로40번길,녹산국가산업단지,영성공조,18.42,0.0
2026-08-02T19:00:00,1410060600,녹산산단261로40번길,성골슈퍼,영성공조,28.58,0.0
2026-08-02T19:00:00,1410054700,녹산산단321로,갑을녹산병원,갑을녹산병원,29.5,0.0
2026-08-02T19:00:00,1410055700,녹산산단321로,KEB하나은행녹산공단지점,갑을녹산병원,9.42,0.0
2026-08-02T19:00:00,1410055900,녹산산단321로,녹산국가산업단지,갑을녹산병원,33.25,0.0
2026-08-02T19:00:00,1410055000,화전산업대로,신호동25-971,화전동617,55.42,0.0
2026-08-02T19:00:00,1410815600,화전산단1로,화전5교,화전동617,53.67,0.0
2026-08-02T19:00:00,1410816404,화전산업대로,화전동676,화전동617,48.25,0.0
2026-08-02T19:00:00,1410055200,녹산산업대로,창원산업,부영인슈로,62.17,0.0
2026-08-02T19:00:00,1410057900,녹산산업대로,부산카프링,부영인슈로,61.34,0.0
2026-08-02T19:00:00,1410055400,녹산산업대로,창원산업,엔케이중공업,13.58,0.0
2026-08-02T19:00:00,1410058500,녹산산단77로22번길,지에스유니온,엔케이중공업,15.67,0.0
2026-08-02T19:00:00,1410061400,녹산산단261로40번길,영성공조,녹산국가산업단지,22.58,0.0
2026-08-02T19:00:00,1410055800,녹산산단321로,갑을녹산병원,녹산국가산업단지,42.75,0.0
2026-08-02T19:00:00,1410061700,녹산산단321로,녹산국가산업단지,녹산국가산업단지,28.25,0.0
2026-08-02T19:00:00,1410056200,녹산산단335로,KEB하나은행녹산공단지점,동남식당,26.25,0.0
2026-08-02T19:00:00,1410068100,녹산산업중로,현우페트로테크,동남식당,21.0,0.0
2026-08-02T19:00:00,1410067600,녹산산업중로,녹산국가산업단지,동남식당,30.09,0.0
2026-08-02T19:00:00,1410053300,녹산산단261로,대진기업,동성로라,33.17,0.0
2026-08-02T19:00:00,1410056400,녹산산단261로23번길,금화산업,동성로라,11.83,0.0
2026-08-02T19:00:00,1410057100,녹산산단261로,종합폴스타,동성로라,42.42,0.0
2026-08-02T19:00:00,1410056600,녹산산단231로,금화산업,태화금속공업사,23.09,0.0
2026-08-02T19:00:00,1410057300,녹산산단261로31번길,종합폴스타,태화금속공업사,8.42,0.0
2026-08-02T19:00:00,1410057500,녹산산단231로,삼화금속,태화금속공업사,25.5,0.0
2026-08-02T19:00:00,1410056800,녹산산단361로,KT녹산지사,현우페트로테크,34.09,0.0
2026-08-02T19:00:00,1410068000,녹산산업중로,동남식당,현우페트로테크,26.75,0.0
2026-08-02T19:00:00,1410068300,녹산산업중로,삼우기계,현우페트로테크,21.17,0.0
2026-08-02T19:00:00,1410057000,녹산산단261로,동성로라,종합폴스타,33.42,0.0
2026-08-02T19:00:00,1410057200,녹산산단261로31번길,태화금속공업사,종합폴스타,10.33,0.0
2026-08-02T19:00:00,1410057700,녹산산단261로,신일화학,종합폴스타,40.5,0.0
2026-08-02T19:00:00,1410057400,녹산산단231로,태화금속공업사,삼화금속,27.34,0.0
2026-08-02T19:00:00,1410059700,녹산산단261로39번길,신일화학,삼화금속,9.0,0.0
2026-08-02T19:00:00,1410059900,녹산산단231로,신지통상,삼화금속,21.75,0.0
2026-08-02T19:00:00,1410057600,녹산산단261로,종합폴스타,신일화학,32.25,0.0
2026-08-02T19:00:00,1410059600,녹산산단261로39번길,삼화금속,신일화학,8.08,0.0
2026-08-02T19:00:00,1410060300,녹산산단261로,온탑코리아,신일화학,37.83,0.0
2026-08-02T19:00:00,1410060100,녹산산단261로40번길,해법보습학원,신일화학,21.75,0.0
2026-08-02T19:00:00,1410057800,녹산산업대로,부영인슈로,부산카프링,54.42,0.0
2026-08-02T19:00:00,1410063502,녹산산업대로,11번신호등교차로,부산카프링,58.75,0.0
2026-08-02T19:00:00,1410063700,녹산산단77로,신일특수강,부산카프링,35.0,0.0
2026-08-02T19:00:00,1410058000,녹산산업대로,부영인슈로,지에스유니온,15.0,0.0
2026-08-02T19:00:00,1410058400,녹산산단77로22번길,엔케이중공업,지에스유니온,31.0,0.0
2026-08-02T19:00:00,1410058600,녹산산단153로,일성기공,녹송2호교,26.08,0.0
2026-08-02T19:00:00,1410064500,녹산산업중로,일성스틸,녹송2호교,48.67,0.0
2026-08-02T19:00:00,1410058800,녹산산단165로,송정동1528,해은산업,14.75,0.0
2026-08-02T19:00:00,1410059300,녹산산업중로168번길,지티에프코리아공장,해은산업,23.5,0.0
2026-08-02T19:00:00,1410059200,녹산산업중로168번길,해은산업,지티에프코리아공장,23.17,0.0
2026-08-02T19:00:00,1410064000,녹산산업중로,녹송2호교,지티에프코리아공장,48.09,0.0
2026-08-02T19:00:00,1410064900,녹산산업중로,부산플라스틱공업,지티에프코리아공장,43.33,0.0
2026-08-02T19:00:00,1410065100,녹산산업중로167번길,우창씨엔지,지티에프코리아공장,30.08,0.0
2026-08-02T19:00:00,1410064100,녹산산업중로,지티에프코리아공장,녹송2호교,55.59,0.0
2026-08-02T19:00:00,1410051700,녹산산단381로,레아테크,일신체육사,32.92,0.0
2026-08-02T19:00:00,1410061300,녹산산단381로,삼우기계,일신체육사,33.25,0.0
2026-08-02T19:00:00,1410061000,녹산산단381로40번길,일신체육사,녹산국가산업단지을숙도방면,32.33,0.0
2026-08-02T19:00:00,1410068200,녹산산업중로,현우페트로테크,삼우기계,30.92,0.0
2026-08-02T19:00:00,1410061200,녹산산단381로,일신체육사,삼우기계,21.25,0.0
2026-08-02T19:00:00,1410068700,녹산산단381로,신원금속,삼우기계,31.0,0.0
2026-08-02T19:00:00,1410068500,녹산산업중로,삼양목재상사,삼우기계,39.58,0.0
2026-08-02T19:00:00,1410061600,녹산산단321로,녹산국가산업단지,녹산국가산업단지,8.42,0.0
2026-08-02T19:00:00,1410067700,녹산산업중로,동남식당,녹산국가산업단지,17.08,0.0
2026-08-02T19:00:00,1410067200,녹산산업중로,영성공조,녹산국가산업단지,38.25,0.0
2026-08-02T19:00:00,1410067900,녹산산단321로,만디젤코리아,녹산국가산업단지,21.17,0.0
2026-08-02T19:00:00,1410063200,녹산산업북로,동아의료보조기,산율철강,36.75,0.0
2026-08-02T19:00:00,1410069600,녹산산업중로,현대수산사료,산율철강,20.5,0.0
2026-08-02T19:00:00,1410070300,녹산산업북로,대강냉동,산율철강,39.25,0.0
2026-08-02T19:00:00,1410063401,녹산산업대로,부산카프링,11번신호등교차로,23.75,0.0
2026-08-02T19:00:00,1410063501,녹산산업대로,유인테크,11번신호등교차로,36.92,0.0
2026-08-02T19:00:00,1410063402,녹산산업대로,11번신호등교차로,유인테크,25.25,0.0
2026-08-02T19:00:00,1410070900,녹산산업북로,동문철강,유인테크,23.83,0.0
2026-08-02T19:00:00,1410738402,녹산산업대로,송정동1490,유인테크,12.42,0.0
2026-08-02T19:00:00,1410070000,녹산산단77로22번길,지에스유니온,신일특수강,33.0,0.0
2026-08-02T19:00:00,1410074500,녹산산단77로,미가교역,신일특수강,25.5,0.0
2026-08-02T19:00:00,1410064400,녹산산업중로,녹송2호교,일성스틸,50.67,0.0
2026-08-02T19:00:00,1410074100,녹산산업중로,미가교역,일성스틸,41.92,0.0
2026-08-02T19:00:00,1410074300,녹산산단27로,한국메틱스,일성스틸,31.42,0.0
2026-08-02T19:00:00,1410064600,녹산산단153로,녹송2호교,녹송1호교,11.34,0.0
2026-08-02T19:00:00,1410086400,녹산산업북로,원스타,녹송1호교,25.5,0.0
2026-08-02T19:00:00,1410052100,가락대로,송정동1536,부산플라스틱공업,45.97,227.0
2026-08-02T19:00:00,1410065300,녹산산업중로,삼진야드,부산플라스틱공업,31.17,0.0
2026-08-02T19:00:00,1410064800,녹산산업중로,지티에프코리아공장,부산플라스틱공업,29.5,0.0
2026-08-02T19:00:00,1410065500,가락대로,세진스틸,부산플라스틱공업,49.11,115.0
2026-08-02T19:00:00,1410065000,녹산산업중로167번길,지티에프코리아공장,우창씨엔지,27.17,0.0
2026-08-02T19:00:00,1410075100,녹산산업중로167번길,송정동1521,우창씨엔지,22.92,0.0
2026-08-02T19:00:00,1410065400,가락대로,부산플라스틱공업,세진스틸,48.1,227.0
2026-08-02T19:00:00,1410076900,녹산산단261로73번길,정안이앤에프,세진스틸,14.0,0.0
2026-08-02T19:00:00,1410076000,가락대로,송정동1521,세진스틸,19.17,0.0
2026-08-02T19:00:00,1410077100,가락대로,GS주유소녹산화물터미널,세진스틸,48.65,115.0
2026-08-02T19:00:00,1410065600,녹산산업중로,삼진야드,신지통상,48.17,0.0
2026-08-02T19:00:00,1410059800,녹산산단231로,삼화금속,신지통상,21.5,0.0
2026-08-02T19:00:00,1410066100,녹산산업중로,온탑코리아,신지통상,41.92,0.0
2026-08-02T19:00:00,1410066300,녹산산단231로,미성목형,신지통상,24.5,0.0
2026-08-02T19:00:00,1410065800,녹산산업중로,삼진야드,동광엔지니어링,10.5,0.0
2026-08-02T19:00:00,1410060200,녹산산단261로,신일화학,온탑코리아,22.25,0.0
2026-08-02T19:00:00,1410066000,녹산산업중로,신지통상,온탑코리아,42.92,0.0
2026-08-02T19:00:00,1410066500,녹산산업중로,비투나인,온탑코리아,25.5,0.0
2026-08-02T19:00:00,1410066700,녹산산단261로,소야소야우,온탑코리아,20.42,0.0
2026-08-02T19:00:00,1410066200,녹산산단231로,신지통상,미성목형,27.25,0.0
2026-08-02T19:00:00,1410071900,녹산산단231로,제일HSP,미성목형,34.42,0.0
2026-08-02T19:00:00,1410066400,녹산산업중로,온탑코리아,비투나인,46.08,0.0
2026-08-02T19:00:00,1410066900,녹산산업중로,영성공조,비투나인,46.25,0.0
2026-08-02T19:00:00,1410067100,녹산산단289로,베스트웨이,비투나인,30.0,0.0
2026-08-02T19:00:00,1410060800,녹산산단289로,성골슈퍼,비투나인,23.58,0.0
2026-08-02T19:00:00,1410066600,녹산산단261로,온탑코리아,소야소야우,32.75,0.0
2026-08-02T19:00:00,1410071600,녹산산단261로59번길,미성목형,소야소야우,15.0,0.0
2026-08-02T19:00:00,1410072300,녹산산단261로,정도금형,소야소야우,32.09,0.0
2026-08-02T19:00:00,1410067300,녹산산업중로,녹산국가산업단지,영성공조,34.17,0.0
2026-08-02T19:00:00,1410066800,녹산산업중로,비투나인,영성공조,49.25,0.0
2026-08-02T19:00:00,1410067500,녹산산업중로,원광소재,영성공조,17.75,0.0
2026-08-02T19:00:00,1410067000,녹산산단289로,비투나인,베스트웨이,28.5,0.0
2026-08-02T19:00:00,1410072700,녹산산단289로,대성테크,베스트웨이,30.0,0.0
2026-08-02T19:00:00,1410067800,녹산산단321로,녹산국가산업단지,만디젤코리아,21.0,0.0
2026-08-02T19:00:00,1410078600,녹산산단261로74번길,개성씨에프에스,만디젤코리아,22.75,0.0
2026-08-02T19:00:00,1410078900,녹산산단321로,세계사신발백화점,만디젤코리아,31.0,0.0
2026-08-02T19:00:00,1410069700,녹산산업중로,산율철강,현대수산사료,33.92,0.0
2026-08-02T19:00:00,1410069200,녹산산업중로,대일목재상사,현대수산사료,42.58,0.0
2026-08-02T19:00:00,1410070200,녹산산업북로,산율철강,대강냉동,43.92,0.0
2026-08-02T19:00:00,1410079700,녹산산업북로,대강냉동,대강냉동,56.25,0.0
2026-08-02T19:00:00,1410070441,르노삼성대로,명지동진지하차도북측,명지동진교차로,22.83,0.0
2026-08-02T19:00:00,1410070501,르노삼성대로,명호교남측,명지동진교차로,26.5,0.0
2026-08-02T19:00:00,1410070542,르노삼성대로,명지동진지하차도남측,명지동2734-16,62.67,0.0
2026-08-02T19:00:00,1410122002,르노삼성대로,명지동2984-117,명지동2734-16,67.92,0.0
2026-08-02T19:00:00,1410070522,르노삼성대로,명지동진교차로,명지동진지하차도북측,50.67,0.0
2026-08-02T19:00:00,1410711300,르노삼성대로,명지동진지하차도남측,명지동진지하차도북측,65.98,785.0
2026-08-02T19:00:00,1410070421,르노삼성대로,명지동진지하차도교차로,명지동진지하차도북측,34.59,0.0
2026-08-02T19:00:00,1410070402,르노삼성대로,명지동진교차로,명호교남측,50.34,0.0
2026-08-02T19:00:00,1410099100,르노삼성대로,명호교북측,명호교남측,55.75,0.0
2026-08-02T19:00:00,1410070411,르노삼성대로,명지동2734-16,명지동진지하차도남측,65.75,0.0
2026-08-02T19:00:00,1410711200,르노삼성대로,명지동진지하차도북측,명지동진지하차도남측,64.71,1001.0
2026-08-02T19:00:00,1410070512,르노삼성대로,명지동진지하차도교차로,명지동진지하차도남측,46.59,0.0
2026-08-02T19:00:00,1410070702,명지둑길,명지동607-577,명지동638-3,36.5,0.0
2026-08-02T19:00:00,1410708000,명지둑길,명지동630-6,명지동638-3,48.33,0.0
2026-08-02T19:00:00,1410070701,명지둑길,E1충전소명지가스,명지동607-577,33.42,0.0
2026-08-02T19:00:00,1410070601,명지둑길,명지동638-3,명지동607-577,50.25,0.0
2026-08-02T19:00:00,1410070800,녹산산업북로,유인테크,동문철강,20.83,0.0
2026-08-02T19:00:00,1410075500,녹산산업북로,케이피씨,동문철강,45.5,0.0
2026-08-02T19:00:00,1410075300,녹산산단17로14번길,새말빗물펌프장,동문철강,17.0,0.0
2026-08-02T19:00:00,1410076800,녹산산단261로73번길,세진스틸,정안이앤에프,28.0,0.0
2026-08-02T19:00:00,1410071400,녹산산업중로,동광엔지니어링,정안이앤에프,17.5,0.0
2026-08-02T19:00:00,1410077300,녹산산단261로73번길,제일HSP,정안이앤에프,44.34,0.0
2026-08-02T19:00:00,1410071800,녹산산단231로,미성목형,제일HSP,24.83,0.0
2026-08-02T19:00:00,1410077200,녹산산단261로73번길,정안이앤에프,제일HSP,32.58,0.0
2026-08-02T19:00:00,1410077500,녹산산단261로73번길,정도금형,제일HSP,40.67,0.0
2026-08-02T19:00:00,1410077700,녹산산단231로,범아정밀,제일HSP,22.92,0.0
2026-08-02T19:00:00,1410072200,녹산산단261로,소야소야우,정도금형,34.59,0.0
2026-08-02T19:00:00,1410077400,녹산산단261로73번길,제일HSP,정도금형,33.0,0.0
2026-08-02T19:00:00,1410077900,녹산산단261로74번길,대성테크,정도금형,33.5,0.0
2026-08-02T19:00:00,1410078100,녹산산단261로,에버텍,정도금형,31.08,0.0
2026-08-02T19:00:00,1410072600,녹산산단289로,베스트웨이,대성테크,24.0,0.0
2026-08-02T19:00:00,1410077800,녹산산단261로74번길,정도금형,대성테크,35.25,0.0
2026-08-02T19:00:00,1410078300,녹산산단261로74번길,개성씨에프에스,대성테크,31.17,0.0
2026-08-02T19:00:00,1410078500,녹산산단289로,경보스틸,대성테크,26.08,0.0
2026-08-02T19:00:00,1410072800,녹산산업중로,원광소재,개성씨에프에스,10.5,0.0
2026-08-02T19:00:00,1410078700,녹산산단261로74번길,만디젤코리아,개성씨에프에스,22.67,0.0
2026-08-02T19:00:00,1410078200,녹산산단261로74번길,대성테크,개성씨에프에스,42.42,0.0
2026-08-02T19:00:00,1410068600,녹산산단381로,삼우기계,신원금속,32.58,0.0
2026-08-02T19:00:00,1410073300,녹산산단381로,부갑제재소,신원금속,36.34,0.0
2026-08-02T19:00:00,1410073700,녹산산단381로86번길,현대식모1공장,신원금형정공사,17.17,0.0
2026-08-02T19:00:00,1410073200,녹산산단381로,신원금속,부갑제재소,43.08,0.0
2026-08-02T19:00:00,1410082300,녹산산단381로86번길,현대식모1공장,부갑제재소,26.0,0.0
2026-08-02T19:00:00,1410082500,녹산산단381로,효성스틸테크,부갑제재소,30.42,0.0
2026-08-02T19:00:00,1410073900,녹산산단407로,신수정밀,그린푸드,37.67,0.0
2026-08-02T19:00:00,1410069000,녹산산단407로,삼양목재상사,그린푸드,37.92,0.0
2026-08-02T19:00:00,1410073600,녹산산단381로86번길,신원금형정공사,현대식모1공장,21.67,0.0
2026-08-02T19:00:00,1410082200,녹산산단381로86번길,부갑제재소,현대식모1공장,22.0,0.0
2026-08-02T19:00:00,1410073800,녹산산단407로,그린푸드,신수정밀,45.0,0.0
2026-08-02T19:00:00,1410082600,녹산산단381로86번길,현대식모1공장,신수정밀,19.09,0.0
2026-08-02T19:00:00,1410082900,녹산산단381로86번길,신양산업,신수정밀,16.75,0.0
2026-08-02T19:00:00,1410083100,녹산산단407로,코리녹스,신수정밀,32.0,0.0
2026-08-02T19:00:00,1410074400,녹산산단77로,신일특수강,미가교역,23.17,0.0
2026-08-02T19:00:00,1410074000,녹산산업중로,일성스틸,미가교역,52.33,0.0
2026-08-02T19:00:00,1410076500,녹산산업중로,케이피씨,미가교역,38.5,0.0
2026-08-02T19:00:00,1410074200,녹산산단27로,일성스틸,한국메틱스,43.0,0.0
2026-08-02T19:00:00,1410081500,녹산산단27로,원스타,한국메틱스,17.08,0.0
2026-08-02T19:00:00,1410075000,녹산산업중로167번길,우창씨엔지,송정동1521,38.0,0.0
2026-08-02T19:00:00,1410076100,가락대로,세진스틸,송정동1521,29.75,0.0
2026-08-02T19:00:00,1410076200,녹산산업중로167번길,송정동1521,경남초자,22.92,0.0
2026-08-02T19:00:00,1410075400,녹산산업북로,동문철강,케이피씨,38.42,0.0
2026-08-02T19:00:00,1410076400,녹산산업중로,미가교역,케이피씨,22.59,0.0
2026-08-02T19:00:00,1410081100,녹산산업중로,동황물산,케이피씨,9.58,0.0
2026-08-02T19:00:00,1410081300,녹산산업북로,원스타,케이피씨,29.5,0.0
2026-08-02T19:00:00,1410077000,가락대로,세진스틸,GS주유소녹산화물터미널,47.8,227.0
2026-08-02T19:00:00,1410087400,녹산산업북로,GS주유소녹산화물터미널,GS주유소녹산화물터미널,12.42,0.0
2026-08-02T19:00:00,1410087700,녹산산업북로,세계물류,GS주유소녹산화물터미널,22.5,0.0
2026-08-02T19:00:00,1410087900,가락대로,CU부산물류터미널점,GS주유소녹산화물터미널,46.61,115.0
2026-08-02T19:00:00,1410077600,녹산산단231로,제일HSP,범아정밀,26.0,0.0
2026-08-02T19:00:00,1410084100,녹산산단231로,세계물류,범아정밀,27.0,0.0
2026-08-02T19:00:00,1410078000,녹산산단261로,정도금형,에버텍,30.17,0.0
2026-08-02T19:00:00,1410084300,녹산산단261로88번길,경보스틸,에버텍,23.0,0.0
2026-08-02T19:00:00,1410084500,녹산산단261로,녹산대진특장차,에버텍,17.42,0.0
2026-08-02T19:00:00,1410078400,녹산산단289로,대성테크,경보스틸,29.09,0.0
2026-08-02T19:00:00,1410084700,녹산산단289로,극동스텐,경보스틸,32.5,0.0
2026-08-02T19:00:00,1410078800,녹산산단321로,만디젤코리아,세계사신발백화점,24.92,0.0
2026-08-02T19:00:00,1410089000,녹산산업북로,극동스텐,세계사신발백화점,30.0,0.0
2026-08-02T19:00:00,1410089500,녹산산업북로,현대프라임,세계사신발백화점,35.59,0.0
2026-08-02T19:00:00,1410089700,-,서울건강원,세계사신발백화점,19.92,0.0
2026-08-02T19:00:00,1410079300,녹산화전로,신양산업,동영물산,40.83,0.0
2026-08-02T19:00:00,1410069400,녹산화전로,대일목재상사,동영물산,42.5,0.0
2026-08-02T19:00:00,1410082800,녹산산단381로86번길,신수정밀,신양산업,30.33,0.0
2026-08-02T19:00:00,1410079200,녹산화전로,동영물산,신양산업,51.75,0.0
2026-08-02T19:00:00,1410083500,녹산화전로,삼성자동차출고사무소앞교차로,신양산업,25.67,0.0
2026-08-02T19:00:00,1410079600,녹산산업북로,대강냉동,대강냉동,55.75,0.0
2026-08-02T19:00:00,1410083700,녹산산업북로,녹산종합상사,대강냉동,47.0,0.0
2026-08-02T19:00:00,1410075200,녹산산단17로14번길,동문철강,새말빗물펌프장,10.42,0.0
2026-08-02T19:00:00,1410079800,녹산산단17로14번길,새말빗물펌프장,세양금속,12.5,0.0
2026-08-02T19:00:00,1410081000,녹산산업중로,케이피씨,동황물산,12.34,0.0
2026-08-02T19:00:00,1410085700,녹산산업중로,동황물산,동황물산,15.09,0.0
2026-08-02T19:00:00,1410085900,녹산산업중로61번길,신원정공,동황물산,18.75,0.0
2026-08-02T19:00:00,1410080600,녹산산단17로14번길,세양금속,우원테크,10.17,0.0
2026-08-02T19:00:00,1410085500,녹산산단27로,에이치엠에스,우원테크,32.92,0.0
2026-08-02T19:00:00,1410085600,녹산산업중로,동황물산,동황물산,12.34,0.0
2026-08-02T19:00:00,1410091100,녹산산업중로,에이치엠에스,동황물산,13.0,0.0
2026-08-02T19:00:00,1410086500,녹산산업북로,녹송1호교,원스타,16.17,0.0
2026-08-02T19:00:00,1410081400,녹산산단27로,한국메틱스,원스타,25.92,0.0
2026-08-02T19:00:00,1410081200,녹산산업북로,케이피씨,원스타,33.75,0.0
2026-08-02T19:00:00,1410086700,녹산산단27로,한국플랜트,원스타,9.33,0.0
2026-08-02T19:00:00,1410087200,녹산산업북로,녹송1호교,GS주유소녹산화물터미널,26.67,0.0
2026-08-02T19:00:00,1410081800,녹산산업중로167번길,경남초자,GS주유소녹산화물터미널,21.75,0.0
2026-08-02T19:00:00,1410087500,녹산산업북로,GS주유소녹산화물터미널,GS주유소녹산화물터미널,38.0,0.0
2026-08-02T19:00:00,1410082400,녹산산단381로,부갑제재소,효성스틸테크,27.92,0.0
2026-08-02T19:00:00,1410090700,녹산산업북로,코리녹스,효성스틸테크,29.67,0.0
2026-08-02T19:00:00,1410089800,녹산산업북로,현대프라임,효성스틸테크,34.83,0.0
2026-08-02T19:00:00,1410090900,녹산산업북로313번길,대부금속,효성스틸테크,11.92,0.0
2026-08-02T19:00:00,1410083000,녹산산단407로,신수정밀,코리녹스,29.0,0.0
2026-08-02T19:00:00,1410090600,녹산산업북로,효성스틸테크,코리녹스,47.33,0.0
2026-08-02T19:00:00,1410090200,녹산산업북로,삼성자동차출고사무소앞교차로,코리녹스,38.17,0.0
2026-08-02T19:00:00,1410083400,녹산화전로,신양산업,삼성자동차출고사무소앞교차로,42.34,0.0
2026-08-02T19:00:00,1410090300,녹산산업북로,코리녹스,삼성자동차출고사무소앞교차로,40.08,0.0
2026-08-02T19:00:00,1410088000,녹산산업북로,녹산종합상사,삼성자동차출고사무소앞교차로,23.59,0.0
2026-08-02T19:00:00,1410090500,녹산화전로,신흥종합상사,삼성자동차출고사무소앞교차로,31.25,0.0
2026-08-02T19:00:00,1410083600,녹산산업북로,대강냉동,녹산종합상사,42.17,0.0
2026-08-02T19:00:00,1410088100,녹산산업북로,삼성자동차출고사무소앞교차로,녹산종합상사,38.0,0.0
2026-08-02T19:00:00,1410087600,녹산산업북로,GS주유소녹산화물터미널,세계물류,26.0,0.0
2026-08-02T19:00:00,1410084000,녹산산단231로,범아정밀,세계물류,21.75,0.0
2026-08-02T19:00:00,1410088300,녹산산업북로,녹산대진특장차,세계물류,34.42,0.0
2026-08-02T19:00:00,1410088500,녹산산업북로,송정동1539,세계물류,9.0,0.0
2026-08-02T19:00:00,1410084400,녹산산단261로,에버텍,녹산대진특장차,28.33,0.0
2026-08-02T19:00:00,1410088200,녹산산업북로,세계물류,녹산대진특장차,41.67,0.0
2026-08-02T19:00:00,1410088700,녹산산업북로,극동스텐,녹산대진특장차,35.5,0.0
2026-08-02T19:00:00,1410088900,녹산산업북로193번길,송정동1539,녹산대진특장차,20.58,0.0
2026-08-02T19:00:00,1410084600,녹산산단289로,경보스틸,극동스텐,14.59,0.0
2026-08-02T19:00:00,1410089100,녹산산업북로,세계사신발백화점,극동스텐,36.25,0.0
2026-08-02T19:00:00,1410088600,녹산산업북로,녹산대진특장차,극동스텐,21.0,0.0
2026-08-02T19:00:00,1410089300,녹산산업북로221번길,ASEMCO,극동스텐,19.5,0.0
2026-08-02T19:00:00,1410085400,녹산산단27로,우원테크,에이치엠에스,37.0,0.0
2026-08-02T19:00:00,1410091000,녹산산업중로,동황물산,에이치엠에스,17.0,0.0
2026-08-02T19:00:00,1410092100,녹산산업중로,중앙떡방앗간,에이치엠에스,11.0,0.0
2026-08-02T19:00:00,1410092300,녹산산단27로,원진엠엔티,에이치엠에스,30.92,0.0
2026-08-02T19:00:00,1410092000,녹산산업중로,에이치엠에스,중앙떡방앗간,32.5,0.0
2026-08-02T19:00:00,1410094700,녹산산업중로,송정동1475,중앙떡방앗간,39.0,0.0
2026-08-02T19:00:00,1410086600,녹산산단27로,원스타,한국플랜트,24.5,0.0
2026-08-02T19:00:00,1410091900,녹산산단27로,대영산업,한국플랜트,32.25,0.0
2026-08-02T19:00:00,1410087800,가락대로,GS주유소녹산화물터미널,CU부산물류터미널점,28.89,227.0
2026-08-02T19:00:00,1410094200,송정길,송정동1539,CU부산물류터미널점,11.25,0.0
2026-08-02T19:00:00,1410095100,가락대로,송정동1195,CU부산물류터미널점,49.45,115.0
2026-08-02T19:00:00,1410088400,녹산산업북로,세계물류,송정동1539,25.08,0.0
2026-08-02T19:00:00,1410088800,녹산산업북로193번길,녹산대진특장차,송정동1539,16.67,0.0
2026-08-02T19:00:00,1410094300,송정길,CU부산물류터미널점,송정동1539,11.08,0.0
2026-08-02T19:00:00,1410089200,녹산산업북로221번길,극동스텐,ASEMCO,23.08,0.0
2026-08-02T19:00:00,1410092900,녹산산업북로313번길,서울건강원,ASEMCO,18.75,0.0
2026-08-02T19:00:00,1410089400,녹산산업북로,세계사신발백화점,현대프라임,46.17,0.0
2026-08-02T19:00:00,1410089900,녹산산업북로,효성스틸테크,현대프라임,35.75,0.0
2026-08-02T19:00:00,1410090100,-,평화한복,현대프라임,29.0,0.0
2026-08-02T19:00:00,1410089600,-,세계사신발백화점,서울건강원,23.67,0.0
2026-08-02T19:00:00,1410092800,녹산산업북로313번길,ASEMCO,서울건강원,19.58,0.0
2026-08-02T19:00:00,1410093300,녹산산업북로313번길,평화한복,서울건강원,28.67,0.0
2026-08-02T19:00:00,1410090000,-,현대프라임,평화한복,18.67,0.0
2026-08-02T19:00:00,1410093200,녹산산업북로313번길,서울건강원,평화한복,28.92,0.0
2026-08-02T19:00:00,1410093700,녹산산업북로313번길,대부금속,평화한복,25.5,0.0
2026-08-02T19:00:00,1410090400,녹산화전로,삼성자동차출고사무소앞교차로,신흥종합상사,33.08,0.0
2026-08-02T19:00:00,1410811200,녹산화전로,화전동170,신흥종합상사,22.67,0.0
2026-08-02T19:00:00,1410811902,화전산단1로,화전동617,신흥종합상사,48.0,0.0
2026-08-02T19:00:00,1410090800,녹산산업북로313번길,효성스틸테크,대부금속,21.25,0.0
2026-08-02T19:00:00,1410093600,녹산산업북로313번길,평화한복,대부금속,28.25,0.0
2026-08-02T19:00:00,1410094600,녹산산업중로,중앙떡방앗간,송정동1475,34.33,0.0
2026-08-02T19:00:00,1410091800,녹산산단27로,한국플랜트,대영산업,41.0,0.0
2026-08-02T19:00:00,1410095500,녹산산단27로,원진엠엔티,대영산업,35.0,0.0
2026-08-02T19:00:00,1410092200,녹산산단27로,에이치엠에스,원진엠엔티,34.58,0.0
2026-08-02T19:00:00,1410095400,녹산산단27로,대영산업,원진엠엔티,40.0,0.0
2026-08-02T19:00:00,1410097700,낙동남로,세븐일레븐녹산휴게소점,송정동1195,41.67,0.0
2026-08-02T19:00:00,1410095000,가락대로,CU부산물류터미널점,송정동1195,32.84,227.0
2026-08-02T19:00:00,1410097900,가락대로,송정육교사거리,송정동1195,50.57,115.0
2026-08-02T19:00:00,1410095200,녹산산단17로,대영산기,하이록코리아,26.0,0.0
2026-08-02T19:00:00,1410098100,가락대로,송정육교사거리,송정육교사거리,48.32,115.0
2026-08-02T19:00:00,1410097800,가락대로,송정동1195,송정육교사거리,21.22,227.0
2026-08-02T19:00:00,1410098400,공항로,황토오리나라,강서구-김해시,57.5,0.0
2026-08-02T19:00:00,3850541500,공항로,대저교앞교차로,강서구-김해시,44.33,0.0
2026-08-02T19:00:00,1410099000,르노삼성대로,명호교남측,명호교북측,55.17,0.0
2026-08-02T19:00:00,1410099900,르노삼성대로,하늘동산교회,명호교북측,53.25,0.0
2026-08-02T19:00:00,1410099200,-,대단한감자탕본점,송정동880-1,18.0,0.0
2026-08-02T19:00:00,1410099502,-,송정동868-7,송정동880-1,31.0,0.0
2026-08-02T19:00:00,1410099700,송정리길,속성변화점,송정동880-1,37.08,0.0
2026-08-02T19:00:00,1410099501,-,송정동944-1,송정동868-7,45.0,0.0
2026-08-02T19:00:00,1410099600,송정리길,송정동880-1,속성변화점,36.0,0.0
2026-08-02T19:00:00,1410099800,르노삼성대로,명호교북측,하늘동산교회,51.75,0.0
2026-08-02T19:00:00,1410100100,르노삼성대로,명지IC남측,하늘동산교회,47.75,0.0
2026-08-02T19:00:00,1410895400,영강길,명지동618-9,하늘동산교회,27.0,0.0
2026-08-02T19:00:00,1410001900,낙동남로,명지IC,명지IC남측,37.0,0.0
2026-08-02T19:00:00,1410100500,르노삼성대로,명지IC,명지IC남측,42.25,0.0
2026-08-02T19:00:00,1410100000,르노삼성대로,하늘동산교회,명지IC남측,47.67,0.0
2026-08-02T19:00:00,1410100600,낙동남로,명지IC동측,명지동614-110,41.42,0.0
2026-08-02T19:00:00,1410102000,공항로,명지IC,명지IC북측,40.83,0.0
2026-08-02T19:00:00,1410101900,낙동남로,명지동614-110,명지IC북측,35.25,0.0
2026-08-02T19:00:00,1410102300,공항로,맥도생태공원,명지IC북측,49.92,0.0
2026-08-02T19:00:00,1410104900,공항로,서부산삼거리,맥도생태공원,49.08,0.0
2026-08-02T19:00:00,1410102200,공항로,명지IC북측,맥도생태공원,51.92,0.0
2026-08-02T19:00:00,1410105000,공항로,서부산삼거리,대저2동3267-13,51.92,0.0
2026-08-02T19:00:00,1410105500,공항로,금호지하차도남측,대저2동3267-13,58.67,0.0
2026-08-02T19:00:00,1410102401,제도로,청량사어귀교차로,명지동3162-4,21.08,0.0
2026-08-02T19:00:00,1410958600,새진목길,명지동3173-16,명지동3162-4,25.0,0.0
2026-08-02T19:00:00,1410105400,공항로,대저2동3267-13,금호지하차도남측,59.08,0.0
2026-08-02T19:00:00,1410947300,공항로,금호지하차도교차로,금호지하차도남측,51.0,0.0
2026-08-02T19:00:00,1410947200,공항로,금호지하차도북측,금호지하차도남측,71.95,395.0
2026-08-02T19:00:00,1410107500,제도로,심봉사눈뜬쌀물류센터,강동119안전센터,38.59,0.0
2026-08-02T19:00:00,1411099601,제도로,제4농로육교,강동119안전센터,40.75,0.0
2026-08-02T19:00:00,1410106202,울만로,대저2동496-7,설만교,42.0,0.0
2026-08-02T19:00:00,1410108100,울만로,심봉사눈뜬쌀물류센터,설만교,33.92,0.0
2026-08-02T19:00:00,1410107400,제도로,강동119안전센터,심봉사눈뜬쌀물류센터,37.17,0.0
2026-08-02T19:00:00,1410108000,울만로,설만교,심봉사눈뜬쌀물류센터,28.42,0.0
2026-08-02T19:00:00,1410109200,제도로,송정초중학교삼거리,심봉사눈뜬쌀물류센터,44.92,0.0
2026-08-02T19:00:00,1410108300,공항로,S-Oil구도일삼광셀프,대저2동2551-27,56.42,0.0
2026-08-02T19:00:00,1410947100,공항로,금호지하차도북측,대저2동2551-27,32.75,0.0
2026-08-02T19:00:00,1410108200,공항로,대저2동2551-27,S-Oil구도일삼광셀프,56.25,0.0
2026-08-02T19:00:00,1410110200,공항로,공항입구교차로,S-Oil구도일삼광셀프,35.17,0.0
2026-08-02T19:00:00,1410109100,제도로,심봉사눈뜬쌀물류센터,송정초중학교삼거리,43.83,0.0
2026-08-02T19:00:00,1410112100,제도로,GS25강서신덕점,송정초중학교삼거리,41.33,0.0
2026-08-02T19:00:00,1410110100,공항로,S-Oil구도일삼광셀프,공항입구교차로,62.5,0.0
2026-08-02T19:00:00,1410111100,공항로,그린필크리닝,공항입구교차로,29.75,0.0
2026-08-02T19:00:00,1410111000,공항로,공항입구교차로,그린필크리닝,66.59,0.0
2026-08-02T19:00:00,1410111702,공항로,대저2동1414-1,그린필크리닝,70.67,0.0
2026-08-02T19:00:00,1410111601,공항로,그린필크리닝,대저2동1414-1,75.84,0.0
2026-08-02T19:00:00,1410111701,공항로,송진2구삼거리,대저2동1414-1,71.5,0.0
2026-08-02T19:00:00,1410111602,공항로,대저2동1414-1,송진2구삼거리,60.17,0.0
2026-08-02T19:00:00,1410112700,공항로,삼락IC,송진2구삼거리,48.25,0.0
2026-08-02T19:00:00,1410121000,녹산산업대로,녹송3호교,녹송3호교,45.0,0.0
2026-08-02T19:00:00,1410120000,녹산산업대로,녹송3호교,녹송3호교,48.5,0.0
2026-08-02T19:00:00,1410122600,신항남로,녹송2호교,녹송3호교,95.92,0.0
2026-08-02T19:00:00,1410122702,신항남로,부산국제신항터미널,녹송3호교,70.42,0.0
2026-08-02T19:00:00,1410112000,제도로,송정초중학교삼거리,GS25강서신덕점,40.58,0.0
2026-08-02T19:00:00,1410113102,제도로,강동동1624,GS25강서신덕점,44.75,0.0
2026-08-02T19:00:00,1410112600,공항로,송진2구삼거리,삼락IC,52.58,0.0
2026-08-02T19:00:00,1410114700,공항로,신덕삼거리,삼락IC,51.08,0.0
2026-08-02T19:00:00,1410113001,제도로,GS25강서신덕점,강동동1624,45.09,0.0
2026-08-02T19:00:00,1410113101,제도로,삼동금속,강동동1624,44.09,0.0
2026-08-02T19:00:00,1410113002,제도로,강동동1624,삼동금속,43.33,0.0
2026-08-02T19:00:00,1410114502,제도로,강동동88-1,삼동금속,44.58,0.0
2026-08-02T19:00:00,1410115100,체육공원로,신대저교차로,신덕삼거리,41.0,0.0
2026-08-02T19:00:00,1410114600,공항로,삼락IC,신덕삼거리,42.33,0.0
2026-08-02T19:00:00,1410114900,공항로,애니카랜드대저점,신덕삼거리,38.83,0.0
2026-08-02T19:00:00,1410120100,중앙고속도로,삼락IC,애니카랜드대저점,45.0,0.0
2026-08-02T19:00:00,1410114800,공항로,신덕삼거리,애니카랜드대저점,43.67,0.0
2026-08-02T19:00:00,1410115300,공항로,대동사거리,애니카랜드대저점,42.84,0.0
2026-08-02T19:00:00,1410115200,공항로,애니카랜드대저점,대동사거리,34.25,0.0
2026-08-02T19:00:00,1410115600,공항로,대동사거리,대동사거리,42.75,0.0
2026-08-02T19:00:00,1410116700,낙동북로,구포대교,대동사거리,31.17,0.0
2026-08-02T19:00:00,1410115900,공항로,대동사거리,대동사거리,41.09,0.0
2026-08-02T19:00:00,1410115500,공항로,대동사거리,대동사거리,29.75,0.0
2026-08-02T19:00:00,1410117000,중앙고속도로,신대저교차로,대저사거리,27.0,0.0
2026-08-02T19:00:00,1410116502,대저로,금강부동산,대저사거리,13.0,0.0
2026-08-02T19:00:00,1410117910,대저로,대저1동759,대저사거리,34.42,0.0
2026-08-02T19:00:00,1410117901,대저로,명지IC,대저1동1551,30.75,0.0
2026-08-02T19:00:00,1410118004,대저로,대저1동1527-8,대저1동1551,8.0,0.0
2026-08-02T19:00:00,1410117903,대저로,대저1동1551,대저1동1527-8,22.5,0.0
2026-08-02T19:00:00,1410118006,대저로,대저1동775-6,대저1동1527-8,32.75,0.0
2026-08-02T19:00:00,1410117905,대저로,대저1동1527-8,대저1동775-6,24.0,0.0
2026-08-02T19:00:00,1410118008,대저로,대저1동775-6,대저1동775-6,35.17,0.0
2026-08-02T19:00:00,1410117907,대저로,대저1동775-6,대저1동775-6,33.75,0.0
2026-08-02T19:00:00,1410118010,대저로,대저1동759,대저1동775-6,42.0,0.0
2026-08-02T19:00:00,1410118009,대저로,대저사거리,대저1동759,36.0,0.0
2026-08-02T19:00:00,1410117909,대저로,대저1동775-6,대저1동759,39.33,0.0
2026-08-02T19:00:00,1410120500,르노삼성대로,명지지하차도동측,명호사거리,22.67,249.0
2026-08-02T19:00:00,1410121901,르노삼성대로,명지동2984-117,명호사거리,14.25,0.0
2026-08-02T19:00:00,1410710100,명지국제3로,명지동3431,명호사거리,21.75,0.0
2026-08-02T19:00:00,1410906102,명지오션시티1로,명호사거리,명호사거리,10.25,0.0
2026-08-02T19:00:00,1410121902,르노삼성대로,명지동2734-16,명지동2984-117,67.75,0.0
2026-08-02T19:00:00,1410122001,르노삼성대로,명호사거리,명지동2984-117,52.92,0.0
2026-08-02T19:00:00,1411060500,을숙도대로,사하구-강서구,을숙도대교TG,65.25,0.0
2026-08-02T19:00:00,1410118700,을숙도대로,명지동2984-117,을숙도대교TG,47.58,0.0
2026-08-02T19:00:00,1410119100,을숙도대로,을숙도대교,을숙도대교TG,66.03,140.0
2026-08-02T19:00:00,1410119000,르노삼성대로,을숙도대교,을숙도대교,58.49,9.0
2026-08-02T19:00:00,1410119200,을숙도대로,을숙도대교TG,을숙도대교,67.38,48.0
2026-08-02T19:00:00,1410118900,르노삼성대로,을숙도대교,을숙도대교,53.22,19.0
2026-08-02T19:00:00,1410122300,신항남로,녹송2호교,녹송1호교,75.67,0.0
2026-08-02T19:00:00,1410122800,신항남로,강서구-창원시진해구,녹송1호교,77.83,0.0
2026-08-02T19:00:00,1410122400,신항남로,녹송3호교,녹송2호교,93.0,0.0
2026-08-02T19:00:00,1410122500,신항남로,녹송1호교,녹송2호교,76.67,0.0
2026-08-02T19:00:00,4180058900,신항남로,,강서구-창원시진해구,68.0,0.0
2026-08-02T19:00:00,1410123002,신항남로,부산국제신항터미널,눌차교(북측),35.58,0.0
2026-08-02T19:00:00,1410956800,신항남로,눌차교(남측),눌차교(북측),60.5,0.0
2026-08-02T19:00:00,1410123001,신항남로,녹송3호교,부산국제신항터미널,54.5,0.0
2026-08-02T19:00:00,1410122701,신항남로,눌차교(북측),부산국제신항터미널,49.67,0.0
2026-08-02T19:00:00,1410122900,신항남로,녹송1호교,강서구-창원시진해구,75.83,0.0
2026-08-02T19:00:00,4180058500,신항남로,,강서구-창원시진해구,77.0,0.0
2026-08-02T19:00:00,1410196300,거가대로,눌차대교,가덕대교,89.83,0.0
2026-08-02T19:00:00,1410196400,거가대로,가덕대교,가덕대교,77.58,0.0
2026-08-02T19:00:00,1410123700,남해고속도로,대저JC,북부산TG,92.42,0.0
2026-08-02T19:00:00,1410203502,남해고속도로,불암교,북부산TG,95.25,0.0
2026-08-02T19:00:00,1410193300,거가대로,가덕해저터널,가덕해저터널,74.81,0.0
2026-08-02T19:00:00,1410193400,거가대로,가덕해양파크휴게소,가덕해저터널,76.59,0.0
2026-08-02T19:00:00,1410193200,거가대로,가덕해저터널,가덕해저터널,75.83,0.0
2026-08-02T19:00:00,1411060000,거가대로,중죽도터널,가덕해저터널,80.0,0.0
2026-08-02T19:00:00,1410193500,거가대로,가덕해저터널,가덕해양파크휴게소,65.58,0.0
2026-08-02T19:00:00,1410193600,거가대로,가덕휴게소,가덕해양파크휴게소,75.34,0.0
2026-08-02T19:00:00,1410193700,거가대로,가덕해양파크휴게소,가덕휴게소,70.08,0.0
2026-08-02T19:00:00,1410193800,거가대로,속성변화점,가덕휴게소,74.71,0.0
2026-08-02T19:00:00,1410193900,거가대로,가덕휴게소,속성변화점,59.75,0.0
2026-08-02T19:00:00,1410194000,거가대로,가덕도TG,속성변화점,70.33,0.0
2026-08-02T19:00:00,1410194100,거가대로,속성변화점,가덕도TG,42.67,0.0
2026-08-02T19:00:00,1410194200,거가대로,천성교차로,가덕도TG,73.96,0.0
2026-08-02T19:00:00,1410194300,거가대로,가덕도TG,천성교차로,78.5,0.0
2026-08-02T19:00:00,1410194402,거가대로,천성교차로,천성교차로,81.09,0.0
2026-08-02T19:00:00,1410194502,거가대로,천성교차로,천성교차로,85.08,0.0
2026-08-02T19:00:00,1410194600,거가대로,천성교,천성교차로,84.42,0.0
2026-08-02T19:00:00,1410194501,거가대로,천성교차로,천성교차로,80.25,0.0
2026-08-02T19:00:00,1410194401,거가대로,천성교차로,천성교차로,88.92,0.0
2026-08-02T19:00:00,1410194700,거가대로,천성교차로,천성교,50.0,0.0
2026-08-02T19:00:00,1410194800,거가대로,천성교,천성교,87.33,0.0
2026-08-02T19:00:00,1410194900,거가대로,천성교,천성교,76.25,0.0
2026-08-02T19:00:00,1410195000,거가대로,가덕터널,천성교,89.5,0.0
2026-08-02T19:00:00,1410195100,거가대로,천성교,가덕터널,76.0,0.0
2026-08-02T19:00:00,1410195400,거가대로,가덕터널,가덕터널,88.58,0.0
2026-08-02T19:00:00,1410195702,거가대로,성북교차로,성북교차로,89.67,0.0
2026-08-02T19:00:00,1410195800,거가대로,눌차대교,성북교차로,92.33,0.0
2026-08-02T19:00:00,1410196200,거가대로,가덕대교,눌차대교,86.83,0.0
2026-08-02T19:00:00,1410196100,거가대로,눌차대교,눌차대교,91.5,0.0
2026-08-02T19:00:00,1410195900,거가대로,성북교차로,눌차대교,87.92,0.0
2026-08-02T19:00:00,1410196000,거가대로,눌차대교,눌차대교,92.5,0.0
2026-08-02T19:00:00,1410196500,거가대로,가덕대교,가덕대교,73.25,0.0
2026-08-02T19:00:00,1410196600,거가대로,가덕대교,가덕대교,60.0,0.0
2026-08-02T19:00:00,1410196700,거가대로,가덕대교,가덕대교,45.5,0.0
2026-08-02T19:00:00,1410200100,남해고속도로제2지선,가락IC,가락IC,51.17,0.0
2026-08-02T19:00:00,1410199400,남해고속도로제2지선,가락TG,가락IC,55.5,0.0
2026-08-02T19:00:00,1410201900,남해고속도로제2지선,서낙동강교서측,가락IC,90.0,0.0
2026-08-02T19:00:00,1410200000,남해고속도로제2지선,가락IC,가락IC,53.59,0.0
2026-08-02T19:00:00,1410199500,남해고속도로제2지선,가락IC,가락TG,47.67,0.0
2026-08-02T19:00:00,1410200200,남해고속도로제2지선,가락IC교차로,가락TG,55.92,0.0
2026-08-02T19:00:00,1410199700,가락대로,가락IC앞교량,가락교,60.42,0.0
2026-08-02T19:00:00,1410200400,가락대로,가락교,가락교,66.34,0.0
2026-08-02T19:00:00,1410200300,남해고속도로제2지선,가락TG,가락IC교차로,54.09,0.0
2026-08-02T19:00:00,1410201300,남해고속도로제2지선,가락IC,가락IC교차로,51.67,0.0
2026-08-02T19:00:00,1410200500,가락대로,가락교,가락교,65.08,0.0
2026-08-02T19:00:00,1410200800,가락대로,가락IC,가락교,73.58,0.0
2026-08-02T19:00:00,1410201200,남해고속도로제2지선,가락IC교차로,가락IC,53.09,0.0
2026-08-02T19:00:00,1410200900,가락대로,가락교,가락IC,69.75,0.0
2026-08-02T19:00:00,1410201600,가락대로,가락IC,가락IC,77.17,0.0
2026-08-02T19:00:00,1410201700,가락대로,가락IC,가락IC,74.75,0.0
2026-08-02T19:00:00,1410202002,가락대로,봉림지하차도남측,가락IC,60.58,0.0
2026-08-02T19:00:00,1410202102,가락대로,가락IC,봉림지하차도남측,64.59,0.0
2026-08-02T19:00:00,1410450900,가락대로,봉림지하차도북측,봉림지하차도남측,71.03,774.0
2026-08-02T19:00:00,1410202001,가락대로,봉림지하차도,봉림지하차도남측,49.5,0.0
2026-08-02T19:00:00,1410203401,남해고속도로,북부산TG,불암교,92.17,0.0
2026-08-02T19:00:00,1410203501,남해고속도로,불암교,불암교,99.83,0.0
2026-08-02T19:00:00,1410203402,남해고속도로,불암교,불암교,95.5,0.0
2026-08-02T19:00:00,3850594600,남해고속도로,,불암교,98.33,0.0
2026-08-02T19:00:00,1410448800,남해안대로,세산교차로,세산교차로,52.75,0.0
2026-08-02T19:00:00,1410451200,가락대로,항도실업,영진금형,43.33,0.0
2026-08-02T19:00:00,1410451300,가락대로,봉림지하차도북측,영진금형,73.5,0.0
2026-08-02T19:00:00,1410451400,가락대로,봉림지하차도남측,봉림지하차도북측,75.22,830.0
2026-08-02T19:00:00,1410451000,가락대로,영진금형,봉림지하차도북측,66.42,0.0
2026-08-02T19:00:00,1410451500,가락대로,봉림지하차도,봉림지하차도북측,53.08,0.0
2026-08-02T19:00:00,1410707200,명지국제7로,명지동3622,명지동2009-18,31.17,0.0
2026-08-02T19:00:00,1410867300,명지국제8로,명지동630-6,명지동2009-18,38.92,0.0
2026-08-02T19:00:00,1410865500,명지국제8로,명지동2075-4,명지동2009-18,49.42,0.0
2026-08-02T19:00:00,1410708400,명지국제7로,부산지방검찰청서부지청,명지동3622,7.58,0.0
2026-08-02T19:00:00,1410707100,명지국제7로,명지동2009-18,명지동3622,14.17,0.0
2026-08-02T19:00:00,1410707600,명지둑길,명지동3622,명지동3622,26.75,0.0
2026-08-02T19:00:00,1410707700,명지둑길,명지동630-6,명지동3622,32.25,0.0
2026-08-02T19:00:00,1410707500,명지둑길,명지동3622,명지동3622,45.58,0.0
2026-08-02T19:00:00,1410707400,명지국제1로,명지동3622,명지동3622,42.75,0.0
2026-08-02T19:00:00,1410708200,-,넘버25호텔명지서부지청점,명지동3622,26.42,0.0
2026-08-02T19:00:00,1410867800,명지국제8로10번길,명지동3586-4,명지동3622,20.75,0.0
2026-08-02T19:00:00,1410707300,명지국제1로,명지동3622,명지동3622,20.33,0.0
2026-08-02T19:00:00,1410867600,명지국제6로,명지동3591-5,명지동3622,19.58,0.0
2026-08-02T19:00:00,1410337203,명지국제6로,명지동3630,명지동3622,19.58,0.0
2026-08-02T19:00:00,1410337000,명지국제1로,명지주거단지입구교차로,명지동3622,25.17,0.0
2026-08-02T19:00:00,1410708600,명지국제8로,명지동1866-14,명지동630-6,25.42,0.0
2026-08-02T19:00:00,1410707900,명지둑길,명지동638-3,명지동630-6,35.33,0.0
2026-08-02T19:00:00,1410867400,명지국제8로,명지동2009-18,명지동630-6,14.0,0.0
2026-08-02T19:00:00,1410707800,명지둑길,명지동3622,명지동630-6,41.33,0.0
2026-08-02T19:00:00,1410708900,명지국제2로,부산지방검찰청서부지청,넘버25호텔명지서부지청점,18.08,0.0
2026-08-02T19:00:00,1410708100,-,명지동3622,넘버25호텔명지서부지청점,20.92,0.0
2026-08-02T19:00:00,1410868300,명지국제2로,명지동3604-1,넘버25호텔명지서부지청점,22.0,0.0
2026-08-02T19:00:00,1410709300,명지국제8로,명지동1866-14,명지동3396,27.75,0.0
2026-08-02T19:00:00,1410709800,명지국제3로,명지동3397,명지동3396,39.25,0.0
2026-08-02T19:00:00,1410710500,명지국제8로,아이메디컬,명지동3396,27.0,0.0
2026-08-02T19:00:00,1410337202,명지국제6로,명지동3431,명지동3431,16.0,0.0
2026-08-02T19:00:00,1410709900,명지국제3로,명지동3397,명지동3431,32.17,0.0
2026-08-02T19:00:00,1410710200,명지국제3로,전등IC북측,명지동3431,12.58,0.0
2026-08-02T19:00:00,1410869700,명지국제6로,명지동3604-3,명지동3431,28.58,0.0
2026-08-02T19:00:00,1410710300,명지국제3로,명호사거리,전등IC북측,37.42,0.0
2026-08-02T19:00:00,1410118800,을숙도대로,을숙도대교TG,전등IC북측,46.25,0.0
2026-08-02T19:00:00,1410710400,명지국제8로,명지동3396,아이메디컬,21.42,0.0
2026-08-02T19:00:00,1410870400,명지국제4로,명지호반베르디움앞,아이메디컬,5.58,0.0
2026-08-02T19:00:00,1410871900,명지국제8로,명지동3358-1,아이메디컬,21.75,0.0
2026-08-02T19:00:00,1410869900,명지국제4로,명지동3431,대방노블랜드오션뷰2차,10.17,0.0
2026-08-02T19:00:00,1410710600,명지국제7로,명지동3397,대방노블랜드오션뷰2차,15.25,0.0
2026-08-02T19:00:00,1410871300,명지국제7로,신명초등학교앞,대방노블랜드오션뷰2차,18.0,0.0
2026-08-02T19:00:00,1410711100,명지국제8로,명지동진지하차도교차로,대성빌딩,27.33,0.0
2026-08-02T19:00:00,1410880700,명지국제8로,명지동3358-1,대성빌딩,19.75,0.0
2026-08-02T19:00:00,1410884900,명지국제6로,명지대방노블랜드앞,대성빌딩,10.75,0.0
2026-08-02T19:00:00,1410884500,명지국제6로,명지에일린의뜰앞,대성빌딩,6.59,0.0
2026-08-02T19:00:00,1410070532,르노삼성대로,명지동진지하차도북측,명지동진지하차도교차로,47.58,0.0
2026-08-02T19:00:00,1410070431,르노삼성대로,명지동진지하차도남측,명지동진지하차도교차로,27.33,0.0
2026-08-02T19:00:00,1410711000,명지국제8로,대성빌딩,명지동진지하차도교차로,21.25,0.0
2026-08-02T19:00:00,1411060600,만금로,송정공원,송정동1490-1,10.5,0.0
2026-08-02T19:00:00,1410736400,녹산산업대로,송정동1490,송정동1490-1,24.5,0.0
2026-08-02T19:00:00,1410735801,만금로,송정동1490-1,송정공원,31.92,0.0
2026-08-02T19:00:00,1410736200,녹산산업대로,송정동1490-1,송정동1490,50.5,0.0
2026-08-02T19:00:00,1410737600,녹산산업대로,녹산교,송정동1490,30.0,0.0
2026-08-02T19:00:00,1411060800,만금로,송정동1490-1,용원고가도로,42.84,0.0
2026-08-02T19:00:00,1410736600,만금로,용원고가도로,송정동1490-1,37.58,0.0
2026-08-02T19:00:00,1411061200,만금로,송정공원교차로,송정동1490-1,23.0,0.0
2026-08-02T19:00:00,1410737400,녹산산업대로,송정동1490,녹산교,51.42,0.0
2026-08-02T19:00:00,1410738000,녹산산업대로,송정동1490,녹산교,38.09,0.0
2026-08-02T19:00:00,1410737900,녹산산업대로,녹산교,송정동1490,51.42,0.0
2026-08-02T19:00:00,1410738502,녹산산업대로,송정동1490,송정동1490,49.67,0.0
2026-08-02T19:00:00,1410738501,녹산산업대로,유인테크,송정동1490,36.08,0.0
2026-08-02T19:00:00,1410738401,녹산산업대로,송정동1490,송정동1490,51.42,0.0
2026-08-02T19:00:00,1410813204,화전산단5로,화전3-3번신호등교차로,화전동649,50.0,0.0
2026-08-02T19:00:00,1410812801,화전산단5로,화전3교,화전동649,23.0,0.0
2026-08-02T19:00:00,1410741002,가락대로,구랑동1265,구랑주유소앞,46.44,269.0
2026-08-02T19:00:00,1410741700,가락대로,구랑동1265,구랑주유소앞,45.53,226.0
2026-08-02T19:00:00,1410741001,가락대로,송정동737-5,구랑동1265,57.94,269.0
2026-08-02T19:00:00,1410740901,가락대로,구랑주유소앞,구랑동1265,55.03,226.0
2026-08-02T19:00:00,1410813206,화전산단5로,화전동649,화전3-3번신호등교차로,51.0,0.0
2026-08-02T19:00:00,1410741800,가락대로,구랑주유소앞,구랑동1265,56.94,269.0
2026-08-02T19:00:00,1410849402,가락대로,생곡동896,구랑동1265,47.83,344.0
2026-08-02T19:00:00,1410202101,가락대로,봉림지하차도남측,봉림지하차도,24.58,0.0
2026-08-02T19:00:00,1410451100,가락대로,봉림지하차도북측,봉림지하차도,57.58,0.0
2026-08-02T19:00:00,1410811300,녹산화전로,신흥종합상사,화전동170,34.92,0.0
2026-08-02T19:00:00,1410811400,녹산화전로,녹산동742-3,화전동170,40.0,0.0
2026-08-02T19:00:00,1410812102,화전산단2로,화전동658,화전동170,22.0,0.0
2026-08-02T19:00:00,1410811600,녹산화전로,산양삼거리,녹산동742-3,39.25,0.0
2026-08-02T19:00:00,1410811500,녹산화전로,화전동170,녹산동742-3,60.5,0.0
2026-08-02T19:00:00,1410812400,화전산단3로,화전3교,녹산동742-3,34.09,0.0
2026-08-02T19:00:00,1410811801,화전산단1로,신흥종합상사,화전동617,50.84,0.0
2026-08-02T19:00:00,1410811901,화전산단1로,화전6교,화전동617,45.0,0.0
2026-08-02T19:00:00,1410811802,화전산단1로,화전동617,화전6교,51.08,0.0
2026-08-02T19:00:00,1410814300,화전산단1로,화전5교,화전6교,33.5,0.0
2026-08-02T19:00:00,1410812001,화전산단2로,화전동170,화전동658,45.0,0.0
2026-08-02T19:00:00,1410812101,화전산단2로,화전동583-26,화전동658,40.0,0.0
2026-08-02T19:00:00,1410812002,화전산단2로,화전동658,화전동583-26,23.0,0.0
2026-08-02T19:00:00,1410813304,화전산단5로,화전동664,화전동583-26,12.0,0.0
2026-08-02T19:00:00,1410814000,화전산단2로,화전동583-19,화전동583-26,24.0,0.0
2026-08-02T19:00:00,1410812203,낙동남로,아이나비프리미엄스토어,녹산동616-2,52.92,0.0
2026-08-02T19:00:00,1410812303,낙동남로,산양삼거리,녹산동616-2,24.58,0.0
2026-08-02T19:00:00,1410812704,화전산단5로,화전3-4번신호등교차로,화전3교,6.0,0.0
2026-08-02T19:00:00,1410813202,화전산단5로,화전동649,화전3교,11.0,0.0
2026-08-02T19:00:00,1410812500,화전산단3로,녹산동742-3,화전3교,25.83,0.0
2026-08-02T19:00:00,1410813800,화전산단3로,화전2교,화전3교,28.08,0.0
2026-08-02T19:00:00,1410812805,화전산단5로,화전3-3번신호등교차로,화전동649,58.0,0.0
2026-08-02T19:00:00,1410813205,화전산단5로,화전동583-26,화전동649,28.0,0.0
2026-08-02T19:00:00,1410813103,화전산단5로,화전동583-26,화전동664,15.0,0.0
2026-08-02T19:00:00,1410813303,화전산단5로,화전3-1번신호등교차로,화전동664,21.0,0.0
2026-08-02T19:00:00,1410813306,화전산단5로,화전동664,화전3-1번신호등교차로,21.0,0.0
2026-08-02T19:00:00,1410813305,화전산단5로,화전6교,화전동664,30.0,0.0
2026-08-02T19:00:00,1410813105,화전산단5로,화전3-1번신호등교차로,화전동664,15.0,0.0
2026-08-02T19:00:00,1410813406,낙동남로,녹산동595-4,녹산동593-4,11.5,0.0
2026-08-02T19:00:00,1410813501,낙동남로,녹산동599-4,녹산동593-4,35.25,0.0
2026-08-02T19:00:00,1410813504,낙동남로,화전동337-3,녹산동339-2,54.17,0.0
2026-08-02T19:00:00,1410814600,화전산단6로,화전동555-16,녹산동339-2,21.5,0.0
2026-08-02T19:00:00,1410815202,낙동남로,녹산동339-3,녹산동339-2,38.0,0.0
2026-08-02T19:00:00,1410813704,화전산단4로,화전동628,화전동628,39.0,0.0
2026-08-02T19:00:00,1410813606,화전산단4로,화전동628,화전동628,25.0,0.0
2026-08-02T19:00:00,1410814802,화전산단6로,화전동631,화전동555-16,7.0,0.0
2026-08-02T19:00:00,1410814400,화전산단6로,녹산동339-2,화전동555-16,11.25,0.0
2026-08-02T19:00:00,1410815402,화전산단4로,화전동628,화전동555-16,13.0,0.0
2026-08-02T19:00:00,1410813705,화전산단4로,화전동628,화전동628,10.0,0.0
2026-08-02T19:00:00,1410813605,화전산단4로,화전동555-16,화전동628,16.0,0.0
2026-08-02T19:00:00,1410814504,화전산단6로,화전2-5번신호등교차로,화전2교,7.0,0.0
2026-08-02T19:00:00,1410813900,화전산단3로,화전3교,화전2교,13.75,0.0
2026-08-02T19:00:00,1410814902,화전산단6로,화전동653,화전2교,15.0,0.0
2026-08-02T19:00:00,1410816002,화전산단3로,화전동648,화전2교,26.0,0.0
2026-08-02T19:00:00,1410814100,화전산단2로,화전동583-26,화전동583-19,11.0,0.0
2026-08-02T19:00:00,1410814706,화전산단6로,화전동653,화전동583-19,13.0,0.0
2026-08-02T19:00:00,1410815106,화전산단6로,화전동669,화전동583-19,9.0,0.0
2026-08-02T19:00:00,1410815802,화전산단2로,화전동658,화전동583-19,34.0,0.0
2026-08-02T19:00:00,1410815700,화전산단1로,화전동617,화전5교,35.92,0.0
2026-08-02T19:00:00,1410814200,화전산단1로,화전6교,화전5교,58.17,0.0
2026-08-02T19:00:00,1410814701,화전산단6로,화전2교,화전동653,32.0,0.0
2026-08-02T19:00:00,1410814904,화전산단6로,화전2-4번신호등교차로,화전동653,34.0,0.0
2026-08-02T19:00:00,1410814703,화전산단6로,화전동653,화전2-4번신호등교차로,33.0,0.0
2026-08-02T19:00:00,1410814906,화전산단6로,화전동653,화전2-4번신호등교차로,26.0,0.0
2026-08-02T19:00:00,1410814905,화전산단6로,화전동583-19,화전동653,22.0,0.0
2026-08-02T19:00:00,1410814705,화전산단6로,화전2-4번신호등교차로,화전동653,31.0,0.0
2026-08-02T19:00:00,1410815006,화전산단6로,화전동669,화전2-2번신호등교차로,54.0,0.0
2026-08-02T19:00:00,1410815104,화전산단6로,화전2-1번신호등교차로,화전2-2번신호등교차로,37.0,0.0
2026-08-02T19:00:00,1410815005,화전산단6로,화전동583-19,화전동669,29.0,0.0
2026-08-02T19:00:00,1410815105,화전산단6로,화전2-2번신호등교차로,화전동669,39.0,0.0
2026-08-02T19:00:00,1410815003,화전산단6로,화전2-2번신호등교차로,화전2-1번신호등교차로,47.0,0.0
2026-08-02T19:00:00,1410815108,화전산단6로,화전2번신호등교차로,화전2-1번신호등교차로,36.0,0.0
2026-08-02T19:00:00,1410815007,화전산단6로,화전2-1번신호등교차로,화전2번신호등교차로,17.0,0.0
2026-08-02T19:00:00,1410817000,낙동남로,성산삼거리,본녹산삼거리,39.5,0.0
2026-08-02T19:00:00,1410815302,낙동남로,녹산동339-3,본녹산삼거리,52.5,0.0
2026-08-02T19:00:00,1410816302,화전산업대로,녹산동1279-28,본녹산삼거리,9.0,0.0
2026-08-02T19:00:00,1410815301,낙동남로,녹산동339-2,녹산동339-3,53.5,0.0
2026-08-02T19:00:00,1410815201,낙동남로,본녹산삼거리,녹산동339-3,46.58,0.0
2026-08-02T19:00:00,1410815502,화전산단4로,화전동628,녹산동517-1,8.0,0.0
2026-08-02T19:00:00,1410816700,화전산업대로,화전동588-2,녹산동517-1,34.59,0.0
2026-08-02T19:00:00,1410816202,화전산업대로,녹산동1279-28,녹산동517-1,15.34,0.0
2026-08-02T19:00:00,1410815501,화전산단4로,화전동555-16,화전동628,17.0,0.0
2026-08-02T19:00:00,1410815401,화전산단4로,녹산동517-1,화전동628,9.0,0.0
2026-08-02T19:00:00,1410815902,화전산단2로,화전동658,화전동589-2,8.0,0.0
2026-08-02T19:00:00,1410816800,화전산업대로,화전동588-2,화전동589-2,53.84,0.0
2026-08-02T19:00:00,1410816602,화전산업대로,화전동676,화전동589-2,61.42,0.0
2026-08-02T19:00:00,1410815901,화전산단2로,화전동583-19,화전동658,17.0,0.0
2026-08-02T19:00:00,1410815801,화전산단2로,화전동589-2,화전동658,40.0,0.0
2026-08-02T19:00:00,1410816500,화전산업대로,녹산동517-1,화전동588-2,36.33,0.0
2026-08-02T19:00:00,1410816900,화전산업대로,화전동589-2,화전동588-2,64.5,0.0
2026-08-02T19:00:00,1410816102,화전산단3로,화전동648,화전동588-2,17.0,0.0
2026-08-02T19:00:00,1410816101,화전산단3로,화전2교,화전동648,28.0,0.0
2026-08-02T19:00:00,1410816001,화전산단3로,화전동588-2,화전동648,33.0,0.0
2026-08-02T19:00:00,1410816201,화전산업대로,본녹산삼거리,녹산동1279-28,26.42,0.0
2026-08-02T19:00:00,1410816301,화전산업대로,녹산동517-1,녹산동1279-28,15.42,0.0
2026-08-02T19:00:00,1410816401,화전산업대로,화전동589-2,화전동676,63.75,0.0
2026-08-02T19:00:00,1410816604,화전산업대로,화전동676,화전동676,61.42,0.0
2026-08-02T19:00:00,1410816603,화전산업대로,화전동617,화전동676,48.0,0.0
2026-08-02T19:00:00,1410816403,화전산업대로,화전동676,화전동676,66.58,0.0
2026-08-02T19:00:00,1410849502,가락대로,생곡동896,생곡동1594-8,37.48,390.0
2026-08-02T19:00:00,1410850002,가락대로,생곡동1614,생곡동1594-8,40.46,344.0
2026-08-02T19:00:00,1410849501,가락대로,구랑동1265,생곡동896,46.56,390.0
2026-08-02T19:00:00,1410849401,가락대로,생곡동1594-8,생곡동896,49.71,344.0
2026-08-02T19:00:00,1410448700,남해안대로,세산교차로,세산교차로,38.5,0.0
2026-08-02T19:00:00,1410850102,가락대로,생곡동1614,세산교차로,38.19,390.0
2026-08-02T19:00:00,1410851000,가락대로,청호테크앞,세산교차로,26.9,314.0
2026-08-02T19:00:00,1410449204,생곡로,생곡동1613,세산교차로,19.17,0.0
2026-08-02T19:00:00,1410850101,가락대로,생곡동1594-8,생곡동1614,37.65,390.0
2026-08-02T19:00:00,1410850001,가락대로,세산교차로,생곡동1614,51.38,344.0
2026-08-02T19:00:00,1410851100,가락대로,세산교차로,청호테크앞,35.38,560.0
2026-08-02T19:00:00,1410851302,가락대로,범방동1958,청호테크앞,43.28,314.0
2026-08-02T19:00:00,1410851502,가락대로,범방동1958,미음동1632,25.17,560.0
2026-08-02T19:00:00,1410852300,가락대로,범방동1925,미음동1632,42.4,314.0
2026-08-02T19:00:00,1410851501,가락대로,청호테크앞,범방동1958,26.79,560.0
2026-08-02T19:00:00,1410851301,가락대로,미음동1632,범방동1958,45.07,314.0
2026-08-02T19:00:00,1410852400,생곡로,생곡동120-44,고가도로동측,46.5,0.0
2026-08-02T19:00:00,1410449102,생곡로,생곡동1613,고가도로동측,30.33,0.0
2026-08-02T19:00:00,1410852700,가락대로,미음동1632,범방동1925,38.5,560.0
2026-08-02T19:00:00,1410854202,가락대로,범방동1925,범방동1925,38.36,314.0
2026-08-02T19:00:00,1410858900,생곡로,GS주유소국제산업물류단지셀프,생곡동120-44,32.33,0.0
2026-08-02T19:00:00,1410852100,생곡로,고가도로동측,생곡동120-44,25.25,0.0
2026-08-02T19:00:00,1410854502,가락대로,범방동1925,범방동364-40,39.84,560.0
2026-08-02T19:00:00,1410857202,가락대로,범방동314-1,범방동364-40,39.49,314.0
2026-08-02T19:00:00,1410854501,가락대로,범방동1925,범방동1925,39.84,560.0
2026-08-02T19:00:00,1410854201,가락대로,범방동364-40,범방동1925,38.36,314.0
2026-08-02T19:00:00,1410857501,가락대로,범방동364-40,범방동314-1,28.09,560.0
2026-08-02T19:00:00,1410857206,가락대로,범방동314-1,범방동314-1,22.0,0.0
2026-08-02T19:00:00,1410857203,가락대로,부산경남경마공원,범방동314-1,22.58,0.0
2026-08-02T19:00:00,1410857506,가락대로,범방동314-1,범방동314-1,62.5,0.0
2026-08-02T19:00:00,1410857505,가락대로,범방동314-1,범방동314-1,50.5,0.0
2026-08-02T19:00:00,1410857205,가락대로,범방동314-1,범방동314-1,38.34,0.0
2026-08-02T19:00:00,1410865400,명지국제8로,명지동2009-18,명지동2075-4,39.5,0.0
2026-08-02T19:00:00,1410865300,명지국제8로,하신마을회관,명지동2075-4,37.17,0.0
2026-08-02T19:00:00,1410865200,명지국제8로,명지동2075-4,하신마을회관,39.42,0.0
2026-08-02T19:00:00,1410865100,명지국제8로,명지동3587-1,하신마을회관,30.0,0.0
2026-08-02T19:00:00,1410866700,명지국제8로10번길,명지동3586-4,하신마을회관,9.17,0.0
2026-08-02T19:00:00,1410864800,명지국제8로,명지동2959-7,명지동3588-13,29.67,0.0
2026-08-02T19:00:00,1410864900,명지국제8로,하신마을회관,명지동3587-1,24.42,0.0
2026-08-02T19:00:00,1410865000,명지국제8로,명지동3588-13,명지동3587-1,41.0,0.0
2026-08-02T19:00:00,1410867900,명지국제8로10번길,명지동3622,명지동3586-4,25.0,0.0
2026-08-02T19:00:00,1410866600,명지국제8로10번길,하신마을회관,명지동3586-4,9.0,0.0
2026-08-02T19:00:00,1410867700,명지국제6로,명지동3622,명지동3591-5,22.0,0.0
2026-08-02T19:00:00,1410866000,명지국제6로,명지동2959-7,명지동3591-5,32.67,0.0
2026-08-02T19:00:00,1410868200,명지국제2로,넘버25호텔명지서부지청점,명지동3604-1,24.42,0.0
2026-08-02T19:00:00,1410868100,명지국제2로,명지동3630,명지동3604-1,31.0,0.0
2026-08-02T19:00:00,1410337101,명지국제6로,명지동3622,명지동3630,33.08,0.0
2026-08-02T19:00:00,1410868000,명지국제2로,명지동3604-1,명지동3630,19.67,0.0
2026-08-02T19:00:00,1410868600,명지국제6로,명지동3604-3,명지동3630,28.42,0.0
2026-08-02T19:00:00,1410869600,명지국제6로,명지동3431,명지동3604-3,22.5,0.0
2026-08-02T19:00:00,1410868700,명지국제6로,명지동3630,명지동3604-3,21.33,0.0
2026-08-02T19:00:00,1410870200,명지국제4로,아이메디컬,명지호반베르디움앞,15.33,0.0
2026-08-02T19:00:00,1410870100,명지국제4로,대방노블랜드오션뷰2차,명지호반베르디움앞,18.0,0.0
2026-08-02T19:00:00,1410871700,-,명지동3420-1,명지호반베르디움앞,21.0,0.0
2026-08-02T19:00:00,1410870500,명지국제4로,아이메디컬,명지금강펜테리움앞,20.92,0.0
2026-08-02T19:00:00,1410870600,명지국제4로,명지호반베르디움2차앞,명지금강펜테리움앞,20.09,0.0
2026-08-02T19:00:00,1410872200,명지국제9로,명지동3357-7,명지금강펜테리움앞,24.0,0.0
2026-08-02T19:00:00,1410870700,명지국제4로,명지금강펜테리움앞,명지호반베르디움2차앞,22.92,0.0
2026-08-02T19:00:00,1410870800,명지국제4로,펜테리움센트럴파크2차아파트,명지호반베르디움2차앞,24.17,0.0
2026-08-02T19:00:00,1410872600,명지국제10로,명지동3352,명지호반베르디움2차앞,19.58,0.0
2026-08-02T19:00:00,1410870900,명지국제4로,명지호반베르디움2차앞,펜테리움센트럴파크2차아파트,36.42,0.0
2026-08-02T19:00:00,1410873400,명지국제11로,명지금강팬테리움2차앞,펜테리움센트럴파크2차아파트,18.08,0.0
2026-08-02T19:00:00,1410871100,명지국제6로,명지동3431,명지동3429-4,17.25,0.0
2026-08-02T19:00:00,1410873200,명지국제5로,신명초등학교앞,명지동3429-4,19.08,0.0
2026-08-02T19:00:00,1410878600,명지국제6로,명지동3453-5,명지동3429-4,40.0,0.0
2026-08-02T19:00:00,1410871200,명지국제7로,대방노블랜드오션뷰2차,신명초등학교앞,25.67,0.0
2026-08-02T19:00:00,1410873600,명지국제5로,명지동3429-4,신명초등학교앞,15.5,0.0
2026-08-02T19:00:00,1410873800,명지국제5로,명지동3420-1,신명초등학교앞,13.0,0.0
2026-08-02T19:00:00,1410871500,명지국제4로,펜테리움센트럴파크2차아파트,명지동3323,50.75,0.0
2026-08-02T19:00:00,1410872000,명지국제4로,명지동258-2,명지동3323,51.59,0.0
2026-08-02T19:00:00,1410874600,-,명지동3483-4,명지동3323,16.0,0.0
2026-08-02T19:00:00,1410871600,-,명지호반베르디움앞,명지동3420-1,21.0,0.0
2026-08-02T19:00:00,1410874100,명지국제5로,신명초등학교앞,명지동3420-1,19.67,0.0
2026-08-02T19:00:00,1410874200,명지국제5로,명지동3358-1,명지동3420-1,20.75,0.0
2026-08-02T19:00:00,1410880500,-,명지대방노블랜드앞,명지동3420-1,12.0,0.0
2026-08-02T19:00:00,1410871800,명지국제8로,아이메디컬,명지동3358-1,15.59,0.0
2026-08-02T19:00:00,1410880800,명지국제8로,대성빌딩,명지동3358-1,20.84,0.0
2026-08-02T19:00:00,1410875000,명지국제5로,명지동3420-1,명지동3358-1,7.75,0.0
2026-08-02T19:00:00,1410874400,명지국제5로,명지동3357-7,명지동3358-1,5.92,0.0
2026-08-02T19:00:00,1410872300,명지국제4로,명지동3323,명지동258-2,26.0,0.0
2026-08-02T19:00:00,1410874700,명지국제13로,명지동3317-7,명지동258-2,21.0,0.0
2026-08-02T19:00:00,1410872100,명지국제9로,명지금강펜테리움앞,명지동3357-7,19.83,0.0
2026-08-02T19:00:00,1410875100,명지국제5로,명지동3358-1,명지동3357-7,25.83,0.0
2026-08-02T19:00:00,1410875400,명지국제5로,명지동3352,명지동3357-7,17.33,0.0
2026-08-02T19:00:00,1410872800,명지국제4로,청량사어귀교차로,명지동254-1,30.17,0.0
2026-08-02T19:00:00,1410872700,명지국제4로,명지동258-2,명지동254-1,24.0,0.0
2026-08-02T19:00:00,1410872500,명지국제10로,명지호반베르디움2차앞,명지동3352,25.67,0.0
2026-08-02T19:00:00,1410875900,명지국제5로,명지동3357-7,명지동3352,21.67,0.0
2026-08-02T19:00:00,1410876500,명지국제5로,중흥S클래스에듀오션앞,명지동3352,23.0,0.0
2026-08-02T19:00:00,1410881900,명지국제10로,명지동3388-4,명지동3352,29.42,0.0
2026-08-02T19:00:00,1410873300,명지국제11로,펜테리움센트럴파크2차아파트,명지금강팬테리움2차앞,12.42,0.0
2026-08-02T19:00:00,1410877800,명지국제5로,중흥S클래스에듀오션앞,명지금강팬테리움2차앞,12.5,0.0
2026-08-02T19:00:00,1410883000,명지국제11로,명지국제11로51,명지금강팬테리움2차앞,25.75,0.0
2026-08-02T19:00:00,1410874300,-,명지동3323,명지동3483-4,14.0,0.0
2026-08-02T19:00:00,1410880200,명지국제5로,파크사이드앞,명지동3483-4,7.0,0.0
2026-08-02T19:00:00,1410880000,명지국제5로,명지스위트팰리스앞,명지동3483-4,22.0,0.0
2026-08-02T19:00:00,1410874500,명지국제13로,명지동258-2,명지동3317-7,33.17,0.0
2026-08-02T19:00:00,1410880100,명지국제13로,명지동3322,명지동3317-7,8.0,0.0
2026-08-02T19:00:00,1410876800,명지국제5로,명지동3352,중흥S클래스에듀오션앞,12.83,0.0
2026-08-02T19:00:00,1410877000,명지국제5로,명지금강팬테리움2차앞,중흥S클래스에듀오션앞,13.92,0.0
2026-08-02T19:00:00,1410882200,-,명지초등학교앞,중흥S클래스에듀오션앞,13.0,0.0
2026-08-02T19:00:00,1410878400,명지국제5로,명지금강팬테리움2차앞,명지동3502-5,16.75,0.0
2026-08-02T19:00:00,1410878200,명지국제5로,명지동3490-1,명지동3502-5,8.67,0.0
2026-08-02T19:00:00,1410879100,명지국제5로,명지동3502-5,명지동3490-1,16.0,0.0
2026-08-02T19:00:00,1410879200,명지국제6로,명지동3429-4,명지동3453-5,31.08,0.0
2026-08-02T19:00:00,1410883400,명지국제6로,명지동3442-5,명지동3453-5,20.34,0.0
2026-08-02T19:00:00,1410879700,명지국제5로,명지동3483-4,파크사이드앞,10.0,0.0
2026-08-02T19:00:00,1410879800,명지국제5로,명지동3490-1,파크사이드앞,15.0,0.0
2026-08-02T19:00:00,1410880400,명지국제5로,명지동3483-4,명지스위트팰리스앞,7.0,0.0
2026-08-02T19:00:00,1410880600,명지국제5로,명지동3322,명지스위트팰리스앞,15.0,0.0
2026-08-02T19:00:00,1410879900,명지국제13로,명지동3317-7,명지동3322,33.58,0.0
2026-08-02T19:00:00,1410882800,명지국제13로,명지동3478-1,명지동3322,32.0,0.0
2026-08-02T19:00:00,1410884300,명지국제6로,대성빌딩,명지대방노블랜드앞,16.92,0.0
2026-08-02T19:00:00,1410880300,-,명지동3420-1,명지대방노블랜드앞,29.0,0.0
2026-08-02T19:00:00,1410884400,명지국제6로,명지동3442-5,명지대방노블랜드앞,19.34,0.0
2026-08-02T19:00:00,1410885100,명지국제6로,대성빌딩,명지에일린의뜰앞,22.42,0.0
2026-08-02T19:00:00,1410881100,명지국제9로,명지동3357-7,명지에일린의뜰앞,10.0,0.0
2026-08-02T19:00:00,1410881800,명지국제10로,명지동3352,명지동3388-4,21.92,0.0
2026-08-02T19:00:00,1410886200,명지국제6로,명지동3362,명지동3388-4,8.83,0.0
2026-08-02T19:00:00,1410882000,-,중흥S클래스에듀오션앞,명지초등학교앞,7.0,0.0
2026-08-02T19:00:00,1410887100,명지국제6로,명지유치원앞,명지초등학교앞,23.33,0.0
2026-08-02T19:00:00,1410887300,명지국제6로,명지동3363-1,명지초등학교앞,9.75,0.0
2026-08-02T19:00:00,1410882700,명지국제13로,명지동3322,명지동3478-1,24.0,0.0
2026-08-02T19:00:00,1410888200,명지국제13로,명지동618-9,명지동3478-1,21.0,0.0
2026-08-02T19:00:00,1410882900,명지국제11로,명지금강팬테리움2차앞,명지국제11로51,14.5,0.0
2026-08-02T19:00:00,1410888300,명지국제6로,명지동3363-1,명지국제11로51,8.25,0.0
2026-08-02T19:00:00,1410891500,명지국제11로,태림프라자앞,명지국제11로51,23.42,0.0
2026-08-02T19:00:00,1410883700,명지국제6로,명지동3453-5,명지동3442-5,20.58,0.0
2026-08-02T19:00:00,1410883800,명지국제6로,명지대방노블랜드앞,명지동3442-5,23.25,0.0
2026-08-02T19:00:00,1410885700,명지국제6로,명지에일린의뜰앞,명지동3362,39.92,0.0
2026-08-02T19:00:00,1410885800,명지국제6로,명지동3388-4,명지동3362,24.25,0.0
2026-08-02T19:00:00,1410886800,명지국제6로,명지동3388-4,명지유치원앞,13.92,0.0
2026-08-02T19:00:00,1410886700,명지국제6로,명지초등학교앞,명지유치원앞,19.75,0.0
2026-08-02T19:00:00,1410887600,명지국제6로,명지초등학교앞,명지동3363-1,18.75,0.0
2026-08-02T19:00:00,1410887500,명지국제6로,명지국제11로51,명지동3363-1,21.25,0.0
2026-08-02T19:00:00,1410887800,영강길,서부유통,명지동618-9,24.0,0.0
2026-08-02T19:00:00,1410895500,영강길,하늘동산교회,명지동618-9,21.0,0.0
2026-08-02T19:00:00,1410888100,명지국제13로,명지동3478-1,명지동618-9,33.0,0.0
2026-08-02T19:00:00,1410895900,명지국제11로,명지동진교차로,태림프라자앞,39.08,0.0
2026-08-02T19:00:00,1410891300,명지국제11로,명지국제11로51,태림프라자앞,32.58,0.0
2026-08-02T19:00:00,1410896500,명지오션시티1로,엘크루솔마레아파트앞,링컨타운아파트앞,30.92,0.0
2026-08-02T19:00:00,1410896200,명지오션시티1로,에디슨타운아파트앞,링컨타운아파트앞,36.34,0.0
2026-08-02T19:00:00,1410897000,명지오션시티11로,명지2동주민센터앞,링컨타운아파트앞,28.0,0.0
2026-08-02T19:00:00,1410896300,명지오션시티1로,링컨타운아파트앞,엘크루솔마레아파트앞,12.92,0.0
2026-08-02T19:00:00,1410897600,명지오션시티12로,포세이돈아파트앞,엘크루솔마레아파트앞,25.0,0.0
2026-08-02T19:00:00,1410897700,명지오션시티1로,명지동3280,엘크루솔마레아파트앞,32.83,0.0
2026-08-02T19:00:00,1410896700,명지오션시티1로,에디슨타운아파트앞,한국화학융합시험연구원앞,21.58,0.0
2026-08-02T19:00:00,1410896800,명지오션시티1로,명지폐기물처리장앞교차로,한국화학융합시험연구원앞,28.42,0.0
2026-08-02T19:00:00,1410897800,명지오션시티9로,명지동3229-18,한국화학융합시험연구원앞,17.0,0.0
2026-08-02T19:00:00,1410896400,명지오션시티1로,링컨타운아파트앞,에디슨타운아파트앞,35.92,0.0
2026-08-02T19:00:00,1410896600,명지오션시티1로,한국화학융합시험연구원앞,에디슨타운아파트앞,21.83,0.0
2026-08-02T19:00:00,1410897200,명지오션시티10로,명지제1공원앞,에디슨타운아파트앞,13.0,0.0
2026-08-02T19:00:00,1410896100,르노삼성대로,신호대교동측,명지폐기물처리장앞교차로,60.58,692.0
2026-08-02T19:00:00,1410896900,명지오션시티1로,한국화학융합시험연구원앞,명지폐기물처리장앞교차로,6.17,0.0
2026-08-02T19:00:00,1410898000,르노삼성대로,명지동3227-3,명지폐기물처리장앞교차로,31.75,299.0
2026-08-02T19:00:00,1410897100,명지오션시티11로,링컨타운아파트앞,명지2동주민센터앞,21.0,0.0
2026-08-02T19:00:00,1410898400,명지오션시티2로,명지제1공원앞,명지2동주민센터앞,21.0,0.0
2026-08-02T19:00:00,1410899000,명지오션시티2로,포세이돈아파트앞,명지2동주민센터앞,22.0,0.0
2026-08-02T19:00:00,1410899400,명지오션시티11로,아인슈타인타운아파트앞,명지2동주민센터앞,16.0,0.0
2026-08-02T19:00:00,1410897300,명지오션시티10로,에디슨타운아파트앞,명지제1공원앞,20.0,0.0
2026-08-02T19:00:00,1410898900,명지오션시티2로,명지2동주민센터앞,명지제1공원앞,19.0,0.0
2026-08-02T19:00:00,1410898300,명지오션시티2로,명지동3229-18,명지제1공원앞,26.42,0.0
2026-08-02T19:00:00,1410900200,명지오션시티10로,명지동근린공원앞,명지제1공원앞,22.0,0.0
2026-08-02T19:00:00,1410897900,명지오션시티9로,한국화학융합시험연구원앞,명지동3229-18,24.0,0.0
2026-08-02T19:00:00,1410898700,명지오션시티2로,명지제1공원앞,명지동3229-18,26.0,0.0
2026-08-02T19:00:00,1410898200,명지오션시티2로,명지동3227-3,명지동3229-18,14.0,0.0
2026-08-02T19:00:00,1410900000,명지오션시티9로,명지주거단지입구,명지동3229-18,13.0,0.0
2026-08-02T19:00:00,1410897500,명지오션시티12로,엘크루솔마레아파트앞,포세이돈아파트앞,22.0,0.0
2026-08-02T19:00:00,1410898500,명지오션시티2로,명지2동주민센터앞,포세이돈아파트앞,17.0,0.0
2026-08-02T19:00:00,1410899100,명지오션시티2로,명지동3280,포세이돈아파트앞,16.0,0.0
2026-08-02T19:00:00,1410899600,명지오션시티12로,명지극동스타클래스앞,포세이돈아파트앞,15.0,0.0
2026-08-02T19:00:00,1410897400,명지오션시티1로,엘크루솔마레아파트앞,명지동3280,30.0,0.0
2026-08-02T19:00:00,1410898800,명지오션시티2로,포세이돈아파트앞,명지동3280,11.0,0.0
2026-08-02T19:00:00,1410899800,명지오션시티1로,명지한신휴플러스앞,명지동3280,22.5,0.0
2026-08-02T19:00:00,1410899200,르노삼성대로,하비스트교회,명지동3227-3,25.46,299.0
2026-08-02T19:00:00,1410898100,르노삼성대로,명지폐기물처리장앞교차로,명지동3227-3,36.76,249.0
2026-08-02T19:00:00,1410898600,명지오션시티2로,명지동3229-18,명지동3227-3,9.0,0.0
2026-08-02T19:00:00,1410899500,명지오션시티11로,명지2동주민센터앞,아인슈타인타운아파트앞,11.0,0.0
2026-08-02T19:00:00,1410900600,명지오션시티3로,명지극동스타클래스앞,아인슈타인타운아파트앞,17.0,0.0
2026-08-02T19:00:00,1410900800,명지오션시티11로,명지오션타워앞,아인슈타인타운아파트앞,17.75,0.0
2026-08-02T19:00:00,1410899700,명지오션시티12로,포세이돈아파트앞,명지극동스타클래스앞,19.0,0.0
2026-08-02T19:00:00,1410900400,명지오션시티3로,아인슈타인타운아파트앞,명지극동스타클래스앞,10.0,0.0
2026-08-02T19:00:00,1410901000,명지오션시티12로,서린프라자앞,명지극동스타클래스앞,5.0,0.0
2026-08-02T19:00:00,1410899900,명지오션시티1로,명지동3280,명지한신휴플러스앞,24.0,0.0
2026-08-02T19:00:00,1410900500,명지오션시티3로,명지극동스타클래스앞,명지한신휴플러스앞,18.0,0.0
2026-08-02T19:00:00,1410901200,명지오션시티1로,명지청산오션타워앞,명지한신휴플러스앞,23.84,0.0
2026-08-02T19:00:00,1410900100,명지오션시티9로,명지동3229-18,명지주거단지입구,26.0,0.0
2026-08-02T19:00:00,1410901900,명지오션시티4로,명지동근린공원앞,명지주거단지입구,22.08,0.0
2026-08-02T19:00:00,1410901400,명지오션시티4로,명지주거단지입구교차로,명지주거단지입구,32.67,0.0
2026-08-02T19:00:00,1410900300,명지오션시티10로,명지제1공원앞,명지동근린공원앞,25.0,0.0
2026-08-02T19:00:00,1410901500,명지오션시티4로,명지주거단지입구,명지동근린공원앞,28.08,0.0
2026-08-02T19:00:00,1410902100,명지오션시티4로,명지오션타워앞,명지동근린공원앞,23.92,0.0
2026-08-02T19:00:00,1410903400,명지오션시티10로,호산나장로교회앞,명지동근린공원앞,25.33,0.0
2026-08-02T19:00:00,1410900900,명지오션시티11로,아인슈타인타운아파트앞,명지오션타워앞,16.17,0.0
2026-08-02T19:00:00,1410901600,명지오션시티4로,명지동근린공원앞,명지오션타워앞,30.33,0.0
2026-08-02T19:00:00,1410902200,명지오션시티4로,서린프라자앞,명지오션타워앞,16.17,0.0
2026-08-02T19:00:00,1410902400,명지오션시티11로,부산시수산자원연구소앞,명지오션타워앞,25.0,0.0
2026-08-02T19:00:00,1410901100,명지오션시티12로,명지극동스타클래스앞,서린프라자앞,17.0,0.0
2026-08-02T19:00:00,1410901800,명지오션시티4로,명지오션타워앞,서린프라자앞,18.5,0.0
2026-08-02T19:00:00,1410902300,명지오션시티4로,명지청산오션타워앞,서린프라자앞,9.0,0.0
2026-08-02T19:00:00,1410902600,명지오션시티12로,명지롯데캐슬앞,서린프라자앞,14.0,0.0
2026-08-02T19:00:00,1410901300,명지오션시티1로,명지한신휴플러스앞,명지청산오션타워앞,15.59,0.0
2026-08-02T19:00:00,1410902000,명지오션시티4로,서린프라자앞,명지청산오션타워앞,9.0,0.0
2026-08-02T19:00:00,1410902800,명지오션시티1로,엘크루블루오션5단지앞,명지청산오션타워앞,35.09,0.0
2026-08-02T19:00:00,1410046400,르노삼성대로,명지지하차도서측,명지주거단지입구교차로,11.34,0.0
2026-08-02T19:00:00,1410046900,르노삼성대로,명지지하차도동측,명지주거단지입구교차로,25.5,0.0
2026-08-02T19:00:00,1410336900,명지국제1로,명지동3622,명지주거단지입구교차로,15.75,0.0
2026-08-02T19:00:00,1410901700,명지오션시티4로,명지주거단지입구,명지주거단지입구교차로,17.92,0.0
2026-08-02T19:00:00,1410902500,명지오션시티11로,명지오션타워앞,부산시수산자원연구소앞,16.0,0.0
2026-08-02T19:00:00,1410903200,명지오션시티5로,명지롯데캐슬앞,부산시수산자원연구소앞,12.0,0.0
2026-08-02T19:00:00,1410903600,명지오션시티11로,명지삼정그린코아아파트앞,부산시수산자원연구소앞,22.0,0.0
2026-08-02T19:00:00,1410902700,명지오션시티12로,서린프라자앞,명지롯데캐슬앞,7.5,0.0
2026-08-02T19:00:00,1410903000,명지오션시티5로,부산시수산자원연구소앞,명지롯데캐슬앞,8.0,0.0
2026-08-02T19:00:00,1410903300,명지오션시티5로,엘크루블루오션5단지앞,명지롯데캐슬앞,10.0,0.0
2026-08-02T19:00:00,1410903800,명지오션시티12로,엘크루블루오션4단지앞,명지롯데캐슬앞,24.0,0.0
2026-08-02T19:00:00,1410902900,명지오션시티1로,명지청산오션타워앞,엘크루블루오션5단지앞,25.42,0.0
2026-08-02T19:00:00,1410903100,명지오션시티5로,명지롯데캐슬앞,엘크루블루오션5단지앞,18.0,0.0
2026-08-02T19:00:00,1410904000,명지오션시티1로,오션초등학교앞,엘크루블루오션5단지앞,25.0,0.0
2026-08-02T19:00:00,1410903500,명지오션시티10로,명지동근린공원앞,호산나장로교회앞,32.92,0.0
2026-08-02T19:00:00,1410904500,명지오션시티6로,명지삼정그린코아아파트앞,호산나장로교회앞,25.0,0.0
2026-08-02T19:00:00,1410905302,명지오션시티10로,명지동3291,호산나장로교회앞,22.92,0.0
2026-08-02T19:00:00,1410903700,명지오션시티11로,부산시수산자원연구소앞,명지삼정그린코아아파트앞,28.0,0.0
2026-08-02T19:00:00,1410904200,명지오션시티6로,호산나장로교회앞,명지삼정그린코아아파트앞,13.0,0.0
2026-08-02T19:00:00,1410904600,명지오션시티6로,엘크루블루오션4단지앞,명지삼정그린코아아파트앞,18.0,0.0
2026-08-02T19:00:00,1410904802,명지오션시티11로,명지동3289,명지삼정그린코아아파트앞,26.67,0.0
2026-08-02T19:00:00,1410903900,명지오션시티12로,명지롯데캐슬앞,엘크루블루오션4단지앞,31.0,0.0
2026-08-02T19:00:00,1410904300,명지오션시티6로,명지삼정그린코아아파트앞,엘크루블루오션4단지앞,16.0,0.0
2026-08-02T19:00:00,1410904700,명지오션시티6로,오션초등학교앞,엘크루블루오션4단지앞,20.0,0.0
2026-08-02T19:00:00,1410905100,명지오션시티12로,명지동3298,엘크루블루오션4단지앞,31.0,0.0
2026-08-02T19:00:00,1410904100,명지오션시티1로,엘크루블루오션5단지앞,오션초등학교앞,30.17,0.0
2026-08-02T19:00:00,1410904400,명지오션시티6로,엘크루블루오션4단지앞,오션초등학교앞,13.0,0.0
2026-08-02T19:00:00,1410905000,명지오션시티1로,명지동3298,오션초등학교앞,32.5,0.0
2026-08-02T19:00:00,1410904902,명지오션시티11로,명지동3289,남명초등학교앞,10.0,0.0
2026-08-02T19:00:00,1410905800,명지오션시티1로,명지동3298,남명초등학교앞,28.83,0.0
2026-08-02T19:00:00,1410905700,명지오션시티1로,명지동3251-14,남명초등학교앞,27.67,0.0
2026-08-02T19:00:00,1410904901,명지오션시티11로,명지삼정그린코아아파트앞,명지동3289,31.0,0.0
2026-08-02T19:00:00,1410904801,명지오션시티11로,남명초등학교앞,명지동3289,21.0,0.0
2026-08-02T19:00:00,1410905200,명지오션시티12로,엘크루블루오션4단지앞,명지동3298,24.0,0.0
2026-08-02T19:00:00,1410905500,명지오션시티1로,오션초등학교앞,명지동3298,27.08,0.0
2026-08-02T19:00:00,1410905600,명지오션시티1로,남명초등학교앞,명지동3298,38.58,0.0
2026-08-02T19:00:00,1410905900,명지오션시티1로,남명초등학교앞,명지동3251-14,42.67,0.0
2026-08-02T19:00:00,1410905402,명지오션시티10로,명지동3291,명지동3251-14,8.0,0.0
2026-08-02T19:00:00,1410906002,명지오션시티1로,명호사거리,명지동3251-14,22.08,0.0
2026-08-02T19:00:00,1410905401,명지오션시티10로,호산나장로교회앞,명지동3291,22.0,0.0
2026-08-02T19:00:00,1410905301,명지오션시티10로,명지동3251-14,명지동3291,9.0,0.0
2026-08-02T19:00:00,1410906001,명지오션시티1로,명호사거리,명호사거리,24.67,0.0
2026-08-02T19:00:00,1410906101,명지오션시티1로,명지동3251-14,명호사거리,29.58,0.0
2026-08-02T19:00:00,1410947400,공항로,금호지하차도남측,금호지하차도교차로,52.33,0.0
2026-08-02T19:00:00,1410947600,공항로,금호지하차도북측,금호지하차도교차로,52.0,0.0
2026-08-02T19:00:00,1410947500,공항로,금호지하차도남측,금호지하차도북측,70.9,689.0
2026-08-02T19:00:00,1410947000,공항로,대저2동2551-27,금호지하차도북측,63.75,0.0
2026-08-02T19:00:00,1410947700,공항로,금호지하차도교차로,금호지하차도북측,59.67,0.0
2026-08-02T19:00:00,1410948500,신호산단1로,신호동25-992,신호동303,30.75,0.0
2026-08-02T19:00:00,1410948700,신호산단3로,녹산농협신호지점,신호동303,24.25,0.0
2026-08-02T19:00:00,1410992400,신호산단1로,신호동303,신호동303,33.17,0.0
2026-08-02T19:00:00,1410992500,신호산단1로,신호동303,신호동303,32.67,0.0
2026-08-02T19:00:00,1410993000,신호산단1로,신호동303,신호동303,18.67,0.0
2026-08-02T19:00:00,1410956900,신항남로,눌차교(북측),눌차교(남측),58.67,0.0
2026-08-02T19:00:00,1411032400,신항남로,성북동1519,눌차교(남측),43.42,0.0
2026-08-02T19:00:00,1410958700,새진목길,명지동3162-4,명지동3173-16,23.0,0.0
2026-08-02T19:00:00,1410449201,생곡로,고가도로동측,생곡동1613,15.0,0.0
2026-08-02T19:00:00,1410449104,생곡로,생곡동1613,생곡동1613,32.92,0.0
2026-08-02T19:00:00,1410114501,제도로,대사1구교차로,강동동88-1,30.59,0.0
2026-08-02T19:00:00,1410114401,제도로,삼동금속,강동동88-1,48.25,0.0
2026-08-02T19:00:00,1410449103,생곡로,세산교차로,생곡동1613,41.75,0.0
2026-08-02T19:00:00,1410449203,생곡로,생곡동1613,생곡동1613,15.0,0.0
2026-08-02T19:00:00,1410985300,중앙고속도로,대저JC북측,대동낙동강교(남측),90.33,0.0
2026-08-02T19:00:00,1410985500,중앙고속도로,강서구-김해시,대동낙동강교(남측),79.42,0.0
2026-08-02T19:00:00,1410985400,중앙고속도로,대동낙동강교(남측),강서구-김해시,90.33,0.0
2026-08-02T19:00:00,3851176000,중앙고속도로,,강서구-김해시,83.0,0.0
2026-08-02T19:00:00,1410020301,신호산단2로,부산신호3차부영사랑으로어린이집,신호초등학교사거리,10.33,0.0
2026-08-02T19:00:00,1410020201,신호산단2로,리프패럿명지점,신호초등학교사거리,15.0,0.0
2026-08-02T19:00:00,1410993100,신호산단1로,신호동303,신호동303,33.17,0.0
2026-08-02T19:00:00,1411017500,-,화전동337-3,녹산동564-29,28.0,0.0
2026-08-02T19:00:00,1411018500,낙동남로549번길,녹산동595-4,녹산동1342,29.0,0.0
2026-08-02T19:00:00,1411030500,신항남로,성북동1519,성북동1519,58.92,0.0
2026-08-02T19:00:00,1411030800,신항남로,-,성북동1519,26.0,0.0
2026-08-02T19:00:00,1411032500,신항남로,눌차교(남측),성북동1519,51.75,0.0
2026-08-02T19:00:00,1411030400,신항남로,성북동1519,성북동1519,36.75,0.0
2026-08-02T19:00:00,1411030900,신항남로,성북동1519,-,57.17,0.0
2026-08-02T19:00:00,1411031800,신항남로,-,-,32.92,0.0
2026-08-02T19:00:00,1411031900,신항남로,-,-,50.33,0.0
2026-08-02T19:00:00,1411059700,거가대로,중죽도터널,거가대교사장교,72.88,0.0
2026-08-02T19:00:00,1411059900,거가대로,강서구-거제시,거가대교사장교,78.84,0.0
2026-08-02T19:00:00,1411060100,거가대로,가덕해저터널,중죽도터널,74.92,0.0
2026-08-02T19:00:00,1411059600,거가대로,거가대교사장교,중죽도터널,78.08,0.0
2026-08-02T19:00:00,3870326400,거가대로,속성변화점,강서구-거제시,76.83,0.0
2026-08-02T19:00:00,1411059800,거가대로,거가대교사장교,강서구-거제시,79.25,0.0
2026-08-02T19:00:00,1410737200,만금로,송정동1490-1,송정공원교차로,32.08,0.0
2026-08-02T19:00:00,4180061000,진해대로,강서구-창원시진해구,송정공원교차로,50.5,0.0
2026-08-02T19:00:00,1411061100,진해대로,세븐일레븐녹산휴게소점,강서구-창원시진해구,50.5,0.0
2026-08-02T19:00:00,1411060900,진해대로,송정공원교차로,강서구-창원시진해구,66.33,0.0
2026-08-02T19:00:00,1411062000,남해고속도로제2지선,낙동대교서측,강서구-사상구,85.17,0.0
2026-08-02T19:00:00,1440075501,남해고속도로제2지선,감전IC,강서구-사상구,78.0,0.0
2026-08-02T19:00:00,3850541600,공항로,강서구-김해시,대저교앞교차로,48.17,0.0
2026-08-02T19:00:00,3850540501,공항로,회명대교입구,대저교앞교차로,29.83,0.0
2026-08-02T19:00:00,1420000200,중앙대로,시청앞,시청앞교차로,20.29,253.0
2026-08-02T19:00:00,1420004902,연제로,연산동1474,시청앞교차로,12.67,0.0
2026-08-02T19:00:00,1420042100,중앙대로,부산인권교육센터,시청앞교차로,17.83,304.0
2026-08-02T19:00:00,1420000100,중앙대로,시청앞교차로,시청앞,27.49,304.0
2026-08-02T19:00:00,1420000400,중앙대로,에이스커피,시청앞,31.33,253.0
2026-08-02T19:00:00,1420006600,시청로,텐퍼센트커피부산시청본점,시청앞,12.17,0.0
2026-08-02T19:00:00,1420000300,중앙대로,시청앞,에이스커피,21.7,304.0
2026-08-02T19:00:00,1420000503,중앙대로,연산동1340-4,에이스커피,18.0,253.0
2026-08-02T19:00:00,1420004304,중앙천로,연산동1515-12,에이스커피,13.33,0.0
2026-08-02T19:00:00,1420039500,신촌로,연산동1353-8,에이스커피,12.25,0.0
2026-08-02T19:00:00,1420000603,중앙대로,연산동1340-4,연산교차로,19.41,304.0
2026-08-02T19:00:00,1420001000,중앙대로,소피아커피,연산교차로,15.29,339.0
2026-08-02T19:00:00,1420003504,월드컵대로,연산동1515-11,연산교차로,18.25,0.0
2026-08-02T19:00:00,1420013600,월드컵대로,거제동630,연산교차로,14.06,168.0
2026-08-02T19:00:00,1420012500,고분로,진선미어린이집,연산교차로,6.25,0.0
2026-08-02T19:00:00,1420013800,반송로,SC제일은행연산동지점,연산교차로,22.31,143.0
2026-08-02T19:00:00,1420000602,중앙대로,에이스커피,연산동1340-4,20.87,304.0
2026-08-02T19:00:00,1420000502,중앙대로,연산교차로,연산동1340-4,22.33,253.0
2026-08-02T19:00:00,1420000900,중앙대로,연산교차로,소피아커피,25.99,353.0
2026-08-02T19:00:00,1420001200,중앙대로,교대사거리,소피아커피,15.0,339.0
2026-08-02T19:00:00,1420015300,거제천로,거제동630,소피아커피,18.42,0.0
2026-08-02T19:00:00,1420026000,거제천로,부산은행연서지점,소피아커피,18.09,0.0
2026-08-02T19:00:00,1420001100,중앙대로,소피아커피,교대사거리,22.57,353.0
2026-08-02T19:00:00,1420001400,중앙대로,교대역3번출구,교대사거리,20.0,401.0
2026-08-02T19:00:00,1420019100,거제대로,거제역9번출구,교대사거리,32.11,263.0
2026-08-02T19:00:00,1420001300,중앙대로,교대사거리,교대역3번출구,28.45,312.0
2026-08-02T19:00:00,1420001600,중앙대로,교대사거리,교대역3번출구,25.92,0.0
2026-08-02T19:00:00,1420029000,명륜로,교대사거리,교대역3번출구,25.0,0.0
2026-08-02T19:00:00,1420001801,중앙대로,송월타올앞교차로,교대사거리,35.5,0.0
2026-08-02T19:00:00,1420001500,중앙대로,교대역3번출구,교대사거리,21.42,0.0
2026-08-02T19:00:00,1420029200,명륜로,교대사거리,교대사거리,6.42,0.0
2026-08-02T19:00:00,1420003000,연수로,선암사,복된교회,33.08,0.0
2026-08-02T19:00:00,1420002500,연수로,연미시장사거리,복된교회,29.84,0.0
2026-08-02T19:00:00,1420002900,연수로,복된교회,선암사,27.34,0.0
2026-08-02T19:00:00,1420003200,연수로,신리삼거리,선암사,27.33,0.0
2026-08-02T19:00:00,1420002600,연수로,복된교회,연미시장사거리,22.67,0.0
2026-08-02T19:00:00,1420002800,쌍미천로,성민교회,연미시장사거리,20.34,0.0
2026-08-02T19:00:00,1430025102,연수로,망미동847-2,연미시장사거리,27.0,0.0
2026-08-02T19:00:00,1420002700,쌍미천로,연미시장사거리,성민교회,18.58,0.0
2026-08-02T19:00:00,1420012000,고분로,진선미어린이집,성민교회,14.25,0.0
2026-08-02T19:00:00,1420012200,고분로,연산터널서측,성민교회,12.75,0.0
2026-08-02T19:00:00,1420012402,쌍미천로,연산동2276,성민교회,11.58,0.0
2026-08-02T19:00:00,1420003100,연수로,선암사,신리삼거리,11.83,0.0
2026-08-02T19:00:00,1420003400,연수로,CU연산성준점,신리삼거리,21.39,296.0
2026-08-02T19:00:00,1420003602,월드컵대로,연산초등학교,신리삼거리,21.42,0.0
2026-08-02T19:00:00,1420003300,연수로,신리삼거리,CU연산성준점,25.51,321.0
2026-08-02T19:00:00,1420003800,연수로,물만골우편취급국,CU연산성준점,21.47,296.0
2026-08-02T19:00:00,1420003501,월드컵대로,신리삼거리,연산초등학교,31.5,0.0
2026-08-02T19:00:00,1420003604,월드컵대로,연산동1515-11,연산초등학교,30.33,0.0
2026-08-02T19:00:00,1420003603,월드컵대로,연산교차로,연산동1515-11,25.67,0.0
2026-08-02T19:00:00,1420003503,월드컵대로,연산초등학교,연산동1515-11,24.17,0.0
2026-08-02T19:00:00,1420038900,월드컵대로73번길,연산동1515-12,연산동1515-11,11.84,0.0
2026-08-02T19:00:00,1420003700,연수로,CU연산성준점,물만골우편취급국,21.71,321.0
2026-08-02T19:00:00,1420004202,연수로,연산동1978-8,물만골우편취급국,17.47,296.0
2026-08-02T19:00:00,1420004402,중앙천로,연산동1543,물만골우편취급국,21.0,0.0
2026-08-02T19:00:00,1340047300,진남로,국공립소명어린이집,텐퍼센트커피연제이마트점,16.58,0.0
2026-08-02T19:00:00,1420004600,진남로,연제구청앞,텐퍼센트커피연제이마트점,18.84,0.0
2026-08-02T19:00:00,1420004101,연수로,물만골우편취급국,연산동1978-8,22.96,321.0
2026-08-02T19:00:00,1420004201,연수로,연제구청앞,연산동1978-8,15.43,296.0
2026-08-02T19:00:00,1420004500,진남로,텐퍼센트커피연제이마트점,연제구청앞,15.92,0.0
2026-08-02T19:00:00,1420004102,연수로,연산동1978-8,연제구청앞,25.26,321.0
2026-08-02T19:00:00,1420004800,연수로,연제구청삼거리,연제구청앞,20.26,296.0
2026-08-02T19:00:00,1420004301,중앙천로,물만골우편취급국,연산동1543,21.42,0.0
2026-08-02T19:00:00,1420004404,중앙천로,연산동1515-12,연산동1543,19.92,0.0
2026-08-02T19:00:00,1420004403,중앙천로,에이스커피,연산동1515-12,23.92,0.0
2026-08-02T19:00:00,1420039000,월드컵대로73번길,연산동1515-11,연산동1515-12,13.5,0.0
2026-08-02T19:00:00,1420004303,중앙천로,연산동1543,연산동1515-12,18.33,0.0
2026-08-02T19:00:00,1340049300,연수로,동래소방서앞,연제구청삼거리,21.26,296.0
2026-08-02T19:00:00,1420004700,연수로,연제구청앞,연제구청삼거리,31.88,321.0
2026-08-02T19:00:00,1420005004,연제로,연제구청교차로,연제구청삼거리,8.25,0.0
2026-08-02T19:00:00,1420005001,연제로,시청앞교차로,연산동1474,22.17,0.0
2026-08-02T19:00:00,1420004904,연제로,연제구청교차로,연산동1474,18.25,0.0
2026-08-02T19:00:00,1420004903,연제로,연제구청삼거리,연제구청교차로,19.92,0.0
2026-08-02T19:00:00,1420005003,연제로,연산동1474,연제구청교차로,22.09,0.0
2026-08-02T19:00:00,1340050700,동평로405번길,카페감,NH농협은행부산시청지점,17.25,0.0
2026-08-02T19:00:00,1420005800,-,부산은행부산시청지점,NH농협은행부산시청지점,11.42,0.0
2026-08-02T19:00:00,1340323400,진연로,부산인권교육센터,NH농협은행부산시청지점,13.08,0.0
2026-08-02T19:00:00,1420005700,-,NH농협은행부산시청지점,부산은행부산시청지점,25.09,0.0
2026-08-02T19:00:00,1420006400,-,텐퍼센트커피부산시청본점,부산은행부산시청지점,13.83,0.0
2026-08-02T19:00:00,1420006500,시청로,시청앞,텐퍼센트커피부산시청본점,19.75,0.0
2026-08-02T19:00:00,1420006300,-,부산은행부산시청지점,텐퍼센트커피부산시청본점,24.58,0.0
2026-08-02T19:00:00,1420007000,거제대로,부산은행거제동지점,거제해맞이역3번출구,44.75,0.0
2026-08-02T19:00:00,1420042500,거제대로,거제4동주민센터,거제해맞이역3번출구,16.17,0.0
2026-08-02T19:00:00,1420006900,거제대로,거제해맞이역3번출구,부산은행거제동지점,29.25,0.0
2026-08-02T19:00:00,1420010000,거제대로,현대아파트앞교차로,부산은행거제동지점,30.33,0.0
2026-08-02T19:00:00,1420007400,과정로,부산은행토곡지점,수림빛어린이집,32.58,0.0
2026-08-02T19:00:00,1430026700,과정로,망미부산은행앞교차로,수림빛어린이집,29.83,0.0
2026-08-02T19:00:00,1420007300,과정로,수림빛어린이집,부산은행토곡지점,33.83,0.0
2026-08-02T19:00:00,1420009300,토곡로,섬기는교회,부산은행토곡지점,14.75,0.0
2026-08-02T19:00:00,1420009800,과정로,이디야커피부산토곡점,부산은행토곡지점,23.59,0.0
2026-08-02T19:00:00,1420010700,아시아드대로,현대아파트앞교차로,현대아파트앞,22.08,0.0
2026-08-02T19:00:00,1420013002,아시아드대로,거제동917-6,현대아파트앞,38.75,0.0
2026-08-02T19:00:00,1420009000,토곡로,섬기는교회,튼튼어린이집,20.09,0.0
2026-08-02T19:00:00,1420009200,톳고개로,동탄역예미지3차,튼튼어린이집,14.5,0.0
2026-08-02T19:00:00,1420008801,거제천로,거제동630,거제동630,26.59,0.0
2026-08-02T19:00:00,1420039100,신촌로,현대아파트앞교차로,거제동630,23.33,0.0
2026-08-02T19:00:00,1420013500,월드컵대로,연산교차로,거제동630,15.53,202.0
2026-08-02T19:00:00,1420015400,거제천로,소피아커피,거제동630,20.58,0.0
2026-08-02T19:00:00,1420008702,거제천로,거제동630,거제동630,16.09,0.0
2026-08-02T19:00:00,1420015200,월드컵대로,남문구사거리,거제동630,16.9,168.0
2026-08-02T19:00:00,1420009400,토곡로,부산은행토곡지점,섬기는교회,22.25,0.0
2026-08-02T19:00:00,1420008900,토곡로,튼튼어린이집,섬기는교회,26.58,0.0
2026-08-02T19:00:00,1420009600,-,부산광역시립연산도서관,섬기는교회,23.75,0.0
2026-08-02T19:00:00,1420009100,톳고개로,튼튼어린이집,동탄역예미지3차,14.08,0.0
2026-08-02T19:00:00,1420011100,고분로,부산광역시립연산도서관,동탄역예미지3차,25.25,0.0
2026-08-02T19:00:00,1420011400,고분로,부산경상대학교우체국,동탄역예미지3차,23.42,0.0
2026-08-02T19:00:00,1420009500,-,섬기는교회,부산광역시립연산도서관,5.92,0.0
2026-08-02T19:00:00,1420011200,고분로,동탄역예미지3차,부산광역시립연산도서관,29.75,0.0
2026-08-02T19:00:00,1420010300,고분로,이디야커피부산토곡점,부산광역시립연산도서관,22.17,0.0
2026-08-02T19:00:00,1420009900,거제대로,부산은행거제동지점,현대아파트앞교차로,28.09,0.0
2026-08-02T19:00:00,1420010800,아시아드대로,현대아파트앞,현대아파트앞교차로,30.5,0.0
2026-08-02T19:00:00,1420039200,신촌로,거제동630,현대아파트앞교차로,23.25,0.0
2026-08-02T19:00:00,1420011002,거제대로,거제동450-10,현대아파트앞교차로,29.75,0.0
2026-08-02T19:00:00,1420010901,거제대로,현대아파트앞교차로,거제동450-10,23.34,0.0
2026-08-02T19:00:00,1420011001,거제대로,남문구사거리,거제동450-10,31.34,0.0
2026-08-02T19:00:00,1420015100,월드컵대로,거제동630,남문구사거리,13.28,202.0
2026-08-02T19:00:00,1420010902,거제대로,거제동450-10,남문구사거리,15.75,0.0
2026-08-02T19:00:00,1420016400,월드컵대로,부산은행거제2동영업소,남문구사거리,13.0,0.0
2026-08-02T19:00:00,1420016600,거제대로,거제역9번출구,남문구사거리,20.61,456.0
2026-08-02T19:00:00,1420011300,고분로,동탄역예미지3차,부산경상대학교우체국,33.75,0.0
2026-08-02T19:00:00,1420011600,고분로,정언어린이집,부산경상대학교우체국,35.67,0.0
2026-08-02T19:00:00,1420011800,과정로225번길,은성교회,부산경상대학교우체국,21.0,0.0
2026-08-02T19:00:00,1420011500,고분로,부산경상대학교우체국,정언어린이집,25.34,0.0
2026-08-02T19:00:00,1420013200,고분로,연산터널동측,정언어린이집,13.83,0.0
2026-08-02T19:00:00,1420013400,연동로,연산쌀직매장,정언어린이집,15.5,0.0
2026-08-02T19:00:00,1420014200,과정로225번길,수협은행연산동지점,은성교회,18.17,0.0
2026-08-02T19:00:00,1420011700,과정로225번길,부산경상대학교우체국,은성교회,15.5,0.0
2026-08-02T19:00:00,1420012600,고분로,연산교차로,진선미어린이집,26.75,0.0
2026-08-02T19:00:00,1420011900,고분로,성민교회,진선미어린이집,16.5,0.0
2026-08-02T19:00:00,1420012100,고분로,성민교회,연산터널서측,37.58,0.0
2026-08-02T19:00:00,1420012800,고분로,연산터널동측,연산터널서측,20.92,0.0
2026-08-02T19:00:00,1420012301,쌍미천로,성민교회,연산동2276,18.08,0.0
2026-08-02T19:00:00,1420012401,쌍미천로,셀렉토커피부산연산자이점,연산동2276,25.0,0.0
2026-08-02T19:00:00,1420012302,쌍미천로,연산동2276,셀렉토커피부산연산자이점,16.67,0.0
2026-08-02T19:00:00,1420017000,쌍미천로,연산일동미라주더스타아파트,셀렉토커피부산연산자이점,10.42,0.0
2026-08-02T19:00:00,1420013100,고분로,정언어린이집,연산터널동측,26.92,0.0
2026-08-02T19:00:00,1420012700,고분로,연산터널서측,연산터널동측,27.42,0.0
2026-08-02T19:00:00,1420012901,아시아드대로,현대아파트앞,거제동917-6,26.17,0.0
2026-08-02T19:00:00,1420013001,아시아드대로,거제2동우편취급국,거제동917-6,26.09,0.0
2026-08-02T19:00:00,1420012902,아시아드대로,거제동917-6,거제2동우편취급국,31.58,0.0
2026-08-02T19:00:00,1420015800,아시아드대로,거성사거리,거제2동우편취급국,25.92,0.0
2026-08-02T19:00:00,1420013300,연동로,정언어린이집,연산쌀직매장,17.33,0.0
2026-08-02T19:00:00,1420014500,과정로,연산8동주민센터,연산쌀직매장,26.92,0.0
2026-08-02T19:00:00,1420016800,과정로,연산1동주민센터,연산쌀직매장,30.75,0.0
2026-08-02T19:00:00,1420019400,법원남로9번길,거제역10번출구,거제역10번출구,14.33,0.0
2026-08-02T19:00:00,1420018100,법원남로9번길,거제역10번출구,거제역10번출구,6.0,0.0
2026-08-02T19:00:00,1420019600,법원로16번길,거제역10번출구,거제역10번출구,12.92,0.0
2026-08-02T19:00:00,1420019300,법원남로9번길,거제역10번출구,거제역10번출구,24.75,0.0
2026-08-02T19:00:00,1420020200,법원남로9번길,부산행복한교회,거제역10번출구,17.5,0.0
2026-08-02T19:00:00,1420035300,교대로,거제동285-1,부산교육대학교부설초등학교,30.17,0.0
2026-08-02T19:00:00,1420013700,반송로,연산교차로,SC제일은행연산동지점,21.86,109.0
2026-08-02T19:00:00,1420016000,반송로,연산일동미라주더스타아파트,SC제일은행연산동지점,30.32,143.0
2026-08-02T19:00:00,1420016200,세병로,부산은행연서지점,SC제일은행연산동지점,7.33,0.0
2026-08-02T19:00:00,1420014400,과정로,수협은행연산동지점,연산8동주민센터,29.42,0.0
2026-08-02T19:00:00,1420013900,과정로237번길,은성교회,연산8동주민센터,5.0,0.0
2026-08-02T19:00:00,1420014600,과정로,연산쌀직매장,연산8동주민센터,32.08,0.0
2026-08-02T19:00:00,1420014802,안연로,연산동2315,연산8동주민센터,19.34,0.0
2026-08-02T19:00:00,1420014801,안연로,연산교남측,연산동2315,13.58,0.0
2026-08-02T19:00:00,1420014701,안연로,연산8동주민센터,연산동2315,13.67,0.0
2026-08-02T19:00:00,1420015600,연안로,안락교남측,토곡사거리,13.34,0.0
2026-08-02T19:00:00,1420014900,과정로,수협은행연산동지점,토곡사거리,16.67,0.0
2026-08-02T19:00:00,1420030800,좌수영로,월륜교차로,토곡사거리,17.25,0.0
2026-08-02T19:00:00,1420010500,과정로,이디야커피부산토곡점,토곡사거리,20.59,0.0
2026-08-02T19:00:00,1420015700,아시아드대로,거제2동우편취급국,거성사거리,18.42,0.0
2026-08-02T19:00:00,1420022700,월드컵대로,부산아시아드주경기장,거성사거리,16.92,0.0
2026-08-02T19:00:00,1420017702,월드컵대로,거제동1191-2,거성사거리,13.34,0.0
2026-08-02T19:00:00,1420024002,아시아드대로,종합운동장역(부산3호선),거성사거리,5.67,0.0
2026-08-02T19:00:00,1420016900,쌍미천로,셀렉토커피부산연산자이점,연산일동미라주더스타아파트,19.17,0.0
2026-08-02T19:00:00,1420015900,반송로,SC제일은행연산동지점,연산일동미라주더스타아파트,25.11,109.0
2026-08-02T19:00:00,1420022400,반송로,과정삼거리,연산일동미라주더스타아파트,29.07,143.0
2026-08-02T19:00:00,1420025900,거제천로,소피아커피,부산은행연서지점,18.0,0.0
2026-08-02T19:00:00,1420016100,세병로,SC제일은행연산동지점,부산은행연서지점,10.34,0.0
2026-08-02T19:00:00,1420026500,거제천로,과정삼거리,부산은행연서지점,21.75,0.0
2026-08-02T19:00:00,1420027200,세병로,세병교서측,부산은행연서지점,16.25,0.0
2026-08-02T19:00:00,1420016300,월드컵대로,남문구사거리,부산은행거제2동영업소,38.67,0.0
2026-08-02T19:00:00,1420017600,법원로,부산사회복지사협회,부산은행거제2동영업소,12.5,0.0
2026-08-02T19:00:00,1420017804,월드컵대로,거제동1191-2,부산은행거제2동영업소,32.0,0.0
2026-08-02T19:00:00,1420019200,거제대로,교대사거리,거제역9번출구,26.2,456.0
2026-08-02T19:00:00,1420016500,거제대로,남문구사거리,거제역9번출구,35.27,263.0
2026-08-02T19:00:00,1420019000,법원남로,부산행복한교회,거제역9번출구,5.0,0.0
2026-08-02T19:00:00,1420016700,과정로,연산쌀직매장,연산1동주민센터,23.0,0.0
2026-08-02T19:00:00,1420022200,과정로,과정삼거리,연산1동주민센터,21.92,0.0
2026-08-02T19:00:00,1420017200,월드컵대로,부산아시아드주경기장,장세라음악학원,34.5,0.0
2026-08-02T19:00:00,1420017400,체육공원로,아시아드시티웨딩홀,장세라음악학원,26.67,0.0
2026-08-02T19:00:00,1420043100,월드컵대로,거제동산100-15,장세라음악학원,31.92,0.0
2026-08-02T19:00:00,1420022800,월드컵대로,거성사거리,부산아시아드주경기장,16.92,0.0
2026-08-02T19:00:00,1420017100,월드컵대로,장세라음악학원,부산아시아드주경기장,18.5,0.0
2026-08-02T19:00:00,1420023000,종합운동장로,창신초등학교병설유치원,부산아시아드주경기장,9.25,0.0
2026-08-02T19:00:00,1420024400,체육공원로,참빛교회,아시아드시티웨딩홀,20.92,0.0
2026-08-02T19:00:00,1420017300,체육공원로,장세라음악학원,아시아드시티웨딩홀,20.09,0.0
2026-08-02T19:00:00,1420024200,-,창신초등학교병설유치원,아시아드시티웨딩홀,21.42,0.0
2026-08-02T19:00:00,1420017500,법원로,부산은행거제2동영업소,부산사회복지사협회,21.58,0.0
2026-08-02T19:00:00,1420020600,법원로,NH농협은행부산법조타운지점,부산사회복지사협회,22.0,0.0
2026-08-02T19:00:00,1420017801,월드컵대로,거성사거리,거제동1191-2,30.34,0.0
2026-08-02T19:00:00,1420017704,월드컵대로,거제동1191-2,거제동1191-2,18.17,0.0
2026-08-02T19:00:00,1420017703,월드컵대로,부산은행거제2동영업소,거제동1191-2,17.84,0.0
2026-08-02T19:00:00,1420017803,월드컵대로,거제동1191-2,거제동1191-2,27.5,0.0
2026-08-02T19:00:00,1420018200,법원남로9번길,거제역10번출구,거제역10번출구,14.59,0.0
2026-08-02T19:00:00,1420018000,법원로8번길,뉴부산교회,거제역10번출구,20.0,0.0
2026-08-02T19:00:00,1420018800,법원로8번길,부산사회복지사협회,뉴부산교회,20.58,0.0
2026-08-02T19:00:00,1420018500,법원남로15번길,뉴부산교회,거제역10번출구,14.08,0.0
2026-08-02T19:00:00,1420020100,법원남로9번길,거제역10번출구,부산행복한교회,22.58,0.0
2026-08-02T19:00:00,1420018900,법원남로,거제역9번출구,부산행복한교회,26.25,0.0
2026-08-02T19:00:00,1420021600,법원남로,요거프레소법원점,부산행복한교회,18.0,0.0
2026-08-02T19:00:00,1420021800,법원남로10번길,서울신용평가정보부산지점,부산행복한교회,26.0,0.0
2026-08-02T19:00:00,1420019500,법원로16번길,거제역10번출구,거제역10번출구,9.34,0.0
2026-08-02T19:00:00,1420019700,법원남로15번길,거제역10번출구,거제역10번출구,11.58,0.0
2026-08-02T19:00:00,1420021200,법원남로15번길,거제역10번출구,거제역10번출구,12.25,0.0
2026-08-02T19:00:00,1420021400,법원로16번길,NH농협은행부산법조타운지점,거제역10번출구,15.25,0.0
2026-08-02T19:00:00,1420021100,법원남로15번길,거제역10번출구,거제역10번출구,12.59,0.0
2026-08-02T19:00:00,1420022000,법원남로15번길,요거프레소법원점,거제역10번출구,12.67,0.0
2026-08-02T19:00:00,1420020500,법원로,부산사회복지사협회,NH농협은행부산법조타운지점,12.84,0.0
2026-08-02T19:00:00,1420021300,법원로16번길,거제역10번출구,NH농협은행부산법조타운지점,11.92,0.0
2026-08-02T19:00:00,1420022600,법원로,대한법률구조공단부산지부,NH농협은행부산법조타운지점,16.33,0.0
2026-08-02T19:00:00,1420021500,법원남로,부산행복한교회,요거프레소법원점,17.67,0.0
2026-08-02T19:00:00,1420021900,법원남로15번길,거제역10번출구,요거프레소법원점,13.92,0.0
2026-08-02T19:00:00,1420023200,법원남로,대한법률구조공단부산지부,요거프레소법원점,18.08,0.0
2026-08-02T19:00:00,1420023400,법원남로16번길,성락부산진교회,요거프레소법원점,10.17,0.0
2026-08-02T19:00:00,1420021700,법원남로10번길,부산행복한교회,서울신용평가정보부산지점,26.25,0.0
2026-08-02T19:00:00,1420023600,법원로32번길,성락부산진교회,서울신용평가정보부산지점,5.0,0.0
2026-08-02T19:00:00,1420023800,법원남로10번길,성락부산교회,서울신용평가정보부산지점,34.59,0.0
2026-08-02T19:00:00,1420022300,반송로,연산일동미라주더스타아파트,과정삼거리,18.15,109.0
2026-08-02T19:00:00,1420026600,거제천로,부산은행연서지점,과정삼거리,14.75,0.0
2026-08-02T19:00:00,1420022100,과정로,연산1동주민센터,과정삼거리,8.58,0.0
2026-08-02T19:00:00,1420026800,반송로,연안교남측,과정삼거리,15.88,176.0
2026-08-02T19:00:00,1420044401,-,-,과정삼거리,14.83,0.0
2026-08-02T19:00:00,1420022500,법원로,NH농협은행부산법조타운지점,대한법률구조공단부산지부,30.5,0.0
2026-08-02T19:00:00,1420023100,법원남로,요거프레소법원점,대한법률구조공단부산지부,4.67,0.0
2026-08-02T19:00:00,1420024600,법원로,베네타운,대한법률구조공단부산지부,26.5,0.0
2026-08-02T19:00:00,1420027400,종합운동장로,세계로병원장례식장,창신초등학교병설유치원,21.58,0.0
2026-08-02T19:00:00,1420022900,종합운동장로,부산아시아드주경기장,창신초등학교병설유치원,15.17,0.0
2026-08-02T19:00:00,1420024100,-,아시아드시티웨딩홀,창신초등학교병설유치원,20.08,0.0
2026-08-02T19:00:00,1420023300,법원남로16번길,요거프레소법원점,성락부산진교회,8.67,0.0
2026-08-02T19:00:00,1420023500,법원로32번길,서울신용평가정보부산지점,성락부산진교회,13.42,0.0
2026-08-02T19:00:00,1420025400,법원로32번길,베네타운,성락부산진교회,6.0,0.0
2026-08-02T19:00:00,1420023700,법원남로10번길,서울신용평가정보부산지점,성락부산교회,30.5,0.0
2026-08-02T19:00:00,1420025600,-,성락부산진교회,성락부산교회,26.0,0.0
2026-08-02T19:00:00,1420025800,법원북로,거제1동주민센터,성락부산교회,27.0,0.0
2026-08-02T19:00:00,1420023901,아시아드대로,거성사거리,종합운동장역(부산3호선),26.25,0.0
2026-08-02T19:00:00,1420024001,아시아드대로,하나둘어린이집,종합운동장역(부산3호선),16.92,0.0
2026-08-02T19:00:00,1420028000,아시아드대로,종합운동장앞교차로,하나둘어린이집,28.0,0.0
2026-08-02T19:00:00,1420023902,아시아드대로,종합운동장역(부산3호선),하나둘어린이집,24.25,0.0
2026-08-02T19:00:00,1420027802,법원북로,거제동1499-1,하나둘어린이집,11.5,0.0
2026-08-02T19:00:00,1420024500,법원로,대한법률구조공단부산지부,베네타운,11.67,0.0
2026-08-02T19:00:00,1420025300,법원로32번길,성락부산진교회,베네타운,2.0,0.0
2026-08-02T19:00:00,1420026400,법원로,베네타운,베네타운,14.75,0.0
2026-08-02T19:00:00,1350052500,안연로,연산교남측,연산교북측,12.5,0.0
2026-08-02T19:00:00,1350010102,온천천로,안락동125,연산교북측,23.09,0.0
2026-08-02T19:00:00,1350010800,온천천로,연안교북측,연산교북측,21.0,0.0
2026-08-02T19:00:00,1350011000,안연로,부산은행연안지점,연산교북측,13.67,0.0
2026-08-02T19:00:00,1420024901,온천천남로,연산교남측,연산동503-1,31.0,0.0
2026-08-02T19:00:00,1420025001,온천천남로,연안교남측,연산동503-1,29.0,0.0
2026-08-02T19:00:00,1350052600,반송로,연안교북측,연안교남측,17.88,176.0
2026-08-02T19:00:00,1420026700,반송로,과정삼거리,연안교남측,26.18,99.0
2026-08-02T19:00:00,1420024902,온천천남로,연산동503-1,연안교남측,26.0,0.0
2026-08-02T19:00:00,1420025500,-,성락부산교회,성락부산진교회,5.08,0.0
2026-08-02T19:00:00,1420026200,법원남로16번길,거제1동주민센터,성락부산진교회,10.0,0.0
2026-08-02T19:00:00,1420025700,법원북로,성락부산교회,거제1동주민센터,17.5,0.0
2026-08-02T19:00:00,1420027000,법원북로,베네타운,거제1동주민센터,29.92,0.0
2026-08-02T19:00:00,1420026300,법원로,베네타운,베네타운,29.84,0.0
2026-08-02T19:00:00,1420026900,법원북로,거제1동주민센터,베네타운,5.58,0.0
2026-08-02T19:00:00,1420027604,법원북로,부산지방법원가정지원,베네타운,16.58,0.0
2026-08-02T19:00:00,1420030200,명륜로,세병교동측,세병교서측,28.92,0.0
2026-08-02T19:00:00,1420027100,세병로,부산은행연서지점,세병교서측,19.58,0.0
2026-08-02T19:00:00,1420029700,명륜로,교대사거리,세병교서측,36.42,0.0
2026-08-02T19:00:00,1420027504,법원북로,부산지방법원가정지원,거제동1499-1,27.67,0.0
2026-08-02T19:00:00,1420027601,법원북로,아이마루도서관,거제동1499-1,21.92,0.0
2026-08-02T19:00:00,1420033900,교대로,부산교육대학교부설초등학교,부산지방법원가정지원,23.0,0.0
2026-08-02T19:00:00,1420027503,법원북로,베네타운,부산지방법원가정지원,28.17,0.0
2026-08-02T19:00:00,1420027603,법원북로,거제동1499-1,부산지방법원가정지원,25.08,0.0
2026-08-02T19:00:00,1420028400,미남로,법원어귀교차로,아이마루도서관,18.42,0.0
2026-08-02T19:00:00,1420027502,법원북로,거제동1499-1,아이마루도서관,18.5,0.0
2026-08-02T19:00:00,1420027702,법원북로,거제동1499-1,아이마루도서관,16.0,0.0
2026-08-02T19:00:00,1420027701,법원북로,하나둘어린이집,거제동1499-1,16.33,0.0
2026-08-02T19:00:00,1420027801,법원북로,아이마루도서관,거제동1499-1,14.5,0.0
2026-08-02T19:00:00,1420028900,명륜로,교대역3번출구,교대사거리,38.25,0.0
2026-08-02T19:00:00,1420029800,명륜로,세병교서측,교대사거리,8.25,0.0
2026-08-02T19:00:00,1420037200,수영강변대로,연제구-동래구,월륜교차로,21.75,0.0
2026-08-02T19:00:00,1420030300,좌수영로,토곡사거리,월륜교차로,21.17,0.0
2026-08-02T19:00:00,1420030500,좌수영로,망미2동행정복지센터,월륜교차로,11.0,0.0
2026-08-02T19:00:00,1420030700,고분로,연산경남아파트,월륜교차로,11.33,0.0
2026-08-02T19:00:00,1420030400,좌수영로,월륜교차로,망미2동행정복지센터,24.08,0.0
2026-08-02T19:00:00,1430033700,번영로,수영구자원봉사센터,망미2동행정복지센터,29.15,547.0
2026-08-02T19:00:00,1430026902,좌수영로,망미동45-5,망미2동행정복지센터,20.42,0.0
2026-08-02T19:00:00,1420030600,고분로,월륜교차로,연산경남아파트,25.08,0.0
2026-08-02T19:00:00,1420010200,고분로,이디야커피부산토곡점,연산경남아파트,16.34,0.0
2026-08-02T19:00:00,1420042600,거제대로,거제해맞이역3번출구,거제4동주민센터,45.5,0.0
2026-08-02T19:00:00,1420041700,거제대로,하마정사거리,거제4동주민센터,40.42,0.0
2026-08-02T19:00:00,1420034200,교대로,교대역3번출구,거제동285-1,20.42,0.0
2026-08-02T19:00:00,1420043200,월드컵대로,장세라음악학원,거제동산100-15,28.0,0.0
2026-08-02T19:00:00,1420042900,월드컵대로,한신아파트,거제동산100-15,28.25,0.0
2026-08-02T19:00:00,1420039600,신촌로,에이스커피,연산동1353-8,20.75,0.0
2026-08-02T19:00:00,1340042102,거제대로,양정동378-62,하마정사거리,15.5,0.0
2026-08-02T19:00:00,1340048900,동평로,KEB하나은행양정역지점,하마정사거리,12.08,0.0
2026-08-02T19:00:00,1420041800,거제대로,거제4동주민센터,하마정사거리,29.34,0.0
2026-08-02T19:00:00,1340049800,동평로,금샘유치원,하마정사거리,27.67,0.0
2026-08-02T19:00:00,1340047106,동평로,양정동512-2,금샘유치원,25.5,0.0
2026-08-02T19:00:00,1340049700,동평로,하마정사거리,금샘유치원,18.75,0.0
2026-08-02T19:00:00,1420042200,중앙대로,시청앞교차로,부산인권교육센터,20.29,253.0
2026-08-02T19:00:00,1340323500,진연로,NH농협은행부산시청지점,부산인권교육센터,26.58,0.0
2026-08-02T19:00:00,1340002701,중앙대로,양정2동파출소,부산인권교육센터,23.7,304.0
2026-08-02T19:00:00,1340052101,월드컵대로,시민도서관삼거리,한신아파트,29.17,0.0
2026-08-02T19:00:00,1420043000,월드컵대로,거제동산100-15,한신아파트,35.92,0.0
2026-08-02T19:00:00,1430033500,번영로,남구-수영구,광안터널북측,66.41,778.0
2026-08-02T19:00:00,1430000400,번영로,광안터널,광안터널북측,61.66,603.0
2026-08-02T19:00:00,1430000300,번영로,광안터널북측,광안터널,66.41,778.0
2026-08-02T19:00:00,1430000600,번영로,수영터널남측,광안터널,61.66,603.0
2026-08-02T19:00:00,1430000500,번영로,광안터널,수영터널남측,66.41,778.0
2026-08-02T19:00:00,1430000700,번영로,수영터널북측,수영터널남측,61.66,603.0
2026-08-02T19:00:00,1430000800,번영로,수영터널남측,수영터널북측,66.41,778.0
2026-08-02T19:00:00,1430001000,번영로,번영로수영고가교남측,수영터널북측,61.66,603.0
2026-08-02T19:00:00,1430000900,번영로,수영터널북측,번영로수영고가교남측,66.41,778.0
2026-08-02T19:00:00,1430001100,번영로,번영로수영고가교북측,번영로수영고가교남측,65.52,364.0
2026-08-02T19:00:00,1430001200,번영로,번영로수영고가교남측,번영로수영고가교북측,62.54,443.0
2026-08-02T19:00:00,1430001602,번영로,수영구자원봉사센터,번영로수영고가교북측,84.7,73.0
2026-08-02T19:00:00,1430001502,번영로,번영로수영고가교북측,수영구자원봉사센터,43.66,98.0
2026-08-02T19:00:00,1430001601,번영로,속성변화점,수영구자원봉사센터,84.7,73.0
2026-08-02T19:00:00,1430001501,번영로,수영구자원봉사센터,속성변화점,88.57,27.0
2026-08-02T19:00:00,1350000200,번영로,속성변화점,속성변화점,84.7,73.0
2026-08-02T19:00:00,1430002300,광안대로,도시가스앞오거리,광안대교,46.71,0.0
2026-08-02T19:00:00,1360023900,신선로,도시가스앞삼거리,광안대교,25.5,0.0
2026-08-02T19:00:00,1430002802,황령대로,부산도시가스본사,광안대교,37.9,228.0
2026-08-02T19:00:00,1430001700,황령대로,도시가스앞오거리,광안대교,39.93,362.0
2026-08-02T19:00:00,1430002500,광안대로,도시가스앞오거리,광안대교,53.54,0.0
2026-08-02T19:00:00,1430003000,광안대로,광안대교분기점,광안대교,64.71,0.0
2026-08-02T19:00:00,1430001900,광안대로,도시가스앞오거리,광안대교,9.83,0.0
2026-08-02T19:00:00,1430002701,황령대로,광안대교,부산도시가스본사,39.93,362.0
2026-08-02T19:00:00,1430002801,황령대로,대남지하차도,부산도시가스본사,31.24,228.0
2026-08-02T19:00:00,1430002702,황령대로,부산도시가스본사,대남지하차도,41.22,362.0
2026-08-02T19:00:00,1430003200,황령대로,대남지하차도남측,대남지하차도,30.53,228.0
2026-08-02T19:00:00,1430003402,황령대로489번길,남천동554,대남지하차도,9.0,0.0
2026-08-02T19:00:00,1430003600,황령대로,대남교차로,대남지하차도남측,21.0,0.0
2026-08-02T19:00:00,1430003100,황령대로,대남지하차도,대남지하차도남측,41.97,362.0
2026-08-02T19:00:00,1360131400,황령대로,대남지하차도북측,대남지하차도남측,48.22,742.0
2026-08-02T19:00:00,1430003301,황령대로489번길,대남지하차도,남천동554,12.75,0.0
2026-08-02T19:00:00,1430003401,황령대로489번길,쌈지공원,남천동554,21.0,0.0
2026-08-02T19:00:00,1430003302,황령대로489번길,남천동554,쌈지공원,16.0,0.0
2026-08-02T19:00:00,1430003800,-,삼익비치아파트,쌈지공원,14.25,0.0
2026-08-02T19:00:00,1430004000,광안해변로,삼익쇼핑,쌈지공원,27.58,0.0
2026-08-02T19:00:00,1430002102,광안해변로,남천동568,쌈지공원,27.42,0.0
2026-08-02T19:00:00,1430003700,-,쌈지공원,삼익비치아파트,21.75,0.0
2026-08-02T19:00:00,1430004800,-,삼익쇼핑,삼익비치아파트,6.0,0.0
2026-08-02T19:00:00,1430005000,-,광남초등학교병설유치원,삼익비치아파트,18.25,0.0
2026-08-02T19:00:00,1430003900,광안해변로,쌈지공원,삼익쇼핑,24.17,0.0
2026-08-02T19:00:00,1430004700,-,삼익비치아파트,삼익쇼핑,5.0,0.0
2026-08-02T19:00:00,1430027800,광안해변로,광남초등학교병설유치원,삼익쇼핑,22.67,0.0
2026-08-02T19:00:00,1430005200,수영구청길,남천2치안센터,삼익쇼핑,14.25,0.0
2026-08-02T19:00:00,1430004300,수영로,대남교차로,KBS삼거리,23.53,183.0
2026-08-02T19:00:00,1430005502,남천동로,남천동148-16,KBS삼거리,10.0,0.0
2026-08-02T19:00:00,1430006200,광남로,수영구청앞교차로,KBS삼거리,13.0,0.0
2026-08-02T19:00:00,1430006000,수영로,인구보건복지협회부산지회,KBS삼거리,34.08,0.0
2026-08-02T19:00:00,1360131500,황령대로,대남교차로,대남지하차도북측,34.42,0.0
2026-08-02T19:00:00,1430004600,황령대로,GS주유소대일,대남지하차도북측,47.23,147.0
2026-08-02T19:00:00,1360131300,황령대로,대남지하차도남측,대남지하차도북측,46.85,1074.0
2026-08-02T19:00:00,1430004900,-,삼익비치아파트,광남초등학교병설유치원,15.67,0.0
2026-08-02T19:00:00,1430027900,광안해변로,삼익쇼핑,광남초등학교병설유치원,15.67,0.0
2026-08-02T19:00:00,1430007000,광남로48번길,부산은행광남지점,광남초등학교병설유치원,10.75,0.0
2026-08-02T19:00:00,1430027600,광안해변로,이디야커피부산광안비치점,광남초등학교병설유치원,13.59,0.0
2026-08-02T19:00:00,1430005100,수영구청길,삼익쇼핑,남천2치안센터,20.17,0.0
2026-08-02T19:00:00,1430005602,남천동로,남천동148-16,남천2치안센터,27.0,0.0
2026-08-02T19:00:00,1430005800,남천동로,수영구청앞교차로,남천2치안센터,18.25,0.0
2026-08-02T19:00:00,1430005601,남천동로,KBS삼거리,남천동148-16,7.0,0.0
2026-08-02T19:00:00,1430005501,남천동로,남천2치안센터,남천동148-16,25.0,0.0
2026-08-02T19:00:00,1430006100,광남로,KBS삼거리,수영구청앞교차로,22.17,0.0
2026-08-02T19:00:00,1430005700,남천동로,남천2치안센터,수영구청앞교차로,11.0,0.0
2026-08-02T19:00:00,1430006801,광남로,부산은행광남지점,수영구청앞교차로,16.5,0.0
2026-08-02T19:00:00,1430005900,수영로,KBS삼거리,인구보건복지협회부산지회,20.5,0.0
2026-08-02T19:00:00,1430006601,수영로,엔제리너스부산남천,인구보건복지협회부산지회,24.34,270.0
2026-08-02T19:00:00,1430006501,수영로,인구보건복지협회부산지회,엔제리너스부산남천,29.99,183.0
2026-08-02T19:00:00,1430006602,수영로,금련산역4번출구,엔제리너스부산남천,27.05,270.0
2026-08-02T19:00:00,1430007100,수영로464번길,부산은행광남지점,엔제리너스부산남천,14.0,0.0
2026-08-02T19:00:00,1430006502,수영로,엔제리너스부산남천,금련산역4번출구,23.03,183.0
2026-08-02T19:00:00,1430008100,남천바다로,효당미술연구원,금련산역4번출구,10.75,0.0
2026-08-02T19:00:00,1430008600,수영로,장대골삼거리,금련산역4번출구,21.72,270.0
2026-08-02T19:00:00,1430006900,광남로48번길,광남초등학교병설유치원,부산은행광남지점,7.92,0.0
2026-08-02T19:00:00,1430027700,광남로,수영구청앞교차로,부산은행광남지점,20.0,0.0
2026-08-02T19:00:00,1430007200,수영로464번길,엔제리너스부산남천,부산은행광남지점,4.0,0.0
2026-08-02T19:00:00,1430006802,광남로,효당미술연구원,부산은행광남지점,21.59,0.0
2026-08-02T19:00:00,1430008200,남천바다로,금련산역4번출구,효당미술연구원,8.42,0.0
2026-08-02T19:00:00,1430028000,광남로,부산은행광남지점,효당미술연구원,20.5,0.0
2026-08-02T19:00:00,1430007700,남천바다로,스타벅스남천점,효당미술연구원,5.75,0.0
2026-08-02T19:00:00,1430008400,광남로,광안리해수욕장교차로,효당미술연구원,20.59,0.0
2026-08-02T19:00:00,1430027500,광안해변로,광남초등학교병설유치원,이디야커피부산광안비치점,17.17,0.0
2026-08-02T19:00:00,1430007400,남천바다로,스타벅스남천점,이디야커피부산광안비치점,9.75,0.0
2026-08-02T19:00:00,1430007600,광안해변로,오가다부산광안리점,이디야커피부산광안비치점,6.75,0.0
2026-08-02T19:00:00,1430007800,남천바다로,효당미술연구원,스타벅스남천점,9.67,0.0
2026-08-02T19:00:00,1430007300,남천바다로,이디야커피부산광안비치점,스타벅스남천점,13.75,0.0
2026-08-02T19:00:00,1430007500,광안해변로,이디야커피부산광안비치점,오가다부산광안리점,9.58,0.0
2026-08-02T19:00:00,1430008800,광안로,웨딩앤플라워,오가다부산광안리점,2.92,0.0
2026-08-02T19:00:00,1430009000,광안해변로,포항영일상회,오가다부산광안리점,5.75,0.0
2026-08-02T19:00:00,1430007900,남천바다로33번길,스타벅스남천점,웨딩앤플라워,7.59,0.0
2026-08-02T19:00:00,1430008700,광안로,오가다부산광안리점,웨딩앤플라워,2.92,0.0
2026-08-02T19:00:00,1430009200,광안로,광안리해수욕장교차로,웨딩앤플라워,3.33,0.0
2026-08-02T19:00:00,1430008300,광남로,효당미술연구원,광안리해수욕장교차로,10.34,0.0
2026-08-02T19:00:00,1430009100,광안로,웨딩앤플라워,광안리해수욕장교차로,2.58,0.0
2026-08-02T19:00:00,1430009802,광안로,광안동205,광안리해수욕장교차로,6.42,0.0
2026-08-02T19:00:00,1430010000,광남로,동방오거리,광안리해수욕장교차로,5.92,0.0
2026-08-02T19:00:00,1430008500,수영로,금련산역4번출구,장대골삼거리,24.11,183.0
2026-08-02T19:00:00,1430009702,광안로,광안동205,장대골삼거리,16.84,0.0
2026-08-02T19:00:00,1430016200,수영로,광안사거리,장대골삼거리,22.59,270.0
2026-08-02T19:00:00,1430008900,광안해변로,오가다부산광안리점,포항영일상회,15.34,0.0
2026-08-02T19:00:00,1430013200,광안해변로,수협은행민락지점,포항영일상회,6.42,0.0
2026-08-02T19:00:00,1430016600,광안해변로295번길,제주이어도상회,광민지구대,10.96,0.0
2026-08-02T19:00:00,1430009300,광안로61번길,웨딩앤플라워,광민지구대,6.09,0.0
2026-08-02T19:00:00,1430014700,광안해변로295번길,수협은행민락지점,광민지구대,10.5,0.0
2026-08-02T19:00:00,1430016400,민락본동로19번길,민락어린이집,광민지구대,5.0,0.0
2026-08-02T19:00:00,1430009701,광안로,광안리해수욕장교차로,광안동205,19.5,0.0
2026-08-02T19:00:00,1430009801,광안로,장대골삼거리,광안동205,14.5,0.0
2026-08-02T19:00:00,1430017400,광남로,제주이어도상회,동방오거리,22.83,0.0
2026-08-02T19:00:00,1430009900,광남로,광안리해수욕장교차로,동방오거리,23.17,0.0
2026-08-02T19:00:00,1430017600,감포로,부전동역,동방오거리,9.09,0.0
2026-08-02T19:00:00,1430010200,광안해변로344번길,동해대게수산,민락선착장,4.0,0.0
2026-08-02T19:00:00,1430010400,광안해변로344번길,해마수산,민락선착장,15.0,0.0
2026-08-02T19:00:00,1430010100,광안해변로344번길,민락선착장,동해대게수산,15.34,0.0
2026-08-02T19:00:00,1430010800,광안해변로344번길,한국교육안전개발연구원,동해대게수산,11.42,0.0
2026-08-02T19:00:00,1430011000,광안해변로344번길,동해대게수산,동해대게수산,5.0,0.0
2026-08-02T19:00:00,1430010300,광안해변로344번길,민락선착장,해마수산,11.92,0.0
2026-08-02T19:00:00,1430011400,광안해변로358번길,한국교육안전개발연구원,해마수산,9.83,0.0
2026-08-02T19:00:00,1430011200,광안해변로358번길,해마수산,해마수산,18.67,0.0
2026-08-02T19:00:00,1430011500,광안해변로358번길,해마수산,홈스테드커피부산광안리점,4.0,0.0
2026-08-02T19:00:00,1430012000,광안해변로370번길,부산은행민락동지점,홈스테드커피부산광안리점,12.83,0.0
2026-08-02T19:00:00,1430012202,광안해변로370번길,민락동110-7,홈스테드커피부산광안리점,12.08,0.0
2026-08-02T19:00:00,1430010700,광안해변로344번길,동해대게수산,한국교육안전개발연구원,8.58,0.0
2026-08-02T19:00:00,1430011300,광안해변로358번길,해마수산,한국교육안전개발연구원,15.92,0.0
2026-08-02T19:00:00,1430012400,광안해변로358번길,한국교육안전개발연구원,한국교육안전개발연구원,17.25,0.0
2026-08-02T19:00:00,1430010900,광안해변로344번길,동해대게수산,동해대게수산,3.67,0.0
2026-08-02T19:00:00,1430012800,광안해변로,한국교육안전개발연구원,동해대게수산,22.84,0.0
2026-08-02T19:00:00,1430013000,광안해변로,민락공원앞교차로,동해대게수산,16.67,0.0
2026-08-02T19:00:00,1430011100,광안해변로358번길,해마수산,해마수산,3.0,0.0
2026-08-02T19:00:00,1430011600,광안해변로358번길,홈스테드커피부산광안리점,해마수산,20.08,0.0
2026-08-02T19:00:00,1430011700,광안해변로,해마수산,한국교육안전개발연구원,8.0,0.0
2026-08-02T19:00:00,1430013400,광안해변로,부산은행민락동지점,한국교육안전개발연구원,24.42,0.0
2026-08-02T19:00:00,1430013600,광안해변로,한국교육안전개발연구원,한국교육안전개발연구원,28.5,0.0
2026-08-02T19:00:00,1430011900,광안해변로370번길,홈스테드커피부산광안리점,부산은행민락동지점,9.0,0.0
2026-08-02T19:00:00,1430013300,광안해변로,한국교육안전개발연구원,부산은행민락동지점,27.34,0.0
2026-08-02T19:00:00,1430013800,광안해변로,환경생태공학연구원,부산은행민락동지점,29.75,0.0
2026-08-02T19:00:00,1430012101,광안해변로370번길,홈스테드커피부산광안리점,민락동110-7,10.0,0.0
2026-08-02T19:00:00,1430012201,광안해변로370번길,캐슬비치관광호텔,민락동110-7,13.42,0.0
2026-08-02T19:00:00,1430014400,민락수변로,환경생태공학연구원,캐슬비치관광호텔,16.92,0.0
2026-08-02T19:00:00,1430014200,광안해변로370번길,환경생태공학연구원,캐슬비치관광호텔,11.33,0.0
2026-08-02T19:00:00,1430012300,광안해변로358번길,한국교육안전개발연구원,한국교육안전개발연구원,8.92,0.0
2026-08-02T19:00:00,1430012700,광안해변로,동해대게수산,한국교육안전개발연구원,24.75,0.0
2026-08-02T19:00:00,1430013500,광안해변로,한국교육안전개발연구원,한국교육안전개발연구원,28.17,0.0
2026-08-02T19:00:00,1430013100,광안해변로,포항영일상회,수협은행민락지점,12.17,0.0
2026-08-02T19:00:00,1430014800,광안해변로295번길,광민지구대,수협은행민락지점,7.0,0.0
2026-08-02T19:00:00,1430014600,광안해변로,갤러리블루홀,수협은행민락지점,9.42,0.0
2026-08-02T19:00:00,1430014300,민락수변로,캐슬비치관광호텔,환경생태공학연구원,27.17,0.0
2026-08-02T19:00:00,1430015300,광안해변로378번길,환경생태공학연구원,환경생태공학연구원,12.17,0.0
2026-08-02T19:00:00,1430016000,민락수변로,롯데캐슬마트,환경생태공학연구원,27.25,0.0
2026-08-02T19:00:00,1430012900,광안해변로,동해대게수산,민락공원앞교차로,19.75,0.0
2026-08-02T19:00:00,1430015600,광안해변로,갤러리블루홀,민락공원앞교차로,13.67,0.0
2026-08-02T19:00:00,1430015800,민락본동로,민락어린이집,민락공원앞교차로,14.83,0.0
2026-08-02T19:00:00,1430013700,광안해변로,부산은행민락동지점,환경생태공학연구원,16.67,0.0
2026-08-02T19:00:00,1430015000,광안해변로378번길,환경생태공학연구원,환경생태공학연구원,6.75,0.0
2026-08-02T19:00:00,1430015200,광안해변로,해초나라,환경생태공학연구원,20.75,0.0
2026-08-02T19:00:00,1430014500,광안해변로,수협은행민락지점,갤러리블루홀,18.67,0.0
2026-08-02T19:00:00,1430015500,광안해변로,민락공원앞교차로,갤러리블루홀,9.25,0.0
2026-08-02T19:00:00,1430015400,광안해변로378번길,환경생태공학연구원,환경생태공학연구원,16.33,0.0
2026-08-02T19:00:00,1430014900,광안해변로378번길,환경생태공학연구원,환경생태공학연구원,17.42,0.0
2026-08-02T19:00:00,1430015100,광안해변로,환경생태공학연구원,해초나라,25.83,0.0
2026-08-02T19:00:00,1430016800,광안해변로,롯데캐슬마트,해초나라,11.33,0.0
2026-08-02T19:00:00,1430017000,광안해변로,이찬진컴퓨터교실수영지사,해초나라,20.67,0.0
2026-08-02T19:00:00,1430016300,민락본동로19번길,광민지구대,민락어린이집,10.0,0.0
2026-08-02T19:00:00,1430015700,민락본동로,민락공원앞교차로,민락어린이집,21.75,0.0
2026-08-02T19:00:00,1430017200,민락본동로,민락교차로,민락어린이집,24.25,0.0
2026-08-02T19:00:00,1430015900,민락수변로,환경생태공학연구원,롯데캐슬마트,31.09,0.0
2026-08-02T19:00:00,1430016700,광안해변로,해초나라,롯데캐슬마트,15.5,0.0
2026-08-02T19:00:00,1430017800,민락수변로,갤러리마레,롯데캐슬마트,30.92,0.0
2026-08-02T19:00:00,1430016100,수영로,장대골삼거리,광안사거리,20.53,183.0
2026-08-02T19:00:00,1430020800,수영로,수영교차로,광안사거리,21.14,270.0
2026-08-02T19:00:00,1430017500,감포로,동방오거리,부전동역,18.75,0.0
2026-08-02T19:00:00,1430020000,감포로,블루코리아씨푸드,부전동역,18.25,0.0
2026-08-02T19:00:00,1430017700,민락수변로,롯데캐슬마트,갤러리마레,30.67,0.0
2026-08-02T19:00:00,1430019300,광남로,이찬진컴퓨터교실수영지사,갤러리마레,18.42,0.0
2026-08-02T19:00:00,1430020200,민락수변로,민락교차로,갤러리마레,30.0,0.0
2026-08-02T19:00:00,1430017900,광남로,제주이어도상회,민락교차로,19.17,0.0
2026-08-02T19:00:00,1430017100,민락본동로,민락어린이집,민락교차로,22.17,0.0
2026-08-02T19:00:00,1430018600,광남로,수영2호교서측,민락교차로,21.33,0.0
2026-08-02T19:00:00,1430018800,광남로,이찬진컴퓨터교실수영지사,민락교차로,16.83,0.0
2026-08-02T19:00:00,1430019200,광남로,우동항삼거리,수영2호교서측,33.44,764.0
2026-08-02T19:00:00,1430018500,광남로,민락교차로,수영2호교서측,31.42,0.0
2026-08-02T19:00:00,1430019000,광안해변로,나라상사,수영2호교서측,18.17,0.0
2026-08-02T19:00:00,1430016900,광안해변로,해초나라,이찬진컴퓨터교실수영지사,19.0,0.0
2026-08-02T19:00:00,1430019400,광남로,갤러리마레,이찬진컴퓨터교실수영지사,18.84,0.0
2026-08-02T19:00:00,1430018700,광남로,민락교차로,이찬진컴퓨터교실수영지사,16.67,0.0
2026-08-02T19:00:00,1430019600,광안해변로,나라상사,이찬진컴퓨터교실수영지사,11.42,0.0
2026-08-02T19:00:00,1430018900,광안해변로,수영2호교서측,나라상사,13.58,0.0
2026-08-02T19:00:00,1430019500,광안해변로,이찬진컴퓨터교실수영지사,나라상사,14.92,0.0
2026-08-02T19:00:00,1430020400,광안해변로,민락교차로,나라상사,18.25,0.0
2026-08-02T19:00:00,1430019900,감포로,부전동역,블루코리아씨푸드,22.25,0.0
2026-08-02T19:00:00,1430022800,감포로,블루코리아씨푸드,블루코리아씨푸드,9.08,0.0
2026-08-02T19:00:00,1430020100,민락수변로,갤러리마레,민락교차로,27.0,0.0
2026-08-02T19:00:00,1430020300,광안해변로,나라상사,민락교차로,25.92,0.0
2026-08-02T19:00:00,1430021000,광안해변로,민락교차로,민락교차로,26.25,0.0
2026-08-02T19:00:00,1430021400,수영로,수영1호교동측,민락교차로,26.84,0.0
2026-08-02T19:00:00,1430020900,광안해변로,민락교차로,민락교차로,4.92,0.0
2026-08-02T19:00:00,1430021200,수영로,민락역2번출구,민락교차로,22.58,0.0
2026-08-02T19:00:00,1430021602,좌수영로,수영동431-24,민락교차로,16.92,0.0
2026-08-02T19:00:00,1430021100,수영로,민락교차로,민락역2번출구,30.92,0.0
2026-08-02T19:00:00,1430021800,수영로,감포사거리,민락역2번출구,24.42,0.0
2026-08-02T19:00:00,1430022000,수영로,수영동541,민락역2번출구,9.0,0.0
2026-08-02T19:00:00,1430021501,좌수영로,민락교차로,수영동431-24,31.84,0.0
2026-08-02T19:00:00,1430021601,좌수영로,리틀바하피아노교습소,수영동431-24,25.92,0.0
2026-08-02T19:00:00,1430029300,좌수영로,수영동541,수영동431-24,4.0,0.0
2026-08-02T19:00:00,1430021502,좌수영로,수영동431-24,리틀바하피아노교습소,35.59,0.0
2026-08-02T19:00:00,1430024102,좌수영로83번길,수영동433-1,리틀바하피아노교습소,11.84,0.0
2026-08-02T19:00:00,1430025000,좌수영로,참숯한우식육식당,리틀바하피아노교습소,22.34,0.0
2026-08-02T19:00:00,1430021700,수영로,민락역2번출구,감포사거리,20.92,0.0
2026-08-02T19:00:00,1430023400,수영로,감포사거리,감포사거리,36.17,0.0
2026-08-02T19:00:00,1430023602,수영로741번길,수영동440,감포사거리,8.34,0.0
2026-08-02T19:00:00,1430021900,수영로,민락역2번출구,수영동541,16.59,0.0
2026-08-02T19:00:00,1430029400,좌수영로,수영동431-24,수영동541,27.33,0.0
2026-08-02T19:00:00,1430020700,수영로,광안사거리,수영교차로,23.65,183.0
2026-08-02T19:00:00,1430022400,수영로,블루코리아씨푸드,수영교차로,12.17,0.0
2026-08-02T19:00:00,1430022600,연수로,망미역앞교차로,수영교차로,23.58,0.0
2026-08-02T19:00:00,1430022700,감포로,블루코리아씨푸드,블루코리아씨푸드,15.0,0.0
2026-08-02T19:00:00,1430022300,수영로,수영교차로,블루코리아씨푸드,22.33,0.0
2026-08-02T19:00:00,1430023200,수영로,감포사거리,블루코리아씨푸드,27.0,0.0
2026-08-02T19:00:00,1430022500,연수로,수영교차로,망미역앞교차로,19.33,0.0
2026-08-02T19:00:00,1430024602,연수로,망미포스코앞교차로,망미역앞교차로,21.75,0.0
2026-08-02T19:00:00,1430024802,과정로,망미동601-14,망미역앞교차로,14.5,0.0
2026-08-02T19:00:00,1430023300,수영로,감포사거리,감포사거리,18.08,0.0
2026-08-02T19:00:00,1430023100,수영로,블루코리아씨푸드,감포사거리,16.92,0.0
2026-08-02T19:00:00,1430023800,구락로,은솔어린이집,감포사거리,8.83,0.0
2026-08-02T19:00:00,1430023501,수영로741번길,감포사거리,수영동440,15.0,0.0
2026-08-02T19:00:00,1430029100,수영로741번길,수영동433-1,수영동440,21.0,0.0
2026-08-02T19:00:00,1430023700,구락로,감포사거리,은솔어린이집,19.08,0.0
2026-08-02T19:00:00,1430024202,좌수영로83번길,수영동433-1,은솔어린이집,10.17,0.0
2026-08-02T19:00:00,1430024400,구락로,수영종점,은솔어린이집,22.42,0.0
2026-08-02T19:00:00,1430024502,연수로,망미포스코앞교차로,수영구도시재생지원센터,32.17,0.0
2026-08-02T19:00:00,1430025202,연수로,망미동847-2,수영구도시재생지원센터,27.17,0.0
2026-08-02T19:00:00,1430024201,좌수영로83번길,리틀바하피아노교습소,수영동433-1,10.08,0.0
2026-08-02T19:00:00,1430029200,수영로741번길,수영동440,수영동433-1,18.0,0.0
2026-08-02T19:00:00,1430024101,좌수영로83번길,은솔어린이집,수영동433-1,19.83,0.0
2026-08-02T19:00:00,1430024300,구락로,은솔어린이집,수영종점,24.17,0.0
2026-08-02T19:00:00,1430025800,수미로,망미부산은행앞교차로,수영종점,21.58,0.0
2026-08-02T19:00:00,1430025300,수미로,참숯한우식육식당,수영종점,22.0,0.0
2026-08-02T19:00:00,1430024501,연수로,망미역앞교차로,망미포스코앞교차로,20.83,0.0
2026-08-02T19:00:00,1430024601,연수로,수영구도시재생지원센터,망미포스코앞교차로,9.34,0.0
2026-08-02T19:00:00,1430024701,과정로,망미역앞교차로,망미동601-14,29.08,0.0
2026-08-02T19:00:00,1430024801,과정로,망미부산은행앞교차로,망미동601-14,29.34,0.0
2026-08-02T19:00:00,1430026800,과정로,수림빛어린이집,망미부산은행앞교차로,29.75,0.0
2026-08-02T19:00:00,1430025700,수미로,수영종점,망미부산은행앞교차로,17.92,0.0
2026-08-02T19:00:00,1430024702,과정로,망미동601-14,망미부산은행앞교차로,9.34,0.0
2026-08-02T19:00:00,1430024900,좌수영로,리틀바하피아노교습소,참숯한우식육식당,20.83,0.0
2026-08-02T19:00:00,1430025400,수미로,수영종점,참숯한우식육식당,20.17,0.0
2026-08-02T19:00:00,1430025600,좌수영로,수영3호교서측,참숯한우식육식당,19.42,0.0
2026-08-02T19:00:00,1430025201,연수로,연미시장사거리,망미동847-2,37.58,0.0
2026-08-02T19:00:00,1430025101,연수로,수영구도시재생지원센터,망미동847-2,22.83,0.0
2026-08-02T19:00:00,1430026200,센텀북대로,좌수영교,수영3호교서측,16.92,0.0
2026-08-02T19:00:00,1430025500,좌수영로,참숯한우식육식당,수영3호교서측,16.5,0.0
2026-08-02T19:00:00,1430026400,좌수영로,햇살가득봄뜰어린이집,수영3호교서측,23.92,0.0
2026-08-02T19:00:00,1430026300,좌수영로,수영3호교서측,햇살가득봄뜰어린이집,22.0,0.0
2026-08-02T19:00:00,1430027002,좌수영로,망미동45-5,햇살가득봄뜰어린이집,42.08,0.0
2026-08-02T19:00:00,1430027001,좌수영로,망미2동행정복지센터,망미동45-5,28.08,0.0
2026-08-02T19:00:00,1430026901,좌수영로,햇살가득봄뜰어린이집,망미동45-5,24.75,0.0
2026-08-02T19:00:00,1360023700,신선로,도시가스앞삼거리,도시가스앞오거리,21.65,141.0
2026-08-02T19:00:00,1430001800,황령대로,광안대교,도시가스앞오거리,37.9,228.0
2026-08-02T19:00:00,1430002000,광안대로,광안대교,도시가스앞오거리,48.18,0.0
2026-08-02T19:00:00,1430002202,광안해변로,남천동568,도시가스앞오거리,10.17,0.0
2026-08-02T19:00:00,1430002201,광안해변로,쌈지공원,남천동568,21.67,0.0
2026-08-02T19:00:00,1430002101,광안해변로,도시가스앞오거리,남천동568,26.67,0.0
2026-08-02T19:00:00,1440000200,동서고가로,속성변화점,감전IC삼거리,66.8,215.0
2026-08-02T19:00:00,1440026600,낙동대로,감전IC삼거리,감전IC삼거리,38.92,0.0
2026-08-02T19:00:00,1440023500,동서고가로,주아네,감전IC삼거리,73.71,0.0
2026-08-02T19:00:00,1440024700,낙동대로,감전IC삼거리,감전IC삼거리,28.84,0.0
2026-08-02T19:00:00,1440025700,가야대로,낙동대교앞교차로,감전IC삼거리,59.17,0.0
2026-08-02T19:00:00,1440000100,동서고가로,감전IC삼거리,속성변화점,75.79,0.0
2026-08-02T19:00:00,1440000400,남해고속도로제2지선,낙동대교동측,속성변화점,69.58,0.0
2026-08-02T19:00:00,1440000300,남해고속도로제2지선,속성변화점,낙동대교동측,73.92,0.0
2026-08-02T19:00:00,1440075601,남해고속도로제2지선,감전IC,낙동대교동측,80.67,0.0
2026-08-02T19:00:00,1440000800,엄궁로,미소어린이집,미소어린이집,13.0,0.0
2026-08-02T19:00:00,1440001200,엄궁로,어린이가족도서관꿈꾸는글나라,미소어린이집,27.75,0.0
2026-08-02T19:00:00,1440000700,엄궁로,미소어린이집,미소어린이집,23.42,0.0
2026-08-02T19:00:00,1440001400,엄궁남로,한민교회,미소어린이집,9.08,0.0
2026-08-02T19:00:00,1440001600,엄궁로,미미앤토미어린이집,미소어린이집,23.0,0.0
2026-08-02T19:00:00,1440067200,낙동대로,사하구-사상구,어린이가족도서관꿈꾸는글나라,23.42,0.0
2026-08-02T19:00:00,1440001100,엄궁로,미소어린이집,어린이가족도서관꿈꾸는글나라,25.67,0.0
2026-08-02T19:00:00,1440001800,낙동대로,농산물도매시장,어린이가족도서관꿈꾸는글나라,33.83,0.0
2026-08-02T19:00:00,1440001300,엄궁남로,미소어린이집,한민교회,12.75,0.0
2026-08-02T19:00:00,1440002000,엄궁로179번길,대한영재어린이집,한민교회,19.5,0.0
2026-08-02T19:00:00,1440002202,엄궁남로,엄궁동184-4,한민교회,18.0,0.0
2026-08-02T19:00:00,1440001500,엄궁로,미소어린이집,미미앤토미어린이집,22.5,0.0
2026-08-02T19:00:00,1440005200,엄궁북로,부산경남화훼농협서부산지점,미미앤토미어린이집,21.42,0.0
2026-08-02T19:00:00,1440005400,엄궁로,엄궁초등학교유아방,미미앤토미어린이집,22.08,0.0
2026-08-02T19:00:00,1440001700,낙동대로,어린이가족도서관꿈꾸는글나라,농산물도매시장,32.75,0.0
2026-08-02T19:00:00,1440002102,엄궁남로,엄궁동184-4,농산물도매시장,16.0,0.0
2026-08-02T19:00:00,1440003000,-,농산물도매시장,농산물도매시장,21.92,0.0
2026-08-02T19:00:00,1440003200,낙동대로,농산물도매시장앞,농산물도매시장,38.33,0.0
2026-08-02T19:00:00,1440001900,엄궁로179번길,한민교회,대한영재어린이집,18.0,0.0
2026-08-02T19:00:00,1440002600,엄궁중로,서울왕족발,대한영재어린이집,18.42,0.0
2026-08-02T19:00:00,1440002101,엄궁남로,한민교회,엄궁동184-4,24.0,0.0
2026-08-02T19:00:00,1440002201,엄궁남로,농산물도매시장,엄궁동184-4,25.0,0.0
2026-08-02T19:00:00,1440002400,농산물시장로26번길,항도청과내중매인75번,됐소강남점,22.75,0.0
2026-08-02T19:00:00,1440002300,농산물시장로26번길,됐소강남점,항도청과내중매인75번,20.83,0.0
2026-08-02T19:00:00,1440004402,농산물시장로,엄궁동658,항도청과내중매인75번,27.92,0.0
2026-08-02T19:00:00,1440004600,농산물시장로25번길,삼정탕,항도청과내중매인75번,24.25,0.0
2026-08-02T19:00:00,1440003902,농산물시장로,농산물도매시장교차로,항도청과내중매인75번,31.92,0.0
2026-08-02T19:00:00,1440002500,엄궁중로,대한영재어린이집,서울왕족발,21.58,0.0
2026-08-02T19:00:00,1440062800,엄궁로191번길,엄궁동184-4,서울왕족발,22.0,0.0
2026-08-02T19:00:00,1440003400,엄궁중로,KB국민은행엄궁동지점,서울왕족발,19.5,0.0
2026-08-02T19:00:00,1440002701,엄궁로179번길,대한영재어린이집,엄궁동65-8,26.0,0.0
2026-08-02T19:00:00,1440002801,엄궁로179번길,부산경남화훼농협서부산지점,엄궁동65-8,24.0,0.0
2026-08-02T19:00:00,1440005100,엄궁북로,미미앤토미어린이집,부산경남화훼농협서부산지점,25.17,0.0
2026-08-02T19:00:00,1440002702,엄궁로179번길,엄궁동65-8,부산경남화훼농협서부산지점,7.0,0.0
2026-08-02T19:00:00,1440006200,엄궁로179번길,엄궁초등학교유아방,부산경남화훼농협서부산지점,23.42,0.0
2026-08-02T19:00:00,1440006000,엄궁북로,온누리교회,부산경남화훼농협서부산지점,25.92,0.0
2026-08-02T19:00:00,1440002900,-,농산물도매시장,농산물도매시장,26.33,0.0
2026-08-02T19:00:00,1440003800,농산물시장로,농산물도매시장앞,농산물도매시장,23.08,0.0
2026-08-02T19:00:00,1440004002,농산물시장로,농산물도매시장교차로,농산물도매시장,6.08,0.0
2026-08-02T19:00:00,1440003100,낙동대로,농산물도매시장,농산물도매시장앞,23.0,0.0
2026-08-02T19:00:00,1440003700,농산물시장로,농산물도매시장,농산물도매시장앞,4.92,0.0
2026-08-02T19:00:00,1440004200,낙동대로,KB국민은행엄궁동지점,농산물도매시장앞,29.92,0.0
2026-08-02T19:00:00,1440003300,엄궁중로,서울왕족발,KB국민은행엄궁동지점,15.75,0.0
2026-08-02T19:00:00,1440004100,낙동대로,농산물도매시장앞,KB국민은행엄궁동지점,26.83,0.0
2026-08-02T19:00:00,1440005800,낙동대로,남해수산,KB국민은행엄궁동지점,27.0,0.0
2026-08-02T19:00:00,1440004302,농산물시장로,엄궁동658,부산청과마늘특작부,22.08,0.0
2026-08-02T19:00:00,1440004800,농산물시장로,화물터미널앞교차로,부산청과마늘특작부,16.08,0.0
2026-08-02T19:00:00,1440005000,농산물시장로9번길,대아환경,부산청과마늘특작부,7.75,0.0
2026-08-02T19:00:00,1440004301,농산물시장로,항도청과내중매인75번,엄궁동658,27.5,0.0
2026-08-02T19:00:00,1440004401,농산물시장로,부산청과마늘특작부,엄궁동658,26.42,0.0
2026-08-02T19:00:00,1440004500,농산물시장로25번길,항도청과내중매인75번,삼정탕,25.92,0.0
2026-08-02T19:00:00,1440007000,농산물시장로25번길,다솔유통,삼정탕,17.17,0.0
2026-08-02T19:00:00,1440004700,농산물시장로,부산청과마늘특작부,화물터미널앞교차로,20.83,0.0
2026-08-02T19:00:00,1440005600,강변대로,부건빌딩,화물터미널앞교차로,49.58,0.0
2026-08-02T19:00:00,1440067600,강변대로,엄궁동658,화물터미널앞교차로,37.48,43.0
2026-08-02T19:00:00,1440004900,농산물시장로9번길,부산청과마늘특작부,대아환경,19.67,0.0
2026-08-02T19:00:00,1440007200,농산물시장로9번길,부건빌딩,대아환경,20.0,0.0
2026-08-02T19:00:00,1440005300,엄궁로,미미앤토미어린이집,엄궁초등학교유아방,21.75,0.0
2026-08-02T19:00:00,1440006100,엄궁로179번길,부산경남화훼농협서부산지점,엄궁초등학교유아방,18.75,0.0
2026-08-02T19:00:00,1440006808,엄궁로,엄궁동567-5,엄궁초등학교유아방,15.09,0.0
2026-08-02T19:00:00,1440005500,강변대로,화물터미널앞교차로,부건빌딩,56.59,0.0
2026-08-02T19:00:00,1440008500,강변대로532번길,부건빌딩,부건빌딩,9.42,0.0
2026-08-02T19:00:00,1440009200,강변대로,사상구폐기물소각장,부건빌딩,34.5,0.0
2026-08-02T19:00:00,1440005700,낙동대로,KB국민은행엄궁동지점,남해수산,26.25,0.0
2026-08-02T19:00:00,1440006308,엄궁북로,엄궁동주민센터,남해수산,9.92,0.0
2026-08-02T19:00:00,1440006600,낙동대로,섬김의교회,남해수산,31.08,0.0
2026-08-02T19:00:00,1440005900,엄궁북로,부산경남화훼농협서부산지점,온누리교회,24.83,0.0
2026-08-02T19:00:00,1440006408,엄궁북로,엄궁동주민센터,온누리교회,28.0,0.0
2026-08-02T19:00:00,1440006407,엄궁북로,남해수산,엄궁동주민센터,22.0,0.0
2026-08-02T19:00:00,1440006307,엄궁북로,온누리교회,엄궁동주민센터,26.0,0.0
2026-08-02T19:00:00,1440006500,낙동대로,남해수산,섬김의교회,31.67,0.0
2026-08-02T19:00:00,1440007400,낙동대로,엄궁대교남측,섬김의교회,32.67,0.0
2026-08-02T19:00:00,1440007600,강변대로532번길,다솔유통,섬김의교회,33.67,0.0
2026-08-02T19:00:00,1440006707,엄궁로,엄궁초등학교유아방,엄궁동567-5,19.17,0.0
2026-08-02T19:00:00,1440006807,엄궁로,이디야커피부산엄궁동점,엄궁동567-5,21.25,0.0
2026-08-02T19:00:00,1440006708,엄궁로,엄궁동567-5,이디야커피부산엄궁동점,24.0,0.0
2026-08-02T19:00:00,1440007800,엄궁로,엄궁대교남측,이디야커피부산엄궁동점,16.25,0.0
2026-08-02T19:00:00,1440007300,낙동대로,섬김의교회,엄궁대교남측,16.17,0.0
2026-08-02T19:00:00,1440007700,엄궁로,이디야커피부산엄궁동점,엄궁대교남측,14.0,0.0
2026-08-02T19:00:00,1440008000,낙동대로,엄궁삼거리,엄궁대교남측,22.17,0.0
2026-08-02T19:00:00,1440008200,대동로,바다장터,엄궁대교남측,17.83,0.0
2026-08-02T19:00:00,1440007900,낙동대로,엄궁대교남측,엄궁삼거리,34.67,0.0
2026-08-02T19:00:00,1440008800,낙동대로,SK주유소산업셀프,엄궁삼거리,43.33,0.0
2026-08-02T19:00:00,1440009000,학장로,학장동교차로,엄궁삼거리,28.92,0.0
2026-08-02T19:00:00,1440008100,대동로,엄궁대교남측,바다장터,22.42,0.0
2026-08-02T19:00:00,1440009400,대동로,특수광택코팅,바다장터,26.83,0.0
2026-08-02T19:00:00,1440006900,농산물시장로25번길,삼정탕,다솔유통,26.09,0.0
2026-08-02T19:00:00,1440007500,강변대로532번길,섬김의교회,다솔유통,33.09,0.0
2026-08-02T19:00:00,1440008400,강변대로532번길,부건빌딩,다솔유통,39.08,0.0
2026-08-02T19:00:00,1440007100,농산물시장로9번길,대아환경,부건빌딩,13.59,0.0
2026-08-02T19:00:00,1440008600,강변대로532번길,부건빌딩,부건빌딩,32.17,0.0
2026-08-02T19:00:00,1440008300,강변대로532번길,다솔유통,부건빌딩,18.58,0.0
2026-08-02T19:00:00,1440008700,낙동대로,엄궁삼거리,SK주유소산업셀프,43.67,0.0
2026-08-02T19:00:00,1440010800,낙동대로,카페엔게디,SK주유소산업셀프,49.75,0.0
2026-08-02T19:00:00,1440008900,학장로,엄궁삼거리,학장동교차로,38.17,0.0
2026-08-02T19:00:00,1440012200,학장로,학장송월사거리,학장동교차로,23.17,0.0
2026-08-02T19:00:00,1440012600,새벽로,학장제일교회,학장동교차로,16.0,0.0
2026-08-02T19:00:00,1440012400,장인로,진성식당,학장동교차로,29.58,0.0
2026-08-02T19:00:00,1440009100,강변대로,부건빌딩,사상구폐기물소각장,62.42,0.0
2026-08-02T19:00:00,1440010000,낙동대로943번길,삼보기계,사상구폐기물소각장,31.0,0.0
2026-08-02T19:00:00,1440010200,강변대로,감전교차로,사상구폐기물소각장,50.83,0.0
2026-08-02T19:00:00,1440009300,대동로,바다장터,특수광택코팅,24.42,0.0
2026-08-02T19:00:00,1440009800,대동로,사상농협학장지점,특수광택코팅,20.0,0.0
2026-08-02T19:00:00,1440009601,학감대로,구덕터널TG,구덕터널북측,55.67,0.0
2026-08-02T19:00:00,1440067800,학감대로,서구-사상구,구덕터널북측,61.59,0.0
2026-08-02T19:00:00,1440009510,학감대로,속성변화점,학장동563,23.92,0.0
2026-08-02T19:00:00,1440009603,학감대로,육질빌딩,학장동563,15.5,0.0
2026-08-02T19:00:00,1440009501,학감대로,구덕터널북측,구덕터널TG,55.09,0.0
2026-08-02T19:00:00,1440009608,학감대로,학장동168-4,구덕터널TG,56.34,0.0
2026-08-02T19:00:00,1440009507,학감대로,구덕터널TG,학장동168-4,52.58,0.0
2026-08-02T19:00:00,1440009607,학감대로,학장동171-16,학장동168-4,53.08,0.0
2026-08-02T19:00:00,1440009508,학감대로,학장동168-4,학장동171-16,49.09,0.0
2026-08-02T19:00:00,1440009610,학감대로,속성변화점,학장동171-16,57.42,0.0
2026-08-02T19:00:00,1440009609,학감대로,학장동563,속성변화점,47.5,0.0
2026-08-02T19:00:00,1440009509,학감대로,학장동171-16,속성변화점,49.09,0.0
2026-08-02T19:00:00,1440009504,학감대로,학장동563,육질빌딩,28.0,0.0
2026-08-02T19:00:00,1440010900,학감대로123번길,사상농협학장지점,육질빌딩,22.92,0.0
2026-08-02T19:00:00,1440012800,학감대로,학장교차로,육질빌딩,37.0,0.0
2026-08-02T19:00:00,1440009700,대동로,특수광택코팅,사상농협학장지점,22.59,0.0
2026-08-02T19:00:00,1440011000,학감대로123번길,육질빌딩,사상농협학장지점,15.25,0.0
2026-08-02T19:00:00,1440011200,대동로,학장송월사거리,사상농협학장지점,13.17,0.0
2026-08-02T19:00:00,1440010600,낙동대로943번길,거진섬유,삼보기계,35.0,0.0
2026-08-02T19:00:00,1440012700,학감대로,육질빌딩,학장교차로,26.08,0.0
2026-08-02T19:00:00,1440012900,학장로,학장송월사거리,학장교차로,21.67,0.0
2026-08-02T19:00:00,1440014200,학장로,주학교,학장교차로,32.08,0.0
2026-08-02T19:00:00,1440014000,학감대로,SK주유소서부산IC셀프,학장교차로,13.75,0.0
2026-08-02T19:00:00,1440010100,강변대로,사상구폐기물소각장,감전교차로,53.25,0.0
2026-08-02T19:00:00,1440014600,강변대로,감전교차로,감전교차로,17.25,0.0
2026-08-02T19:00:00,1440068901,강변대로,삼락상태공원자전거대여소,감전교차로,73.58,0.0
2026-08-02T19:00:00,1440011400,낙동대로901번길,카페엔게디,거진섬유,30.67,0.0
2026-08-02T19:00:00,1440010700,낙동대로,SK주유소산업셀프,카페엔게디,28.84,0.0
2026-08-02T19:00:00,1440011300,낙동대로901번길,거진섬유,카페엔게디,8.5,0.0
2026-08-02T19:00:00,1440011800,낙동대로,SK주유소새동창,카페엔게디,47.0,0.0
2026-08-02T19:00:00,1440012000,장인로20번길,미니스톱감전낙동점,카페엔게디,14.25,0.0
2026-08-02T19:00:00,1440012100,학장로,학장동교차로,학장송월사거리,30.75,0.0
2026-08-02T19:00:00,1440011100,대동로,사상농협학장지점,학장송월사거리,14.83,0.0
2026-08-02T19:00:00,1440013000,학장로,학장교차로,학장송월사거리,27.59,0.0
2026-08-02T19:00:00,1440013200,대동로,오성정밀연마,학장송월사거리,14.92,0.0
2026-08-02T19:00:00,1440013500,낙동대로,SK주유소새동창,감전교차로,20.59,0.0
2026-08-02T19:00:00,1440014300,장인로,진성식당,감전교차로,40.08,0.0
2026-08-02T19:00:00,1440015000,낙동대로,감전교차로,감전교차로,18.67,0.0
2026-08-02T19:00:00,1440012500,새벽로,학장동교차로,학장제일교회,33.83,0.0
2026-08-02T19:00:00,1440016800,새벽로,학장제일교회,학장제일교회,20.0,0.0
2026-08-02T19:00:00,1440017000,새벽로63번길,감전수로3호교,학장제일교회,32.0,0.0
2026-08-02T19:00:00,1440013100,대동로,학장송월사거리,오성정밀연마,27.67,0.0
2026-08-02T19:00:00,1440015800,대동로209번길,학장제일교회,오성정밀연마,20.0,0.0
2026-08-02T19:00:00,1440016000,대동로,클리어스마일치과기공소,오성정밀연마,20.42,0.0
2026-08-02T19:00:00,1440015300,학감대로163번길,SK주유소서부산IC셀프,오성정밀연마,5.0,0.0
2026-08-02T19:00:00,1440011700,낙동대로,카페엔게디,SK주유소새동창,36.83,0.0
2026-08-02T19:00:00,1440013600,낙동대로,감전교차로,SK주유소새동창,47.75,0.0
2026-08-02T19:00:00,1440013400,낙동대로916번길,미니스톱감전낙동점,SK주유소새동창,10.0,0.0
2026-08-02T19:00:00,1440011900,장인로20번길,카페엔게디,미니스톱감전낙동점,20.0,0.0
2026-08-02T19:00:00,1440013300,낙동대로916번길,SK주유소새동창,미니스톱감전낙동점,27.92,0.0
2026-08-02T19:00:00,1440013800,장인로20번길,진성식당,미니스톱감전낙동점,6.0,0.0
2026-08-02T19:00:00,1440012300,장인로,학장동교차로,진성식당,44.92,0.0
2026-08-02T19:00:00,1440014400,장인로,감전교차로,진성식당,32.58,0.0
2026-08-02T19:00:00,1440013700,장인로20번길,미니스톱감전낙동점,진성식당,16.09,0.0
2026-08-02T19:00:00,1440014500,강변대로,감전교차로,감전교차로,26.92,0.0
2026-08-02T19:00:00,1440014900,낙동대로,감전교차로,감전교차로,20.17,0.0
2026-08-02T19:00:00,1440015200,낙동대로,감전IC삼거리,감전교차로,39.17,0.0
2026-08-02T19:00:00,1440014704,강변대로,삼락동29-2,삼락동29-2,51.0,0.0
2026-08-02T19:00:00,1440014801,강변대로,삼락동29-2,삼락동29-2,77.83,0.0
2026-08-02T19:00:00,1440014803,강변대로,삼락동29-2,삼락동29-2,77.42,0.0
2026-08-02T19:00:00,1440069701,강변대로,삼락상태공원자전거대여소,삼락동29-2,77.08,0.0
2026-08-02T19:00:00,1440050800,중앙고속도로,삼락IC,삼락동29-2,60.83,0.0
2026-08-02T19:00:00,1440014702,강변대로,삼락동29-2,삼락동29-2,74.17,0.0
2026-08-02T19:00:00,1440050600,강변대로,삼락IC,삼락동29-2,75.87,503.0
2026-08-02T19:00:00,1440017300,냉정로,방울예능어린이집,조영빌라,23.0,0.0
2026-08-02T19:00:00,1440019200,냉정로,그리스도의교회,조영빌라,19.42,0.0
2026-08-02T19:00:00,1440019400,가야대로306번길,카페베네부산주례점,조영빌라,12.67,0.0
2026-08-02T19:00:00,1440017400,냉정로,조영빌라,방울예능어린이집,21.75,0.0
2026-08-02T19:00:00,1440017200,동주로,주학교,방울예능어린이집,22.34,0.0
2026-08-02T19:00:00,1440017600,주례로,그리스도의교회,방울예능어린이집,26.08,0.0
2026-08-02T19:00:00,1440026500,낙동대로,감전IC삼거리,감전IC삼거리,24.92,0.0
2026-08-02T19:00:00,1440028700,낙동대로1048번길,CU감전공단점,감전IC삼거리,17.75,0.0
2026-08-02T19:00:00,1440030200,낙동대로,SK주유소구덕셀프,감전IC삼거리,34.59,0.0
2026-08-02T19:00:00,1440016602,학감대로,학장동293,알뜰주유소세원,24.67,0.0
2026-08-02T19:00:00,1440015500,학감대로,SK주유소서부산IC셀프,알뜰주유소세원,35.67,0.0
2026-08-02T19:00:00,1440015900,대동로,오성정밀연마,클리어스마일치과기공소,19.75,0.0
2026-08-02T19:00:00,1440016300,학감대로177번길,알뜰주유소세원,클리어스마일치과기공소,14.0,0.0
2026-08-02T19:00:00,1440017800,대동로223번길,학장제일교회,클리어스마일치과기공소,17.75,0.0
2026-08-02T19:00:00,1440018002,대동로,학장동293,클리어스마일치과기공소,25.5,0.0
2026-08-02T19:00:00,1440016501,학감대로,알뜰주유소세원,학장동293,17.58,0.0
2026-08-02T19:00:00,1440016601,학감대로,사상구청교차로,학장동293,30.75,0.0
2026-08-02T19:00:00,1440016502,학감대로,학장동293,사상구청교차로,25.25,0.0
2026-08-02T19:00:00,1440020000,가야대로,학감사거리,사상구청교차로,31.25,0.0
2026-08-02T19:00:00,1440020200,가야대로,주례교차로,사상구청교차로,30.08,0.0
2026-08-02T19:00:00,1440020400,동서고가로,학장교차로,사상구청교차로,70.59,29.0
2026-08-02T19:00:00,1440020600,학감대로,행복치킨,사상구청교차로,13.0,0.0
2026-08-02T19:00:00,1440016700,새벽로,학장제일교회,학장제일교회,32.83,0.0
2026-08-02T19:00:00,1440017700,대동로223번길,클리어스마일치과기공소,학장제일교회,26.0,0.0
2026-08-02T19:00:00,1440018402,새벽로,학장동174,학장제일교회,27.25,0.0
2026-08-02T19:00:00,1440018100,새벽로77번길,학장제일교회,감전수로3호교,19.92,0.0
2026-08-02T19:00:00,1440019000,감전천로,한국타이어현대총판,감전수로3호교,28.33,0.0
2026-08-02T19:00:00,1440014100,학장로,학장교차로,주학교,34.17,0.0
2026-08-02T19:00:00,1440017100,동주로,방울예능어린이집,주학교,12.84,0.0
2026-08-02T19:00:00,1440018600,학장로,주례교차로,주학교,22.25,0.0
2026-08-02T19:00:00,1440018800,가야대로282번길,주례역1번출구,주학교,15.5,0.0
2026-08-02T19:00:00,1440019700,주례로,그리스도의교회,냉정역4번출구,5.75,0.0
2026-08-02T19:00:00,1440023700,가야대로,카페베네부산주례점,냉정역4번출구,28.44,279.0
2026-08-02T19:00:00,1440025000,가야대로,동남석면환경연구소,냉정역4번출구,27.57,300.0
2026-08-02T19:00:00,1440019100,냉정로,조영빌라,그리스도의교회,18.34,0.0
2026-08-02T19:00:00,1440017500,주례로,방울예능어린이집,그리스도의교회,24.67,0.0
2026-08-02T19:00:00,1440019800,주례로,냉정역4번출구,그리스도의교회,16.58,0.0
2026-08-02T19:00:00,1440019600,냉정로,대우유통,그리스도의교회,21.75,0.0
2026-08-02T19:00:00,1440017901,대동로,클리어스마일치과기공소,학장동293,33.83,0.0
2026-08-02T19:00:00,1440018001,대동로,학감사거리,학장동293,31.5,0.0
2026-08-02T19:00:00,1440019900,가야대로,사상구청교차로,학감사거리,21.5,0.0
2026-08-02T19:00:00,1440017902,대동로,학장동293,학감사거리,19.34,0.0
2026-08-02T19:00:00,1440021200,가야대로,새벽시장앞교차로,학감사거리,43.42,0.0
2026-08-02T19:00:00,1440021400,대동로,자동차용품할인매장,학감사거리,21.92,0.0
2026-08-02T19:00:00,1440018301,새벽로,학장제일교회,학장동174,34.5,0.0
2026-08-02T19:00:00,1440018401,새벽로,새벽시장앞교차로,학장동174,18.34,0.0
2026-08-02T19:00:00,1440021100,가야대로,학감사거리,새벽시장앞교차로,25.75,0.0
2026-08-02T19:00:00,1440018302,새벽로,학장동174,새벽시장앞교차로,20.92,0.0
2026-08-02T19:00:00,1440024002,가야대로,감전동174,새벽시장앞교차로,26.0,0.0
2026-08-02T19:00:00,1440024200,새벽로,사상알곤용접,새벽시장앞교차로,10.42,0.0
2026-08-02T19:00:00,1440020100,가야대로,사상구청교차로,주례교차로,28.34,0.0
2026-08-02T19:00:00,1440018500,학장로,주학교,주례교차로,11.34,0.0
2026-08-02T19:00:00,1440021600,가야대로,주례역,주례교차로,22.45,300.0
2026-08-02T19:00:00,1440021800,사상로,한국외식업중앙회부산사상구지부,주례교차로,20.92,0.0
2026-08-02T19:00:00,1440018700,가야대로282번길,주학교,주례역1번출구,23.08,0.0
2026-08-02T19:00:00,1440022800,가야대로,카페베네부산주례점,주례역1번출구,35.9,300.0
2026-08-02T19:00:00,1440022300,가야대로,주례역,주례역1번출구,26.57,279.0
2026-08-02T19:00:00,1440018900,감전천로,감전수로3호교,한국타이어현대총판,28.67,0.0
2026-08-02T19:00:00,1440023000,낙동대로1016번길,감전IC삼거리,한국타이어현대총판,40.17,0.0
2026-08-02T19:00:00,1440023200,감전천로,낙동대교앞교차로,한국타이어현대총판,30.75,0.0
2026-08-02T19:00:00,1440019300,가야대로306번길,조영빌라,카페베네부산주례점,9.17,0.0
2026-08-02T19:00:00,1440023800,가야대로,냉정역4번출구,카페베네부산주례점,31.15,300.0
2026-08-02T19:00:00,1440022700,가야대로,주례역1번출구,카페베네부산주례점,24.4,279.0
2026-08-02T19:00:00,1440019500,냉정로,그리스도의교회,대우유통,25.25,0.0
2026-08-02T19:00:00,1440021000,진사로,동남석면환경연구소,대우유통,17.25,0.0
2026-08-02T19:00:00,1340322500,냉정로,개금동527-237,대우유통,30.83,0.0
2026-08-02T19:00:00,1440021300,대동로,학감사거리,자동차용품할인매장,18.83,0.0
2026-08-02T19:00:00,1440025200,대동로269번길,사상알곤용접,자동차용품할인매장,23.25,0.0
2026-08-02T19:00:00,1440024300,학감대로221번길,행복치킨,자동차용품할인매장,27.25,0.0
2026-08-02T19:00:00,1440025400,대동로,IBK기업은행사상디지털밸리지점,자동차용품할인매장,15.92,0.0
2026-08-02T19:00:00,1440021500,가야대로,주례교차로,주례역,27.69,279.0
2026-08-02T19:00:00,1440022400,가야대로,주례역1번출구,주례역,33.61,300.0
2026-08-02T19:00:00,1440022600,가야대로277번길,용달화물자동차운송사업협회,주례역,22.5,0.0
2026-08-02T19:00:00,1440021700,사상로,주례교차로,한국외식업중앙회부산사상구지부,7.5,0.0
2026-08-02T19:00:00,1440027600,학감대로252번길,KT스카이라이프부산경남지사,한국외식업중앙회부산사상구지부,26.92,0.0
2026-08-02T19:00:00,1440027800,사상로,북부산세무서앞교차로,한국외식업중앙회부산사상구지부,38.25,0.0
2026-08-02T19:00:00,1440020300,동서고가로,사상구청교차로,학장교차로,62.59,40.0
2026-08-02T19:00:00,1440022000,동서고가로,주아네,학장교차로,65.2,125.0
2026-08-02T19:00:00,1440022200,동서고가로,창녕유통,학장교차로,59.93,488.0
2026-08-02T19:00:00,1440023600,동서고가로,감전IC삼거리,주아네,66.8,215.0
2026-08-02T19:00:00,1440021900,동서고가로,학장교차로,주아네,68.54,109.0
2026-08-02T19:00:00,1440023400,동서고가로,낙동대교앞교차로,주아네,62.17,37.0
2026-08-02T19:00:00,1440022100,동서고가로,학장교차로,창녕유통,58.51,579.0
2026-08-02T19:00:00,1440026700,동서고가로,성보아파트,창녕유통,50.0,0.0
2026-08-02T19:00:00,1440068300,동서고가로,부산진구-사상구,창녕유통,59.09,483.0
2026-08-02T19:00:00,1440022500,가야대로277번길,주례역,용달화물자동차운송사업협회,30.92,0.0
2026-08-02T19:00:00,1440026900,백양대로,성보아파트,용달화물자동차운송사업협회,33.42,0.0
2026-08-02T19:00:00,1440028200,백양대로,동일2차아파트교차로,용달화물자동차운송사업협회,38.75,0.0
2026-08-02T19:00:00,1440024800,낙동대로,감전IC삼거리,감전IC삼거리,33.75,0.0
2026-08-02T19:00:00,1440015100,낙동대로,감전교차로,감전IC삼거리,24.42,0.0
2026-08-02T19:00:00,1440022900,낙동대로1016번길,한국타이어현대총판,감전IC삼거리,29.17,0.0
2026-08-02T19:00:00,1440025800,가야대로,감전IC삼거리,낙동대교앞교차로,52.09,0.0
2026-08-02T19:00:00,1440023100,감전천로,한국타이어현대총판,낙동대교앞교차로,27.92,0.0
2026-08-02T19:00:00,1440023300,동서고가로,주아네,낙동대교앞교차로,57.48,18.0
2026-08-02T19:00:00,1440023902,가야대로,감전동174,낙동대교앞교차로,28.42,0.0
2026-08-02T19:00:00,1440026000,감전천로,CU감전공단점,낙동대교앞교차로,31.92,0.0
2026-08-02T19:00:00,1440023901,가야대로,새벽시장앞교차로,감전동174,43.25,0.0
2026-08-02T19:00:00,1440024001,가야대로,낙동대교앞교차로,감전동174,31.84,0.0
2026-08-02T19:00:00,1440024100,새벽로,새벽시장앞교차로,사상알곤용접,27.42,0.0
2026-08-02T19:00:00,1440025100,대동로269번길,자동차용품할인매장,사상알곤용접,19.67,0.0
2026-08-02T19:00:00,1440026400,새벽로,NH농협은행사상중앙금융센터,사상알곤용접,22.09,0.0
2026-08-02T19:00:00,1440026200,새벽로121번길,CU감전공단점,사상알곤용접,23.5,0.0
2026-08-02T19:00:00,1440020500,학감대로,사상구청교차로,행복치킨,24.75,0.0
2026-08-02T19:00:00,1440024400,학감대로221번길,자동차용품할인매장,행복치킨,25.33,0.0
2026-08-02T19:00:00,1440024602,학감대로,감전동174,행복치킨,23.17,0.0
2026-08-02T19:00:00,1440024501,학감대로,행복치킨,감전동174,13.25,0.0
2026-08-02T19:00:00,1440024601,학감대로,KT스카이라이프부산경남지사,감전동174,18.09,0.0
2026-08-02T19:00:00,1440027500,학감대로252번길,한국외식업중앙회부산사상구지부,KT스카이라이프부산경남지사,25.25,0.0
2026-08-02T19:00:00,1440024502,학감대로,감전동174,KT스카이라이프부산경남지사,23.0,0.0
2026-08-02T19:00:00,1440029400,새벽시장로,IBK기업은행사상디지털밸리지점,KT스카이라이프부산경남지사,19.17,0.0
2026-08-02T19:00:00,1440029600,학감대로,북부산세무서앞교차로,KT스카이라이프부산경남지사,17.92,0.0
2026-08-02T19:00:00,1340322900,가야대로,개금사거리,동남석면환경연구소,34.78,300.0
2026-08-02T19:00:00,1440024900,가야대로,냉정역4번출구,동남석면환경연구소,32.49,279.0
2026-08-02T19:00:00,1440020900,진사로,대우유통,동남석면환경연구소,16.08,0.0
2026-08-02T19:00:00,1440026300,새벽로,사상알곤용접,NH농협은행사상중앙금융센터,19.75,0.0
2026-08-02T19:00:00,1440030500,새벽시장로,IBK기업은행사상디지털밸리지점,NH농협은행사상중앙금융센터,10.0,0.0
2026-08-02T19:00:00,1440056600,새벽로,김교진비뇨기과,NH농협은행사상중앙금융센터,17.5,0.0
2026-08-02T19:00:00,1440056900,새벽시장로,럭키메가마트,NH농협은행사상중앙금융센터,17.42,0.0
2026-08-02T19:00:00,1440026800,동서고가로,창녕유통,성보아파트,64.03,54.0
2026-08-02T19:00:00,1440027000,백양대로,용달화물자동차운송사업협회,성보아파트,28.84,0.0
2026-08-02T19:00:00,1440027200,백양대로,도담어린이집,성보아파트,44.5,0.0
2026-08-02T19:00:00,1440028100,백양대로,용달화물자동차운송사업협회,동일2차아파트교차로,25.0,0.0
2026-08-02T19:00:00,1440028400,백양대로,수협은행주례지점,동일2차아파트교차로,30.75,0.0
2026-08-02T19:00:00,1440028300,백양대로,동일2차아파트교차로,수협은행주례지점,26.42,0.0
2026-08-02T19:00:00,1440030002,백양대로,감전동307-4,수협은행주례지점,30.58,0.0
2026-08-02T19:00:00,1440028800,낙동대로1048번길,감전IC삼거리,CU감전공단점,38.75,0.0
2026-08-02T19:00:00,1440025900,감전천로,낙동대교앞교차로,CU감전공단점,34.5,0.0
2026-08-02T19:00:00,1440026100,새벽로121번길,사상알곤용접,CU감전공단점,24.83,0.0
2026-08-02T19:00:00,1440027100,백양대로,성보아파트,도담어린이집,33.58,0.0
2026-08-02T19:00:00,1440029000,백양대로,아이사랑어린이집,도담어린이집,42.25,0.0
2026-08-02T19:00:00,1340021202,백양대로,개금동455-2,아이사랑어린이집,42.92,0.0
2026-08-02T19:00:00,1440028900,백양대로,도담어린이집,아이사랑어린이집,43.83,0.0
2026-08-02T19:00:00,1440025300,대동로,자동차용품할인매장,IBK기업은행사상디지털밸리지점,23.0,0.0
2026-08-02T19:00:00,1440029300,새벽시장로,KT스카이라이프부산경남지사,IBK기업은행사상디지털밸리지점,16.34,0.0
2026-08-02T19:00:00,1440030600,새벽시장로,NH농협은행사상중앙금융센터,IBK기업은행사상디지털밸리지점,26.75,0.0
2026-08-02T19:00:00,1440030800,대동로,감전동삼거리,IBK기업은행사상디지털밸리지점,17.75,0.0
2026-08-02T19:00:00,1440027700,사상로,한국외식업중앙회부산사상구지부,북부산세무서앞교차로,26.25,0.0
2026-08-02T19:00:00,1440029500,학감대로,KT스카이라이프부산경남지사,북부산세무서앞교차로,24.58,0.0
2026-08-02T19:00:00,1440031400,사상로,북부산세무서,북부산세무서앞교차로,33.08,0.0
2026-08-02T19:00:00,1440029901,백양대로,수협은행주례지점,감전동307-4,43.25,0.0
2026-08-02T19:00:00,1440030001,백양대로,능인사,감전동307-4,45.92,0.0
2026-08-02T19:00:00,1440029902,백양대로,감전동307-4,능인사,37.83,0.0
2026-08-02T19:00:00,1440036400,운산로,덕포파출소,능인사,17.08,0.0
2026-08-02T19:00:00,1440036600,백양대로,덕포교회,능인사,30.59,0.0
2026-08-02T19:00:00,1440030100,낙동대로,감전IC삼거리,SK주유소구덕셀프,50.67,0.0
2026-08-02T19:00:00,1440031900,새벽시장로,현진산업,SK주유소구덕셀프,20.17,0.0
2026-08-02T19:00:00,1440032400,낙동대로,감전제1배수펌프장,SK주유소구덕셀프,49.09,0.0
2026-08-02T19:00:00,1440032600,괘감로,감전2동사거리,감전동삼거리,25.75,0.0
2026-08-02T19:00:00,1440030700,대동로,IBK기업은행사상디지털밸리지점,감전동삼거리,21.08,0.0
2026-08-02T19:00:00,1440031500,괘감로,북부산세무서,감전동삼거리,29.25,0.0
2026-08-02T19:00:00,1440031800,사상로,사상교차로,북부산세무서,23.25,0.0
2026-08-02T19:00:00,1440031300,사상로,북부산세무서앞교차로,북부산세무서,34.67,0.0
2026-08-02T19:00:00,1440031600,괘감로,감전동삼거리,북부산세무서,15.17,0.0
2026-08-02T19:00:00,1440032000,새벽시장로,SK주유소구덕셀프,현진산업,23.25,0.0
2026-08-02T19:00:00,1440032200,새벽시장로9번길,롯데택배부산사상대리점,현진산업,22.75,0.0
2026-08-02T19:00:00,1440057000,새벽시장로,럭키메가마트,현진산업,31.25,0.0
2026-08-02T19:00:00,1440033000,새벽시장로9번길,산업교동측,롯데택배부산사상대리점,23.5,0.0
2026-08-02T19:00:00,1440032100,새벽시장로9번길,현진산업,롯데택배부산사상대리점,23.92,0.0
2026-08-02T19:00:00,1440032800,새벽시장로9번길,감전제1배수펌프장,롯데택배부산사상대리점,22.25,0.0
2026-08-02T19:00:00,1440032300,낙동대로,SK주유소구덕셀프,감전제1배수펌프장,55.08,0.0
2026-08-02T19:00:00,1440032700,새벽시장로9번길,롯데택배부산사상대리점,감전제1배수펌프장,9.25,0.0
2026-08-02T19:00:00,1440033600,낙동대로,산업교서측,감전제1배수펌프장,35.09,0.0
2026-08-02T19:00:00,1440057700,낙동대로,삼락동29-69,감전제1배수펌프장,22.92,0.0
2026-08-02T19:00:00,1440033900,괘감로,산업교동측,산업교서측,18.0,0.0
2026-08-02T19:00:00,1440033500,낙동대로,감전제1배수펌프장,산업교서측,46.59,0.0
2026-08-02T19:00:00,1440069001,낙동대로,괘법교삼거리,산업교서측,28.84,0.0
2026-08-02T19:00:00,1440034500,광장로,사상교차로,사상역,23.5,0.0
2026-08-02T19:00:00,1440034900,사상로,사상교차로,NH농협은행사상지점,20.42,0.0
2026-08-02T19:00:00,1440036800,사상로,덕포파출소,NH농협은행사상지점,30.84,0.0
2026-08-02T19:00:00,1440037002,낙동대로1210번길,괘법동575-1,NH농협은행사상지점,13.0,0.0
2026-08-02T19:00:00,1440065700,광장로13번길,괘법르네시떼역(부산김해경전철),르네시떼,8.0,0.0
2026-08-02T19:00:00,1440035301,광장로21번길,괘법동572-1,르네시떼,17.0,0.0
2026-08-02T19:00:00,1440035401,사상로223번길,창진초등학교,르네시떼,24.33,0.0
2026-08-02T19:00:00,1440035700,광장로1번길,괴법교동측,창진초등학교,32.59,0.0
2026-08-02T19:00:00,1440035302,사상로223번길,르네시떼,창진초등학교,16.0,0.0
2026-08-02T19:00:00,1440036200,광장로1번길,구삼락교동측,창진초등학교,31.33,0.0
2026-08-02T19:00:00,1440035500,광장로,괴법교동측,괘법교삼거리,17.0,0.0
2026-08-02T19:00:00,1440036000,낙동대로,삼락교,괘법교삼거리,28.58,0.0
2026-08-02T19:00:00,1440069301,낙동대로,괘법교삼거리,괘법교삼거리,15.42,0.0
2026-08-02T19:00:00,1440035900,낙동대로,괘법교삼거리,삼락교,40.0,0.0
2026-08-02T19:00:00,1440038100,낙동대로1210번길,구삼락교서측,삼락교,14.42,0.0
2026-08-02T19:00:00,1440038600,낙동대로,삼락운동장앞교차로,삼락교,33.59,0.0
2026-08-02T19:00:00,1440036100,광장로1번길,창진초등학교,구삼락교동측,27.08,0.0
2026-08-02T19:00:00,1440036902,낙동대로1210번길,괘법동575-1,구삼락교동측,17.83,0.0
2026-08-02T19:00:00,1440038000,삼락천로,삼락2호교동측,구삼락교동측,15.5,0.0
2026-08-02T19:00:00,1440037800,낙동대로1210번길,구삼락교서측,구삼락교동측,25.09,0.0
2026-08-02T19:00:00,1440036300,운산로,능인사,덕포파출소,14.42,0.0
2026-08-02T19:00:00,1440036700,사상로,NH농협은행사상지점,덕포파출소,18.0,0.0
2026-08-02T19:00:00,1440037402,운산로,삼락동462,덕포파출소,19.92,0.0
2026-08-02T19:00:00,1440037600,사상로,덕포교차로,덕포파출소,22.84,0.0
2026-08-02T19:00:00,1440036500,백양대로,능인사,덕포교회,35.83,0.0
2026-08-02T19:00:00,1440040002,백양대로,덕포동792,덕포교회,37.92,0.0
2026-08-02T19:00:00,1440036901,낙동대로1210번길,NH농협은행사상지점,괘법동575-1,20.67,0.0
2026-08-02T19:00:00,1440037001,낙동대로1210번길,구삼락교동측,괘법동575-1,15.42,0.0
2026-08-02T19:00:00,1440037301,운산로,덕포파출소,삼락동462,19.25,0.0
2026-08-02T19:00:00,1440037401,운산로,삼락2호교동측,삼락동462,16.83,0.0
2026-08-02T19:00:00,1440037900,삼락천로,구삼락교동측,삼락2호교동측,22.0,0.0
2026-08-02T19:00:00,1440037302,운산로,삼락동462,삼락2호교동측,15.25,0.0
2026-08-02T19:00:00,1440039000,운산로,삼락2호교서측,삼락2호교동측,20.42,0.0
2026-08-02T19:00:00,1440039200,삼락천로,삼락수로교동측,삼락2호교동측,16.75,0.0
2026-08-02T19:00:00,1440037500,사상로,덕포파출소,덕포교차로,23.5,0.0
2026-08-02T19:00:00,1440040800,삼덕로,삼락수로교동측,덕포교차로,22.59,0.0
2026-08-02T19:00:00,1440040300,삼덕로,하삼동커피덕포점,덕포교차로,21.5,0.0
2026-08-02T19:00:00,1440041000,사상로,모덕역3번출구,덕포교차로,34.0,0.0
2026-08-02T19:00:00,1440038200,낙동대로1210번길,삼락교,구삼락교서측,24.92,0.0
2026-08-02T19:00:00,1440037700,낙동대로1210번길,구삼락교동측,구삼락교서측,27.75,0.0
2026-08-02T19:00:00,1440038400,삼락천로,삼락2호교서측,구삼락교서측,18.0,0.0
2026-08-02T19:00:00,1440038900,운산로,삼락2호교동측,삼락2호교서측,25.0,0.0
2026-08-02T19:00:00,1440038300,삼락천로,구삼락교서측,삼락2호교서측,24.92,0.0
2026-08-02T19:00:00,1440039400,운산로,삼락운동장앞교차로,삼락2호교서측,16.83,0.0
2026-08-02T19:00:00,1440039600,삼락천로,삼락수로교서측,삼락2호교서측,15.0,0.0
2026-08-02T19:00:00,1440038500,낙동대로,삼락교,삼락운동장앞교차로,45.0,0.0
2026-08-02T19:00:00,1440039300,운산로,삼락2호교서측,삼락운동장앞교차로,18.34,0.0
2026-08-02T19:00:00,1440039800,낙동대로,사상경찰서삼거리,삼락운동장앞교차로,27.59,0.0
2026-08-02T19:00:00,1440039100,삼락천로,삼락2호교동측,삼락수로교동측,16.0,0.0
2026-08-02T19:00:00,1440040700,삼덕로,덕포교차로,삼락수로교동측,27.67,0.0
2026-08-02T19:00:00,1440041200,삼덕로,삼락수로교서측,삼락수로교동측,28.58,0.0
2026-08-02T19:00:00,1440041400,삼락천로,중1-39호교동측,삼락수로교동측,21.08,0.0
2026-08-02T19:00:00,1440039500,삼락천로,삼락2호교서측,삼락수로교서측,21.17,0.0
2026-08-02T19:00:00,1440041100,삼덕로,삼락수로교동측,삼락수로교서측,19.5,0.0
2026-08-02T19:00:00,1440041600,삼덕로,사상경찰서삼거리,삼락수로교서측,26.09,0.0
2026-08-02T19:00:00,1440041800,삼락천로,삼덕교,삼락수로교서측,23.0,0.0
2026-08-02T19:00:00,1440039700,낙동대로,삼락운동장앞교차로,사상경찰서삼거리,28.0,0.0
2026-08-02T19:00:00,1440041500,삼덕로,삼락수로교서측,사상경찰서삼거리,16.17,0.0
2026-08-02T19:00:00,1440042000,낙동대로,양수장삼거리,사상경찰서삼거리,36.5,0.0
2026-08-02T19:00:00,1440039901,백양대로,덕포교회,덕포동792,37.17,0.0
2026-08-02T19:00:00,1440040001,백양대로,백양공원교차로,덕포동792,39.83,0.0
2026-08-02T19:00:00,1440039902,백양대로,덕포동792,백양공원교차로,17.67,0.0
2026-08-02T19:00:00,1440040100,삼덕로,하삼동커피덕포점,백양공원교차로,21.75,0.0
2026-08-02T19:00:00,1440040600,백양대로,부산지방고용노동청부산북부지청,백양공원교차로,32.84,0.0
2026-08-02T19:00:00,1440040400,삼덕로,덕포교차로,하삼동커피덕포점,30.17,0.0
2026-08-02T19:00:00,1440040200,삼덕로,백양공원교차로,하삼동커피덕포점,30.17,0.0
2026-08-02T19:00:00,1440040500,백양대로,백양공원교차로,부산지방고용노동청부산북부지청,42.09,0.0
2026-08-02T19:00:00,1440042200,백양대로,북부수도사업소,부산지방고용노동청부산북부지청,37.75,0.0
2026-08-02T19:00:00,1440043000,사상로,모라교회,모덕역3번출구,28.83,0.0
2026-08-02T19:00:00,1440040900,사상로,덕포교차로,모덕역3번출구,33.08,0.0
2026-08-02T19:00:00,1440042800,모덕로,중1-39호교동측,모덕역3번출구,24.33,0.0
2026-08-02T19:00:00,1440042600,모덕로,북부수도사업소,모덕역3번출구,33.33,0.0
2026-08-02T19:00:00,1440041300,삼락천로,삼락수로교동측,중1-39호교동측,15.0,0.0
2026-08-02T19:00:00,1440042700,모덕로,모덕역3번출구,중1-39호교동측,23.75,0.0
2026-08-02T19:00:00,1440043400,모덕로,삼덕교,중1-39호교동측,32.17,0.0
2026-08-02T19:00:00,1440043600,삼락천로,삼락3호교동측,중1-39호교동측,26.34,0.0
2026-08-02T19:00:00,1440041700,삼락천로,삼락수로교서측,삼덕교,30.0,0.0
2026-08-02T19:00:00,1440043300,모덕로,중1-39호교동측,삼덕교,26.58,0.0
2026-08-02T19:00:00,1440043800,모덕로,삼락지구대,삼덕교,27.25,0.0
2026-08-02T19:00:00,1440044000,삼락천로,삼락3호교서측,삼덕교,19.0,0.0
2026-08-02T19:00:00,1440041900,낙동대로,사상경찰서삼거리,양수장삼거리,43.75,0.0
2026-08-02T19:00:00,1440044500,모덕로,삼락지구대,양수장삼거리,21.33,0.0
2026-08-02T19:00:00,1440045000,낙동대로,삼락동463,양수장삼거리,45.08,0.0
2026-08-02T19:00:00,1440042100,백양대로,부산지방고용노동청부산북부지청,북부수도사업소,45.92,0.0
2026-08-02T19:00:00,1440042500,모덕로,모덕역3번출구,북부수도사업소,31.0,0.0
2026-08-02T19:00:00,1440043200,백양대로,제칠일안식일예수재림교새부산교,북부수도사업소,38.92,0.0
2026-08-02T19:00:00,1440043100,백양대로,북부수도사업소,제칠일안식일예수재림교새부산교,29.58,0.0
2026-08-02T19:00:00,1440044200,백양대로,한사랑어린이집,제칠일안식일예수재림교새부산교,37.83,0.0
2026-08-02T19:00:00,1440044400,모라로88번길,함께하는교회,제칠일안식일예수재림교새부산교,25.84,0.0
2026-08-02T19:00:00,1440046300,사상로455번길,모라교회,삼락3호교동측,33.83,0.0
2026-08-02T19:00:00,1440043500,삼락천로,중1-39호교동측,삼락3호교동측,12.0,0.0
2026-08-02T19:00:00,1440048200,사상로455번길,삼락3호교서측,삼락3호교동측,13.67,0.0
2026-08-02T19:00:00,1440048400,삼락천로,모라수로교동측,삼락3호교동측,27.5,0.0
2026-08-02T19:00:00,1440043700,모덕로,삼덕교,삼락지구대,17.25,0.0
2026-08-02T19:00:00,1440044600,모덕로,양수장삼거리,삼락지구대,30.92,0.0
2026-08-02T19:00:00,1440043900,삼락천로,삼덕교,삼락3호교서측,28.08,0.0
2026-08-02T19:00:00,1440048100,사상로455번길,삼락3호교동측,삼락3호교서측,21.25,0.0
2026-08-02T19:00:00,1440048600,낙동대로1420번길,삼락동463,삼락3호교서측,26.67,0.0
2026-08-02T19:00:00,1440048800,삼락천로,모라수로교서측,삼락3호교서측,21.0,0.0
2026-08-02T19:00:00,1440044100,백양대로,제칠일안식일예수재림교새부산교,한사랑어린이집,35.17,0.0
2026-08-02T19:00:00,1440045200,백양대로,꿈의교회,한사랑어린이집,26.09,0.0
2026-08-02T19:00:00,1440044300,모라로88번길,제칠일안식일예수재림교새부산교,함께하는교회,29.5,0.0
2026-08-02T19:00:00,1440046700,백양대로,꿈의교회,함께하는교회,15.33,0.0
2026-08-02T19:00:00,1440047200,모라로88번길,열방교회,함께하는교회,22.0,0.0
2026-08-02T19:00:00,1440044900,낙동대로,양수장삼거리,삼락동463,44.17,0.0
2026-08-02T19:00:00,1440048500,낙동대로1420번길,삼락3호교서측,삼락동463,20.25,0.0
2026-08-02T19:00:00,1440049600,낙동대로,삼락동교차로,삼락동463,50.42,0.0
2026-08-02T19:00:00,1440045100,백양대로,한사랑어린이집,꿈의교회,26.42,0.0
2026-08-02T19:00:00,1440046800,백양대로,함께하는교회,꿈의교회,28.17,0.0
2026-08-02T19:00:00,1440047000,백양대로,신모라사거리,꿈의교회,27.67,0.0
2026-08-02T19:00:00,1440045400,모라로110번길,보물섬작은도서관,둥지만화카페,26.67,0.0
2026-08-02T19:00:00,1440045600,모라로,미당칼국수전골,둥지만화카페,23.17,0.0
2026-08-02T19:00:00,1440045800,모라로110번길,신모라사거리,둥지만화카페,18.75,0.0
2026-08-02T19:00:00,1440045300,모라로110번길,둥지만화카페,보물섬작은도서관,19.08,0.0
2026-08-02T19:00:00,1440045500,모라로,둥지만화카페,미당칼국수전골,25.42,0.0
2026-08-02T19:00:00,1440049000,모라로,신모라사거리,미당칼국수전골,35.59,111.0
2026-08-02T19:00:00,1440047500,모라로,준식당,미당칼국수전골,44.42,116.0
2026-08-02T19:00:00,1440046900,백양대로,꿈의교회,신모라사거리,20.67,0.0
2026-08-02T19:00:00,1440045700,모라로110번길,둥지만화카페,신모라사거리,10.42,0.0
2026-08-02T19:00:00,1440048900,모라로,미당칼국수전골,신모라사거리,38.04,116.0
2026-08-02T19:00:00,1440049200,모라로,열방교회,신모라사거리,15.75,0.0
2026-08-02T19:00:00,1440049400,백양대로,커피베이부산모라점,신모라사거리,27.25,0.0
2026-08-02T19:00:00,1440046000,모라로,신모라공단관리협의회,백양터널,39.59,0.0
2026-08-02T19:00:00,1440045900,모라로,백양터널,신모라공단관리협의회,43.42,0.0
2026-08-02T19:00:00,1440047900,관문대로,백양터널TG,신모라공단관리협의회,57.37,500.0
2026-08-02T19:00:00,1440047300,관문대로,준식당,신모라공단관리협의회,53.69,424.0
2026-08-02T19:00:00,1440046200,관문대로,백양터널TG,백양터널북측,52.9,424.0
2026-08-02T19:00:00,1440068400,관문대로,부산진구-사상구,백양터널북측,57.25,500.0
2026-08-02T19:00:00,1440048000,관문대로,신모라공단관리협의회,백양터널TG,53.86,424.0
2026-08-02T19:00:00,1440046100,관문대로,백양터널북측,백양터널TG,57.5,500.0
2026-08-02T19:00:00,1440046500,사상로,모라교회,사상농협모라지점,30.0,0.0
2026-08-02T19:00:00,1440050000,사상로,모라역교차로,사상농협모라지점,25.09,0.0
2026-08-02T19:00:00,1440047100,모라로88번길,함께하는교회,열방교회,22.75,0.0
2026-08-02T19:00:00,1440049100,모라로,신모라사거리,열방교회,18.09,0.0
2026-08-02T19:00:00,1440049800,모라로,모라역교차로,열방교회,25.25,0.0
2026-08-02T19:00:00,1440047600,모라로,미당칼국수전골,준식당,41.38,111.0
2026-08-02T19:00:00,1440047400,관문대로,신모라공단관리협의회,준식당,57.79,500.0
2026-08-02T19:00:00,1440047800,관문대로,속성변화점,준식당,67.91,732.0
2026-08-02T19:00:00,1440047700,관문대로,준식당,속성변화점,70.3,879.0
2026-08-02T19:00:00,1440051400,관문대로,엔리치,속성변화점,71.2,732.0
2026-08-02T19:00:00,1440048300,삼락천로,삼락3호교동측,모라수로교동측,15.0,0.0
2026-08-02T19:00:00,1440052400,모라로,모라수로교서측,모라수로교동측,32.0,0.0
2026-08-02T19:00:00,1440050300,모라로,모라역교차로,모라수로교동측,24.25,0.0
2026-08-02T19:00:00,1440048700,삼락천로,삼락3호교서측,모라수로교서측,31.0,0.0
2026-08-02T19:00:00,1440052300,모라로,모라수로교동측,모라수로교서측,34.75,0.0
2026-08-02T19:00:00,1440052800,모라로,삼락동교차로,모라수로교서측,18.83,0.0
2026-08-02T19:00:00,1440053000,삼락천로,삼락교서측,모라수로교서측,11.0,0.0
2026-08-02T19:00:00,1440049300,백양대로,신모라사거리,커피베이부산모라점,32.42,0.0
2026-08-02T19:00:00,1440051202,백양대로,모라동1368,커피베이부산모라점,35.58,0.0
2026-08-02T19:00:00,1440052200,사상로,북구청삼거리,감성놀이참좋은어린이집,37.58,0.0
2026-08-02T19:00:00,1440050100,사상로,모라역교차로,감성놀이참좋은어린이집,34.75,0.0
2026-08-02T19:00:00,1440052000,사상로531번길,삼락교동측,감성놀이참좋은어린이집,22.17,0.0
2026-08-02T19:00:00,1440049900,사상로,사상농협모라지점,모라역교차로,11.75,0.0
2026-08-02T19:00:00,1440049700,모라로,열방교회,모라역교차로,14.92,0.0
2026-08-02T19:00:00,1440050400,모라로,모라수로교동측,모라역교차로,21.67,0.0
2026-08-02T19:00:00,1440050200,사상로,감성놀이참좋은어린이집,모라역교차로,23.0,0.0
2026-08-02T19:00:00,1440050500,강변대로,삼락동29-2,삼락IC,74.36,520.0
2026-08-02T19:00:00,1440051800,강변대로,중앙슈퍼,삼락IC,77.0,503.0
2026-08-02T19:00:00,1440051201,백양대로,구남역,모라동1368,21.5,0.0
2026-08-02T19:00:00,1440051101,백양대로,커피베이부산모라점,모라동1368,32.83,0.0
2026-08-02T19:00:00,1440051300,관문대로,속성변화점,엔리치,69.01,879.0
2026-08-02T19:00:00,1440053200,중앙고속도로,삼락IC,엔리치,71.65,732.0
2026-08-02T19:00:00,1440051501,모라로,삼락IC,삼락동29-12,37.25,0.0
2026-08-02T19:00:00,1440051601,모라로,삼락동교차로,삼락동29-12,27.67,0.0
2026-08-02T19:00:00,1440057300,강변대로,삼락동29-8,삼락동29-12,34.0,0.0
2026-08-02T19:00:00,1440049500,낙동대로,삼락동463,삼락동교차로,29.42,0.0
2026-08-02T19:00:00,1440052700,모라로,모라수로교서측,삼락동교차로,18.25,0.0
2026-08-02T19:00:00,1440051502,모라로,삼락동29-12,삼락동교차로,8.33,0.0
2026-08-02T19:00:00,1440053900,낙동대로,부국축산유통,삼락동교차로,26.75,0.0
2026-08-02T19:00:00,1440051700,강변대로,삼락IC,중앙슈퍼,77.86,520.0
2026-08-02T19:00:00,1440054800,강변대로,삼락동29-2,중앙슈퍼,76.5,503.0
2026-08-02T19:00:00,1440051900,사상로531번길,감성놀이참좋은어린이집,삼락교동측,16.67,0.0
2026-08-02T19:00:00,1440053500,낙동대로1518번길,삼락교서측,삼락교동측,19.83,0.0
2026-08-02T19:00:00,1440055000,낙동대로,북구청삼거리,부국축산유통,42.17,0.0
2026-08-02T19:00:00,1440053800,낙동대로,삼락동교차로,부국축산유통,28.08,0.0
2026-08-02T19:00:00,1440054000,낙동대로1518번길,삼락교서측,부국축산유통,16.92,0.0
2026-08-02T19:00:00,1440053400,낙동대로1518번길,삼락교동측,삼락교서측,28.84,0.0
2026-08-02T19:00:00,1440054100,낙동대로1518번길,부국축산유통,삼락교서측,16.0,0.0
2026-08-02T19:00:00,1440054500,중앙고속도로,삼락IC,삼락IC,81.0,0.0
2026-08-02T19:00:00,1440053100,중앙고속도로,엔리치,삼락IC,71.68,879.0
2026-08-02T19:00:00,1440054600,중앙고속도로,중앙슈퍼,삼락IC,42.5,0.0
2026-08-02T19:00:00,1440053300,강변대로,엔리치,삼락동29-2,53.17,0.0
2026-08-02T19:00:00,1440054700,강변대로,중앙슈퍼,삼락동29-2,76.81,520.0
2026-08-02T19:00:00,1440070501,강변대로,버스정류장,삼락동29-2,77.21,503.0
2026-08-02T19:00:00,1440055300,괘감로,감전2동사거리,한림공구도매상가앞,23.25,0.0
2026-08-02T19:00:00,1440055602,괘감로,괘법동572-1,한림공구도매상가앞,35.0,0.0
2026-08-02T19:00:00,1440056500,새벽시장로45번길,삼성히타앞,한림공구도매상가앞,15.0,0.0
2026-08-02T19:00:00,1440055601,괘감로,산업교동측,괘법동572-1,34.67,0.0
2026-08-02T19:00:00,1440055501,괘감로,한림공구도매상가앞,괘법동572-1,30.25,0.0
2026-08-02T19:00:00,1440055700,새벽로,감전2동사거리,김교진비뇨기과,23.67,0.0
2026-08-02T19:00:00,1440056700,새벽로,NH농협은행사상중앙금융센터,김교진비뇨기과,27.25,0.0
2026-08-02T19:00:00,1440056300,새벽로167번길,삼성히타앞,김교진비뇨기과,18.0,0.0
2026-08-02T19:00:00,1440056800,새벽시장로,NH농협은행사상중앙금융센터,럭키메가마트,27.33,0.0
2026-08-02T19:00:00,1440055900,새벽시장로,현진산업,럭키메가마트,22.58,0.0
2026-08-02T19:00:00,1440056100,새벽시장로45번길,삼성히타앞,럭키메가마트,20.0,0.0
2026-08-02T19:00:00,1440056400,새벽시장로45번길,한림공구도매상가앞,삼성히타앞,11.0,0.0
2026-08-02T19:00:00,1440056200,새벽로167번길,김교진비뇨기과,삼성히타앞,9.0,0.0
2026-08-02T19:00:00,1440056000,새벽시장로45번길,럭키메가마트,삼성히타앞,21.0,0.0
2026-08-02T19:00:00,1450022800,차성로201번길,센트롤파크빌라6차,센트롤파크빌라6차,17.0,0.0
2026-08-02T19:00:00,1440057400,강변대로,삼락동29-12,삼락동29-8,34.08,0.0
2026-08-02T19:00:00,1440063700,-,삼락동29-69,삼락동29-8,25.0,0.0
2026-08-02T19:00:00,1440063200,-,삼락동29-8,삼락동29-8,34.75,0.0
2026-08-02T19:00:00,1440063800,-,삼락동29-8,삼락동29-69,48.75,0.0
2026-08-02T19:00:00,1440064000,-,삼락동29-87,삼락동29-69,28.0,0.0
2026-08-02T19:00:00,1450023200,차성로201번길,예수사랑교회,센트롤파크빌라6차,17.0,0.0
2026-08-02T19:00:00,1450023400,대청로14번길,한국SGI기장문화회관,센트롤파크빌라6차,17.17,0.0
2026-08-02T19:00:00,1440061700,강변대로,엄궁동651-85,엄궁동665,18.0,0.0
2026-08-02T19:00:00,1440067000,강변대로,사하구-사상구,엄궁동658,47.02,43.0
2026-08-02T19:00:00,1440061600,강변대로,엄궁동651-85,엄궁동658,11.75,0.0
2026-08-02T19:00:00,1440067500,강변대로,엄궁동658,엄궁동658,45.1,180.0
2026-08-02T19:00:00,1440061800,강변대로,엄궁동665,엄궁동651-85,23.42,0.0
2026-08-02T19:00:00,1440061500,강변대로,엄궁동658,엄궁동651-85,35.0,0.0
2026-08-02T19:00:00,1440067700,강변대로,화물터미널앞교차로,엄궁동658,55.1,180.0
2026-08-02T19:00:00,1440062200,강변대로456번길,엄궁동651-85,엄궁동658,20.0,0.0
2026-08-02T19:00:00,1440067400,강변대로,엄궁동658,엄궁동658,53.56,43.0
2026-08-02T19:00:00,1440063100,-,삼락동29-8,삼락동29-8,30.0,0.0
2026-08-02T19:00:00,1450003202,기장대로,청강리117-2,법성사,26.55,586.0
2026-08-02T19:00:00,1450003402,기장대로,기장버스터미널,법성사,23.81,452.0
2026-08-02T19:00:00,1440063900,-,삼락동29-69,삼락동29-87,23.0,0.0
2026-08-02T19:00:00,1310024100,보수대로,구덕터널남측,서구-사상구,57.25,0.0
2026-08-02T19:00:00,1440067900,학감대로,구덕터널북측,서구-사상구,55.42,0.0
2026-08-02T19:00:00,1340323100,동서고가로,속성변화점,부산진구-사상구,66.27,581.0
2026-08-02T19:00:00,1440068200,동서고가로,창녕유통,부산진구-사상구,58.14,572.0
2026-08-02T19:00:00,1340323200,관문대로,백양터널남측,부산진구-사상구,57.66,500.0
2026-08-02T19:00:00,1440068500,관문대로,백양터널,부산진구-사상구,53.69,424.0
2026-08-02T19:00:00,1380003304,해운대로,송정동447,송정1교남측,37.46,22.0
2026-08-02T19:00:00,1450000402,기장대로,송정1교북측,송정1교남측,28.0,34.0
2026-08-02T19:00:00,1450000302,기장대로,송정1교남측,송정1교북측,19.29,22.0
2026-08-02T19:00:00,1450000411,기장대로,동부산IC,송정1교북측,23.8,34.0
2026-08-02T19:00:00,1450000325,기장대로,내리813,내리813,49.87,452.0
2026-08-02T19:00:00,1450000422,기장대로,내리교남측,내리813,38.11,645.0
2026-08-02T19:00:00,1450000321,기장대로,송정1교북측,동부산IC,27.96,22.0
2026-08-02T19:00:00,1450000425,기장대로,내리813,동부산IC,45.32,645.0
2026-08-02T19:00:00,1450217600,동부산관광로,동부산IC,동부산IC,24.8,179.0
2026-08-02T19:00:00,1450000424,기장대로,내리813,내리813,46.91,645.0
2026-08-02T19:00:00,1450000324,기장대로,동부산IC,내리813,48.66,452.0
2026-08-02T19:00:00,1450000323,기장대로,내리813,내리교남측,39.24,452.0
2026-08-02T19:00:00,1450000602,기장대로,내리교(북측),내리교남측,37.2,645.0
2026-08-02T19:00:00,1450000501,기장대로,내리교남측,내리교(북측),48.28,452.0
2026-08-02T19:00:00,1450000601,기장대로,기장교차로,내리교(북측),34.74,645.0
2026-08-02T19:00:00,1450000502,기장대로,내리교(북측),기장교차로,50.16,452.0
2026-08-02T19:00:00,1450000800,기장대로,대영기업,기장교차로,43.74,645.0
2026-08-02T19:00:00,1450000700,기장대로,기장교차로,대영기업,53.37,452.0
2026-08-02T19:00:00,1450001001,기장대로,연화육교,대영기업,48.24,645.0
2026-08-02T19:00:00,1450000901,기장대로,대영기업,연화육교,52.29,452.0
2026-08-02T19:00:00,1450017000,기장대로,연화육교,연화육교,46.53,645.0
2026-08-02T19:00:00,1450002200,기장대로,기장2주공앞교차로,고가차도,49.54,455.0
2026-08-02T19:00:00,1450017502,기장대로,지하차도,고가차도,39.88,406.0
2026-08-02T19:00:00,1450019400,기장대로413번길,중앙하이츠빌라,고가차도,22.92,0.0
2026-08-02T19:00:00,1450002100,기장대로,고가차도,기장2주공앞교차로,33.67,406.0
2026-08-02T19:00:00,1450019600,청강로,한국전력공사기장지사,기장2주공앞교차로,9.84,0.0
2026-08-02T19:00:00,1450002400,기장대로,청강사거리,기장2주공앞교차로,44.91,455.0
2026-08-02T19:00:00,1450003007,반송로,고촌리539,철마삼거리,59.25,0.0
2026-08-02T19:00:00,1450004000,반송로,안평주유소,철마삼거리,51.0,0.0
2026-08-02T19:00:00,1450041000,철마로,안평저수지교차로,철마삼거리,23.58,0.0
2026-08-02T19:00:00,1450002906,반송로,철마삼거리,고촌리539,51.5,0.0
2026-08-02T19:00:00,1450003006,반송로,안평역(부산4호선),고촌리539,63.17,0.0
2026-08-02T19:00:00,1450003002,반송로,운봉삼거리,고촌리160-27,39.17,0.0
2026-08-02T19:00:00,1450002905,반송로,안평역(부산4호선),고촌리160-27,42.5,0.0
2026-08-02T19:00:00,1450002907,반송로,고촌리539,안평역(부산4호선),36.58,0.0
2026-08-02T19:00:00,1450003004,반송로,고촌리160-27,안평역(부산4호선),53.25,0.0
2026-08-02T19:00:00,1450003101,기장대로,법성사,청강리117-2,25.52,452.0
2026-08-02T19:00:00,1450003204,기장대로,청강리257-2,청강리117-2,26.47,586.0
2026-08-02T19:00:00,1450003103,기장대로,청강리117-2,청강리257-2,23.81,452.0
2026-08-02T19:00:00,1450003203,기장대로,한국외식업중앙회부산기장군지부,청강리257-2,23.39,586.0
2026-08-02T19:00:00,1450003104,기장대로,청강리257-2,한국외식업중앙회부산기장군지부,19.0,0.0
2026-08-02T19:00:00,1450002700,기장대로,청강사거리,한국외식업중앙회부산기장군지부,28.01,586.0
2026-08-02T19:00:00,1450003301,기장대로,법성사,기장버스터미널,23.39,586.0
2026-08-02T19:00:00,1450003401,기장대로,죽성사거리,기장버스터미널,28.94,452.0
2026-08-02T19:00:00,1450032800,차성남로,기장성당,죽성사거리,21.59,0.0
2026-08-02T19:00:00,1450003302,기장대로,기장버스터미널,죽성사거리,20.3,586.0
2026-08-02T19:00:00,1450003803,기장대로,청강리5-2,죽성사거리,23.15,452.0
2026-08-02T19:00:00,1450003702,기장대로,죽성사거리,청강리5-2,30.26,586.0
2026-08-02T19:00:00,1450003802,기장대로,교리삼거리,청강리5-2,36.35,452.0
2026-08-02T19:00:00,1450003703,기장대로,청강리5-2,교리삼거리,27.22,586.0
2026-08-02T19:00:00,1450006500,반송로,기장철도육교동측,교리삼거리,21.92,0.0
2026-08-02T19:00:00,1450006801,기장대로,일광교차로,교리삼거리,32.67,0.0
2026-08-02T19:00:00,1450003900,반송로,철마삼거리,안평주유소,57.17,0.0
2026-08-02T19:00:00,1450004805,반송로,만화리317-5,안평주유소,57.17,0.0
2026-08-02T19:00:00,1450004202,반송로,서부리341,기장PVC,38.08,0.0
2026-08-02T19:00:00,1450004600,반송로,기장변전소,기장PVC,37.25,0.0
2026-08-02T19:00:00,1451129800,차성서로,서부리65-1,서부리341,31.0,0.0
2026-08-02T19:00:00,1450004101,반송로,기장PVC,서부리341,24.42,0.0
2026-08-02T19:00:00,1450004204,반송로,서부리39-3,서부리341,52.58,0.0
2026-08-02T19:00:00,1450004203,반송로,꿈이있는교회,서부리39-3,52.0,0.0
2026-08-02T19:00:00,1450004103,반송로,서부리341,서부리39-3,35.67,0.0
2026-08-02T19:00:00,1450004500,반송로,기장PVC,기장변전소,37.25,0.0
2026-08-02T19:00:00,1450005601,반송로,GS주유소하영셀프,기장변전소,39.5,0.0
2026-08-02T19:00:00,1450040706,읍내로,서부리65-1,기장변전소,12.0,0.0
2026-08-02T19:00:00,1450043802,배산로8번길,서부리456,기장변전소,5.0,0.0
2026-08-02T19:00:00,1450004807,반송로,만화리산120-30,만화리산120-23,45.25,0.0
2026-08-02T19:00:00,1450004709,반송로,속성변화점,만화리산120-23,53.67,0.0
2026-08-02T19:00:00,1450004706,반송로,만화리산120-23,만화리산120-30,48.5,0.0
2026-08-02T19:00:00,1450004806,반송로,GS주유소하영셀프,만화리산120-30,54.5,0.0
2026-08-02T19:00:00,1450004704,반송로,안평주유소,만화리317-5,52.0,0.0
2026-08-02T19:00:00,1450004809,반송로,속성변화점,만화리317-5,61.84,0.0
2026-08-02T19:00:00,1450004808,반송로,만화리산120-23,속성변화점,47.25,0.0
2026-08-02T19:00:00,1450004708,반송로,만화리317-5,속성변화점,15.5,0.0
2026-08-02T19:00:00,1450004707,반송로,만화리산120-30,GS주유소하영셀프,39.5,0.0
2026-08-02T19:00:00,1450005502,반송로,GS주유소하영셀프,GS주유소하영셀프,54.17,0.0
2026-08-02T19:00:00,1450044600,차성로418번길,국민건강보험공단기장지사,동부근린공원,12.67,0.0
2026-08-02T19:00:00,1450004901,반송로,중앙사거리,동부근린공원,22.34,0.0
2026-08-02T19:00:00,1450005402,반송로,교리305-1,동부근린공원,23.34,0.0
2026-08-02T19:00:00,1450043900,반송로,동부지하차도,동부근린공원,10.17,0.0
2026-08-02T19:00:00,1450005401,반송로,교리우편취급소,교리305-1,19.5,0.0
2026-08-02T19:00:00,1450005301,반송로,동부근린공원,교리305-1,21.0,0.0
2026-08-02T19:00:00,1450005501,반송로,기장변전소,GS주유소하영셀프,47.92,0.0
2026-08-02T19:00:00,1450005602,반송로,GS주유소하영셀프,GS주유소하영셀프,53.17,0.0
2026-08-02T19:00:00,1450045200,배산로8번길,서부리456,GS주유소하영셀프,11.75,0.0
2026-08-02T19:00:00,1450006300,반송로,기장철도육교서측,기장철도육교동측,24.5,0.0
2026-08-02T19:00:00,1450006600,반송로,교리삼거리,기장철도육교동측,25.42,0.0
2026-08-02T19:00:00,1451170901,기장대로,일광교차로,일광교차로,37.5,0.0
2026-08-02T19:00:00,1450006701,기장대로,교리삼거리,일광교차로,47.67,0.0
2026-08-02T19:00:00,1450007602,기장대로,삼성리688,일광교차로,53.08,0.0
2026-08-02T19:00:00,1450007502,기장대로,일광교차로,삼성리688,52.25,0.0
2026-08-02T19:00:00,1450007601,기장대로,일광철도육교남측,삼성리688,50.34,0.0
2026-08-02T19:00:00,1450008200,일광로,일광과선교,일광해수욕장입구,27.42,0.0
2026-08-02T19:00:00,1450008303,일광로,삼성리96-3,일광해수욕장입구,25.92,0.0
2026-08-02T19:00:00,1450009302,일광로,일광삼거리,이천교동측,20.92,0.0
2026-08-02T19:00:00,1450009415,일광로,일광삼거리,이천교동측,21.84,0.0
2026-08-02T19:00:00,1450009314,일광로,이천교동측,일광삼거리,26.25,0.0
2026-08-02T19:00:00,1450009419,일광로,이천리834-2,일광삼거리,9.92,0.0
2026-08-02T19:00:00,1450009318,일광로,일광삼거리,이천리834-2,17.58,0.0
2026-08-02T19:00:00,1450009418,일광로,이천리822-2,이천리834-2,17.25,0.0
2026-08-02T19:00:00,1450009325,일광로,이천리509-9,이천리518-2,29.33,0.0
2026-08-02T19:00:00,1450009420,일광로,이동교차로,이천리518-2,38.09,0.0
2026-08-02T19:00:00,1450009423,일광로,이천리441-2,이천리822-2,26.17,0.0
2026-08-02T19:00:00,1450009319,일광로,이천리834-2,이천리822-2,26.0,0.0
2026-08-02T19:00:00,1450994104,일광로,이천리211-5,이동교차로,33.42,0.0
2026-08-02T19:00:00,1450009321,일광로,이천리518-2,이동교차로,36.5,0.0
2026-08-02T19:00:00,1450009600,이화로,세월교남측,삼육APT,47.75,0.0
2026-08-02T19:00:00,1450048502,이화로,또오리은행나무,삼육APT,37.34,0.0
2026-08-02T19:00:00,1450009500,이화로,삼육APT,세월교남측,58.25,0.0
2026-08-02T19:00:00,1450009800,이화로,세월교북측,세월교남측,49.0,0.0
2026-08-02T19:00:00,1450010002,이화로,화전리562-10,세월교북측,43.0,0.0
2026-08-02T19:00:00,1450009700,이화로,세월교남측,세월교북측,44.17,0.0
2026-08-02T19:00:00,1450050401,이화로,학교앞,남광철재,31.17,0.0
2026-08-02T19:00:00,1450009902,이화로,화전리562-10,남광철재,33.0,0.0
2026-08-02T19:00:00,1450067400,화용길,학교앞,일광IC북측,7.0,0.0
2026-08-02T19:00:00,1450010200,기장대로,GS주유소신아시아드,일광IC북측,49.83,0.0
2026-08-02T19:00:00,1450067600,기장대로,일광IC남측,일광IC북측,64.34,0.0
2026-08-02T19:00:00,1450010100,기장대로,일광IC북측,GS주유소신아시아드,61.0,0.0
2026-08-02T19:00:00,1450010403,기장대로,청광리151-25,GS주유소신아시아드,66.92,0.0
2026-08-02T19:00:00,1450050500,화전2길,화전마을회관,GS주유소신아시아드,30.5,0.0
2026-08-02T19:00:00,1450010102,기장대로,GS주유소신아시아드,청광리151-25,69.08,0.0
2026-08-02T19:00:00,1450010402,기장대로,좌천삼거리,청광리151-25,63.58,0.0
2026-08-02T19:00:00,1450010103,기장대로,청광리151-25,좌천삼거리,63.5,0.0
2026-08-02T19:00:00,1450011000,기장대로,무명교남측,좌천삼거리,38.08,0.0
2026-08-02T19:00:00,1450052200,좌천로,좌천교북측,좌천삼거리,15.59,0.0
2026-08-02T19:00:00,1450995004,일광로,칠암리269-8,장곡교차로,25.92,0.0
2026-08-02T19:00:00,1450010602,일광로,임랑마을회관,장곡교차로,32.33,0.0
2026-08-02T19:00:00,1450010502,일광로,장곡교차로,임랑마을회관,33.58,0.0
2026-08-02T19:00:00,1450010604,일광로,임란교차로,임랑마을회관,27.67,0.0
2026-08-02T19:00:00,1450010503,일광로,임랑마을회관,임란교차로,29.75,0.0
2026-08-02T19:00:00,1450010603,일광로,임랑교차로,임란교차로,20.83,0.0
2026-08-02T19:00:00,1450010504,일광로,임란교차로,임랑교차로,18.5,0.0
2026-08-02T19:00:00,1450055700,해맞이로,장안어린이집,임랑교차로,32.17,0.0
2026-08-02T19:00:00,1450010900,기장대로,좌천삼거리,무명교남측,60.33,0.0
2026-08-02T19:00:00,1450011200,기장대로,무명교북측,무명교남측,49.5,0.0
2026-08-02T19:00:00,1450053100,청원길,달음교,무명교남측,33.0,0.0
2026-08-02T19:00:00,1450011100,기장대로,무명교남측,무명교북측,62.5,0.0
2026-08-02T19:00:00,1450011400,기장대로,좌천사거리,무명교북측,53.25,0.0
2026-08-02T19:00:00,1450011300,기장대로,무명교북측,좌천사거리,63.25,0.0
2026-08-02T19:00:00,1450011502,기장대로,좌동삼거리,좌천사거리,34.09,0.0
2026-08-02T19:00:00,1450055900,좌천로,좌동리교차로,좌천사거리,16.42,0.0
2026-08-02T19:00:00,1450056453,정관로,좌천리485-2,좌천사거리,35.83,0.0
2026-08-02T19:00:00,1450011602,기장대로,좌동삼거리,좌동삼거리,70.0,0.0
2026-08-02T19:00:00,1450013001,기장대로,장안IC입구남측,좌동삼거리,50.25,0.0
2026-08-02T19:00:00,1450056100,좌동길,좌동리교차로,좌동삼거리,33.25,0.0
2026-08-02T19:00:00,1450011601,기장대로,좌천사거리,좌동삼거리,50.67,0.0
2026-08-02T19:00:00,1450011501,기장대로,좌동삼거리,좌동삼거리,59.0,0.0
2026-08-02T19:00:00,1450012901,기장대로,좌동삼거리,장안IC입구남측,64.92,0.0
2026-08-02T19:00:00,1450013002,기장대로,장안IC북측,장안IC입구남측,59.34,0.0
2026-08-02T19:00:00,1450902100,기장대로,좌동리79-5,장안IC북측,63.92,0.0
2026-08-02T19:00:00,1450012902,기장대로,장안IC입구남측,장안IC북측,70.67,0.0
2026-08-02T19:00:00,1450902602,기장대로,용소리581,용소삼거리,57.0,0.0
2026-08-02T19:00:00,1450013600,기장대로,하근교,용소삼거리,60.83,0.0
2026-08-02T19:00:00,1450062600,장안로,장안초등학교,용소삼거리,25.92,0.0
2026-08-02T19:00:00,1450013500,기장대로,용소삼거리,하근교,71.17,0.0
2026-08-02T19:00:00,1450013800,기장대로,하근교남측,하근교,60.09,0.0
2026-08-02T19:00:00,1450063100,장안로,장안초등학교,하근교,33.0,0.0
2026-08-02T19:00:00,1450013700,기장대로,하근교,하근교남측,68.34,0.0
2026-08-02T19:00:00,1450014000,기장대로,하근교북측,하근교남측,61.17,0.0
2026-08-02T19:00:00,1450013900,기장대로,하근교남측,하근교북측,68.58,0.0
2026-08-02T19:00:00,1450673900,기장대로,기룡교차로,하근교북측,58.92,0.0
2026-08-02T19:00:00,1451154400,웅상대로,기장군-양산시,과적차량검문소,64.83,0.0
2026-08-02T19:00:00,1450014600,웅상대로,월평고가차도,과적차량검문소,63.67,0.0
2026-08-02T19:00:00,1450014500,웅상대로,과적차량검문소,월평고가차도,61.92,0.0
2026-08-02T19:00:00,1450015402,웅상대로,월평고가차도,월평고가차도,72.0,0.0
2026-08-02T19:00:00,1450064300,웅상대로,월평교차로,월평고가차도,55.42,0.0
2026-08-02T19:00:00,1450015302,웅상대로,월평고가차도,월평고가차도,74.25,0.0
2026-08-02T19:00:00,1450015401,웅상대로,기장군-양산시,월평고가차도,63.17,0.0
2026-08-02T19:00:00,1450064200,웅상대로,월평교차로,월평고가차도,48.33,0.0
2026-08-02T19:00:00,1450015301,웅상대로,월평고가차도,기장군-양산시,40.92,0.0
2026-08-02T19:00:00,1450016000,기장대로,기장군-울주군,장안보건진료소,73.59,0.0
2026-08-02T19:00:00,1450923200,기장대로,오리보건진료소,장안보건진료소,76.5,0.0
2026-08-02T19:00:00,1450015900,기장대로,장안보건진료소,기장군-울주군,62.84,0.0
2026-08-02T19:00:00,1451153200,기장해안로,일출횟집,고려환경산업,26.32,182.0
2026-08-02T19:00:00,1450016406,기장해안로,판타지오스퀘어,고려환경산업,33.49,438.0
2026-08-02T19:00:00,1450016303,기장해안로,고려환경산업,판타지오스퀘어,21.36,232.0
2026-08-02T19:00:00,1450016405,기장해안로,시랑리706,판타지오스퀘어,27.58,438.0
2026-08-02T19:00:00,1450016304,기장해안로,판타지오스퀘어,시랑리706,19.27,232.0
2026-08-02T19:00:00,1450016404,기장해안로,시랑리706,시랑리706,25.95,438.0
2026-08-02T19:00:00,1450016305,기장해안로,시랑리706,시랑리706,18.07,232.0
2026-08-02T19:00:00,1450016403,기장해안로,시랑리706,시랑리706,27.62,438.0
2026-08-02T19:00:00,1450217703,동부산관광로,시랑리729,시랑리706,25.33,125.0
2026-08-02T19:00:00,1450016306,기장해안로,시랑리706,시랑리706,14.31,232.0
2026-08-02T19:00:00,1450016408,기장해안로,아바니부산호텔앤리조트,시랑리706,24.84,245.0
2026-08-02T19:00:00,1450016307,기장해안로,시랑리706,아바니부산호텔앤리조트,24.48,209.0
2026-08-02T19:00:00,1450016413,기장해안로,용궁삼거리,아바니부산호텔앤리조트,28.63,245.0
2026-08-02T19:00:00,1450016312,기장해안로,아바니부산호텔앤리조트,용궁삼거리,27.02,209.0
2026-08-02T19:00:00,1450016415,기장해안로,시랑리706,용궁삼거리,22.96,245.0
2026-08-02T19:00:00,1450016314,기장해안로,용궁삼거리,시랑리706,32.86,209.0
2026-08-02T19:00:00,1450016417,기장해안로,시랑리706,시랑리706,29.13,245.0
2026-08-02T19:00:00,1450016316,기장해안로,시랑리706,시랑리706,26.57,209.0
2026-08-02T19:00:00,1450016416,기장해안로,연화리507,시랑리706,31.59,245.0
2026-08-02T19:00:00,1450016900,기장대로,연화육교,연화육교,49.41,452.0
2026-08-02T19:00:00,1450017200,기장대로,연화과선교북측,연화육교,33.08,455.0
2026-08-02T19:00:00,1450017404,차성로,지하차도,연화육교,40.67,0.0
2026-08-02T19:00:00,1450733800,청연로,연화터널서측,연화육교,34.0,185.0
2026-08-02T19:00:00,1450017100,기장대로,연화육교,연화과선교북측,49.05,406.0
2026-08-02T19:00:00,1450017602,기장대로,지하차도,연화과선교북측,38.62,455.0
2026-08-02T19:00:00,1450017304,차성로,지하차도,청강리710,27.83,0.0
2026-08-02T19:00:00,1450017401,차성로,오리세상,청강리710,35.75,0.0
2026-08-02T19:00:00,1450017303,차성로,연화육교,지하차도,30.25,0.0
2026-08-02T19:00:00,1450017403,차성로,청강리710,지하차도,33.92,0.0
2026-08-02T19:00:00,1451152700,동뫼길,지하차도,지하차도,42.58,9.0
2026-08-02T19:00:00,1450017302,차성로,청강리710,오리세상,13.92,0.0
2026-08-02T19:00:00,1450020000,차성서로,센트롤파크빌라6차,오리세상,20.92,0.0
2026-08-02T19:00:00,1450020200,차성로190번길,중앙하이츠빌라,오리세상,16.59,0.0
2026-08-02T19:00:00,1450020400,차성로,기장군종합사회복지관어린이집,오리세상,16.42,0.0
2026-08-02T19:00:00,1450017601,기장대로,고가차도,지하차도,49.25,455.0
2026-08-02T19:00:00,1450017501,기장대로,연화과선교북측,지하차도,48.71,406.0
2026-08-02T19:00:00,1451152600,동뫼길,지하차도,지하차도,38.33,10.0
2026-08-02T19:00:00,1450018702,기장해안로,용암초등학교,대변항,23.09,0.0
2026-08-02T19:00:00,1450019002,대변로,대변리626-11,대변항,9.08,0.0
2026-08-02T19:00:00,1450018002,기장해안로,대변항입구교차로,신암마을앞,27.33,94.0
2026-08-02T19:00:00,1450737200,기장해안로,연화리507,신암마을앞,31.11,123.0
2026-08-02T19:00:00,1450017901,기장해안로,신암마을앞,대변항입구교차로,30.16,123.0
2026-08-02T19:00:00,1450018001,기장해안로,대변리452-4,대변항입구교차로,21.62,94.0
2026-08-02T19:00:00,1450017902,기장해안로,대변항입구교차로,대변리452-4,24.78,123.0
2026-08-02T19:00:00,1450018402,기장해안로,대변항입구교차로,대변리452-4,4.75,0.0
2026-08-02T19:00:00,1450018604,무양로,대변리산77-1,대변리452-4,24.29,94.0
2026-08-02T19:00:00,1450018301,기장해안로,대변리452-4,대변항입구교차로,20.83,0.0
2026-08-02T19:00:00,1450018401,기장해안로,대변항,대변항입구교차로,8.33,0.0
2026-08-02T19:00:00,1450018302,기장해안로,대변항입구교차로,대변항,16.83,0.0
2026-08-02T19:00:00,1450018802,기장해안로,용암초등학교,대변항,9.0,0.0
2026-08-02T19:00:00,1450018504,무양로,대변리산77-1,대변리575-5,37.03,123.0
2026-08-02T19:00:00,1450018601,무양로,무양마을삼거리,대변리575-5,23.7,94.0
2026-08-02T19:00:00,1450018503,무양로,대변리452-4,대변리산77-1,33.91,123.0
2026-08-02T19:00:00,1450018603,무양로,대변리575-5,대변리산77-1,21.95,94.0
2026-08-02T19:00:00,1450018502,무양로,대변리575-5,무양마을삼거리,30.86,123.0
2026-08-02T19:00:00,1450018904,대변로,대변리529-2,무양마을삼거리,20.34,0.0
2026-08-02T19:00:00,1450019202,대변로,청강리176,무양마을삼거리,26.83,94.0
2026-08-02T19:00:00,1450018801,기장해안로,대변항,용암초등학교,10.0,0.0
2026-08-02T19:00:00,1450018701,기장해안로,대변항,용암초등학교,20.34,0.0
2026-08-02T19:00:00,1450019003,대변로,무양마을삼거리,대변리529-2,21.25,0.0
2026-08-02T19:00:00,1450018906,대변로,대변리479-2,대변리529-2,25.25,0.0
2026-08-02T19:00:00,1450019005,대변로,대변리529-2,대변리479-2,25.25,0.0
2026-08-02T19:00:00,1450018908,대변로,대변리산40-2,대변리479-2,25.25,0.0
2026-08-02T19:00:00,1450019007,대변로,대변리479-2,대변리산40-2,27.75,0.0
2026-08-02T19:00:00,1450018910,대변로,대변리427-2,대변리산40-2,26.17,0.0
2026-08-02T19:00:00,1450018901,대변로,대변항,대변리626-11,14.25,0.0
2026-08-02T19:00:00,1450019010,대변로,대변리427-2,대변리626-11,26.67,0.0
2026-08-02T19:00:00,1450019009,대변로,대변리산40-2,대변리427-2,27.08,0.0
2026-08-02T19:00:00,1450018909,대변로,대변리626-11,대변리427-2,24.59,0.0
2026-08-02T19:00:00,1450019101,대변로,무양마을삼거리,청강리176,24.49,123.0
2026-08-02T19:00:00,1450019201,대변로,한국전력공사기장지사,청강리176,25.46,94.0
2026-08-02T19:00:00,1450019500,청강로,기장2주공앞교차로,한국전력공사기장지사,17.83,0.0
2026-08-02T19:00:00,1450019102,대변로,청강리176,한국전력공사기장지사,21.07,123.0
2026-08-02T19:00:00,1450020600,대변로,청강사거리,한국전력공사기장지사,23.37,94.0
2026-08-02T19:00:00,1450019300,기장대로413번길,고가차도,중앙하이츠빌라,21.0,0.0
2026-08-02T19:00:00,1450021400,기장대로413번길,청강교,중앙하이츠빌라,23.58,0.0
2026-08-02T19:00:00,1450019900,차성서로,오리세상,센트롤파크빌라6차,23.58,0.0
2026-08-02T19:00:00,1450021200,차성서로,예수사랑교회,센트롤파크빌라6차,29.25,0.0
2026-08-02T19:00:00,1450020100,차성로190번길,오리세상,중앙하이츠빌라,28.0,0.0
2026-08-02T19:00:00,1450021600,대청로36번길,기장군종합사회복지관어린이집,중앙하이츠빌라,12.25,0.0
2026-08-02T19:00:00,1450021800,차성로190번길,기장병원장례식장,중앙하이츠빌라,25.09,0.0
2026-08-02T19:00:00,1450020300,차성로,오리세상,기장군종합사회복지관어린이집,24.08,0.0
2026-08-02T19:00:00,1450021900,차성로,기장군종합사회복지관어린이집,기장군종합사회복지관어린이집,5.58,0.0
2026-08-02T19:00:00,1450022600,차성로,기장군종합사회복지관어린이집,기장군종합사회복지관어린이집,28.0,0.0
2026-08-02T19:00:00,1450002300,기장대로,기장2주공앞교차로,청강사거리,26.59,406.0
2026-08-02T19:00:00,1450002800,기장대로,한국외식업중앙회부산기장군지부,청강사거리,17.81,452.0
2026-08-02T19:00:00,1450020500,대변로,한국전력공사기장지사,청강사거리,23.32,123.0
2026-08-02T19:00:00,1450023800,대청로,청강교,청강사거리,6.42,0.0
2026-08-02T19:00:00,1450021100,차성서로,센트롤파크빌라6차,예수사랑교회,25.5,0.0
2026-08-02T19:00:00,1450023600,차성서로,엔젤어린이집,예수사랑교회,21.58,0.0
2026-08-02T19:00:00,1450021300,기장대로413번길,중앙하이츠빌라,청강교,9.42,0.0
2026-08-02T19:00:00,1450023900,대청로,청강교,청강교,25.84,0.0
2026-08-02T19:00:00,1450027400,대청로,청강과선교서측,청강교,22.92,0.0
2026-08-02T19:00:00,1450027600,기장대로413번길,청강교,청강교,14.83,0.0
2026-08-02T19:00:00,1450021500,대청로36번길,중앙하이츠빌라,기장군종합사회복지관어린이집,22.0,0.0
2026-08-02T19:00:00,1450022000,차성로,기장군종합사회복지관어린이집,기장군종합사회복지관어린이집,8.5,0.0
2026-08-02T19:00:00,1450021700,차성로190번길,중앙하이츠빌라,기장병원장례식장,23.5,0.0
2026-08-02T19:00:00,1450024600,차성로190번길,청강교,기장병원장례식장,23.42,0.0
2026-08-02T19:00:00,1450022100,대청로36번길,기장군종합사회복지관어린이집,기장군선거관리위원회,19.0,0.0
2026-08-02T19:00:00,1450025200,차성로216번길,기장군종합사회복지관어린이집,기장군선거관리위원회,19.5,0.0
2026-08-02T19:00:00,1450024700,차성로216번길,기장열린교회,기장군선거관리위원회,11.0,0.0
2026-08-02T19:00:00,1450025400,대청로36번길,기장소명교회,기장군선거관리위원회,20.08,0.0
2026-08-02T19:00:00,1450022500,차성로,기장군종합사회복지관어린이집,기장군종합사회복지관어린이집,30.17,0.0
2026-08-02T19:00:00,1450025100,차성로216번길,기장군선거관리위원회,기장군종합사회복지관어린이집,15.92,0.0
2026-08-02T19:00:00,1450025600,차성로215번길,기장비전교회,기장군종합사회복지관어린이집,18.0,0.0
2026-08-02T19:00:00,1450025800,차성로,대라리교차로,기장군종합사회복지관어린이집,28.34,0.0
2026-08-02T19:00:00,1450025500,차성로215번길,기장군종합사회복지관어린이집,기장비전교회,22.42,0.0
2026-08-02T19:00:00,1450026000,차성로215번길,한국SGI기장문화회관,기장비전교회,15.42,0.0
2026-08-02T19:00:00,1450023300,대청로14번길,센트롤파크빌라6차,한국SGI기장문화회관,22.0,0.0
2026-08-02T19:00:00,1450025900,차성로215번길,기장비전교회,한국SGI기장문화회관,20.67,0.0
2026-08-02T19:00:00,1450026200,차성로215번길,엔젤어린이집,한국SGI기장문화회관,18.0,0.0
2026-08-02T19:00:00,1450026400,대청로14번길,사랑나무유치원,한국SGI기장문화회관,11.59,0.0
2026-08-02T19:00:00,1450026600,차성서로,꼬망쎄어린이집,엔젤어린이집,26.08,0.0
2026-08-02T19:00:00,1450023700,대청로,청강사거리,청강교,24.58,0.0
2026-08-02T19:00:00,1450024000,대청로,청강교,청강교,22.75,0.0
2026-08-02T19:00:00,1450024200,대청로71번길,한국외식업중앙회부산기장군지부,청강교,15.0,0.0
2026-08-02T19:00:00,1450028600,대청로71번길,법성사,한국외식업중앙회부산기장군지부,10.0,0.0
2026-08-02T19:00:00,1450026700,기장대로,한국외식업중앙회부산기장군지부,한국외식업중앙회부산기장군지부,6.0,0.0
2026-08-02T19:00:00,1450028400,-,청강교,한국외식업중앙회부산기장군지부,12.0,0.0
2026-08-02T19:00:00,1450024500,차성로190번길,기장병원장례식장,청강교,26.17,0.0
2026-08-02T19:00:00,1450027200,대청로,청강교,청강교,22.33,0.0
2026-08-02T19:00:00,1450028000,대청로,대라리사거리,기장열린교회,11.5,0.0
2026-08-02T19:00:00,1450025300,대청로36번길,기장군선거관리위원회,기장소명교회,20.75,0.0
2026-08-02T19:00:00,1450027700,대청로36번길,기장열린교회,기장소명교회,14.5,0.0
2026-08-02T19:00:00,1450028200,대청로36번길,기장소명교회,기장소명교회,19.92,0.0
2026-08-02T19:00:00,1450025700,차성로,기장군종합사회복지관어린이집,대라리교차로,13.5,0.0
2026-08-02T19:00:00,1450029800,대청로,사랑나무유치원,대라리교차로,7.25,0.0
2026-08-02T19:00:00,1450029500,대청로,기장소명교회,대라리교차로,19.83,0.0
2026-08-02T19:00:00,1450030000,차성로,대성교회,대라리교차로,17.34,0.0
2026-08-02T19:00:00,1450026300,대청로14번길,한국SGI기장문화회관,사랑나무유치원,17.59,0.0
2026-08-02T19:00:00,1450029700,대청로,대라리교차로,사랑나무유치원,22.08,0.0
2026-08-02T19:00:00,1450030200,대청로,꼬망쎄어린이집,사랑나무유치원,20.5,0.0
2026-08-02T19:00:00,1450030100,대청로,사랑나무유치원,꼬망쎄어린이집,21.67,0.0
2026-08-02T19:00:00,1450027100,대청로,청강교,청강교,25.5,0.0
2026-08-02T19:00:00,1450028700,대청로,청강과선교서측,청강교,23.58,0.0
2026-08-02T19:00:00,1450029100,대청로,대라리사거리,청강교,25.42,0.0
2026-08-02T19:00:00,1450027300,대청로,청강교,청강과선교서측,22.42,0.0
2026-08-02T19:00:00,1450028800,대청로,청강교,청강과선교서측,23.0,0.0
2026-08-02T19:00:00,1450027500,기장대로413번길,청강교,청강교,19.0,0.0
2026-08-02T19:00:00,1450027900,대청로,기장열린교회,대라리사거리,13.17,0.0
2026-08-02T19:00:00,1450029200,대청로,청강교,대라리사거리,26.33,0.0
2026-08-02T19:00:00,1450029400,대청로,기장소명교회,대라리사거리,22.17,0.0
2026-08-02T19:00:00,1450028100,대청로36번길,기장소명교회,기장소명교회,13.0,0.0
2026-08-02T19:00:00,1450029600,대청로,대라리교차로,기장소명교회,21.17,0.0
2026-08-02T19:00:00,1450029300,대청로,대라리사거리,기장소명교회,25.83,0.0
2026-08-02T19:00:00,1450030600,차성로,기장전화국사거리,대성교회,22.83,0.0
2026-08-02T19:00:00,1450029900,차성로,대라리교차로,대성교회,28.0,0.0
2026-08-02T19:00:00,1450030402,차성로253번길,대라리339-1,대성교회,17.0,0.0
2026-08-02T19:00:00,1450030301,차성로253번길,대성교회,대라리339-1,22.0,0.0
2026-08-02T19:00:00,1450030401,차성로253번길,아이나라어린이집,대라리339-1,17.0,0.0
2026-08-02T19:00:00,1450030302,차성로253번길,대라리339-1,아이나라어린이집,21.0,0.0
2026-08-02T19:00:00,1450030800,차성로253번길,아이나라어린이집,아이나라어린이집,15.09,0.0
2026-08-02T19:00:00,1450031000,대청로13번길,기장로교회,아이나라어린이집,16.0,0.0
2026-08-02T19:00:00,1450030700,차성로253번길,아이나라어린이집,아이나라어린이집,19.67,0.0
2026-08-02T19:00:00,1450031200,차성로253번길,대라다목적도서관,아이나라어린이집,18.09,0.0
2026-08-02T19:00:00,1450033902,차성남로,기장전화국교차로,기장로교회,15.0,0.0
2026-08-02T19:00:00,1450030900,대청로13번길,아이나라어린이집,기장로교회,9.17,0.0
2026-08-02T19:00:00,1450034400,차성남로,대라다목적도서관,기장로교회,28.75,0.0
2026-08-02T19:00:00,1450031100,차성로253번길,아이나라어린이집,대라다목적도서관,15.17,0.0
2026-08-02T19:00:00,1450031600,차성서로77번길,늘채움어린이집,대라다목적도서관,13.33,0.0
2026-08-02T19:00:00,1450031800,차성서로,대라다목적도서관,대라다목적도서관,26.0,0.0
2026-08-02T19:00:00,1450034300,차성남로,기장로교회,대라다목적도서관,26.83,0.0
2026-08-02T19:00:00,1450034800,차성남로,대라다목적도서관,대라다목적도서관,21.09,0.0
2026-08-02T19:00:00,1450035000,차성남로27번길,CU기장한빛점,대라다목적도서관,14.34,0.0
2026-08-02T19:00:00,1450032000,차성서로77번길,늘채움어린이집,늘채움어린이집,12.59,0.0
2026-08-02T19:00:00,1450031500,차성서로77번길,대라다목적도서관,늘채움어린이집,25.42,0.0
2026-08-02T19:00:00,1450031700,차성서로,대라다목적도서관,대라다목적도서관,24.33,0.0
2026-08-02T19:00:00,1450034700,차성남로,대라다목적도서관,대라다목적도서관,19.33,0.0
2026-08-02T19:00:00,1450035200,차성남로,박이가유통,대라다목적도서관,15.5,0.0
2026-08-02T19:00:00,1450035400,차성서로,금강궁전아파트,대라다목적도서관,23.5,0.0
2026-08-02T19:00:00,1450032100,차성남로,늘채움어린이집,박이가유통,10.25,0.0
2026-08-02T19:00:00,1450035100,차성남로,대라다목적도서관,박이가유통,18.5,0.0
2026-08-02T19:00:00,1450035600,차성남로,주명교회,박이가유통,13.92,0.0
2026-08-02T19:00:00,1450035800,차성남로,박이가유통,박이가유통,9.67,0.0
2026-08-02T19:00:00,1450032300,차성남로,늘채움어린이집,주명교회,12.42,0.0
2026-08-02T19:00:00,1450035500,차성남로,박이가유통,주명교회,16.58,0.0
2026-08-02T19:00:00,1450033201,차성남로,감사한교회,청강리778-1,21.42,0.0
2026-08-02T19:00:00,1450033101,차성남로,기장성당,청강리778-1,24.67,0.0
2026-08-02T19:00:00,1450034502,차성남로35번길,대라리500-10,CU기장한빛점,19.0,0.0
2026-08-02T19:00:00,1450037000,차성로277번길,금강궁전아파트,CU기장한빛점,17.5,0.0
2026-08-02T19:00:00,1450037400,차성서로,두원인테리어,금강궁전아파트,26.25,0.0
2026-08-02T19:00:00,1450035300,차성서로,대라다목적도서관,금강궁전아파트,23.83,0.0
2026-08-02T19:00:00,1450036900,차성로277번길,CU기장한빛점,금강궁전아파트,21.0,0.0
2026-08-02T19:00:00,1450037200,차성서로101번길,박이가유통,금강궁전아파트,7.08,0.0
2026-08-02T19:00:00,1450035700,차성남로,박이가유통,박이가유통,16.67,0.0
2026-08-02T19:00:00,1450037100,차성서로101번길,금강궁전아파트,박이가유통,17.0,0.0
2026-08-02T19:00:00,1450037600,차성서로101번길,그림나라어린이집,박이가유통,19.75,0.0
2026-08-02T19:00:00,1450036100,차성남로,주명교회,그림나라어린이집,19.0,0.0
2026-08-02T19:00:00,1450037500,차성서로101번길,박이가유통,그림나라어린이집,17.83,0.0
2026-08-02T19:00:00,1450038700,차성로288번길,기장교회,기장선교원,18.17,0.0
2026-08-02T19:00:00,1450039002,차성로288번길,기장시장교차로,기장선교원,18.17,0.0
2026-08-02T19:00:00,1450039200,차성동로,수협은행기장지점,기장선교원,17.67,0.0
2026-08-02T19:00:00,1450038601,차성로288번길,기장교회,대라리4-24,20.83,0.0
2026-08-02T19:00:00,1450039001,차성로288번길,기장시장앞교차로,기장시장교차로,17.17,0.0
2026-08-02T19:00:00,1450038901,차성로288번길,기장선교원,기장시장교차로,16.38,0.0
2026-08-02T19:00:00,1450039100,차성동로,기장선교원,수협은행기장지점,20.42,0.0
2026-08-02T19:00:00,1450039900,읍내로,수협은행기장지점,수협은행기장지점,15.75,0.0
2026-08-02T19:00:00,1450040202,읍내로,동부리486,수협은행기장지점,12.59,0.0
2026-08-02T19:00:00,1450040000,읍내로,수협은행기장지점,수협은행기장지점,18.59,0.0
2026-08-02T19:00:00,1450040201,읍내로,우리은행기장지점,동부리486,16.59,0.0
2026-08-02T19:00:00,1450040101,읍내로,수협은행기장지점,동부리486,10.0,0.0
2026-08-02T19:00:00,1450041800,차성동로,동부지하차도,쥬시기장점,26.0,0.0
2026-08-02T19:00:00,1450041400,차성로344번길,더벤티기장점,쥬시기장점,21.25,0.0
2026-08-02T19:00:00,1450042000,차성로,중앙사거리,더벤티기장점,20.67,0.0
2026-08-02T19:00:00,1450040500,차성로,우리은행기장지점,더벤티기장점,19.75,0.0
2026-08-02T19:00:00,1450041300,차성로344번길,쥬시기장점,더벤티기장점,14.33,0.0
2026-08-02T19:00:00,1450040703,읍내로,두원인테리어,서부리65-1,28.5,0.0
2026-08-02T19:00:00,1450040803,읍내로,서부리65-1,서부리65-1,33.67,0.0
2026-08-02T19:00:00,1450040704,읍내로,서부리65-1,서부리65-1,31.25,0.0
2026-08-02T19:00:00,1450040806,읍내로,서부리65-1,서부리65-1,33.58,0.0
2026-08-02T19:00:00,1450040805,읍내로,기장변전소,서부리65-1,21.5,0.0
2026-08-02T19:00:00,1450040705,읍내로,서부리65-1,서부리65-1,26.42,0.0
2026-08-02T19:00:00,1450040900,철마로,철마삼거리,안평저수지교차로,22.42,0.0
2026-08-02T19:00:00,1450042500,반송로,안평주유소,안평저수지교차로,45.0,0.0
2026-08-02T19:00:00,1450044800,철마로,보림교삼거리,안평저수지교차로,42.5,0.0
2026-08-02T19:00:00,1450044200,-,천왕사,천왕사,19.0,0.0
2026-08-02T19:00:00,1450044400,배산로8번길,서부리456,천왕사,10.25,0.0
2026-08-02T19:00:00,1450043500,차성동로,동부지하차도,동부지하차도,25.5,0.0
2026-08-02T19:00:00,1450044000,반송로,동부근린공원,동부지하차도,11.0,0.0
2026-08-02T19:00:00,1450043701,배산로8번길,기장변전소,서부리456,26.0,0.0
2026-08-02T19:00:00,1450043801,배산로8번길,천왕사,서부리456,8.0,0.0
2026-08-02T19:00:00,1450045100,배산로8번길,GS주유소하영셀프,서부리456,4.67,0.0
2026-08-02T19:00:00,1450044300,배산로8번길,천왕사,서부리456,3.42,0.0
2026-08-02T19:00:00,1450044900,배산로,천왕사,고신전기,20.92,0.0
2026-08-02T19:00:00,1450044700,철마로,안평저수지교차로,보림교삼거리,42.83,0.0
2026-08-02T19:00:00,1450069300,한들길,마지마을,보림교삼거리,29.75,0.0
2026-08-02T19:00:00,1450049202,철마로,와여교,보림교삼거리,34.33,0.0
2026-08-02T19:00:00,1450047202,차성로,교리초등학교,탑스빌리지2차,14.34,0.0
2026-08-02T19:00:00,1450046700,차성로,국민건강보험공단기장지사,탑스빌리지2차,19.75,0.0
2026-08-02T19:00:00,1450045300,차성동로,교리우편취급소,탑스빌리지2차,17.92,0.0
2026-08-02T19:00:00,1450046501,개좌로,장전리산180-124,대곡새마을회관,42.59,0.0
2026-08-02T19:00:00,1450046601,개좌로,철마교남측,대곡새마을회관,31.0,0.0
2026-08-02T19:00:00,1450420300,정관산업로,장전리산156-9,대곡새마을회관,37.92,0.0
2026-08-02T19:00:00,1450046502,개좌로,대곡새마을회관,철마교남측,32.75,0.0
2026-08-02T19:00:00,1450048800,개좌로,철마교북측,철마교남측,35.67,0.0
2026-08-02T19:00:00,1450048501,이화로,일광삼거리,또오리은행나무,35.59,0.0
2026-08-02T19:00:00,1450048602,이화로,삼육APT,또오리은행나무,33.75,0.0
2026-08-02T19:00:00,1450050004,철마로,장전리601,철마초등학교,9.0,0.0
2026-08-02T19:00:00,1450050202,곰내길,철마파출소,철마초등학교,30.0,0.0
2026-08-02T19:00:00,1450049102,철마로,와여교,철마초등학교,33.0,0.0
2026-08-02T19:00:00,1450049300,개좌로,철마교북측,철마초등학교,24.0,0.0
2026-08-02T19:00:00,1450050001,철마로,장전리산99-2,장전2교삼거리,42.0,0.0
2026-08-02T19:00:00,1450049904,철마로,장전리601,장전2교삼거리,36.0,0.0
2026-08-02T19:00:00,1450049903,철마로,철마초등학교,장전리601,31.0,0.0
2026-08-02T19:00:00,1450050003,철마로,장전2교삼거리,장전리601,40.0,0.0
2026-08-02T19:00:00,1450050101,곰내길,철마초등학교,철마파출소,37.33,0.0
2026-08-02T19:00:00,1450050204,곰내길,웅천리748-7,철마파출소,37.58,0.0
2026-08-02T19:00:00,1450420603,정관산업로,기장철마IC교차로북측,철마파출소,73.59,0.0
2026-08-02T19:00:00,1450420703,정관산업로,기장철마IC,철마파출소,67.83,0.0
2026-08-02T19:00:00,1450050103,곰내길,철마파출소,웅천리748-7,37.42,0.0
2026-08-02T19:00:00,1450050203,곰내길,중리사거리,웅천리748-7,30.0,0.0
2026-08-02T19:00:00,1450050104,곰내길,웅천리748-7,중리사거리,30.0,0.0
2026-08-02T19:00:00,1450051002,곰내길,철마한우수목원,중리사거리,33.75,0.0
2026-08-02T19:00:00,1450069100,한들길,연구리197-4,중리사거리,36.5,0.0
2026-08-02T19:00:00,1450050302,화용길,학교앞,화전마을회관,29.34,0.0
2026-08-02T19:00:00,1450050600,화전2길,GS주유소신아시아드,화전마을회관,34.58,0.0
2026-08-02T19:00:00,1450067500,기장대로,일광IC북측,일광IC남측,60.0,0.0
2026-08-02T19:00:00,1451161401,기장대로,일광산업,일광IC남측,64.67,0.0
2026-08-02T19:00:00,1450050901,곰내길,중리사거리,철마한우수목원,35.0,0.0
2026-08-02T19:00:00,1450051004,곰내길,매학리산11-69,철마한우수목원,35.0,0.0
2026-08-02T19:00:00,1450421200,정관산업로,홍류낚시터,철마한우수목원,29.67,0.0
2026-08-02T19:00:00,1450050903,곰내길,철마한우수목원,매학리산11-69,30.0,0.0
2026-08-02T19:00:00,1450051003,곰내길,대성스틸,매학리산11-69,35.0,0.0
2026-08-02T19:00:00,1450050904,곰내길,매학리산11-69,대성스틸,27.0,0.0
2026-08-02T19:00:00,1450994400,일반국도31호선,동백교차로,문중교차로,84.17,0.0
2026-08-02T19:00:00,1450339900,장곡길,임랑IC육교,문중교차로,80.08,0.0
2026-08-02T19:00:00,1450056446,정관로,달산리1242,예림리804-2,26.33,0.0
2026-08-02T19:00:00,1451092100,정관로,예림리297-3,예림리804-2,44.59,0.0
2026-08-02T19:00:00,1450052100,좌천로,좌천삼거리,좌천교북측,25.17,0.0
2026-08-02T19:00:00,1450052400,좌천로,대한개사료,좌천교북측,29.75,0.0
2026-08-02T19:00:00,1450052600,좌천1길,달음교,좌천교북측,21.5,0.0
2026-08-02T19:00:00,1450052300,좌천로,좌천교북측,대한개사료,30.25,0.0
2026-08-02T19:00:00,1450052800,좌천4길,달음교,대한개사료,21.92,0.0
2026-08-02T19:00:00,1450053000,좌천로,좌천삼거리,대한개사료,29.58,0.0
2026-08-02T19:00:00,1450053200,청원길,무명교남측,달음교,34.0,0.0
2026-08-02T19:00:00,1450052500,좌천1길,좌천교북측,달음교,12.17,0.0
2026-08-02T19:00:00,1450052700,좌천4길,대한개사료,달음교,17.0,0.0
2026-08-02T19:00:00,1450052900,좌천로,대한개사료,좌천삼거리,29.33,0.0
2026-08-02T19:00:00,1450053404,해맞이로,좌천리252-9,좌천삼거리,22.08,0.0
2026-08-02T19:00:00,1450053600,좌천로,좌동리교차로,좌천삼거리,26.08,0.0
2026-08-02T19:00:00,1450053303,해맞이로,좌천삼거리,좌천리252-9,35.08,0.0
2026-08-02T19:00:00,1451070400,좌해로,좌동리교차로,좌천리252-9,52.08,0.0
2026-08-02T19:00:00,1450053403,해맞이로,임랑교차로,좌천리252-9,39.33,0.0
2026-08-02T19:00:00,1451070200,해맞이로,임량리332-2,임량리360-18,41.84,0.0
2026-08-02T19:00:00,1450053310,해맞이로,속성변화점,임량리360-18,45.92,0.0
2026-08-02T19:00:00,1450053405,해맞이로,장안어린이집,임량리360-18,19.92,0.0
2026-08-02T19:00:00,1450053309,해맞이로,임량리332-2,속성변화점,58.67,0.0
2026-08-02T19:00:00,1450053409,해맞이로,임량리360-18,속성변화점,34.83,0.0
2026-08-02T19:00:00,1450056000,좌천로,좌천사거리,좌동리교차로,28.83,0.0
2026-08-02T19:00:00,1450056200,좌동길,좌동삼거리,좌동리교차로,17.17,0.0
2026-08-02T19:00:00,1450053500,좌천로,좌천삼거리,좌동리교차로,16.5,0.0
2026-08-02T19:00:00,1451070500,좌해로,좌천리252-9,좌동리교차로,30.25,0.0
2026-08-02T19:00:00,1450054400,임랑효덕길,임랑마을회관,임랑마을회관,5.0,0.0
2026-08-02T19:00:00,1450054600,임랑효덕길,장안읍임랑리아름마을공영주차장,임랑마을회관,5.0,0.0
2026-08-02T19:00:00,1450055200,임랑효덕길,장안어린이집,장안읍임랑리아름마을공영주차장,6.0,0.0
2026-08-02T19:00:00,1450055600,임랑효덕길,장안어린이집,장안어린이집,5.0,0.0
2026-08-02T19:00:00,1450055800,해맞이로,임랑교차로,장안어린이집,24.09,0.0
2026-08-02T19:00:00,1450053306,해맞이로,임량리360-18,장안어린이집,21.17,0.0
2026-08-02T19:00:00,1450055500,임랑효덕길,장안어린이집,장안어린이집,3.0,0.0
2026-08-02T19:00:00,1450056444,정관로,달산리1221-14,달산리1242,45.0,0.0
2026-08-02T19:00:00,1450815000,산단6로,달음교북측,달산리1242,26.0,0.0
2026-08-02T19:00:00,1450056355,정관로,예림리804-2,달산리1242,46.17,0.0
2026-08-02T19:00:00,1451092000,정관로,예림리804-2,예림리297-3,27.5,0.0
2026-08-02T19:00:00,1450056359,정관로,예림리277-1,예림리297-3,20.75,0.0
2026-08-02T19:00:00,1450573712,산단8로,예림1교,예림리297-3,43.92,0.0
2026-08-02T19:00:00,1450056451,정관로,예림리277-1,정관로951,56.42,0.0
2026-08-02T19:00:00,1450338200,정관로,예림리89-2,정관로951,46.75,0.0
2026-08-02T19:00:00,1450056450,정관로,예림리297-3,예림리277-1,48.17,0.0
2026-08-02T19:00:00,1450056358,정관로,정관로951,예림리277-1,51.17,0.0
2026-08-02T19:00:00,1450056360,정관로,좌천사거리,좌천리485-2,24.92,0.0
2026-08-02T19:00:00,1450056452,정관로,GS주유소,좌천리485-2,17.75,0.0
2026-08-02T19:00:00,1450056342,정관덕산길,방곡리255-3,정관초등학교앞교차로,18.08,0.0
2026-08-02T19:00:00,1450056500,구연3로,매학리751-1,정관초등학교앞교차로,16.0,0.0
2026-08-02T19:00:00,1450057000,정관덕산길,SK주유소정관,정관초등학교앞교차로,27.0,0.0
2026-08-02T19:00:00,1450056361,정관로,좌천리485-2,GS주유소,31.92,0.0
2026-08-02T19:00:00,1450338600,정관로,속성변화점,GS주유소,36.17,0.0
2026-08-02T19:00:00,1450812602,구연3로,매학리753,매학리751-1,33.0,0.0
2026-08-02T19:00:00,1450056600,구연3로,정관초등학교앞교차로,매학리751-1,19.67,0.0
2026-08-02T19:00:00,1450812204,구연로,매학리747,매학리751-1,22.0,0.0
2026-08-02T19:00:00,1450057201,정관덕산길,기장소방서,SK주유소정관,32.59,0.0
2026-08-02T19:00:00,1450056900,정관덕산길,정관초등학교앞교차로,SK주유소정관,27.92,0.0
2026-08-02T19:00:00,1450057202,정관로,두명리24-4,속성변화점,66.25,0.0
2026-08-02T19:00:00,1450572902,정관로,모전리784,속성변화점,45.42,0.0
2026-08-02T19:00:00,1450057106,용수로,가동초등학교,용수리718-10,18.25,0.0
2026-08-02T19:00:00,1450057205,용수로,용수교동측,용수리718-10,23.67,0.0
2026-08-02T19:00:00,1450810000,정관4로,평전교동측,용수리718-10,18.0,0.0
2026-08-02T19:00:00,1450057111,용수로,용수리1346,용수리1346,20.0,0.0
2026-08-02T19:00:00,1450057208,용수로,가동초등학교,용수리1346,12.75,0.0
2026-08-02T19:00:00,1450057101,정관로,속성변화점,두명리24-4,62.75,0.0
2026-08-02T19:00:00,1450335700,정관로,두명마을회관,두명리24-4,64.08,0.0
2026-08-02T19:00:00,1450057107,용수로,용수리718-10,용수교동측,17.25,0.0
2026-08-02T19:00:00,1450809000,정관3로,용수교서측,용수교동측,18.17,0.0
2026-08-02T19:00:00,1450923000,기장대로,오리산194-2,오리보건진료소,80.58,0.0
2026-08-02T19:00:00,1450923100,기장대로,장안보건진료소,오리보건진료소,79.25,0.0
2026-08-02T19:00:00,1450062500,장안로,용소삼거리,장안초등학교,35.25,0.0
2026-08-02T19:00:00,1450063200,장안로,하근교,장안초등학교,22.5,0.0
2026-08-02T19:00:00,1451045900,정관로,임곡교차로,월평교차로,55.37,193.0
2026-08-02T19:00:00,1450063900,웅상대로,월평고가차도,월평교차로,52.67,0.0
2026-08-02T19:00:00,1450064400,웅상대로,월평고가차도,월평교차로,21.75,0.0
2026-08-02T19:00:00,1450066400,울산포항고속도로,기장일광IC남측,해운대TG,95.59,0.0
2026-08-02T19:00:00,1451153600,울산포항고속도로,동부산IC북측,해운대TG,80.75,0.0
2026-08-02T19:00:00,1450066300,울산포항고속도로,기장일광IC남측,기장일광IC북측,96.83,0.0
2026-08-02T19:00:00,1450065708,울산포항고속도로,기장JC,기장일광IC북측,95.92,0.0
2026-08-02T19:00:00,1450064900,울산포항고속도로,해운대TG,기장일광IC남측,93.17,0.0
2026-08-02T19:00:00,1450066200,울산포항고속도로,기장일광IC북측,기장일광IC남측,96.17,0.0
2026-08-02T19:00:00,1450066802,울산포항고속도로,기장IC,일광IC서측,34.25,0.0
2026-08-02T19:00:00,1450339000,울산포항고속도로,일광IC동측,일광IC서측,31.92,0.0
2026-08-02T19:00:00,1451154100,울산포항고속도로,기장군-울주군,장안IC북측,101.92,0.0
2026-08-02T19:00:00,1450065600,울산포항고속도로,장안IC남측,장안IC북측,98.92,0.0
2026-08-02T19:00:00,1450065500,울산포항고속도로,장안IC북측,장안IC남측,99.34,0.0
2026-08-02T19:00:00,1450065808,울산포항고속도로,좌광천교북측,장안IC남측,97.75,0.0
2026-08-02T19:00:00,1450065704,울산포항고속도로,좌광천교남측,원리2교북측,97.92,0.0
2026-08-02T19:00:00,1450065804,울산포항고속도로,원리2교남측,원리2교북측,98.17,0.0
2026-08-02T19:00:00,1450065702,울산포항고속도로,장안IC남측,좌광천교북측,98.5,0.0
2026-08-02T19:00:00,1450065802,울산포항고속도로,좌광천교남측,좌광천교북측,98.67,0.0
2026-08-02T19:00:00,1450065803,울산포항고속도로,원리2교북측,좌광천교남측,98.58,0.0
2026-08-02T19:00:00,1450065703,울산포항고속도로,좌광천교북측,좌광천교남측,97.17,0.0
2026-08-02T19:00:00,1450065701,울산포항고속도로,원리2교북측,원리2교남측,99.33,0.0
2026-08-02T19:00:00,1450065801,울산포항고속도로,일광터널북측,원리2교남측,97.0,0.0
2026-08-02T19:00:00,1450065705,울산포항고속도로,원리2교남측,일광터널북측,98.75,0.0
2026-08-02T19:00:00,1450065805,울산포항고속도로,일광터널남측,일광터널북측,97.33,0.0
2026-08-02T19:00:00,1450065706,울산포항고속도로,일광터널북측,일광터널남측,98.5,0.0
2026-08-02T19:00:00,1450065806,울산포항고속도로,기장JC,일광터널남측,95.42,0.0
2026-08-02T19:00:00,1450065807,울산포항고속도로,기장일광IC북측,기장JC,95.25,0.0
2026-08-02T19:00:00,1450065707,울산포항고속도로,일광터널남측,기장JC,98.25,0.0
2026-08-02T19:00:00,1450066701,울산포항고속도로,일광IC서측,기장IC,46.5,0.0
2026-08-02T19:00:00,1450596700,울산포항고속도로,기장일광TG서측,기장IC,53.5,0.0
2026-08-02T19:00:00,1450339200,일반국도31호선,이천교차로,일광IC동측,32.34,0.0
2026-08-02T19:00:00,1450338900,울산포항고속도로,일광IC서측,일광IC동측,38.5,0.0
2026-08-02T19:00:00,1450069000,한들길,보림교삼거리,마지마을,35.0,0.0
2026-08-02T19:00:00,1450068800,한들길,연구리217-5,마지마을,40.33,0.0
2026-08-02T19:00:00,1450069200,한들길,중리사거리,연구리197-4,36.08,0.0
2026-08-02T19:00:00,1450068700,한들길,연구리217-5,연구리197-4,30.0,0.0
2026-08-02T19:00:00,1450068900,한들길,마지마을,연구리217-5,37.75,0.0
2026-08-02T19:00:00,1450068600,한들길,연구리197-4,연구리217-5,15.33,0.0
2026-08-02T19:00:00,1450069502,이곡길,이곡리543-8,연구리217-5,49.75,0.0
2026-08-02T19:00:00,1450069401,이곡길,연구리217-5,이곡리543-8,50.0,0.0
2026-08-02T19:00:00,1451153400,울산포항고속도로,동부산IC남측,동부산IC북측,84.58,0.0
2026-08-02T19:00:00,1451153700,울산포항고속도로,해운대TG,동부산IC북측,84.67,0.0
2026-08-02T19:00:00,1450912402,기장대로,기룡리107-8,기룡교차로,63.92,0.0
2026-08-02T19:00:00,1450674000,기장대로,하근교북측,기룡교차로,66.33,0.0
2026-08-02T19:00:00,1450217500,동부산관광로,동부산IC,동부산IC,35.5,125.0
2026-08-02T19:00:00,1450217805,동부산관광로,당사리296,동부산IC,25.52,179.0
2026-08-02T19:00:00,1450217802,동부산관광로,시랑리729,시랑리729,27.68,179.0
2026-08-02T19:00:00,1450217705,동부산관광로,당사리296,시랑리729,27.33,125.0
2026-08-02T19:00:00,1450217704,동부산관광로,동부산IC,당사리296,26.33,125.0
2026-08-02T19:00:00,1450217804,동부산관광로,시랑리729,당사리296,34.76,179.0
2026-08-02T19:00:00,1451046800,정관로,임곡교차로,두명마을회관,49.5,84.0
2026-08-02T19:00:00,1450335800,정관로,두명리24-4,두명마을회관,62.17,0.0
2026-08-02T19:00:00,1450336000,신정관로,두명터널북측,두명마을회관,68.0,193.0
2026-08-02T19:00:00,1450335900,신정관로,두명마을회관,두명터널북측,63.04,84.0
2026-08-02T19:00:00,1450336200,신정관로,두명터널남측,두명터널북측,75.17,193.0
2026-08-02T19:00:00,1450336100,신정관로,두명터널북측,두명터널남측,63.54,84.0
2026-08-02T19:00:00,1450336400,신정관로,산막2교북측,두명터널남측,69.46,193.0
2026-08-02T19:00:00,1450336300,신정관로,두명터널남측,산막2교북측,63.09,84.0
2026-08-02T19:00:00,1450336600,신정관로,산막2교남측,산막2교북측,70.41,193.0
2026-08-02T19:00:00,1450336800,신정관로,용수리18-2,산막2교남측,69.58,99.0
2026-08-02T19:00:00,1450336500,신정관로,산막2교북측,산막2교남측,62.71,84.0
2026-08-02T19:00:00,1450337100,신정관로,용수리18-2,방곡터널서측,63.08,0.0
2026-08-02T19:00:00,1450337300,신정관로,방곡터널동측,방곡터널서측,71.59,0.0
2026-08-02T19:00:00,1450337400,신정관로,방곡터널서측,방곡터널동측,66.58,0.0
2026-08-02T19:00:00,1450337500,신정관로,예림1교서측,방곡터널동측,71.0,0.0
2026-08-02T19:00:00,1450337600,신정관로,방곡터널동측,예림1교서측,64.58,0.0
2026-08-02T19:00:00,1450337800,신정관로,예림1교동측,예림1교서측,72.83,0.0
2026-08-02T19:00:00,1450422112,정관중앙로,메가박스정관점,NH농협은행정관기업지점,16.83,0.0
2026-08-02T19:00:00,1450422014,정관중앙로,매학리743-1,NH농협은행정관기업지점,13.0,0.0
2026-08-02T19:00:00,1450573218,정관로,매학리734,NH농협은행정관기업지점,12.92,0.0
2026-08-02T19:00:00,1450573405,정관로,매학리776,NH농협은행정관기업지점,6.42,0.0
2026-08-02T19:00:00,1450337700,신정관로,예림1교서측,예림1교동측,66.75,0.0
2026-08-02T19:00:00,1450338000,신정관로,예림리89-2,예림1교동측,71.58,0.0
2026-08-02T19:00:00,1450338100,정관로,정관로951,예림리89-2,59.09,0.0
2026-08-02T19:00:00,1450337900,신정관로,예림1교동측,예림리89-2,67.92,0.0
2026-08-02T19:00:00,1450338400,정관로,속성변화점,예림리89-2,57.67,0.0
2026-08-02T19:00:00,1450338500,정관로,GS주유소,속성변화점,60.42,0.0
2026-08-02T19:00:00,1450338300,정관로,예림리89-2,속성변화점,66.25,0.0
2026-08-02T19:00:00,1450573125,산단로,물너울근린공원,매학리1379,47.5,0.0
2026-08-02T19:00:00,1450573023,산단로,용수리1377,매학리1379,39.75,0.0
2026-08-02T19:00:00,1450053408,해맞이로,임량리332-2,임랑교차로,28.08,0.0
2026-08-02T19:00:00,1450053304,해맞이로,좌천리252-9,임랑교차로,25.09,0.0
2026-08-02T19:00:00,1450340000,장곡길,문중교차로,임랑IC육교,78.67,0.0
2026-08-02T19:00:00,1450675903,장곡길,임랑교,임랑IC육교,95.25,0.0
2026-08-02T19:00:00,1450420200,정관산업로,대곡새마을회관,장전리산156-9,39.0,0.0
2026-08-02T19:00:00,1450420100,정관산업로,개좌터널북측,장전리산156-9,70.75,0.0
2026-08-02T19:00:00,1450420400,정관산업로,와여교,장전리산156-9,76.67,0.0
2026-08-02T19:00:00,1451153800,정관산업로,금정구-기장군,개좌터널북측,68.75,0.0
2026-08-02T19:00:00,1450420000,정관산업로,장전리산156-9,개좌터널북측,74.42,0.0
2026-08-02T19:00:00,1450049101,철마로,보림교삼거리,와여교,33.08,0.0
2026-08-02T19:00:00,1450049201,철마로,철마초등학교,와여교,27.0,0.0
2026-08-02T19:00:00,1450420500,정관산업로,장전리산156-9,와여교,71.42,0.0
2026-08-02T19:00:00,1450420604,정관산업로,기장철마IC,와여교,80.08,0.0
2026-08-02T19:00:00,1450420704,정관산업로,기장철마IC교차로북측,석길교남측,69.67,0.0
2026-08-02T19:00:00,1450420800,정관산업로,석길교북측,석길교남측,70.92,0.0
2026-08-02T19:00:00,1450420701,정관산업로,철마파출소,기장철마IC교차로북측,69.42,0.0
2026-08-02T19:00:00,1450420601,정관산업로,석길교남측,기장철마IC교차로북측,68.83,0.0
2026-08-02T19:00:00,1450594800,부산외곽순환고속도로,기장철마IC교차로,기장철마IC교차로북측,62.58,0.0
2026-08-02T19:00:00,1450420602,정관산업로,철마파출소,기장철마IC,74.67,0.0
2026-08-02T19:00:00,1450420702,정관산업로,와여교,기장철마IC,67.92,0.0
2026-08-02T19:00:00,1450594400,부산외곽순환고속도로,기장철마IC교차로,기장철마IC,63.17,0.0
2026-08-02T19:00:00,1450420900,정관산업로,석길교남측,석길교북측,70.58,0.0
2026-08-02T19:00:00,1450421000,정관산업로,홍류낚시터,석길교북측,72.67,0.0
2026-08-02T19:00:00,1450421300,정관산업로,철마한우수목원,홍류낚시터,33.25,0.0
2026-08-02T19:00:00,1450421100,정관산업로,석길교북측,홍류낚시터,71.33,0.0
2026-08-02T19:00:00,1450421400,정관산업로,곰내터널남측,홍류낚시터,67.59,0.0
2026-08-02T19:00:00,1450421500,정관산업로,홍류낚시터,곰내터널남측,67.67,0.0
2026-08-02T19:00:00,1450421600,정관산업로,곰내터널북측,곰내터널남측,64.92,0.0
2026-08-02T19:00:00,1450421700,정관산업로,곰내터널남측,곰내터널북측,66.42,0.0
2026-08-02T19:00:00,1450421800,정관산업로,달산리1195,곰내터널북측,49.33,0.0
2026-08-02T19:00:00,1450421900,정관산업로,곰내터널북측,달산리1195,35.5,0.0
2026-08-02T19:00:00,1450422012,정관중앙로,메가박스정관점,달산리1195,15.34,0.0
2026-08-02T19:00:00,1450573005,산단로,물너울근린공원,달산리1195,43.67,0.0
2026-08-02T19:00:00,1450573605,산단로,IBK기업은행정관지점,달산리1195,17.0,0.0
2026-08-02T19:00:00,1450422011,정관중앙로,NH농협은행정관기업지점,메가박스정관점,19.25,0.0
2026-08-02T19:00:00,1450422111,정관중앙로,달산리1195,메가박스정관점,18.84,0.0
2026-08-02T19:00:00,1450811806,정관6로,매학리780,메가박스정관점,7.5,0.0
2026-08-02T19:00:00,1450422113,정관중앙로,NH농협은행정관기업지점,매학리743-1,18.33,0.0
2026-08-02T19:00:00,1450422016,정관중앙로,매학리1346,매학리743-1,20.33,0.0
2026-08-02T19:00:00,1450811306,정관8로,매학리731,매학리743-1,10.42,0.0
2026-08-02T19:00:00,1450812302,구연로,매학리747,매학리743-1,7.58,0.0
2026-08-02T19:00:00,1450422015,정관중앙로,기장소방서,매학리1346,35.33,0.0
2026-08-02T19:00:00,1450422115,정관중앙로,매학리743-1,매학리1346,20.33,0.0
2026-08-02T19:00:00,1450572801,정관로,속성변화점,모전리784,47.84,0.0
2026-08-02T19:00:00,1450572901,정관로,모전리784,모전리784,40.5,0.0
2026-08-02T19:00:00,1450807000,정관1로,모전초등학교,모전리784,29.75,0.0
2026-08-02T19:00:00,1450572802,정관로,모전리784,모전리784,52.58,0.0
2026-08-02T19:00:00,1450573111,산단로,모전리784,모전리784,38.17,0.0
2026-08-02T19:00:00,1450573306,정관로,모전중학교,모전리784,29.0,0.0
2026-08-02T19:00:00,1450573021,산단로,속성변화점,나무누리근린공원,29.75,0.0
2026-08-02T19:00:00,1450573103,산단로,용수리1377,나무누리근린공원,31.0,0.0
2026-08-02T19:00:00,1450807700,정관3로,신정중학교,나무누리근린공원,17.0,0.0
2026-08-02T19:00:00,1450573024,산단로,매학리1379,물너울근린공원,30.0,0.0
2026-08-02T19:00:00,1450573101,산단로,달산리1195,물너울근린공원,33.5,0.0
2026-08-02T19:00:00,1450809700,정관5로,우성스마트시티오피스텔,물너울근린공원,10.08,0.0
2026-08-02T19:00:00,1450573011,산단로,모전리784,모전리784,43.34,0.0
2026-08-02T19:00:00,1450573112,산단로,모전리784,모전리784,51.0,0.0
2026-08-02T19:00:00,1450573123,산단로,나무누리근린공원,속성변화점,40.67,0.0
2026-08-02T19:00:00,1450573022,산단로,모전리784,속성변화점,40.0,0.0
2026-08-02T19:00:00,1450573012,산단로,모전리784,모전리784,28.58,0.0
2026-08-02T19:00:00,1450573124,산단로,속성변화점,모전리784,32.75,0.0
2026-08-02T19:00:00,1450807300,정관2로,부산은행정관모전지점,모전리784,16.08,0.0
2026-08-02T19:00:00,1450573126,산단로,매학리1379,용수리1377,41.92,0.0
2026-08-02T19:00:00,1450573003,산단로,나무누리근린공원,용수리1377,36.67,0.0
2026-08-02T19:00:00,1450808100,정관4로,동부산농협,용수리1377,8.0,0.0
2026-08-02T19:00:00,1450807400,정관2로,모전리784,부산은행정관모전지점,17.67,0.0
2026-08-02T19:00:00,1450573212,정관로,솔마루근린공원,부산은행정관모전지점,17.34,0.0
2026-08-02T19:00:00,1450573304,정관로,신정중학교,부산은행정관모전지점,32.42,0.0
2026-08-02T19:00:00,1450807904,정관2로,모전리796,부산은행정관모전지점,5.33,0.0
2026-08-02T19:00:00,1450573312,정관로,부산은행정관모전지점,솔마루근린공원,16.75,0.0
2026-08-02T19:00:00,1450573211,정관로,모전중학교,솔마루근린공원,19.0,0.0
2026-08-02T19:00:00,1450807800,정관3로,나무누리근린공원,신정중학교,15.34,0.0
2026-08-02T19:00:00,1450573203,정관로,부산은행정관모전지점,신정중학교,30.58,0.0
2026-08-02T19:00:00,1450573314,정관로,용수리1381,신정중학교,23.0,0.0
2026-08-02T19:00:00,1450808302,정관3로,산막입구교차로,신정중학교,10.17,0.0
2026-08-02T19:00:00,1450573213,정관로,신정중학교,용수리1381,14.0,0.0
2026-08-02T19:00:00,1450573313,정관로,동부산농협,용수리1381,26.33,0.0
2026-08-02T19:00:00,1450808200,정관4로,용수리1377,동부산농협,15.33,0.0
2026-08-02T19:00:00,1450573316,정관로,용수리1406,동부산농협,9.58,0.0
2026-08-02T19:00:00,1450809102,정관4로,용수리1349,동부산농협,5.0,0.0
2026-08-02T19:00:00,1450573215,정관로,동부산농협,용수리1406,26.75,0.0
2026-08-02T19:00:00,1450810302,정관5로,매학리731,신한은행정관금융센터,5.67,0.0
2026-08-02T19:00:00,1450573318,정관로,매학리734,신한은행정관금융센터,13.84,0.0
2026-08-02T19:00:00,1450810200,정관5로,우성스마트시티오피스텔,신한은행정관금융센터,10.67,0.0
2026-08-02T19:00:00,1450573317,정관로,NH농협은행정관기업지점,매학리734,21.42,0.0
2026-08-02T19:00:00,1450573217,정관로,신한은행정관금융센터,매학리734,19.59,0.0
2026-08-02T19:00:00,1450573201,정관로,모전리784,모전중학교,14.25,0.0
2026-08-02T19:00:00,1450573311,정관로,솔마루근린공원,모전중학교,18.0,0.0
2026-08-02T19:00:00,1450807100,정관1로,모전초등학교,모전중학교,24.0,0.0
2026-08-02T19:00:00,1450573401,정관로,달산리1221-1,매학리762-17,20.0,0.0
2026-08-02T19:00:00,1450812704,구연방곡로,매학리775,매학리762-17,22.17,0.0
2026-08-02T19:00:00,1450573502,정관로,매학리757,매학리762-17,25.17,0.0
2026-08-02T19:00:00,1450812502,구연3로,매학리753,매학리757,8.08,0.0
2026-08-02T19:00:00,1450573402,정관로,매학리762-17,매학리757,27.0,0.0
2026-08-02T19:00:00,1450573505,정관로,매학리776,매학리757,20.25,0.0
2026-08-02T19:00:00,1450812400,산단1로,매학리777-11,매학리757,6.0,0.0
2026-08-02T19:00:00,1450573504,정관로,NH농협은행정관기업지점,매학리776,22.42,0.0
2026-08-02T19:00:00,1450573404,정관로,매학리757,매학리776,17.17,0.0
2026-08-02T19:00:00,1450573702,산단로,IBK기업은행정관지점,정관제1호근린공원,46.09,0.0
2026-08-02T19:00:00,1450811902,산단1로,달산리1010,IBK기업은행정관지점,17.17,0.0
2026-08-02T19:00:00,1450573701,산단로,달산리1195,IBK기업은행정관지점,27.75,0.0
2026-08-02T19:00:00,1450573604,산단로,정관제1호근린공원,IBK기업은행정관지점,18.33,0.0
2026-08-02T19:00:00,1450814500,산단4로,강변교남측,근린공원2호,29.0,0.0
2026-08-02T19:00:00,1450573714,산단로,달산리1037-2,근린공원2호,43.34,0.0
2026-08-02T19:00:00,1450573713,산단로,정관제1호근린공원,달산리1037-2,61.58,0.0
2026-08-02T19:00:00,1450573613,산단로,근린공원2호,달산리1037-2,36.83,0.0
2026-08-02T19:00:00,1450573612,산단8로,예림리297-3,예림1교,44.42,0.0
2026-08-02T19:00:00,1450573716,산단로,달산리1037-3,예림1교,39.25,0.0
2026-08-02T19:00:00,1450573615,산단로,예림1교,달산리1037-3,13.5,0.0
2026-08-02T19:00:00,1450573718,산단로,달산리1037-3,달산리1037-3,27.33,0.0
2026-08-02T19:00:00,1450815300,산단6로,달음교남측,달산리1100-1,14.0,0.0
2026-08-02T19:00:00,1450573720,산단로,달산리1037-2,달산리1100-1,55.75,0.0
2026-08-02T19:00:00,1450573622,산단로,달산리1037-3,달산리1100-1,59.58,0.0
2026-08-02T19:00:00,1450573719,산단로,근린공원2호,달산리1037-2,52.33,0.0
2026-08-02T19:00:00,1450573619,산단로,달산리1100-1,달산리1037-2,29.5,0.0
2026-08-02T19:00:00,1450573617,산단로,달산리1037-3,달산리1037-3,39.34,0.0
2026-08-02T19:00:00,1450573722,산단로,달산리1037-3,달산리1037-3,62.0,0.0
2026-08-02T19:00:00,1450573721,산단로,달산리1100-1,달산리1037-3,52.75,0.0
2026-08-02T19:00:00,1450573621,산단로,달산리1037-3,달산리1037-3,63.67,0.0
2026-08-02T19:00:00,1450593100,부산외곽순환고속도로,철마1터널,기장철마IC,91.59,0.0
2026-08-02T19:00:00,1450593300,부산외곽순환고속도로,기장철마IC서측,기장철마IC,68.09,0.0
2026-08-02T19:00:00,1450593600,부산외곽순환고속도로,기장철마IC,기장철마IC,95.92,0.0
2026-08-02T19:00:00,1450593800,부산외곽순환고속도로,속성변화점,기장철마IC서측,63.33,0.0
2026-08-02T19:00:00,1450596400,부산외곽순환고속도로,기장일광TG동측,교량상부동측,54.33,0.0
2026-08-02T19:00:00,1450811103,정관5로,가동초등학교,가동초등학교,20.0,0.0
2026-08-02T19:00:00,1450811203,정관5로,용수리1347,가동초등학교,10.83,0.0
2026-08-02T19:00:00,1450593500,부산외곽순환고속도로,기장철마IC,기장철마IC,97.0,0.0
2026-08-02T19:00:00,1450593700,부산외곽순환고속도로,기장철마IC서측,기장철마IC,66.59,0.0
2026-08-02T19:00:00,1450594500,부산외곽순환고속도로,철마천교,기장철마IC,86.33,0.0
2026-08-02T19:00:00,1450594000,부산외곽순환고속도로,기장철마IC동측,속성변화점,58.08,0.0
2026-08-02T19:00:00,1450594200,부산외곽순환고속도로,기장철마IC교차로,속성변화점,62.34,0.0
2026-08-02T19:00:00,1450593400,부산외곽순환고속도로,기장철마IC,기장철마IC동측,67.17,0.0
2026-08-02T19:00:00,1450593900,부산외곽순환고속도로,기장철마IC,기장철마IC동측,61.0,0.0
2026-08-02T19:00:00,1450594700,부산외곽순환고속도로,기장철마IC교차로북측,기장철마IC교차로,62.0,0.0
2026-08-02T19:00:00,1450594600,부산외곽순환고속도로,기장철마IC,기장철마IC교차로,55.42,0.0
2026-08-02T19:00:00,1450594100,부산외곽순환고속도로,속성변화점,기장철마IC교차로,58.92,0.0
2026-08-02T19:00:00,1450594300,부산외곽순환고속도로,기장철마IC,철마천교,97.33,0.0
2026-08-02T19:00:00,1450595000,부산외곽순환고속도로,철마천교,철마천교,89.75,0.0
2026-08-02T19:00:00,1450594900,부산외곽순환고속도로,철마천교,철마천교,96.92,0.0
2026-08-02T19:00:00,1450595100,부산외곽순환고속도로,철마4터널,철마천교,87.59,0.0
2026-08-02T19:00:00,1450595200,부산외곽순환고속도로,철마천교,철마4터널,95.5,0.0
2026-08-02T19:00:00,1450595300,부산외곽순환고속도로,터널동측,철마4터널,81.42,0.0
2026-08-02T19:00:00,1450595400,부산외곽순환고속도로,철마4터널,터널동측,96.0,0.0
2026-08-02T19:00:00,1450595500,부산외곽순환고속도로,기장JC,터널동측,83.17,0.0
2026-08-02T19:00:00,1450595800,부산외곽순환고속도로,교량상부동측,기장JC,63.92,0.0
2026-08-02T19:00:00,1450595600,부산외곽순환고속도로,터널동측,기장JC,88.33,0.0
2026-08-02T19:00:00,1450595700,울산포항고속도로,기장JC,용천교,65.42,0.0
2026-08-02T19:00:00,1450596800,부산외곽순환고속도로,기장IC,기장일광TG동측,55.0,0.0
2026-08-02T19:00:00,1450596300,울산포항고속도로,용천교,기장일광TG서측,59.25,0.0
2026-08-02T19:00:00,1450676003,장곡길,임랑교,길천리464-5,88.75,0.0
2026-08-02T19:00:00,1450677500,장곡길,길천리460-3,길천리464-5,90.5,0.0
2026-08-02T19:00:00,1450675901,장곡길,길천리464-5,임랑교,84.75,0.0
2026-08-02T19:00:00,1450676002,장곡길,임랑교,임랑교,91.75,0.0
2026-08-02T19:00:00,1450676001,장곡길,임랑IC육교,임랑교,87.75,0.0
2026-08-02T19:00:00,1450675902,장곡길,임랑교,임랑교,94.5,0.0
2026-08-02T19:00:00,1451154300,장곡길,기장군-울주군,길천리460-3,88.08,0.0
2026-08-02T19:00:00,1450677600,장곡길,길천리464-5,길천리460-3,88.08,0.0
2026-08-02T19:00:00,1450811000,정관5로,용상교남측,용상교북측,32.0,0.0
2026-08-02T19:00:00,1450811102,정관5로,용수리1347,용상교북측,35.75,0.0
2026-08-02T19:00:00,1450733600,청연로,연화육교,연화터널서측,46.25,108.0
2026-08-02T19:00:00,1450735400,청연로,연화터널동측,연화터널서측,53.08,185.0
2026-08-02T19:00:00,1450735200,청연로,연화터널서측,연화터널동측,53.95,108.0
2026-08-02T19:00:00,1450736600,청연로,연화리507,연화터널동측,47.58,185.0
2026-08-02T19:00:00,1450016317,기장해안로,시랑리706,연화리507,33.19,209.0
2026-08-02T19:00:00,1450736500,청연로,연화터널동측,연화리507,42.54,108.0
2026-08-02T19:00:00,1450736702,기장해안로,연화리507,연화리507,22.5,94.0
2026-08-02T19:00:00,1450736801,기장해안로,연화리507,연화리507,25.78,123.0
2026-08-02T19:00:00,1450736704,기장해안로,연화리507,연화리507,27.83,94.0
2026-08-02T19:00:00,1450737100,기장해안로,신암마을앞,연화리507,28.7,94.0
2026-08-02T19:00:00,1450736804,기장해안로,연화리507,연화리507,27.82,123.0
2026-08-02T19:00:00,1450736803,기장해안로,연화리507,연화리507,27.11,123.0
2026-08-02T19:00:00,1450736703,기장해안로,연화리507,연화리507,26.7,94.0
2026-08-02T19:00:00,1450806900,정관1로,모전리784,모전초등학교,24.58,0.0
2026-08-02T19:00:00,1450807200,정관1로,모전중학교,모전초등학교,25.0,0.0
2026-08-02T19:00:00,1450807602,모전로,모전리695,모전초등학교,21.84,0.0
2026-08-02T19:00:00,1450807502,모전로,모전리695,모전리747-1,15.0,0.0
2026-08-02T19:00:00,1450808003,정관2로,부산은행정관모전지점,모전리796,16.67,0.0
2026-08-02T19:00:00,1450807901,정관2로,모전리747-1,모전리796,27.17,0.0
2026-08-02T19:00:00,1450808006,정관2로,모전리796,모전리796,24.0,0.0
2026-08-02T19:00:00,1450807905,정관2로,모전리796,모전리796,23.83,0.0
2026-08-02T19:00:00,1450808900,정관3로,용수교동측,용수교서측,12.17,0.0
2026-08-02T19:00:00,1450808402,정관3로,산막입구교차로,용수교서측,14.25,0.0
2026-08-02T19:00:00,1451095400,정관3로,용수리1382,산막입구교차로,18.0,0.0
2026-08-02T19:00:00,1450808401,정관3로,신정중학교,산막입구교차로,14.92,0.0
2026-08-02T19:00:00,1450808301,정관3로,용수교서측,산막입구교차로,14.84,0.0
2026-08-02T19:00:00,1450809202,정관4로,용수리1349,평전교서측,31.0,0.0
2026-08-02T19:00:00,1450809500,정관4로,평전교동측,평전교서측,12.0,0.0
2026-08-02T19:00:00,1451081600,정관3로,용수리1382,용수리1349,10.0,0.0
2026-08-02T19:00:00,1450809201,정관4로,동부산농협,용수리1349,19.0,0.0
2026-08-02T19:00:00,1450809101,정관4로,평전교서측,용수리1349,6.0,0.0
2026-08-02T19:00:00,1450809800,정관4로,용수리718-10,평전교동측,28.0,0.0
2026-08-02T19:00:00,1450809600,정관4로,평전교서측,평전교동측,40.0,0.0
2026-08-02T19:00:00,1450810604,정관6로,매학리737,우성스마트시티오피스텔,6.0,0.0
2026-08-02T19:00:00,1450809900,정관5로,물너울근린공원,우성스마트시티오피스텔,17.84,0.0
2026-08-02T19:00:00,1450810100,정관5로,신한은행정관금융센터,우성스마트시티오피스텔,11.0,0.0
2026-08-02T19:00:00,1450810605,정관6로,메가박스정관점,매학리737,19.33,0.0
2026-08-02T19:00:00,1450810900,정관5로,용상교북측,용상교남측,36.17,0.0
2026-08-02T19:00:00,1450810800,정관5로,용상교,용상교남측,26.83,0.0
2026-08-02T19:00:00,1450810402,정관5로,매학리731,용상교,15.59,0.0
2026-08-02T19:00:00,1450810700,정관5로,용상교남측,용상교,12.83,0.0
2026-08-02T19:00:00,1450811404,정관8로,매학리731,용상교,10.0,0.0
2026-08-02T19:00:00,1450811201,정관5로,용상교북측,용수리1347,27.83,0.0
2026-08-02T19:00:00,1450811303,정관8로,용상교,매학리731,23.0,0.0
2026-08-02T19:00:00,1450811403,정관8로,매학리731,매학리731,17.0,0.0
2026-08-02T19:00:00,1450811304,정관8로,매학리731,매학리731,18.0,0.0
2026-08-02T19:00:00,1450811406,정관8로,매학리731,매학리731,20.67,0.0
2026-08-02T19:00:00,1450811405,정관8로,매학리743-1,매학리731,15.75,0.0
2026-08-02T19:00:00,1450811305,정관8로,매학리731,매학리731,21.0,0.0
2026-08-02T19:00:00,1450811804,정관6로,매학리780,매학리780,22.0,0.0
2026-08-02T19:00:00,1450811703,정관6로,매학리780,매학리780,25.0,0.0
2026-08-02T19:00:00,1450811803,정관6로,매학리777-11,매학리780,24.0,0.0
2026-08-02T19:00:00,1450811705,정관6로,메가박스정관점,매학리780,32.0,0.0
2026-08-02T19:00:00,1450811805,정관6로,매학리780,매학리780,25.5,0.0
2026-08-02T19:00:00,1450812002,산단1로,달산리1010,매학리777-11,15.17,0.0
2026-08-02T19:00:00,1450812100,산단1로,매학리757,매학리777-11,26.25,0.0
2026-08-02T19:00:00,1450811704,정관6로,매학리780,매학리777-11,20.0,0.0
2026-08-02T19:00:00,1450812201,구연로,매학리743-1,매학리747,23.42,0.0
2026-08-02T19:00:00,1450812304,구연로,매학리747,매학리747,19.0,0.0
2026-08-02T19:00:00,1450812303,구연로,매학리751-1,매학리747,14.0,0.0
2026-08-02T19:00:00,1450812203,구연로,매학리747,매학리747,20.92,0.0
2026-08-02T19:00:00,1320014103,성남로,건세종합물류,좌천동1119-2,20.0,0.0
2026-08-02T19:00:00,1320014203,성남로,범일5동교차로,좌천동1119-2,26.5,0.0
2026-08-02T19:00:00,1320014104,성남로,좌천동1119-2,범일5동교차로,15.34,0.0
2026-08-02T19:00:00,1320015600,범일로,항만삼거리,범일5동교차로,20.0,0.0
2026-08-02T19:00:00,1320016600,범일로,자성대고가교남측,범일5동교차로,22.75,0.0
2026-08-02T19:00:00,1320014400,부두순환로,충장고가교,제우스,41.25,0.0
2026-08-02T19:00:00,1320015200,부두순환로,항만삼거리,제우스,38.75,0.0
2026-08-02T19:00:00,1320014900,동서고가로,관문대로교량,항만삼거리,56.34,0.0
2026-08-02T19:00:00,1320014300,동서고가로,충장고가교,항만삼거리,48.88,0.0
2026-08-02T19:00:00,1320015700,범일로,범일5동교차로,항만삼거리,25.75,0.0
2026-08-02T19:00:00,1320015100,부두순환로,제우스,항만삼거리,21.33,0.0
2026-08-02T19:00:00,1320015500,부두순환로,충장고가교,항만삼거리,37.25,0.0
2026-08-02T19:00:00,1360131200,부두순환로,문현램프,충장고가교,55.18,219.0
2026-08-02T19:00:00,1320015400,부두순환로,항만삼거리,충장고가교,41.5,0.0
2026-08-02T19:00:00,1320015900,충장대로,동천삼거리,충장고가교,38.5,0.0
2026-08-02T19:00:00,1320032601,충장대로,부두사거리,충장고가교,34.16,209.0
2026-08-02T19:00:00,1320015800,충장대로,충장고가교,동천삼거리,25.67,0.0
2026-08-02T19:00:00,1360133101,우암로,배정고등학교,동천삼거리,43.83,0.0
2026-08-02T19:00:00,1360132801,우암로,한일공인중개사,동천삼거리,28.25,0.0
2026-08-02T19:00:00,1320016200,진성로,노을사거리,수정성당,21.83,0.0
2026-08-02T19:00:00,1320017000,진성로,온누리어린이집,수정성당,24.75,0.0
2026-08-02T19:00:00,1320015300,관문대로,제우스,유림상사,50.42,0.0
2026-08-02T19:00:00,1320015000,관문대로,항만삼거리,유림상사,58.09,0.0
2026-08-02T19:00:00,1320016500,범일로,범일5동교차로,자성대고가교남측,17.0,0.0
2026-08-02T19:00:00,1320017502,범일로,범일동252-852,자성대고가교남측,20.34,0.0
2026-08-02T19:00:00,1320016900,진성로,수정성당,온누리어린이집,27.42,0.0
2026-08-02T19:00:00,1320019400,진성로,온누리어린이집,온누리어린이집,26.25,0.0
2026-08-02T19:00:00,1320019600,증산로,성일교회,온누리어린이집,22.0,0.0
2026-08-02T19:00:00,1320017201,자성로,좌천삼거리,자성교서측,35.17,0.0
2026-08-02T19:00:00,1320017302,자성로,자성교동측,자성교서측,26.92,0.0
2026-08-02T19:00:00,1320018200,자성로,자성대고가교서측,자성교동측,37.33,0.0
2026-08-02T19:00:00,1320017202,자성로,자성교서측,자성교동측,22.09,0.0
2026-08-02T19:00:00,1320017501,범일로,자성대교차로,범일동252-852,12.08,0.0
2026-08-02T19:00:00,1320017401,범일로,자성대고가교남측,범일동252-852,12.0,0.0
2026-08-02T19:00:00,1320017100,관문대로,좌천삼거리,좌천삼거리,39.83,0.0
2026-08-02T19:00:00,1320026900,관문대로,건세종합물류,좌천삼거리,60.58,0.0
2026-08-02T19:00:00,1320016400,관문대로,유림상사,좌천삼거리,57.58,0.0
2026-08-02T19:00:00,1320032100,관문대로,동구-부산진구,좌천삼거리,67.0,0.0
2026-08-02T19:00:00,1320017900,망양로,수성초등학교병설유치원,온누리어린이집,26.92,0.0
2026-08-02T19:00:00,1320019300,진성로,온누리어린이집,온누리어린이집,27.58,0.0
2026-08-02T19:00:00,1320019800,망양로,은천교회,온누리어린이집,25.42,0.0
2026-08-02T19:00:00,1320018500,범일로,자성대교차로,자성대고가교북측,16.75,0.0
2026-08-02T19:00:00,1320027100,자성로,자성교동측,자성대고가교북측,19.09,0.0
2026-08-02T19:00:00,1320019000,범일로,부산진시장앞교차로,자성대고가교북측,18.25,0.0
2026-08-02T19:00:00,1320020800,진시장로,테레사여고,부산진시장앞교차로,15.83,0.0
2026-08-02T19:00:00,1320018900,범일로,자성대고가교북측,부산진시장앞교차로,18.0,0.0
2026-08-02T19:00:00,1320021000,자성공원로,범일교차로,부산진시장앞교차로,19.17,0.0
2026-08-02T19:00:00,1320021200,범일로,부산은행범일동지점,부산진시장앞교차로,5.67,0.0
2026-08-02T19:00:00,1320019101,자성로,자성대고가교동측,범일교차로,35.0,0.0
2026-08-02T19:00:00,1320019201,자성로,범일교차로,범일교차로,25.42,0.0
2026-08-02T19:00:00,1320020900,자성공원로,부산진시장앞교차로,범일교차로,38.27,25.0
2026-08-02T19:00:00,1320019102,자성로,범일교차로,범일교차로,6.84,0.0
2026-08-02T19:00:00,1320020300,자성로,범일교,범일교차로,15.34,0.0
2026-08-02T19:00:00,1320021400,조방로,코리아시티관광호텔,범일교차로,7.25,0.0
2026-08-02T19:00:00,1320019500,증산로,온누리어린이집,성일교회,21.25,0.0
2026-08-02T19:00:00,1320025000,망양로,은천교회,성일교회,22.0,0.0
2026-08-02T19:00:00,1320025202,망양로,범천동1303-2,성일교회,27.75,0.0
2026-08-02T19:00:00,1320019700,망양로,온누리어린이집,은천교회,25.33,0.0
2026-08-02T19:00:00,1320024900,망양로,성일교회,은천교회,15.42,0.0
2026-08-02T19:00:00,1320026000,범상로,자유오토바이,은천교회,27.33,0.0
2026-08-02T19:00:00,1320019900,자성로,범1교서측,범일교,43.67,0.0
2026-08-02T19:00:00,1320020400,자성로,범일교차로,범일교,27.58,0.0
2026-08-02T19:00:00,1320020600,자성로133번길,미륵대도부산본원,범일교,22.08,0.0
2026-08-02T19:00:00,1320020100,자성로141번길,범1교서측,동천오작교,29.33,0.0
2026-08-02T19:00:00,1320022900,조방로10번길,미륵대도부산본원,동천오작교,13.25,0.0
2026-08-02T19:00:00,1320024400,자성로141번길,삼익아파트,동천오작교,27.83,0.0
2026-08-02T19:00:00,1320020500,자성로133번길,범일교,미륵대도부산본원,25.33,0.0
2026-08-02T19:00:00,1320022100,조방로10번길,코리아시티관광호텔,미륵대도부산본원,23.75,0.0
2026-08-02T19:00:00,1320022800,자성로133번길,미륵대도부산본원,미륵대도부산본원,22.75,0.0
2026-08-02T19:00:00,1320021100,범일로,부산진시장앞교차로,부산은행범일동지점,23.42,0.0
2026-08-02T19:00:00,1320021800,범일로,범일역1번출구,부산은행범일동지점,9.5,0.0
2026-08-02T19:00:00,1320021300,조방로,범일교차로,코리아시티관광호텔,18.59,0.0
2026-08-02T19:00:00,1320022200,조방로10번길,미륵대도부산본원,코리아시티관광호텔,13.92,0.0
2026-08-02T19:00:00,1320021500,범일로90번길,부산은행범일동지점,코리아시티관광호텔,13.0,0.0
2026-08-02T19:00:00,1320022000,조방로,일하는제자교회,코리아시티관광호텔,32.17,0.0
2026-08-02T19:00:00,1320021700,범일로,부산은행범일동지점,범일역1번출구,37.25,0.0
2026-08-02T19:00:00,1320023200,범일로102번길,범일전화국교차로,범일역1번출구,13.33,0.0
2026-08-02T19:00:00,1320023400,범일로,현대백화점앞,범일역1번출구,29.0,0.0
2026-08-02T19:00:00,1320021900,조방로,코리아시티관광호텔,일하는제자교회,18.17,0.0
2026-08-02T19:00:00,1320022400,조방로,범일전화국교차로,일하는제자교회,26.83,0.0
2026-08-02T19:00:00,1320022600,조방로16번길,미륵대도부산본원,일하는제자교회,16.75,0.0
2026-08-02T19:00:00,1320023100,범일로102번길,범일역1번출구,범일전화국교차로,12.5,0.0
2026-08-02T19:00:00,1320022300,조방로,일하는제자교회,범일전화국교차로,13.67,0.0
2026-08-02T19:00:00,1320023600,조방로,LK웨딩,범일전화국교차로,38.34,0.0
2026-08-02T19:00:00,1320023800,조방로26번길,전국버스공제조합부산지부,범일전화국교차로,6.92,0.0
2026-08-02T19:00:00,1320022700,자성로133번길,미륵대도부산본원,미륵대도부산본원,25.67,0.0
2026-08-02T19:00:00,1320022500,조방로16번길,일하는제자교회,미륵대도부산본원,17.5,0.0
2026-08-02T19:00:00,1320024000,자성로133번길,전국버스공제조합부산지부,미륵대도부산본원,24.92,0.0
2026-08-02T19:00:00,1320024200,조방로16번길,삼익아파트,미륵대도부산본원,23.17,0.0
2026-08-02T19:00:00,1320023300,범일로,범일역1번출구,현대백화점앞,32.83,0.0
2026-08-02T19:00:00,1340003100,조방로,범일역10번출구,현대백화점앞,11.0,0.0
2026-08-02T19:00:00,1340004000,범일로,중앙시장앞교차로,현대백화점앞,24.25,0.0
2026-08-02T19:00:00,1320023500,조방로,범일전화국교차로,LK웨딩,37.42,0.0
2026-08-02T19:00:00,1320024600,조방로34번길,라메르관광호텔,LK웨딩,17.83,0.0
2026-08-02T19:00:00,1320024800,조방로,범일역10번출구,LK웨딩,33.92,0.0
2026-08-02T19:00:00,1320023700,조방로26번길,범일전화국교차로,전국버스공제조합부산지부,16.83,0.0
2026-08-02T19:00:00,1320023900,자성로133번길,미륵대도부산본원,전국버스공제조합부산지부,27.25,0.0
2026-08-02T19:00:00,1320025400,자성로133번길,라메르관광호텔,전국버스공제조합부산지부,17.25,0.0
2026-08-02T19:00:00,1320024300,자성로141번길,동천오작교,삼익아파트,27.25,0.0
2026-08-02T19:00:00,1320024100,조방로16번길,미륵대도부산본원,삼익아파트,22.83,0.0
2026-08-02T19:00:00,1320025800,자성로141번길,범5호교,삼익아파트,31.75,0.0
2026-08-02T19:00:00,1320024500,조방로34번길,LK웨딩,라메르관광호텔,17.0,0.0
2026-08-02T19:00:00,1320025300,자성로133번길,전국버스공제조합부산지부,라메르관광호텔,23.08,0.0
2026-08-02T19:00:00,1320026200,자성로133번길,전주마늘집,라메르관광호텔,15.0,0.0
2026-08-02T19:00:00,1320026400,조방로34번길,범5호교서측,라메르관광호텔,17.84,0.0
2026-08-02T19:00:00,1340003200,조방로,현대백화점앞,범일역10번출구,29.5,0.0
2026-08-02T19:00:00,1320024700,조방로,LK웨딩,범일역10번출구,29.59,0.0
2026-08-02T19:00:00,1340003000,자유평화로,전주마늘집,범일역10번출구,14.09,0.0
2026-08-02T19:00:00,1340319400,만리산로,비락우유부전대리점,범천동1303-2,24.0,0.0
2026-08-02T19:00:00,1320025201,망양로,범곡교차로,범천동1303-2,14.08,0.0
2026-08-02T19:00:00,1320025101,망양로,성일교회,범천동1303-2,24.0,0.0
2026-08-02T19:00:00,1320025700,자성로141번길,삼익아파트,범5호교,27.5,0.0
2026-08-02T19:00:00,1320026600,자성로141번길,범5호교서측,범5호교,22.67,0.0
2026-08-02T19:00:00,1320025900,범상로,은천교회,자유오토바이,28.08,0.0
2026-08-02T19:00:00,1340004800,엄광로,테즈락스포츠,자유오토바이,28.75,0.0
2026-08-02T19:00:00,1320026100,자성로133번길,라메르관광호텔,전주마늘집,17.83,0.0
2026-08-02T19:00:00,1340002900,자유평화로,범일역10번출구,전주마늘집,9.42,0.0
2026-08-02T19:00:00,1340003400,자유평화로,범5호교서측,전주마늘집,22.42,0.0
2026-08-02T19:00:00,1340003600,자유평화로,범5호교동측,범5호교서측,21.67,0.0
2026-08-02T19:00:00,1320026300,조방로34번길,라메르관광호텔,범5호교서측,14.58,0.0
2026-08-02T19:00:00,1320026500,자성로141번길,범5호교,범5호교서측,23.58,0.0
2026-08-02T19:00:00,1340003300,자유평화로,전주마늘집,범5호교서측,20.42,0.0
2026-08-02T19:00:00,1340003800,자유평화로37번길,범2호교서측,범5호교서측,22.5,0.0
2026-08-02T19:00:00,1320000101,중앙대로,부산역5번출구,부산역(부산1호선),18.92,0.0
2026-08-02T19:00:00,1320000204,중앙대로,초량동1206-1,부산역(부산1호선),20.09,0.0
2026-08-02T19:00:00,1320000203,중앙대로,영주사거리,초량동1206-1,31.42,0.0
2026-08-02T19:00:00,1320000103,중앙대로,부산역(부산1호선),초량동1206-1,13.92,0.0
2026-08-02T19:00:00,1340321900,관문대로,수정터널TG,동구-부산진구,52.33,0.0
2026-08-02T19:00:00,1320032000,관문대로,좌천삼거리,동구-부산진구,62.75,0.0
2026-08-02T19:00:00,1330002500,중리북로,행복한교회,동삼중리삼거리,15.75,0.0
2026-08-02T19:00:00,1330002300,절영로,행복한교회,동삼중리삼거리,17.67,0.0
2026-08-02T19:00:00,1330003000,절영로,KT동삼사옥,동삼중리삼거리,22.67,0.0
2026-08-02T19:00:00,1330002600,중리북로,동삼중리삼거리,행복한교회,23.67,0.0
2026-08-02T19:00:00,1330001700,중리북로,롯데햄영도대리점,행복한교회,15.42,0.0
2026-08-02T19:00:00,1330002800,중리로,조은유치원,행복한교회,17.5,0.0
2026-08-02T19:00:00,1330003100,함지로,부산체육고등학교운동장,국민체육센터,28.09,0.0
2026-08-02T19:00:00,1330004200,함지로,조은유치원,국민체육센터,29.09,0.0
2026-08-02T19:00:00,1330004400,함지로79번길,고신대학교대학교회,국민체육센터,18.5,0.0
2026-08-02T19:00:00,1330000400,절영로,어울림식당,부산남고교삼거리,34.42,0.0
2026-08-02T19:00:00,1330000600,중리북로,롯데햄영도대리점,부산남고교삼거리,23.83,0.0
2026-08-02T19:00:00,1330000800,절영로,행복한교회,부산남고교삼거리,19.59,0.0
2026-08-02T19:00:00,1330000300,절영로,부산남고교삼거리,어울림식당,26.17,0.0
2026-08-02T19:00:00,1330001000,함지로,부산체육고등학교운동장,어울림식당,21.92,0.0
2026-08-02T19:00:00,1330001200,절영로,2송도삼거리,어울림식당,28.25,0.0
2026-08-02T19:00:00,1330001800,중리북로,행복한교회,롯데햄영도대리점,23.25,0.0
2026-08-02T19:00:00,1330000500,중리북로,부산남고교삼거리,롯데햄영도대리점,18.25,0.0
2026-08-02T19:00:00,1330002000,중리북로21번길,부산체육고등학교운동장,롯데햄영도대리점,22.17,0.0
2026-08-02T19:00:00,1330002400,절영로,동삼중리삼거리,행복한교회,17.33,0.0
2026-08-02T19:00:00,1330002200,중리로,행복한교회,행복한교회,5.0,0.0
2026-08-02T19:00:00,1330000700,절영로,부산남고교삼거리,행복한교회,28.58,0.0
2026-08-02T19:00:00,1330003200,함지로,국민체육센터,부산체육고등학교운동장,27.92,0.0
2026-08-02T19:00:00,1330000900,함지로,어울림식당,부산체육고등학교운동장,22.92,0.0
2026-08-02T19:00:00,1330001900,중리북로21번길,롯데햄영도대리점,부산체육고등학교운동장,16.08,0.0
2026-08-02T19:00:00,1330001100,절영로,어울림식당,2송도삼거리,27.08,0.0
2026-08-02T19:00:00,1330007800,절영로,영선2치안센터,2송도삼거리,22.92,0.0
2026-08-02T19:00:00,1330008000,하나길,대불사,2송도삼거리,23.67,0.0
2026-08-02T19:00:00,1330001300,태종로,해양대삼거리,동삼교회앞삼거리,17.33,0.0
2026-08-02T19:00:00,1330003300,와치로,KT동삼사옥,동삼교회앞삼거리,25.33,0.0
2026-08-02T19:00:00,1330004000,태종로,한국해양교회,동삼교회앞삼거리,19.08,0.0
2026-08-02T19:00:00,1330002700,중리로,행복한교회,조은유치원,20.83,0.0
2026-08-02T19:00:00,1330004100,함지로,국민체육센터,조은유치원,28.0,0.0
2026-08-02T19:00:00,1330004600,함지로,임마누엘교회,조은유치원,26.0,0.0
2026-08-02T19:00:00,1330004800,중리로,쥬씨영도동삼점,조은유치원,22.58,0.0
2026-08-02T19:00:00,1330002900,절영로,동삼중리삼거리,KT동삼사옥,14.25,0.0
2026-08-02T19:00:00,1330003400,와치로,동삼교회앞삼거리,KT동삼사옥,18.83,0.0
2026-08-02T19:00:00,1330003600,와치로,임마누엘교회,KT동삼사옥,11.58,0.0
2026-08-02T19:00:00,1330003800,절영로,동삼국민은행앞교차로,KT동삼사옥,20.5,0.0
2026-08-02T19:00:00,1330004500,함지로,조은유치원,임마누엘교회,15.33,0.0
2026-08-02T19:00:00,1330003500,와치로,KT동삼사옥,임마누엘교회,19.0,0.0
2026-08-02T19:00:00,1330005000,와치로,쥬씨영도동삼점,임마누엘교회,19.59,0.0
2026-08-02T19:00:00,1330003700,절영로,KT동삼사옥,동삼국민은행앞교차로,22.84,0.0
2026-08-02T19:00:00,1330005100,동삼로,한국해양교회,동삼국민은행앞교차로,25.92,0.0
2026-08-02T19:00:00,1330006200,동삼로28번길,다솜어린이집,동삼국민은행앞교차로,21.42,0.0
2026-08-02T19:00:00,1330006000,동삼로,부산동삼동우체국,동삼국민은행앞교차로,24.25,0.0
2026-08-02T19:00:00,1330003900,태종로,동삼교회앞삼거리,한국해양교회,20.33,0.0
2026-08-02T19:00:00,1330005200,동삼로,동삼국민은행앞교차로,한국해양교회,13.42,0.0
2026-08-02T19:00:00,1330005400,태종로,다솜어린이집,한국해양교회,13.67,0.0
2026-08-02T19:00:00,1330004300,함지로79번길,국민체육센터,고신대학교대학교회,15.75,0.0
2026-08-02T19:00:00,1330006400,와치로,흰돌고시원,고신대학교대학교회,11.25,0.0
2026-08-02T19:00:00,1330006601,와치로,고신대학교영도캠퍼스음악동,고신대학교대학교회,21.34,0.0
2026-08-02T19:00:00,1330004700,중리로,조은유치원,쥬씨영도동삼점,14.92,0.0
2026-08-02T19:00:00,1330004900,와치로,임마누엘교회,쥬씨영도동삼점,15.83,0.0
2026-08-02T19:00:00,1330005600,와치로,흰돌고시원,쥬씨영도동삼점,13.75,0.0
2026-08-02T19:00:00,1330005800,중리로,은혜와평화교회,쥬씨영도동삼점,13.75,0.0
2026-08-02T19:00:00,1330006100,동삼로28번길,동삼국민은행앞교차로,다솜어린이집,22.83,0.0
2026-08-02T19:00:00,1330005300,태종로,한국해양교회,다솜어린이집,25.0,0.0
2026-08-02T19:00:00,1330007400,태종로,속성변화점,다솜어린이집,26.42,0.0
2026-08-02T19:00:00,1330006300,와치로,고신대학교대학교회,흰돌고시원,23.25,0.0
2026-08-02T19:00:00,1330005500,와치로,쥬씨영도동삼점,흰돌고시원,20.08,0.0
2026-08-02T19:00:00,1330006800,동삼남로,은혜와평화교회,흰돌고시원,18.08,0.0
2026-08-02T19:00:00,1330005700,중리로,쥬씨영도동삼점,은혜와평화교회,23.84,0.0
2026-08-02T19:00:00,1330006700,동삼남로,흰돌고시원,은혜와평화교회,20.25,0.0
2026-08-02T19:00:00,1330006900,동삼남로,부산동삼동우체국,은혜와평화교회,20.08,0.0
2026-08-02T19:00:00,1330005900,동삼로,동삼국민은행앞교차로,부산동삼동우체국,26.08,0.0
2026-08-02T19:00:00,1330007000,동삼남로,은혜와평화교회,부산동삼동우체국,19.5,0.0
2026-08-02T19:00:00,1330007202,동삼로,동삼동322-154,부산동삼동우체국,22.5,0.0
2026-08-02T19:00:00,1330006501,와치로,고신대학교대학교회,고신대학교영도캠퍼스음악동,24.0,0.0
2026-08-02T19:00:00,1330020402,와치로,청학동산39-18,고신대학교영도캠퍼스음악동,26.0,0.0
2026-08-02T19:00:00,1330007101,동삼로,부산동삼동우체국,동삼동322-154,21.92,0.0
2026-08-02T19:00:00,1330007204,동삼로,동삼동232-16,동삼동322-154,28.59,0.0
2026-08-02T19:00:00,1330007103,동삼로,동삼동322-154,동삼동232-16,13.08,0.0
2026-08-02T19:00:00,1330007203,동삼로,천리교삼거리,동삼동232-16,19.08,0.0
2026-08-02T19:00:00,1330007104,동삼로,동삼동232-16,천리교삼거리,19.67,0.0
2026-08-02T19:00:00,1330009300,태종로,카페게으른고양이,천리교삼거리,21.09,0.0
2026-08-02T19:00:00,1330010200,태종로,주공삼거리,천리교삼거리,36.59,0.0
2026-08-02T19:00:00,1330007300,태종로,다솜어린이집,속성변화점,25.67,0.0
2026-08-02T19:00:00,1330007600,태종로,해경교차로,속성변화점,21.58,0.0
2026-08-02T19:00:00,1330007500,태종로,속성변화점,해경교차로,24.92,0.0
2026-08-02T19:00:00,1330008400,태종로,카페게으른고양이,해경교차로,38.84,0.0
2026-08-02T19:00:00,1330009000,절영로,영선윗로터리,영선2치안센터,21.0,0.0
2026-08-02T19:00:00,1330007700,절영로,2송도삼거리,영선2치안센터,22.92,0.0
2026-08-02T19:00:00,1330009200,작은시장2길,영선아래사거리,영선2치안센터,24.67,0.0
2026-08-02T19:00:00,1330007900,하나길,2송도삼거리,대불사,27.5,0.0
2026-08-02T19:00:00,1330011600,남항시장길,원불교영도교당,대불사,24.67,0.0
2026-08-02T19:00:00,1330011800,하나길,선경빌라,대불사,27.33,0.0
2026-08-02T19:00:00,1330009400,태종로,천리교삼거리,카페게으른고양이,37.17,0.0
2026-08-02T19:00:00,1330008300,태종로,해경교차로,카페게으른고양이,37.0,0.0
2026-08-02T19:00:00,1330008800,남항새싹길,영선윗로터리,대원공인중개사,22.42,0.0
2026-08-02T19:00:00,1330010300,절영로,영선윗로터리,영선아래사거리,10.5,0.0
2026-08-02T19:00:00,1330009100,작은시장2길,영선2치안센터,영선아래사거리,6.0,0.0
2026-08-02T19:00:00,1330010800,절영로,속성변화점,영선아래사거리,18.83,0.0
2026-08-02T19:00:00,1330011000,영선대로,남항시장사거리,영선아래사거리,15.96,139.0
2026-08-02T19:00:00,1330108801,영선대로,승강기,영선아래사거리,43.56,216.0
2026-08-02T19:00:00,1330104300,해양로,동삼동175-14,동삼동196-3,27.33,0.0
2026-08-02T19:00:00,1330107601,해양로,버스정류장,동삼동196-3,52.25,0.0
2026-08-02T19:00:00,1330009800,상리로,속성변화점,그린힐어린이집,18.17,0.0
2026-08-02T19:00:00,1330009700,상리로,그린힐어린이집,속성변화점,17.17,0.0
2026-08-02T19:00:00,1330010000,상리로,주공삼거리,속성변화점,27.0,0.0
2026-08-02T19:00:00,1330010100,태종로,천리교삼거리,주공삼거리,20.59,0.0
2026-08-02T19:00:00,1330009900,상리로,속성변화점,주공삼거리,24.75,0.0
2026-08-02T19:00:00,1330011200,태종로,속성변화점,주공삼거리,38.25,0.0
2026-08-02T19:00:00,1330010500,꿈나무길,영선윗로터리,원불교영도교당,26.5,0.0
2026-08-02T19:00:00,1330011500,남항시장길,대불사,원불교영도교당,24.25,0.0
2026-08-02T19:00:00,1330012000,남항시장길,남항시장사거리,원불교영도교당,22.25,0.0
2026-08-02T19:00:00,1330012200,꿈나무길,영선1동주민센터,원불교영도교당,26.0,0.0
2026-08-02T19:00:00,1330010700,절영로,영선아래사거리,속성변화점,28.75,0.0
2026-08-02T19:00:00,1330011400,절영로,남항사거리,속성변화점,22.58,0.0
2026-08-02T19:00:00,1330010900,영선대로,영선아래사거리,남항시장사거리,19.78,126.0
2026-08-02T19:00:00,1330011900,남항시장길,원불교영도교당,남항시장사거리,13.67,0.0
2026-08-02T19:00:00,1330012400,남항로,남항사거리,남항시장사거리,14.92,0.0
2026-08-02T19:00:00,1330012600,영선대로,소방서앞사거리,남항시장사거리,19.34,139.0
2026-08-02T19:00:00,1330011100,태종로,주공삼거리,속성변화점,37.75,0.0
2026-08-02T19:00:00,1330013402,태종로,청학동61-4,속성변화점,25.08,0.0
2026-08-02T19:00:00,1330011300,절영로,속성변화점,남항사거리,18.0,0.0
2026-08-02T19:00:00,1330012300,남항로,남항시장사거리,남항사거리,22.42,0.0
2026-08-02T19:00:00,1330013000,절영로,대교사거리,남항사거리,17.08,0.0
2026-08-02T19:00:00,1330012800,남항로,대평사거리,남항사거리,20.08,0.0
2026-08-02T19:00:00,1330011700,하나길,대불사,선경빌라,28.25,0.0
2026-08-02T19:00:00,1330020200,봉래길,영광마린타워아파트,선경빌라,29.92,0.0
2026-08-02T19:00:00,1330110501,하나길,-,선경빌라,22.92,0.0
2026-08-02T19:00:00,1330012900,절영로,남항사거리,대교사거리,10.83,0.0
2026-08-02T19:00:00,1330014300,태종로,소방서앞사거리,대교사거리,18.83,0.0
2026-08-02T19:00:00,1330015800,태종로,대교동교차로,대교사거리,15.83,0.0
2026-08-02T19:00:00,1330016000,절영로,부산대교남측,대교사거리,15.42,0.0
2026-08-02T19:00:00,1330013901,남항서로,대평사거리,남항동1가232-1,35.0,0.0
2026-08-02T19:00:00,1330014001,남항서로,대교동교차로,남항동1가232-1,18.84,0.0
2026-08-02T19:00:00,1330012700,남항로,남항사거리,대평사거리,11.0,0.0
2026-08-02T19:00:00,1330014002,남항서로,남항동1가232-1,대평사거리,10.83,0.0
2026-08-02T19:00:00,1330013301,태종로,속성변화점,청학동61-4,22.42,0.0
2026-08-02T19:00:00,1330013404,태종로,청학2동행정복지센터,청학동61-4,26.34,0.0
2026-08-02T19:00:00,1330013303,태종로,청학동61-4,청학2동행정복지센터,35.5,0.0
2026-08-02T19:00:00,1330013403,태종로,신한기공사앞교차로,청학2동행정복지센터,31.5,0.0
2026-08-02T19:00:00,1330013304,태종로,청학2동행정복지센터,신한기공사앞교차로,27.67,0.0
2026-08-02T19:00:00,1330020000,태종로,부산은행청학동지점,신한기공사앞교차로,25.0,0.0
2026-08-02T19:00:00,1330107501,산업로,반도석유,신한기공사앞교차로,22.42,0.0
2026-08-02T19:00:00,1330012100,꿈나무길,원불교영도교당,영선1동주민센터,25.08,0.0
2026-08-02T19:00:00,1330013600,꿈나무길,소방서앞사거리,영선1동주민센터,27.33,0.0
2026-08-02T19:00:00,1330013800,영도새싹길,제일영도교회,영선1동주민센터,27.92,0.0
2026-08-02T19:00:00,1330012500,영선대로,남항시장사거리,소방서앞사거리,16.61,126.0
2026-08-02T19:00:00,1330014400,태종로,대교사거리,소방서앞사거리,20.67,0.0
2026-08-02T19:00:00,1330013500,꿈나무길,영선1동주민센터,소방서앞사거리,10.59,0.0
2026-08-02T19:00:00,1330014600,태종로,봉래교차로,소방서앞사거리,15.46,139.0
2026-08-02T19:00:00,1330013700,영도새싹길,영선1동주민센터,제일영도교회,28.92,0.0
2026-08-02T19:00:00,1330015000,번영길,봉래교차로,제일영도교회,22.75,0.0
2026-08-02T19:00:00,1330015700,태종로,대교사거리,대교동교차로,22.92,0.0
2026-08-02T19:00:00,1330013902,남항서로,남항동1가232-1,대교동교차로,5.92,0.0
2026-08-02T19:00:00,1330016200,태종로,영도대교남측,대교동교차로,22.34,0.0
2026-08-02T19:00:00,1330014500,태종로,소방서앞사거리,봉래교차로,17.61,126.0
2026-08-02T19:00:00,1330014900,번영길,제일영도교회,봉래교차로,10.5,0.0
2026-08-02T19:00:00,1330017000,대교로,영도구보훈회관,봉래교차로,11.33,0.0
2026-08-02T19:00:00,1330109901,태종로,-,봉래교차로,14.67,139.0
2026-08-02T19:00:00,1330015600,청학로,부산우유신선대리점,재건성은교회,23.17,0.0
2026-08-02T19:00:00,1330015500,청학로,재건성은교회,부산우유신선대리점,20.17,0.0
2026-08-02T19:00:00,1330018000,청학북로,청학1치안센터,부산우유신선대리점,22.58,0.0
2026-08-02T19:00:00,1330018200,청학로,부산은행청학동지점,부산우유신선대리점,7.11,0.0
2026-08-02T19:00:00,1330015900,절영로,대교사거리,부산대교남측,23.92,0.0
2026-08-02T19:00:00,1330017700,대교로,부산교회,부산대교남측,27.25,0.0
2026-08-02T19:00:00,1330019400,태종로,영도대교북측,영도대교남측,29.33,0.0
2026-08-02T19:00:00,1330016100,태종로,대교동교차로,영도대교남측,33.67,0.0
2026-08-02T19:00:00,1330016600,봉래언덕길,영도고가교,영도중앙유치원,19.92,0.0
2026-08-02T19:00:00,1330016800,하나길,청학1치안센터,영도중앙유치원,25.92,0.0
2026-08-02T19:00:00,1330110801,하나길,-,영도중앙유치원,21.42,0.0
2026-08-02T19:00:00,1330016500,봉래언덕길,영도중앙유치원,영도고가교,20.25,0.0
2026-08-02T19:00:00,1330018400,봉래언덕길,영도고가교,영도고가교,24.58,0.0
2026-08-02T19:00:00,1330017900,청학북로,부산우유신선대리점,청학1치안센터,22.25,0.0
2026-08-02T19:00:00,1330016700,하나길,영도중앙유치원,청학1치안센터,28.92,0.0
2026-08-02T19:00:00,1330020600,청학서로,영광마린타워아파트,청학1치안센터,20.75,0.0
2026-08-02T19:00:00,1330016900,대교로,봉래교차로,영도구보훈회관,18.5,0.0
2026-08-02T19:00:00,1330017400,대교로,부산교회,영도구보훈회관,17.33,0.0
2026-08-02T19:00:00,1330017600,대교로14번길,경남조선앞삼거리,영도구보훈회관,19.0,0.0
2026-08-02T19:00:00,1330019200,대교로,부산대교북측,부산교회,46.5,0.0
2026-08-02T19:00:00,1330017800,대교로,부산대교남측,부산교회,20.58,0.0
2026-08-02T19:00:00,1330017300,대교로,영도구보훈회관,부산교회,27.17,0.0
2026-08-02T19:00:00,1330017500,대교로14번길,영도구보훈회관,경남조선앞삼거리,20.92,0.0
2026-08-02T19:00:00,1330018900,태종로,영도고가교,경남조선앞삼거리,16.99,126.0
2026-08-02T19:00:00,1330019600,태종로,속성변화점,경남조선앞삼거리,23.84,139.0
2026-08-02T19:00:00,1330019900,태종로,신한기공사앞교차로,부산은행청학동지점,26.34,0.0
2026-08-02T19:00:00,1330019704,태종로,청학동299-3,부산은행청학동지점,29.17,0.0
2026-08-02T19:00:00,1330018300,봉래언덕길,영도고가교,영도고가교,12.17,0.0
2026-08-02T19:00:00,1330018800,태종로,영도고가교,영도고가교,21.01,139.0
2026-08-02T19:00:00,1330110301,태종로,-,영도고가교,24.78,126.0
2026-08-02T19:00:00,1330018500,태종로,영도고가교,영도고가교,11.84,0.0
2026-08-02T19:00:00,1330019000,태종로,경남조선앞삼거리,영도고가교,19.22,139.0
2026-08-02T19:00:00,1330018700,태종로,영도고가교,영도고가교,18.73,126.0
2026-08-02T19:00:00,1330020101,와치로,고신대학교영도캠퍼스음악동,청학동산39-18,21.0,0.0
2026-08-02T19:00:00,1330020404,와치로,청학동440-7,청학동산39-18,21.17,0.0
2026-08-02T19:00:00,1330020103,와치로,청학동산39-18,청학동440-7,12.0,0.0
2026-08-02T19:00:00,1330020403,와치로,영광마린타워아파트,청학동440-7,21.08,0.0
2026-08-02T19:00:00,1330105400,청학남로,청학동99-307,청학동440-7,19.0,0.0
2026-08-02T19:00:00,1330020300,봉래길,선경빌라,영광마린타워아파트,24.0,0.0
2026-08-02T19:00:00,1330020500,청학서로,청학1치안센터,영광마린타워아파트,15.83,0.0
2026-08-02T19:00:00,1330020104,와치로,청학동440-7,영광마린타워아파트,17.33,0.0
2026-08-02T19:00:00,1330099000,북항로,부산항대교북측,부산항대교남측,69.83,0.0
2026-08-02T19:00:00,1330098900,북항로,부산저유소삼거리,부산항대교남측,58.34,0.0
2026-08-02T19:00:00,1330098800,북항로,부산항대교남측,부산저유소삼거리,71.17,0.0
2026-08-02T19:00:00,1330019804,태종로,청학동299-3,부산저유소삼거리,24.25,0.0
2026-08-02T19:00:00,1330019701,태종로,속성변화점,부산저유소삼거리,23.69,126.0
2026-08-02T19:00:00,1330109301,해양로,버스정류장,부산저유소삼거리,11.08,0.0
2026-08-02T19:00:00,1330109001,-,승강기,부산저유소삼거리,78.75,0.0
2026-08-02T19:00:00,1330104200,해양로,동삼동196-3,동삼동175-14,17.59,0.0
2026-08-02T19:00:00,1330103000,해양로,해경교차로,동삼동175-14,35.5,0.0
2026-08-02T19:00:00,1330105500,청학남로,청학동440-7,청학동99-307,18.0,0.0
2026-08-02T19:00:00,1330100900,해양로,부산해사고등학교,동삼동1125-24,30.33,0.0
2026-08-02T19:00:00,1330101100,해양로,동삼동1125-24,동삼동1125-24,37.17,0.0
2026-08-02T19:00:00,1330103700,해양로,해양대삼거리,부산해사고등학교,35.67,0.0
2026-08-02T19:00:00,1330100800,해양로,동삼동1125-24,부산해사고등학교,43.0,0.0
2026-08-02T19:00:00,1330101000,해양로,동삼동1125-24,동삼동1125-24,28.17,0.0
2026-08-02T19:00:00,1330103300,해양로,해경교차로,동삼동1125-24,43.09,0.0
2026-08-02T19:00:00,1330101400,해양로,청학동1-143,청학동330-97,37.08,0.0
2026-08-02T19:00:00,1330102000,해양로,청학동322-1,청학동330-97,34.0,0.0
2026-08-02T19:00:00,1330019803,태종로,부산은행청학동지점,청학동299-3,37.25,0.0
2026-08-02T19:00:00,1330019703,태종로,부산저유소삼거리,청학동299-3,36.42,0.0
2026-08-02T19:00:00,1330101500,해양로,청학동330-97,청학동1-143,33.58,0.0
2026-08-02T19:00:00,1330101600,해양로,청학동1-26,청학동1-143,42.92,0.0
2026-08-02T19:00:00,1330101700,해양로,청학동1-143,청학동1-26,41.33,0.0
2026-08-02T19:00:00,1330108501,해양로,대영ENG,청학동1-26,38.25,0.0
2026-08-02T19:00:00,1330102100,해양로,청학동330-97,청학동322-1,26.34,0.0
2026-08-02T19:00:00,1330109701,해양로,버스정류장,청학동322-1,24.5,0.0
2026-08-02T19:00:00,1330103100,해양로,동삼동175-14,해경교차로,34.25,0.0
2026-08-02T19:00:00,1330103200,해양로,동삼동1125-24,해경교차로,37.42,0.0
2026-08-02T19:00:00,1340322000,중앙대로,범곡교차로,범내골교차로,21.55,334.0
2026-08-02T19:00:00,1340000202,중앙대로,범천동948-4,범내골교차로,20.16,330.0
2026-08-02T19:00:00,1340005100,범일로,중앙시장앞교차로,범내골교차로,20.0,0.0
2026-08-02T19:00:00,1340007100,범일로192번길,부산범천동우체국,범내골교차로,17.08,0.0
2026-08-02T19:00:00,1340008000,황령대로,상공회의소앞,범내골교차로,17.34,0.0
2026-08-02T19:00:00,1340000101,중앙대로,범내골교차로,범천동948-4,18.37,225.0
2026-08-02T19:00:00,1340000201,중앙대로,광무교남측,범천동948-4,21.41,330.0
2026-08-02T19:00:00,1340013000,-,사우스반데코호텔,광무교남측,17.37,203.0
2026-08-02T19:00:00,1340000102,중앙대로,범천동948-4,광무교남측,15.16,225.0
2026-08-02T19:00:00,1340000400,중앙대로,광무교북측,광무교남측,19.62,452.0
2026-08-02T19:00:00,1340014900,신천대로,사우스반데코호텔,광무교북측,13.0,0.0
2026-08-02T19:00:00,1340014302,신천대로,센트럴스퀘어대우백화점,광무교북측,12.86,81.0
2026-08-02T19:00:00,1340000300,중앙대로,광무교남측,광무교북측,24.78,225.0
2026-08-02T19:00:00,1340000505,중앙대로,부전동573-1,광무교북측,20.95,452.0
2026-08-02T19:00:00,1340000504,중앙대로,부전동573-1,부전동573-1,21.53,452.0
2026-08-02T19:00:00,1340000604,중앙대로,광무교북측,부전동573-1,17.28,225.0
2026-08-02T19:00:00,1340001100,중앙대로,서면교차로,부전사거리,23.51,320.0
2026-08-02T19:00:00,1340027700,동천로,디씨티앞교차로,부전사거리,12.33,0.0
2026-08-02T19:00:00,1340031302,동성로,부전사거리,부전사거리,10.0,0.0
2026-08-02T19:00:00,1340033000,중앙대로783번길,부전역,부전사거리,12.17,0.0
2026-08-02T19:00:00,1340001404,중앙대로,부전사거리,부전사거리,25.4,233.0
2026-08-02T19:00:00,1340001304,중앙대로,부전사거리,부전1동주민센터,22.51,320.0
2026-08-02T19:00:00,1340001401,중앙대로,삼전교차로,부전1동주민센터,29.27,233.0
2026-08-02T19:00:00,1340001303,중앙대로,부전사거리,부전사거리,23.97,320.0
2026-08-02T19:00:00,1340001403,중앙대로,부전1동주민센터,부전사거리,21.9,233.0
2026-08-02T19:00:00,1340036400,범전로,부산은행전포동지점,삼전교차로,7.92,0.0
2026-08-02T19:00:00,1340001302,중앙대로,부전1동주민센터,삼전교차로,21.88,320.0
2026-08-02T19:00:00,1340001600,중앙대로,송공삼거리,삼전교차로,25.15,233.0
2026-08-02T19:00:00,1340042206,거제대로,양정동376-1,송공삼거리,18.58,0.0
2026-08-02T19:00:00,1340001500,중앙대로,삼전교차로,송공삼거리,23.63,320.0
2026-08-02T19:00:00,1340001802,중앙대로,양정동408,송공삼거리,19.69,233.0
2026-08-02T19:00:00,1340311800,전포대로,송공삼거리,양정동408,20.67,0.0
2026-08-02T19:00:00,1340001701,중앙대로,송공삼거리,양정동408,20.68,320.0
2026-08-02T19:00:00,1340001801,중앙대로,부산시민운동지원센터,양정동408,22.06,233.0
2026-08-02T19:00:00,1340001702,중앙대로,양정동408,부산시민운동지원센터,22.3,320.0
2026-08-02T19:00:00,1340002001,중앙대로,양정교차로,부산시민운동지원센터,25.69,233.0
2026-08-02T19:00:00,1340047800,동평로,KEB하나은행양정역지점,양정교차로,9.67,0.0
2026-08-02T19:00:00,1340048000,연수로,동래소방서앞,양정교차로,21.71,321.0
2026-08-02T19:00:00,1340001901,중앙대로,부산시민운동지원센터,양정교차로,21.26,320.0
2026-08-02T19:00:00,1340002301,중앙대로,양정2동파출소,양정교차로,28.46,253.0
2026-08-02T19:00:00,1340049500,중앙대로970번길,동래소방서앞,양정2동파출소,13.92,0.0
2026-08-02T19:00:00,1340050602,중앙대로969번길,양정동322,양정2동파출소,6.25,0.0
2026-08-02T19:00:00,1340002801,중앙대로,부산인권교육센터,양정2동파출소,21.83,253.0
2026-08-02T19:00:00,1340002401,중앙대로,양정교차로,양정2동파출소,24.91,304.0
2026-08-02T19:00:00,1340004200,무지개로,범2호교동측,범2호교서측,13.08,0.0
2026-08-02T19:00:00,1340003700,자유평화로37번길,범5호교서측,범2호교서측,22.5,0.0
2026-08-02T19:00:00,1340004400,자유평화로37번길,범3호교서측,범2호교서측,23.17,0.0
2026-08-02T19:00:00,1340003900,범일로,현대백화점앞,중앙시장앞교차로,28.34,0.0
2026-08-02T19:00:00,1340005200,범일로,범내골교차로,중앙시장앞교차로,25.59,0.0
2026-08-02T19:00:00,1340005000,중앙번영로,두산위브아파트관리사무소,중앙시장앞교차로,12.92,0.0
2026-08-02T19:00:00,1340005800,중앙번영로,범3호교동측,범3호교서측,7.83,0.0
2026-08-02T19:00:00,1340004300,자유평화로37번길,범2호교서측,범3호교서측,14.5,0.0
2026-08-02T19:00:00,1340005300,중앙번영로,두산위브아파트관리사무소,범3호교서측,5.25,0.0
2026-08-02T19:00:00,1340006000,황령대로30번길,벨라루스웨딩홀,범3호교서측,13.17,0.0
2026-08-02T19:00:00,1340009102,만리산로,범천동1616-1,테즈락스포츠,5.0,0.0
2026-08-02T19:00:00,1340012400,엄광로,범천건강문화센터,테즈락스포츠,24.25,0.0
2026-08-02T19:00:00,1340004700,엄광로,자유오토바이,테즈락스포츠,28.5,0.0
2026-08-02T19:00:00,1340004900,중앙번영로,중앙시장앞교차로,두산위브아파트관리사무소,11.0,0.0
2026-08-02T19:00:00,1340005400,중앙번영로,범3호교서측,두산위브아파트관리사무소,9.33,0.0
2026-08-02T19:00:00,1340005600,황령대로18번길,부산범천동우체국,두산위브아파트관리사무소,9.08,0.0
2026-08-02T19:00:00,1340007200,범일로192번길,범내골교차로,부산범천동우체국,13.25,0.0
2026-08-02T19:00:00,1340005500,황령대로18번길,두산위브아파트관리사무소,부산범천동우체국,21.25,0.0
2026-08-02T19:00:00,1340006700,범일로192번길,벨라루스웨딩홀,부산범천동우체국,21.42,0.0
2026-08-02T19:00:00,1340007400,황령대로18번길,상공회의소앞,부산범천동우체국,12.75,0.0
2026-08-02T19:00:00,1340005900,황령대로30번길,범3호교서측,벨라루스웨딩홀,25.5,0.0
2026-08-02T19:00:00,1340006800,범일로192번길,부산범천동우체국,벨라루스웨딩홀,17.92,0.0
2026-08-02T19:00:00,1340007000,황령대로30번길,범4호교,벨라루스웨딩홀,28.17,0.0
2026-08-02T19:00:00,1340010200,복지로,개금파출소앞교차로,행복어린이집,32.33,0.0
2026-08-02T19:00:00,1340009500,엄광로,새소망교회,행복어린이집,20.08,0.0
2026-08-02T19:00:00,1340322200,신암로,범곡교차로,범천2동사무소,19.58,0.0
2026-08-02T19:00:00,1340006400,범천로,부전2동교차로,범천2동사무소,45.67,0.0
2026-08-02T19:00:00,1340006602,신암로,범천동985-3,범천2동사무소,28.0,0.0
2026-08-02T19:00:00,1340015700,신천대로,속성변화점,부전2동교차로,20.36,81.0
2026-08-02T19:00:00,1340018400,신천대로,부암역4번출구,부전2동교차로,35.47,493.0
2026-08-02T19:00:00,1340006300,범천로,범천2동사무소,부전2동교차로,22.75,0.0
2026-08-02T19:00:00,1340006501,신암로,범천2동사무소,범천동985-3,27.67,0.0
2026-08-02T19:00:00,1340006601,신암로,신암삼거리,범천동985-3,28.33,0.0
2026-08-02T19:00:00,1340016300,신암로135번길,범천건강문화센터,신암삼거리,14.67,0.0
2026-08-02T19:00:00,1340018600,신암로,가야굴다리앞교차로,신암삼거리,31.83,0.0
2026-08-02T19:00:00,1340006502,신암로,범천동985-3,신암삼거리,28.25,0.0
2026-08-02T19:00:00,1340010400,황령대로,범4호교,범4호교,30.83,0.0
2026-08-02T19:00:00,1340010600,중앙대로644번길,광무교남측,범4호교,16.08,0.0
2026-08-02T19:00:00,1340006900,황령대로30번길,벨라루스웨딩홀,범4호교,30.67,0.0
2026-08-02T19:00:00,1340009700,황령대로,상공회의소앞,범4호교,23.75,0.0
2026-08-02T19:00:00,1340007900,황령대로,범내골교차로,상공회의소앞,25.42,0.0
2026-08-02T19:00:00,1340007300,황령대로18번길,부산범천동우체국,상공회의소앞,13.08,0.0
2026-08-02T19:00:00,1340009800,황령대로,범4호교,상공회의소앞,23.33,0.0
2026-08-02T19:00:00,1340007600,엄광로,벽산유치원,로사어린이집,22.33,0.0
2026-08-02T19:00:00,1340007800,엄광로,새소망교회,로사어린이집,19.83,0.0
2026-08-02T19:00:00,1340007500,엄광로,로사어린이집,벽산유치원,20.33,0.0
2026-08-02T19:00:00,1340009400,엄광로,새소망교회,벽산유치원,24.42,0.0
2026-08-02T19:00:00,1340008300,엄광로,커피베이부산가야공원점,벽산유치원,21.5,0.0
2026-08-02T19:00:00,1340009600,엄광로,행복어린이집,새소망교회,19.25,0.0
2026-08-02T19:00:00,1340007700,엄광로,로사어린이집,새소망교회,23.33,0.0
2026-08-02T19:00:00,1340009300,엄광로,벽산유치원,새소망교회,25.17,0.0
2026-08-02T19:00:00,1340008200,엄광로,이디야커피부산동의대중앙점,커피베이부산가야공원점,23.83,0.0
2026-08-02T19:00:00,1340008600,가야공원로,상주상회,커피베이부산가야공원점,25.08,0.0
2026-08-02T19:00:00,1340008400,엄광로,벽산유치원,커피베이부산가야공원점,24.17,0.0
2026-08-02T19:00:00,1350058500,만덕센텀고속화도로,최소노드배치점,온천동 1430-10,68.0,0.0
2026-08-02T19:00:00,1350058100,만덕센텀고속화도로,센텀터널(남측),온천동 1430-10,48.5,0.0
2026-08-02T19:00:00,1350058400,만덕센텀고속화도로,속성변화점,온천동 1442-9,89.0,0.0
2026-08-02T19:00:00,1370354300,만덕센텀고속화도로,최소노드배치점,북구-동래구,80.0,67.0
2026-08-02T19:00:00,1350056400,만덕센텀고속화도로,최소노드배치점,북구-동래구,73.0,0.0
2026-08-02T19:00:00,1350056300,만덕센텀고속화도로,북구-동래구,최소노드배치점,79.92,80.0
2026-08-02T19:00:00,1350056700,만덕센텀고속화도로,최소노드배치점,최소노드배치점,72.67,104.0
2026-08-02T19:00:00,1350056500,만덕센텀고속화도로,최소노드배치점,최소노드배치점,74.92,0.0
2026-08-02T19:00:00,1350058000,만덕센텀고속화도로,온천동 1430-10,최소노드배치점,72.67,104.0
2026-08-02T19:00:00,1350058300,만덕센텀고속화도로,온천동 1442-9,최소노드배치점,75.0,0.0
2026-08-02T19:00:00,1350058200,만덕센텀고속화도로,최소노드배치점,속성변화점,76.58,0.0
2026-08-02T19:00:00,1420046400,만덕센텀고속화도로,최소노드배치점,최소노드배치점,74.5,83.0
2026-08-02T19:00:00,1370352200,만덕센텀고속화도로,만덕동 240-1,센텀터널(서측),75.0,0.0
2026-08-02T19:00:00,1350056900,만덕센텀고속화도로,,센텀터널(남측),26.0,0.0
2026-08-02T19:00:00,1370354200,만덕센텀고속화도로,최소노드배치점,센텀터널(서측),81.0,0.0
2026-08-02T19:00:00,1370352300,만덕센텀고속화도로,센텀터널(서측),만덕동 240-1,60.0,0.0
2026-08-02T19:00:00,1420046200,만덕센텀고속화도로,센텀터널(남측),거제동 121-14,67.84,59.0
2026-08-02T19:00:00,1420046300,만덕센텀고속화도로,최소노드배치점,최소노드배치점,76.09,61.0
2026-08-02T19:00:00,1350059000,만덕센텀고속화도로,최소노드배치점,최소노드배치점,74.5,83.0
2026-08-02T19:00:00,1350058900,만덕센텀고속화도로,최소노드배치점,최소노드배치점,76.09,61.0
2026-08-02T19:00:00,1420046600,만덕센텀고속화도로,최소노드배치점,최소노드배치점,80.0,87.0
2026-08-02T19:00:00,1420046500,만덕센텀고속화도로,최소노드배치점,최소노드배치점,75.0,0.0
2026-08-02T19:00:00,1350059200,만덕센텀고속화도로,최소노드배치점,최소노드배치점,80.0,87.0
2026-08-02T19:00:00,1350059100,만덕센텀고속화도로,최소노드배치점,최소노드배치점,70.17,56.0
2026-08-02T19:00:00,1380132000,만덕센텀고속화도로,최소노드배치점,최소노드배치점,80.0,94.0
2026-08-02T19:00:00,1370354100,만덕센텀고속화도로,센텀터널(서측),최소노드배치점,70.0,0.0
2026-08-02T19:00:00,1370354500,만덕센텀고속화도로,최소노드배치점,최소노드배치점,73.42,105.0
2026-08-02T19:00:00,1370354400,만덕센텀고속화도로,최소노드배치점,최소노드배치점,80.0,67.0
2026-08-02T19:00:00,1350059300,만덕센텀고속화도로,북구-동래구,최소노드배치점,73.42,105.0
2026-08-02T19:00:00,1380131900,만덕센텀고속화도로,최소노드배치점,센텀터널(동측),67.25,55.0
2026-08-02T19:00:00,1380131800,만덕센텀고속화도로,,센텀터널(동측),75.0,0.0
2026-08-02T19:00:00,1350059400,만덕센텀고속화도로,최소노드배치점,최소노드배치점,70.17,56.0
2026-08-02T19:00:00,1380132100,만덕센텀고속화도로,센텀터널(동측),최소노드배치점,80.0,94.0
2026-08-02T19:00:00,1350059500,만덕센텀고속화도로,온천동 1442-9,센텀터널(남측),69.67,0.0
2026-08-02T19:00:00,1350059600,만덕센텀고속화도로,최소노드배치점,최소노드배치점,76.09,61.0
2026-08-02T19:00:00,1350059700,만덕센텀고속화도로,최소노드배치점,최소노드배치점,74.5,83.0
2026-08-02T19:00:00,1350059800,만덕센텀고속화도로,최소노드배치점,최소노드배치점,76.09,61.0
2026-08-02T19:00:00,1350059900,만덕센텀고속화도로,최소노드배치점,최소노드배치점,71.75,0.0
2026-08-02T19:00:00,1380131700,만덕센텀고속화도로,센텀터널(동측),재송동 773-7,74.0,0.0
2026-08-02T19:00:00,1340322700,냉정로,개금파출소앞교차로,개금동527-237,29.42,0.0
2026-08-02T19:00:00,1340322400,냉정로,대우유통,개금동527-237,28.0,0.0
2026-08-02T19:00:00,1350010002,온천천로,안락동101-8,안락동1091,36.17,0.0
2026-08-02T19:00:00,1350000500,번영로,번영로교량,안락동1091,84.7,73.0
2026-08-02T19:00:00,1350000300,번영로,속성변화점,안락동1091,88.57,27.0
2026-08-02T19:00:00,1350000800,번영로,번영로교량,번영로원동고가교남측,88.57,27.0
2026-08-02T19:00:00,1350001603,번영로,원동IC남측,번영로원동고가교남측,84.7,73.0
2026-08-02T19:00:00,1350000600,번영로,안락동1091,번영로교량,88.57,27.0
2026-08-02T19:00:00,1350000700,번영로,번영로원동고가교남측,번영로교량,84.7,73.0
2026-08-02T19:00:00,1350001000,충렬대로,원동교동측,원동교서측,23.39,377.0
2026-08-02T19:00:00,1350001200,충렬대로,원동고가교,원동교서측,29.22,265.0
2026-08-02T19:00:00,1350001100,충렬대로,원동교서측,원동고가교,18.6,377.0
2026-08-02T19:00:00,1350001302,충렬대로,안락뜨란채삼거리,원동고가교,23.13,265.0
2026-08-02T19:00:00,1350001700,충렬대로,이디야커피부산안락점,하울목교회,19.7,466.0
2026-08-02T19:00:00,1350001401,충렬대로,안락뜨란채삼거리,하울목교회,23.92,606.0
2026-08-02T19:00:00,1350014600,충렬대로459번길,하랑어린이집,하울목교회,9.83,0.0
2026-08-02T19:00:00,1350010502,연안로,안락뜨란채사거리,안락뜨란채삼거리,16.0,0.0
2026-08-02T19:00:00,1350001402,충렬대로,원동고가교,안락뜨란채삼거리,16.27,377.0
2026-08-02T19:00:00,1350001301,충렬대로,하울목교회,안락뜨란채삼거리,20.41,466.0
2026-08-02T19:00:00,1350002302,번영로,성일레포츠,원동IC,50.25,0.0
2026-08-02T19:00:00,1350001601,번영로,동천고가교,원동IC,84.7,73.0
2026-08-02T19:00:00,1350001502,번영로,원동IC남측,원동IC,88.57,27.0
2026-08-02T19:00:00,1350001503,번영로,번영로원동고가교남측,원동IC남측,88.57,27.0
2026-08-02T19:00:00,1350001602,번영로,원동IC,원동IC남측,84.7,73.0
2026-08-02T19:00:00,1350002101,충렬대로,안락지하차도,속성변화점,29.62,466.0
2026-08-02T19:00:00,1350002204,충렬대로,안락동475,속성변화점,36.13,606.0
2026-08-02T19:00:00,1350002203,충렬대로,우리들어린이집,안락동475,35.54,606.0
2026-08-02T19:00:00,1350002103,충렬대로,속성변화점,안락동475,26.38,466.0
2026-08-02T19:00:00,1350005500,중앙대로,내성교차로,내성지하차도,22.75,0.0
2026-08-02T19:00:00,1350003901,중앙대로,송월타올앞교차로,내성지하차도,36.0,0.0
2026-08-02T19:00:00,1350009803,중앙대로,온천교사거리,온천동1750-1,23.75,0.0
2026-08-02T19:00:00,1350009703,중앙대로,소정천삼거리,온천동1750-1,31.42,0.0
2026-08-02T19:00:00,1420020700,연안로,안락교남측,안락교오거리,18.58,0.0
2026-08-02T19:00:00,1350010602,연안로,안락뜨란채사거리,안락교오거리,9.92,0.0
2026-08-02T19:00:00,1350010402,안남로,안락동638,안락교오거리,11.0,0.0
2026-08-02T19:00:00,1350010202,온천천로,안락동125,안락교오거리,10.33,0.0
2026-08-02T19:00:00,1350011400,충렬대로428번길,이디야커피부산안락점,우주어린이집,18.75,0.0
2026-08-02T19:00:00,1350010302,안남로,안락동638,우주어린이집,14.0,0.0
2026-08-02T19:00:00,1350011200,안남로,주주어린이집,우주어린이집,15.59,0.0
2026-08-02T19:00:00,1350012606,안연로,안락동733-2,부산은행연안지점,12.42,0.0
2026-08-02T19:00:00,1350012402,안남로,안민초등학교,부산은행연안지점,17.59,0.0
2026-08-02T19:00:00,1350010900,안연로,연산교북측,부산은행연안지점,15.92,0.0
2026-08-02T19:00:00,1350011500,안남로,주주어린이집,부산은행연안지점,18.58,0.0
2026-08-02T19:00:00,1350011100,안남로,우주어린이집,주주어린이집,17.58,0.0
2026-08-02T19:00:00,1350011600,안남로,부산은행연안지점,주주어린이집,14.75,0.0
2026-08-02T19:00:00,1350013002,수안로,수안동42,수경사,27.25,0.0
2026-08-02T19:00:00,1350011902,온천천로,낙민동95,수경사,18.67,0.0
2026-08-02T19:00:00,1350012800,온천천로,세병교동측,수경사,28.92,0.0
2026-08-02T19:00:00,1350013300,반송로,낙민파출소,안락고가남측,21.01,99.0
2026-08-02T19:00:00,1350014400,반송로,안락고가북측,안락고가남측,23.88,176.0
2026-08-02T19:00:00,1350013801,쇠미로,사직초등학교앞교차로,사직동595-48,13.0,0.0
2026-08-02T19:00:00,1350013704,쇠미로,사직동1020-3,사직동595-48,24.75,0.0
2026-08-02T19:00:00,1350015000,충렬대로459번길,안락2동우편취급국,하랑어린이집,25.0,0.0
2026-08-02T19:00:00,1350014500,충렬대로459번길,하울목교회,하랑어린이집,14.17,0.0
2026-08-02T19:00:00,1300002600,대교로,한국철도시설공단영남본부,롯데백화점광복점,23.83,0.0
2026-08-02T19:00:00,1310012300,보수대로,백련불교문화원,신광교회,33.33,0.0
2026-08-02T19:00:00,1310013000,보수대로,구덕사거리,신광교회,43.42,0.0
2026-08-02T19:00:00,1330019500,태종로,경남조선앞삼거리,속성변화점,30.11,126.0
2026-08-02T19:00:00,1330019802,태종로,부산저유소삼거리,속성변화점,24.34,139.0
2026-08-02T19:00:00,1340022000,중앙대로691번길,크리스탈부페웨딩홀,문화관광앞교차로,6.92,0.0
2026-08-02T19:00:00,1340015300,서면로,사우스반데코호텔,문화관광앞교차로,18.92,0.0
2026-08-02T19:00:00,1340022200,서면로,서면역9번출구,문화관광앞교차로,16.34,0.0
2026-08-02T19:00:00,1350000100,번영로,속성변화점,속성변화점,88.57,27.0
2026-08-02T19:00:00,1350000400,번영로,안락동1091,속성변화점,84.7,73.0
2026-08-02T19:00:00,1350003701,충렬대로,셀렉토커피부산동래한양점,속성변화점,33.44,532.0
2026-08-02T19:00:00,1350003802,충렬대로,안락지하차도,속성변화점,34.54,544.0
2026-08-02T19:00:00,1400292700,온천장로,소방서삼거리,소방서삼거리,20.25,0.0
2026-08-02T19:00:00,1400293000,온천장로,장전동교차로,소방서삼거리,17.75,0.0
2026-08-02T19:00:00,1380019200,좌동순환로433번길,장산불교용품점,삼안캐슬어린이집,30.75,0.0
2026-08-02T19:00:00,1380019400,좌동순환로433번길,해운대선거관리위원회,삼안캐슬어린이집,22.17,0.0
2026-08-02T19:00:00,1380058900,우동3로,샘터교회,임마누엘해운대교회,25.08,0.0
2026-08-02T19:00:00,1380060000,우동3로,동원듀크빌리지3차아파트,임마누엘해운대교회,31.67,0.0
2026-08-02T19:00:00,1380059800,-,부산양운우체국,임마누엘해운대교회,26.42,0.0
2026-08-02T19:00:00,1390010300,다대동로,다대포후리소리보존협회,다대포항역2번출구,17.67,0.0
2026-08-02T19:00:00,1390010600,-,다대농협사거리,다대포항역2번출구,8.5,0.0
2026-08-02T19:00:00,1390010800,다대동로,다사랑교회,다대포항역2번출구,19.67,0.0
2026-08-02T19:00:00,1390029500,장림로,장림전화국앞교차로,구평고개사거리,31.5,0.0
2026-08-02T19:00:00,1390033202,을숙도대로,구평고개사거리,구평고개사거리,21.75,0.0
2026-08-02T19:00:00,1390033400,을숙도대로,동남여객장림영업소,구평고개사거리,35.42,0.0
2026-08-02T19:00:00,1400001900,번영로,금사락,금사고가교북측,77.56,80.0
2026-08-02T19:00:00,1400001400,번영로,금사고가교남측,금사고가교북측,76.75,15.0
2026-08-02T19:00:00,1400001800,번영로,동천교서측,금사고가교북측,81.54,0.0
2026-08-02T19:00:00,1400026700,부곡로,희락커피,부곡2동우편취급국,23.67,0.0
2026-08-02T19:00:00,1400030200,부곡로141번길,텐퍼센트커피부산대역부곡점,부곡2동우편취급국,11.59,0.0
2026-08-02T19:00:00,1400030400,부곡로,부곡2동주민센터,부곡2동우편취급국,29.08,0.0
2026-08-02T19:00:00,1400031600,부곡로,부곡교차로,부곡2동주민센터,19.67,0.0
2026-08-02T19:00:00,1400031400,부곡로155번길,금정세무서,부곡2동주민센터,7.0,0.0
2026-08-02T19:00:00,1400030300,부곡로,부곡2동우편취급국,부곡2동주민센터,23.5,0.0
2026-08-02T19:00:00,1400040300,구서온천천로,부곡교동측,부곡교서측,19.58,0.0
2026-08-02T19:00:00,1400057500,중앙대로,여락고가교,두구동982,19.83,0.0
2026-08-02T19:00:00,1400057800,영천로,금정구-양산시,두구동982,51.83,0.0
2026-08-02T19:00:00,1400198300,부산외곽순환고속도로,금정산터널,노포JC,91.34,0.0
2026-08-02T19:00:00,1410020100,신호산단4로64번길,신호마을회관,리프패럿명지점,12.42,0.0
2026-08-02T19:00:00,1410019900,신호산단1로,송림빌,리프패럿명지점,32.59,0.0
2026-08-02T19:00:00,1410020302,신호산단2로,신호초등학교사거리,리프패럿명지점,33.59,0.0
2026-08-02T19:00:00,1400199900,부산외곽순환고속도로,금정IC,금정IC남측,46.5,0.0
2026-08-02T19:00:00,1400200200,부산외곽순환고속도로,속성변화점,금정IC남측,54.67,0.0
2026-08-02T19:00:00,1400200500,부산외곽순환고속도로,금정IC북측,금정IC남측,50.67,0.0
2026-08-02T19:00:00,1410030900,녹산산단178로,신안24시타이어,부산본부세관신항청사,33.08,0.0
2026-08-02T19:00:00,1410030000,녹산산단232로,부산본부세관신항청사,부산본부세관신항청사,20.08,0.0
2026-08-02T19:00:00,1410031100,-,와이케이로지스틱,부산본부세관신항청사,22.75,0.0
2026-08-02T19:00:00,1410060000,녹산산단261로40번길,신일화학,해법보습학원,23.84,0.0
2026-08-02T19:00:00,1410060500,녹산산단261로40번길,성골슈퍼,해법보습학원,28.67,0.0
2026-08-02T19:00:00,1410054100,녹산산단289로,재유산업,성골슈퍼,44.25,0.0
2026-08-02T19:00:00,1410060700,녹산산단261로40번길,영성공조,성골슈퍼,22.5,0.0
2026-08-02T19:00:00,1410060900,녹산산단289로,비투나인,성골슈퍼,20.58,0.0
2026-08-02T19:00:00,1410060400,녹산산단261로40번길,해법보습학원,성골슈퍼,26.58,0.0
2026-08-02T19:00:00,1410062200,녹산산단407로,동화목재,삼양목재상사,20.75,0.0
2026-08-02T19:00:00,1410068400,녹산산업중로,삼우기계,삼양목재상사,48.67,0.0
2026-08-02T19:00:00,1410069100,녹산산단407로,그린푸드,삼양목재상사,16.42,0.0
2026-08-02T19:00:00,1410068900,녹산산업중로,대일목재상사,삼양목재상사,21.75,0.0
2026-08-02T19:00:00,1410062800,녹산화전로,대진목재,대일목재상사,15.25,0.0
2026-08-02T19:00:00,1410069300,녹산산업중로,현대수산사료,대일목재상사,14.42,0.0
2026-08-02T19:00:00,1410069500,녹산화전로,동영물산,대일목재상사,20.42,0.0
2026-08-02T19:00:00,1410068800,녹산산업중로,삼양목재상사,대일목재상사,39.5,0.0
2026-08-02T19:00:00,1410195602,거가대로,성북교차로,성북IC램프,95.67,0.0
2026-08-02T19:00:00,1410195300,거가대로,가덕터널,성북IC램프,84.92,0.0
2026-08-02T19:00:00,1410195500,거가대로,가덕터널,가덕터널,85.17,0.0
2026-08-02T19:00:00,1410195200,거가대로,성북IC램프,가덕터널,88.08,0.0
2026-08-02T19:00:00,1420009700,과정로,부산은행토곡지점,이디야커피부산토곡점,23.83,0.0
2026-08-02T19:00:00,1420010400,고분로,부산광역시립연산도서관,이디야커피부산토곡점,12.17,0.0
2026-08-02T19:00:00,1420010600,과정로,토곡사거리,이디야커피부산토곡점,15.83,0.0
2026-08-02T19:00:00,1420010100,고분로,연산경남아파트,이디야커피부산토곡점,11.0,0.0
2026-08-02T19:00:00,1440004001,농산물시장로,항도청과내중매인75번,농산물도매시장교차로,29.42,0.0
2026-08-02T19:00:00,1440003901,농산물시장로,농산물도매시장,농산물도매시장교차로,22.25,0.0
2026-08-02T19:00:00,1440013900,학감대로,학장교차로,SK주유소서부산IC셀프,37.08,0.0
2026-08-02T19:00:00,1440015400,학감대로163번길,오성정밀연마,SK주유소서부산IC셀프,15.0,0.0
2026-08-02T19:00:00,1440015600,학감대로,알뜰주유소세원,SK주유소서부산IC셀프,27.42,0.0
2026-08-02T19:00:00,1450007501,기장대로,삼성리688,일광철도육교남측,61.0,0.0
2026-08-02T19:00:00,1450007800,기장대로,일광철도육교북측,일광철도육교남측,63.84,0.0
2026-08-02T19:00:00,1450007700,기장대로,일광철도육교남측,일광철도육교북측,67.0,0.0
2026-08-02T19:00:00,1451160801,기장대로,아리랑민속박물관,일광철도육교북측,67.25,0.0
2026-08-02T19:00:00,1450048700,개좌로,철마교남측,철마교북측,35.92,0.0
2026-08-02T19:00:00,1450049400,개좌로,철마초등학교,철마교북측,27.5,0.0
2026-08-02T19:00:00,3880545100,시계웅상간도로,,개곡교차로,82.25,0.0
2026-08-02T19:00:00,3880545202,웅상대로,,개곡교차로,65.59,0.0
2026-08-02T19:00:00,1450807501,모전로,모전초등학교,모전리695,26.5,0.0
2026-08-02T19:00:00,1450807601,모전로,모전리747-1,모전리695,12.0,0.0
2026-08-02T19:00:00,1451161301,기장대로,일광IC남측,일광산업,61.5,0.0
2026-08-02T19:00:00,1451160901,기장대로,아리랑민속박물관,일광산업,65.34,0.0
2026-08-02T19:00:00,1451160701,기장대로,일광철도육교북측,아리랑민속박물관,62.67,0.0
2026-08-02T19:00:00,1451161001,기장대로,일광산업,아리랑민속박물관,65.08,0.0
2026-08-02T19:00:00,1440070801,강변대로,북구-사상구,버스정류장,76.09,503.0
2026-08-02T19:00:00,1440070401,강변대로,삼락동29-2,버스정류장,75.61,520.0
2026-08-02T19:00:00,1440071001,강변대로,버스정류장,버스정류장,54.5,0.0
2026-08-02T19:00:00,1310025301,남항대교,암남동주민센터,승강기,61.03,688.0
2026-08-02T19:00:00,1310025801,남항대교,서구-영도구,승강기,59.89,851.0
2026-08-02T19:00:00,1310025701,남항대교,승강기,서구-영도구,65.53,110.0
2026-08-02T19:00:00,1330108701,남항대교,승강기,서구-영도구,59.77,697.0
2026-08-02T19:00:00,1360133501,북항로,감만동254-16,CU,65.84,0.0
2026-08-02T19:00:00,1330109801,해양로,청학동322-1,버스정류장,11.5,0.0
2026-08-02T19:00:00,1330108901,영선대로,영선아래사거리,승강기,46.47,292.0
2026-08-02T19:00:00,1330109101,-,부산저유소삼거리,승강기,72.33,0.0
2026-08-02T19:00:00,1330108601,남항대교,서구-영도구,승강기,66.32,240.0
2026-08-02T19:00:00,1380123501,달맞이길,경찰공제회해운대리조텔,버스정류장,12.08,0.0
2026-08-02T19:00:00,1380123801,달맞이길,바나나롱갤러리,버스정류장,11.59,0.0
2026-08-02T19:00:00,1380124401,달맞이길,바나나롱갤러리,바나나롱갤러리,8.92,0.0
2026-08-02T19:00:00,1380123701,달맞이길,버스정류장,바나나롱갤러리,13.5,0.0
2026-08-02T19:00:00,1320032301,충장대로,충장고가교,부두사거리,31.78,209.0
2026-08-02T19:00:00,1320032701,충장대로,충장고가교,부두사거리,32.14,153.0
2026-08-02T19:00:00,1390158201,다대로,선민어린이집,스카이빌,26.08,0.0
2026-08-02T19:00:00,1390157801,다대로,대구쌀상회,스카이빌,21.75,0.0
2026-08-02T19:00:00,1390157501,다대로,사하케이블유선방송,대구쌀상회,27.42,0.0
2026-08-02T19:00:00,1390157901,다대로,스카이빌,대구쌀상회,38.67,0.0
2026-08-02T19:00:00,1390158901,다대로,배고개사거리,이화쇼파,38.08,0.0
2026-08-02T19:00:00,1390159201,다대로,치킨삼파전,이화쇼파,26.08,0.0
2026-08-02T19:00:00,1390158501,다대로,배고개사거리,배고개사거리,25.42,0.0
2026-08-02T19:00:00,1390158801,다대로,이화쇼파,배고개사거리,21.92,0.0
2026-08-02T19:00:00,1440068801,강변대로,감전교차로,삼락상태공원자전거대여소,68.5,0.0
2026-08-02T19:00:00,1440069601,강변대로,삼락동29-2,삼락상태공원자전거대여소,72.33,0.0
2026-08-02T19:00:00,1440069101,낙동대로,산업교서측,괘법교삼거리,41.17,0.0
2026-08-02T19:00:00,1440069201,낙동대로,괘법교삼거리,괘법교삼거리,37.59,0.0
2026-08-02T19:00:00,1440069501,낙동대로,삼락상태공원자전거대여소,괘법교삼거리,25.0,0.0
2026-08-02T19:00:00,1300012401,-,영도대교북측,롯데타운(2024년1월예정),22.5,0.0
2026-08-02T19:00:00,1400295101,-,장전동241-10,LG전자서비스,70.1,322.0
2026-08-02T19:00:00,1400295501,윤산터널,회동교차로,LG전자서비스,39.27,254.0
2026-08-02T19:00:00,1400295401,윤산터널,LG전자서비스,회동교차로,58.29,191.0
2026-08-02T19:00:00,1400295701,-,회동교차로,회동교차로,24.93,81.0
2026-08-02T19:00:00,1400295601,-,회동교차로,회동교차로,54.12,501.0
2026-08-02T19:00:00,1400295901,-,회동교차로,회동교차로,45.13,81.0
2026-08-02T19:00:00,1400296301,번영로,회동교차로,회동교차로,24.93,81.0
2026-08-02T19:00:00,1400296101,번영로,회동교차로,회동교차로,44.88,0.0
2026-08-02T19:00:00,1400295801,-,회동교차로,회동교차로,56.86,501.0
2026-08-02T19:00:00,1360133401,우암로,열린문교회,배정고등학교,30.25,0.0
2026-08-02T19:00:00,1360133201,우암로,동천삼거리,배정고등학교,36.92,0.0
2026-08-02T19:00:00,1360133001,우암로,한일공인중개사,배정고등학교,47.0,0.0
2026-08-02T19:00:00,1360132601,우암로,문현동1199-4,한일공인중개사,44.67,0.0
2026-08-02T19:00:00,1360132701,우암로,동천삼거리,한일공인중개사,46.58,0.0
2026-08-02T19:00:00,1330107401,산업로,신한기공사앞교차로,반도석유,31.5,0.0
2026-08-02T19:00:00,1330108101,산업로,대영ENG,반도석유,38.17,0.0
2026-08-02T19:00:00,1330108401,해양로,청학동1-26,대영ENG,13.83,0.0
2026-08-02T19:00:00,1330108001,산업로,반도석유,대영ENG,24.17,0.0
2026-08-02T19:00:00,1330108301,해양로,SK행복충전,대영ENG,25.5,0.0
2026-08-02T19:00:00,1330108201,해양로,대영ENG,SK행복충전,36.75,0.0
2026-08-02T19:00:00,1330107901,해양로,버스정류장,SK행복충전,43.17,0.0
2026-08-02T19:00:00,1330107701,해양로,동삼동196-3,버스정류장,36.08,0.0
2026-08-02T19:00:00,1330107801,해양로,SK행복충전,버스정류장,46.92,0.0
2026-08-02T19:00:00,1390157201,다대로,동매교사거리,치킨삼파전,24.59,0.0
2026-08-02T19:00:00,1390159301,다대로,이화쇼파,치킨삼파전,26.92,0.0
2026-08-02T19:00:00,1380122501,수영강변대로,수영강변도로원동고가교남측,삼성파트너스,61.59,0.0
2026-08-02T19:00:00,1380122901,수영강변대로,수영강변도로원동고가교북측,삼성파트너스,57.34,0.0
2026-08-02T19:00:00,1420044801,-,수안동42,거제동1461-23,14.83,0.0
2026-08-02T19:00:00,1420044701,-,-,거제동1461-23,34.25,0.0
2026-08-02T19:00:00,1420044501,-,과정삼거리,-,34.25,0.0
2026-08-02T19:00:00,1420044601,-,거제동1461-23,-,14.83,0.0
2026-08-02T19:00:00,1320033301,초량로,초량육거리,-,11.92,0.0
2026-08-02T19:00:00,1320032801,초량로,금수아파트,-,29.0,0.0
2026-08-02T19:00:00,1411099501,제도로,강동119안전센터,제4농로육교,41.17,0.0
2026-08-02T19:00:00,1411099401,제도로,제4농로육교,제4농로육교,53.67,0.0
2026-08-02T19:00:00,1411099301,제도로,제4농로육교,제4농로육교,45.17,0.0
2026-08-02T19:00:00,1411099201,제도로,대부동마을입구,제4농로육교,51.34,0.0
2026-08-02T19:00:00,1411099101,제도로,제4농로육교,대부동마을입구,47.75,0.0
2026-08-02T19:00:00,1330110001,태종로,봉래교차로,-,24.69,126.0
2026-08-02T19:00:00,1330110401,태종로,영도고가교,-,16.76,139.0
2026-08-02T19:00:00,1330110201,-,-,-,26.0,0.0
2026-08-02T19:00:00,1330110601,하나길,선경빌라,-,22.0,0.0
2026-08-02T19:00:00,1330110701,하나길,영도중앙유치원,-,25.84,0.0
2026-08-02T19:00:00,1330110101,-,-,-,21.0,0.0
2026-08-02T19:00:00,1400301601,경부고속도로,고속도로입구교차로,고속도로입구,34.75,0.0
2026-08-02T19:00:00,1400301701,경부고속도로,구서IC,고속도로입구,36.79,183.0
2026-08-02T19:00:00,1440075401,남해고속도로제2지선,강서구-사상구,감전IC,80.42,0.0
2026-08-02T19:00:00,1440075701,남해고속도로제2지선,낙동대교동측,감전IC,77.59,0.0
2026-08-02T19:00:00,1411099801,중앙고속도로,대저1동2327-54,신대저교차로,29.83,0.0
2026-08-02T19:00:00,1410118600,중앙고속도로,대저JC남측,대저1동2327-54,32.75,0.0
2026-08-02T19:00:00,1400102000,영천로,금정구-양산시,영천사거리,12.92,0.0
2026-08-02T19:00:00,3880318200,영천로,,영천사거리,44.83,0.0
2026-08-02T19:00:00,1410121800,신항남로,송정동811-2,강서구-창원시진해구,76.25,0.0
2026-08-02T19:00:00,3850540601,공항로,대저교앞교차로,회명대교입구,11.92,0.0
2026-08-02T19:00:00,3850791400,-,속성변화점,회명대교입구,34.5,0.0
2026-08-02T19:00:00,3850540502,동남로,,회명대교입구,37.34,0.0
2026-08-02T19:00:00,3850791100,서낙동로,대동화명대교서측,속성변화점,54.0,0.0
2026-08-02T19:00:00,3850791300,-,회명대교입구,속성변화점,37.42,0.0
2026-08-02T19:00:00,1370324700,덕천로276번길,만덕동955-5,,22.17,0.0
2026-08-02T19:00:00,3851176600,부산외곽순환고속도로,교량동측,,92.5,0.0
2026-08-02T19:00:00,3880000300,양산대로,북구-양산시,,52.83,0.0
2026-08-02T19:00:00,3880841500,중앙대로,금정구-양산시,,54.75,0.0
2026-08-02T19:00:00,3880841400,경부고속도로,금정구-양산시,,99.33,0.0
2026-08-02T19:00:00,1961174000,울산포항고속도로,기장군-울주군,,102.75,0.0
2026-08-02T19:00:00,1961173800,장곡길,기장군-울주군,,83.67,0.0
2026-08-02T19:00:00,3880545201,웅상대로,기장군-양산시,,64.17,0.0
2026-08-02T19:00:00,4180058600,신항남로,강서구-창원시진해구,,120.0,0.0
2026-08-02T19:00:00,3850594700,남해고속도로,불암교,,95.67,0.0
2026-08-02T19:00:00,3851175900,중앙고속도로,강서구-김해시,,90.25,0.0
2026-08-02T19:00:00,3880545000,시계웅상간도로,개곡교차로,,78.0,0.0
2026-08-02T19:00:00,3880545301,웅상대로,개곡교차로,,57.84,0.0
2026-08-02T19:00:00,3880318300,영천로,영천사거리,,42.58,0.0
2026-08-02T19:00:00,4180058700,신항남로,강서구-창원시진해구,,78.0,0.0
2026-08-02T19:00:00,3850540602,동남로,회명대교입구,,45.0,0.0
2026-08-02T19:00:00,1960982900,일반국도31호선,,,83.75,0.0
2026-08-02T19:00:00,1960983000,일반국도31호선,,,91.84,0.0
2026-08-02T19:00:00,1960983300,일반국도31호선,,,78.58,0.0
2026-08-02T19:00:00,1960983400,일반국도31호선,,,86.42,0.0
2026-08-02T19:00:00,1960983900,일반국도31호선,,,83.0,0.0
2026-08-02T19:00:00,1960984000,일반국도31호선,,,76.0,0.0
2026-08-02T19:00:00,1960984100,일반국도31호선,,,73.33,0.0
2026-08-02T19:00:00,1960984200,일반국도31호선,,,84.42,0.0
2026-08-02T19:00:00,1960984300,일반국도31호선,,,85.58,0.0
2026-08-02T19:00:00,1960984400,일반국도31호선,,,87.67,0.0
2026-08-02T19:00:00,1960984500,일반국도31호선,,,78.67,0.0
2026-08-02T19:00:00,1960984600,일반국도31호선,,,88.42,0.0
2026-08-02T19:00:00,1960984700,일반국도31호선,,,81.67,0.0
2026-08-02T19:00:00,1960984800,일반국도31호선,,,87.84,0.0
2026-08-02T19:00:00,1960984900,일반국도31호선,,,82.08,0.0
2026-08-02T19:00:00,1960985000,일반국도31호선,,,87.5,0.0
2026-08-02T19:00:00,1960985100,일반국도31호선,,,64.17,0.0
2026-08-02T19:00:00,1960985200,일반국도31호선,,,66.42,0.0
2026-08-02T19:00:00,3850037111,중앙고속도로,,,93.42,0.0
2026-08-02T19:00:00,3850037121,중앙고속도로,,,75.75,0.0
2026-08-02T19:00:00,3850037131,중앙고속도로,,,79.0,0.0
2026-08-02T19:00:00,3850037211,중앙고속도로,,,82.92,0.0
2026-08-02T19:00:00,3850037221,중앙고속도로,,,92.5,0.0
2026-08-02T19:00:00,3850037231,중앙고속도로,,,83.5,0.0
2026-08-02T19:00:00,3850041700,중앙고속도로,,,63.75,0.0
2026-08-02T19:00:00,3850041800,중앙고속도로지선,,,78.42,0.0
2026-08-02T19:00:00,3850283903,동남로,,,42.58,0.0
2026-08-02T19:00:00,3850284002,동남로,,,37.5,0.0
2026-08-02T19:00:00,3850284500,동남로,,,43.42,0.0
2026-08-02T19:00:00,3850284600,동남로,,,41.5,0.0
2026-08-02T19:00:00,3850594200,남해고속도로,,,100.67,0.0
2026-08-02T19:00:00,3850594300,남해고속도로,,,98.67,0.0
2026-08-02T19:00:00,3850931301,부산외곽순환고속도로,,,77.67,0.0
2026-08-02T19:00:00,3850931302,부산외곽순환고속도로,,,87.5,0.0
2026-08-02T19:00:00,3850931303,부산외곽순환고속도로,,,80.25,0.0
2026-08-02T19:00:00,3850931401,부산외곽순환고속도로,,,89.0,0.0
2026-08-02T19:00:00,3850931402,부산외곽순환고속도로,,,93.0,0.0
2026-08-02T19:00:00,3850931403,부산외곽순환고속도로,,,92.75,0.0
2026-08-02T19:00:00,3850931500,부산외곽순환고속도로,,,52.17,0.0
2026-08-02T19:00:00,3850931600,부산외곽순환고속도로,,,92.75,0.0
2026-08-02T19:00:00,3850931700,부산외곽순환고속도로,,,92.42,0.0
2026-08-02T19:00:00,3850931900,부산외곽순환고속도로,,,23.67,0.0
2026-08-02T19:00:00,3850932000,부산외곽순환고속도로,,,23.92,0.0
2026-08-02T19:00:00,3850932100,부산외곽순환고속도로,,,26.42,0.0
2026-08-02T19:00:00,3850932700,부산외곽순환고속도로,,,89.59,0.0
2026-08-02T19:00:00,3850932800,부산외곽순환고속도로,,,90.67,0.0
2026-08-02T19:00:00,3851176100,중앙고속도로,,,86.84,0.0
2026-08-02T19:00:00,3851176200,중앙고속도로,,,84.92,0.0
2026-08-02T19:00:00,3851176300,중앙고속도로,,,81.09,0.0
2026-08-02T19:00:00,3851176400,중앙고속도로,,,75.08,0.0
2026-08-02T19:00:00,3851176900,중앙고속도로지선,,,97.84,0.0
2026-08-02T19:00:00,3851177000,중앙고속도로지선,,,90.34,0.0
2026-08-02T19:00:00,3851177700,중앙고속도로지선,,,97.75,0.0
2026-08-02T19:00:00,3851177800,중앙고속도로지선,,,93.0,0.0
2026-08-02T19:00:00,3880000500,양산대로,,,57.84,0.0
2026-08-02T19:00:00,3880000600,양산대로,,,39.42,0.0
2026-08-02T19:00:00,3880000701,양산대로,,,42.58,0.0
2026-08-02T19:00:00,3880000702,양산대로,,,37.5,0.0
2026-08-02T19:00:00,3880000801,양산대로,,,32.92,0.0
2026-08-02T19:00:00,3880000802,양산대로,,,53.92,0.0
2026-08-02T19:00:00,3880000900,양산대로,,,74.58,0.0
2026-08-02T19:00:00,3880001000,양산대로,,,71.75,0.0
2026-08-02T19:00:00,3880001300,양산대로,,,37.5,0.0
2026-08-02T19:00:00,3880001400,양산대로,,,64.83,0.0
2026-08-02T19:00:00,3880003100,중앙고속도로지선,,,98.17,0.0
2026-08-02T19:00:00,3880003200,중앙고속도로지선,,,95.67,0.0
2026-08-02T19:00:00,3880004501,중앙고속도로지선,,,94.08,0.0
2026-08-02T19:00:00,3880004601,중앙고속도로지선,,,96.67,0.0
2026-08-02T19:00:00,3880007100,중앙고속도로지선,,,88.25,0.0
2026-08-02T19:00:00,3880007200,중앙고속도로지선,,,92.58,0.0
2026-08-02T19:00:00,3880007900,경부고속도로,,,80.33,0.0
2026-08-02T19:00:00,3880008000,중앙고속도로지선,,,68.75,0.0
2026-08-02T19:00:00,3880008501,중앙고속도로지선,,,76.92,0.0
2026-08-02T19:00:00,3880008601,중앙고속도로지선,,,82.75,0.0
2026-08-02T19:00:00,3880009300,중앙고속도로지선,,,67.42,0.0
2026-08-02T19:00:00,3880009400,경부고속도로,,,80.58,0.0
2026-08-02T19:00:00,3880010300,경부고속도로,,,78.5,0.0
2026-08-02T19:00:00,3880010400,중앙고속도로지선,,,64.92,0.0
2026-08-02T19:00:00,3880010702,웅상대로,,,85.25,0.0
2026-08-02T19:00:00,3880010703,웅상대로,,,79.67,0.0
2026-08-02T19:00:00,3880010802,웅상대로,,,73.08,0.0
2026-08-02T19:00:00,3880010803,웅상대로,,,86.25,0.0
2026-08-02T19:00:00,3880117500,황산로,,,45.84,0.0
2026-08-02T19:00:00,3880117600,황산로,,,56.09,0.0
2026-08-02T19:00:00,3880117900,낙동로,,,37.83,0.0
2026-08-02T19:00:00,3880118000,낙동로,,,42.0,0.0
2026-08-02T19:00:00,3880118100,황산로,,,44.42,0.0
2026-08-02T19:00:00,3880118200,황산로,,,57.67,0.0
2026-08-02T19:00:00,3880118300,황산로,,,37.75,0.0
2026-08-02T19:00:00,3880118400,황산로,,,21.92,0.0
2026-08-02T19:00:00,3880118500,호포로,,,19.33,0.0
2026-08-02T19:00:00,3880118600,호포로,,,15.75,0.0
2026-08-02T19:00:00,3880118700,호포로,,,23.08,0.0
2026-08-02T19:00:00,3880118800,호포로,,,31.83,0.0
2026-08-02T19:00:00,3880840800,중앙고속도로지선,,,98.92,0.0
2026-08-02T19:00:00,3880840900,중앙고속도로지선,,,95.17,0.0
2026-08-02T19:00:00,3880841000,중앙고속도로지선,,,98.09,0.0
2026-08-02T19:00:00,3880841100,중앙고속도로지선,,,94.58,0.0
2026-08-02T19:00:00,3880841700,경부고속도로,,,95.08,0.0
2026-08-02T19:00:00,3880842401,제방로,,,34.0,0.0
2026-08-02T19:00:00,3880842501,제방로,,,54.0,0.0
2026-08-02T19:00:00,4180058100,신항남로,,,93.0,0.0
2026-08-02T19:00:00,4180058200,신항남로,,,81.0,0.0
2026-08-02T19:00:00,4180058300,신항남로,,,92.0,0.0
2026-08-02T19:00:00,4180058400,신항남로,,,72.0,0.0
