날짜,북컨물동량,남해선(순천-부산)_김해JC-동김해IC_lag0,남해선(순천-부산)_북부산TG-김해JC_lag0,중앙선_대감JC-대동IC_lag0,부산신항선_대청IC-진해IC_lag1
2022-01-01,946.4326923076915,-1428.306525423729,-383.6847457627118,-2633.2326359832637,99.34582089552242
2022-01-02,641.8173076923085,-24.726134453781583,264.61012605042015,-344.7547698744768,252.6866336633666
2022-01-03,-2535.004926108375,1221.432616033755,2575.499240506329,-317.42326359832623,465.22668316831687
2022-01-04,6113.149758454107,1501.0817721518988,2928.831308016878,137.70020920502066,504.8101970443349
2022-01-05,-5778.859903381643,1690.8228691983113,3032.7826160337545,297.22139240506294,298.56490099009943
2022-01-06,-5826.879227053139,1899.4630672268904,3162.756134453782,245.79411764705947,488.9389500000002
2022-01-07,4645.995121951219,1383.1546218487392,2884.8214830508477,-123.9415062761509,347.34532338308463
2022-01-08,-1474.5673076923085,848.943474576271,1392.0052542372882,281.51736401673634,411.2758208955224
2022-01-09,-3523.1826923076915,75.39386554621842,340.61012605042015,-241.69476987447683,465.9266336633664
2022-01-10,1462.995073891625,1915.9626160337548,3172.839240506329,783.5467364016731,430.9066831683167
2022-01-11,-812.8502415458934,1947.4717721518982,3115.941308016878,509.19020920502044,562.6201970443349
2022-01-12,1254.1400966183573,1784.6928691983112,3084.932616033755,235.09139240506374,406.5949009900992
2022-01-13,-3833.8792270531394,1736.033067226891,3141.366134453782,279.1241176470594,467.71894999999995
2022-01-14,-3343.0048780487814,1669.1546218487392,2972.7214830508474,238.44849372385033,316.5053233830847
2022-01-15,8035.4326923076915,882.3334745762709,1424.3752542372881,391.5973640167367,434.1158208955224
2022-01-16,-3758.1826923076915,44.21386554621847,314.62012605042014,-249.8647698744769,415.2566336633663
2022-01-17,2135.995073891625,1864.7526160337547,3077.589240506329,808.7467364016738,424.6566831683167
2022-01-18,1688.1497584541066,2305.081772151899,3142.491308016878,534.7302092050195,204.94019704433504
2022-01-19,-337.85990338164265,3466.6128691983113,3199.812616033755,748.7413924050634,454.4749009900993
2022-01-20,-4129.879227053139,3072.653067226891,3039.866134453782,-53.29588235294068,475.62895000000026
2022-01-21,2722.9951219512186,3202.234621848739,2996.241483050848,389.51849372385004,486.07532338308465
2022-01-22,-165.56730769230853,1772.7434745762712,1539.725254237288,702.0473640167365,9.9958208955224
2022-01-23,-1926.1826923076915,333.9338655462185,364.09012605042017,-199.39476987447688,703.2066336633666
2022-01-24,2781.995073891625,4097.282616033755,3530.659240506329,1553.3267364016738,600.626683168317
2022-01-25,-1114.8502415458934,4009.2317721518984,3532.9313080168777,1157.0502092050192,757.230197044335
2022-01-26,-532.8599033816427,3998.222869198312,3470.672616033755,1442.601392405064,572.9449009900991
2022-01-27,7917.120772946861,3438.6230672268903,3222.6361344537822,598.3841176470596,329.5689500000003
2022-01-28,569.9951219512186,2946.85462184874,2643.5614830508475,110.15849372384946,-287.80467661691523
2022-01-29,5657.4326923076915,1127.0334745762711,1132.5852542372882,303.14736401673645,-142.67417910447762
2022-01-30,-1446.1826923076915,175.73386554621845,271.0601260504201,-346.2547698744768,-2225.5533663366336
2022-01-31,-4309.004926108375,-3546.907383966245,-1284.230759493671,-7343.003263598326,-2621.273316831683
2022-02-01,-5011.850241545893,-4895.498227848102,-2066.418691983122,-9043.90979079498,-2342.019802955665
2022-02-02,-2670.8599033816427,-3741.527130801688,-1399.0373839662452,-7837.968607594937,-213.8250990099009
2022-02-03,-771.8792270531394,1513.9230672268905,2072.086134453782,-2150.4958823529405,153.42895
2022-02-04,-2055.0048780487814,2623.0946218487397,2623.9314830508474,-229.2615062761506,290.3653233830846
2022-02-05,1209.4326923076915,1460.443474576271,1377.0652542372882,339.36736401673625,369.90582089552237
2022-02-06,1499.8173076923085,365.2738655462184,388.72012605042016,-157.60476987447691,541.6066336633662
2022-02-07,-1924.004926108375,3321.672616033755,3145.7692405063294,803.2267364016734,711.9666831683166
2022-02-08,5477.149758454107,3315.371772151898,3150.831308016878,737.2802092050206,554.670197044335
2022-02-09,-3836.8599033816427,3243.7528691983107,3007.4926160337545,590.6513924050632,596.7949009900994
2022-02-10,1352.1207729468606,3349.6830672268916,3094.8461344537823,320.23411764706,614.19895
2022-02-11,-2608.0048780487814,2874.1346218487397,2801.491483050848,147.4884937238494,467.1553233830846
2022-02-12,1987.4326923076915,1481.213474576271,1370.7352542372882,462.61736401673625,207.82582089552233
2022-02-13,122.81730769230853,375.37386554621855,377.09012605042017,-109.89476987447688,666.0066336633663
2022-02-14,1677.995073891625,3615.092616033755,3111.839240506329,1013.7867364016747,401.37668316831696
2022-02-15,-282.85024154589337,3286.301772151898,2955.231308016878,456.21020920501905,491.3701970443349
2022-02-16,5940.140096618357,3022.5328691983113,2843.462616033755,25.281392405062434,454.11490099009916
2022-02-17,388.1207729468606,2852.783067226891,2890.076134453782,58.75411764705859,560.7089500000002
2022-02-18,40.99512195121861,3389.394621848739,2979.2714830508476,467.90849372384946,-122.84467661691542
2022-02-19,1444.4326923076915,1444.8034745762711,1358.0052542372882,289.3073640167363,-6.74417910447761
2022-02-20,39.81730769230853,294.5638655462184,345.0401260504201,-198.6147698744769,345.44663366336636
2022-02-21,4251.995073891625,3355.732616033755,3142.379240506329,1125.506736401674,232.81668316831656
2022-02-22,434.14975845410663,3128.8617721518976,3104.941308016878,590.4502092050207,318.5901970443351
2022-02-23,2687.1400966183573,3623.2128691983116,3143.012616033755,730.7813924050624,446.6049009900994
2022-02-24,3570.1207729468606,2943.8030672268906,3119.746134453782,835.2141176470595,447.84895000000006
2022-02-25,2616.9951219512186,3431.9546218487403,3132.741483050848,1037.34849372385,642.8553233830846
2022-02-26,4136.4326923076915,2366.4434745762715,1823.245254237288,1593.857364016736,171.7458208955224
2022-02-27,2422.8173076923085,412.2938655462184,390.0801260504202,-19.294769874476742,624.7466336633665
2022-02-28,3747.995073891625,3337.6526160337553,2953.039240506329,1222.3267364016738,-1151.0133168316831
2022-03-01,257.14975845410663,-1561.6782278481014,-33.8286919831221,-5275.55979079498,326.17019704433505
2022-03-02,634.1400966183573,2537.9228691983117,2751.132616033755,-56.798607594937494,603.8249009900992
2022-03-03,-1240.8792270531394,2146.0930672268905,3360.7261344537824,1214.0941176470587,607.67895
2022-03-04,8718.995121951219,1890.0546218487398,3009.751483050847,1125.3384937238498,386.44532338308477
2022-03-05,129.43269230769147,912.483474576271,1420.2752542372882,519.7173640167366,274.05582089552234
2022-03-06,-1563.1826923076915,213.58386554621836,413.3201260504202,-18.604769874476915,900.1166336633664
2022-03-07,-1199.004926108375,2508.5726160337545,3475.9792405063295,2017.9967364016738,677.9766831683169
2022-03-08,546.1497584541066,2060.8617721518985,3229.4613080168783,1281.2202092050193,-1104.529802955665
2022-03-09,694.1400966183573,-2256.2971308016886,-37.09738396624516,-5342.268607594937,490.06490099009943
2022-03-10,3871.1207729468606,1664.3330672268912,3102.496134453782,439.78411764705925,705.5689500000003
2022-03-11,-1703.0048780487814,2257.2846218487393,3309.241483050848,1901.8284937238495,294.47532338308474
2022-03-12,396.43269230769147,1717.213474576271,2093.3852542372883,1907.857364016736,-58.77417910447764
2022-03-13,1463.8173076923085,43.39386554621842,318.8901260504201,-216.71476987447681,321.46663366336634
2022-03-14,906.995073891625,1765.6626160337546,2887.0192405063294,859.5167364016743,290.62668316831696
2022-03-15,400.14975845410663,1891.4817721518984,3078.991308016878,909.2002092050207,194.96019704433502
2022-03-16,-68.85990338164265,2005.2928691983116,3136.212616033755,929.7513924050636,107.9549009900993
2022-03-17,683.1207729468606,1729.4330672268907,3041.916134453782,579.9541176470593,-87.70104999999967
2022-03-18,-153.0048780487814,1100.14462184874,2426.411483050847,-587.65150627615,-301.3746766169154
2022-03-19,-1755.5673076923085,466.63347457627106,1166.265254237288,-308.4226359832637,-57.3141791044776
2022-03-20,356.81730769230853,51.513865546218426,310.3001260504201,-281.8547698744769,432.3066336633665
2022-03-21,1235.995073891625,2198.8226160337545,3219.169240506329,1236.1267364016749,278.9366831683169
2022-03-22,2274.1497584541066,1920.0117721518982,3168.371308016878,867.710209205019,225.8501970443349
2022-03-23,1855.1400966183573,1883.0228691983111,3155.462616033755,861.8613924050624,220.0549009900992
2022-03-24,-409.8792270531394,1936.4130672268911,3204.5161344537823,529.4941176470602,130.92895
2022-03-25,5840.995121951219,1791.2346218487392,3000.371483050847,931.5484937238489,-143.91467661691536
2022-03-26,-4662.5673076923085,396.88347457627106,1066.1952542372883,-177.36263598326377,-14.954179104477646
2022-03-27,3620.8173076923085,112.47386554621846,345.59012605042017,-189.64476987447688,327.46663366336634
2022-03-28,7868.995073891625,2094.732616033755,3075.999240506329,1113.336736401674,375.31668316831656
2022-03-29,-1277.8502415458934,1978.4117721518987,3138.7213080168776,682.2802092050206,112.03019704433518
2022-03-30,4099.140096618357,1714.6128691983113,2978.922616033755,587.521392405064,70.6049009900994
2022-03-31,-1356.8792270531394,1556.403067226891,2909.6961344537817,78.1941176470591,545.3089500000001
2022-04-01,2391.9951219512186,1733.4346218487399,2864.041483050847,321.5484937238489,448.98532338308473
2022-04-02,-4300.5673076923085,483.2934745762709,1082.495254237288,-326.7926359832636,83.52582089552237
2022-04-03,6494.8173076923085,103.29386554621851,349.5501260504201,-209.67476987447685,532.6466336633666
2022-04-04,2429.995073891625,2200.7526160337547,3275.999240506329,1055.9567364016748,573.4666831683166
2022-04-05,-659.8502415458934,1876.381772151898,3195.1713080168784,609.7402092050197,641.4901970443348
2022-04-06,692.1400966183573,1971.9728691983119,3031.7426160337545,393.141392405063,484.1749009900991
2022-04-07,2707.1207729468606,1489.3530672268907,2779.3861344537822,-200.85588235294017,433.69894999999997
2022-04-08,-2037.0048780487814,2001.8246218487393,3040.9814830508476,541.8684937238504,226.18532338308455
2022-04-09,-1032.5673076923085,1418.2034745762712,1844.1052542372881,954.5773640167363,147.72582089552242
2022-04-10,1172.8173076923085,191.1738655462185,415.7801260504201,-109.34476987447692,543.5266336633663
2022-04-11,-556.004926108375,1877.2826160337545,3021.999240506329,854.1267364016749,498.98668316831663
2022-04-12,-5127.850241545893,1994.6917721518985,3268.371308016878,788.0702092050196,123.67019704433505
2022-04-13,5269.140096618357,1807.7128691983116,3095.762616033755,944.2313924050632,96.50490099009903
2022-04-14,7001.120772946861,1718.9330672268907,3037.2361344537817,472.8841176470596,523.2089500000002
2022-04-15,-686.0048780487814,1920.3746218487395,2978.911483050847,554.4984937238496,429.5453233830847
2022-04-16,-285.56730769230853,1142.753474576271,1559.955254237288,584.9573640167364,53.02582089552237
2022-04-17,358.81730769230853,361.1038655462186,535.5301260504201,104.28523012552319,593.5466336633663
2022-04-18,1659.995073891625,2292.432616033755,3251.2692405063294,1407.7067364016748,476.7066831683169
2022-04-19,2327.1497584541066,2105.9017721518985,3202.731308016878,899.2802092050206,447.92019704433505
2022-04-20,909.1400966183573,2063.7028691983114,3068.312616033755,616.7013924050625,388.46490099009907
2022-04-21,13.120772946860598,1625.2230672268906,2839.0561344537823,124.86411764705917,546.8089500000001
2022-04-22,759.9951219512186,1515.4046218487392,2854.781483050848,183.82849372384953,433.32532338308465
2022-04-23,5447.4326923076915,1092.5334745762711,1547.5452542372882,650.897364016736,92.70582089552232
2022-04-24,2757.8173076923085,172.22386554621846,402.09012605042017,-121.05476987447673,485.9166336633666
2022-04-25,7458.995073891625,1944.3826160337549,3124.049240506329,961.9567364016748,-171.6933168316832
2022-04-26,1809.1497584541066,145.13177215189808,2148.0413080168782,-932.7397907949799,325.32019704433515
2022-04-27,1819.1400966183573,1813.4728691983119,2892.022616033755,271.34139240506374,455.9449009900991
2022-04-28,-219.8792270531394,1872.2130672268904,3103.456134453782,504.7441176470602,-92.76105000000007
2022-04-29,2792.9951219512186,1176.3846218487397,2339.451483050847,-542.2115062761495,-84.8646766169154
2022-04-30,2960.4326923076915,626.4734745762712,1174.185254237288,-128.9426359832637,32.545820895522354
2022-05-01,4873.8173076923085,107.57386554621849,333.6701260504201,-223.07476987447694,200.37663366336665
2022-05-02,122.995073891625,2172.5826160337547,3113.1892405063295,1059.0467364016731,404.94668316831667
2022-05-03,3434.1497584541066,2188.721772151898,3231.4713080168776,943.3502092050203,547.3301970443349
2022-05-05,-1788.8792270531394,-2066.216932773109,161.06613445378207,-5296.335882352941,290.6889500000002
2022-05-06,-1709.0048780487814,1410.7546218487396,2654.371483050847,-467.05150627614967,290.45532338308476
2022-05-07,4789.4326923076915,674.233474576271,1234.0852542372882,-173.58263598326357,28.25582089552239
2022-05-08,4606.8173076923085,157.70386554621848,385.6501260504201,-190.75476987447678,502.64663366336663
2022-05-09,-1565.004926108375,1839.4526160337546,2884.0992405063294,392.586736401674,611.4166831683169
2022-05-10,2891.1497584541066,1533.2817721518986,2829.9713080168776,-130.53979079498095,452.5801970443349
2022-05-11,-1605.8599033816427,1542.8228691983113,2883.6926160337553,-99.88860759493764,256.28490099009923
2022-05-12,-1988.8792270531394,1282.7630672268906,2919.6061344537816,-123.8058823529409,371.5389500000001
2022-05-13,2450.9951219512186,1171.3746218487395,2642.3114830508475,-97.35150627615076,30.095323383084633
2022-05-14,809.4326923076915,942.633474576271,1472.645254237288,281.56736401673606,146.57582089552233
2022-05-15,1677.8173076923085,179.58386554621848,396.3101260504201,-132.64476987447688,396.84663366336645
2022-05-16,4104.995073891625,1895.682616033755,3020.629240506329,412.4067364016737,237.91668316831692
2022-05-17,-5492.850241545893,1767.4917721518987,3113.571308016878,369.790209205019,213.40019704433507
2022-05-18,834.1400966183573,1762.0928691983117,3023.4126160337546,214.51139240506382,256.01490099009925
2022-05-19,5901.120772946861,1657.1730672268905,3109.706134453782,22.77411764705903,240.6889500000002
2022-05-20,-1619.0048780487814,1615.3346218487395,2960.9014830508477,195.18849372385012,209.79532338308468
2022-05-21,-908.5673076923085,928.5234745762709,1521.015254237288,322.1773640167362,364.06582089552234
2022-05-22,11065.817307692309,291.71386554621847,500.2801260504201,13.075230125523149,408.7366336633663
2022-05-23,4305.995073891625,4204.062616033754,3607.1392405063293,1786.3967364016735,401.9566831683169
2022-05-24,-1093.8502415458934,4316.581772151899,3803.661308016878,1638.0302092050206,516.8901970443349
2022-05-25,4499.140096618357,4553.082869198312,3822.102616033755,1937.4113924050635,421.8349009900994
2022-05-26,-903.8792270531394,3984.743067226891,3471.256134453782,874.9141176470603,430.15895
2022-05-27,-1997.0048780487814,4068.9946218487394,3420.2214830508474,1189.0284937238503,403.1553233830846
2022-05-28,6121.4326923076915,2682.4834745762714,2176.835254237288,1454.4673640167366,376.1058208955224
2022-05-29,3679.8173076923085,698.2938655462184,591.4601260504202,175.6252301255231,185.29663366336626
2022-05-30,-3205.004926108375,3643.8826160337558,3202.8092405063294,996.7967364016731,345.73668316831663
2022-05-31,4791.149758454107,3649.511772151899,3531.3513080168777,1381.1202092050207,-1260.219802955665
2022-06-01,883.1400966183573,-352.83713080168855,744.2126160337548,-4059.1286075949365,621.0349009900992
2022-06-02,-369.8792270531394,2943.7130672268904,3515.616134453782,963.0041176470586,1019.88895
2022-06-03,-2845.0048780487814,2751.9946218487394,3846.5214830508476,2174.388493723849,1060.1053233830846
2022-06-04,-1710.5673076923085,2176.0234745762714,2456.305254237288,1982.937364016736,26.475820895522418
2022-06-05,1074.8173076923085,260.36386554621856,446.7701260504201,8.055230125523167,-979.3733663366336
2022-06-06,-5038.004926108375,-1536.3273839662452,350.709240506329,-3953.9232635983262,-736.3533168316831
2022-06-07,1554.1497584541066,-196.038227848102,1617.531308016878,-2575.3497907949804,-465.8998029556651
2022-06-08,703.1400966183573,-238.59713080168876,1507.322616033755,-2467.318607594937,-597.7250990099005
2022-06-09,343.1207729468606,-294.7269327731092,1638.566134453782,-2894.8358823529406,-321.7410500000001
2022-06-10,-3595.0048780487814,-441.8653781512603,1469.0014830508476,-2815.56150627615,183.5253233830847
2022-06-11,-2192.5673076923085,273.7234745762712,1052.9452542372883,-417.1626359832635,454.2358208955224
2022-06-12,4514.8173076923085,123.32386554621849,392.00012605042014,-137.10476987447691,-106.33336633663339
2022-06-13,-7778.004926108375,-179.04738396624543,1696.5292405063292,-2084.123263598326,-676.4833168316832
2022-06-14,-2112.8502415458934,-588.5082278481013,1360.6813080168781,-3153.8897907949804,165.55019704433516
2022-06-15,-1402.8599033816427,1193.5828691983115,2839.5426160337547,-236.72860759493597,728.2149009900991
2022-06-16,-1171.8792270531394,2569.7630672268906,4023.4461344537817,1710.8441176470587,582.61895
2022-06-17,-4359.004878048781,2801.9546218487394,4015.3914830508475,2063.3984937238492,810.1953233830848
2022-06-18,942.4326923076915,1964.7434745762707,2389.9652542372883,1553.9173640167364,133.72582089552242
2022-06-19,2181.8173076923085,559.4538655462185,747.5701260504201,448.06523012552316,720.2666336633665
2022-06-20,-1640.004926108375,2635.632616033755,3944.0692405063287,2132.0567364016733,735.4066831683167
2022-06-21,-385.85024154589337,2649.4317721518983,4029.5913080168784,2033.210209205019,859.440197044335
2022-06-22,-608.8599033816427,2559.3628691983113,3936.052616033755,1928.5013924050636,707.1749009900991
2022-06-23,991.1207729468606,1752.5530672268906,3827.966134453782,1692.3641176470592,136.29895000000033
2022-06-24,4519.995121951219,1157.3046218487398,2892.8914830508475,-44.16150627615025,312.91532338308457
2022-06-25,-5227.5673076923085,1194.4934745762712,1897.1252542372881,850.5173640167359,95.71582089552243
2022-06-26,3314.8173076923085,256.9238655462185,537.5801260504202,110.5252301255232,421.0566336633665
2022-06-27,1167.995073891625,1375.342616033755,3390.499240506329,1023.6667364016739,316.0366831683168
2022-06-28,3271.1497584541066,1836.2717721518984,3522.6313080168784,1142.9402092050204,309.82019704433515
2022-06-29,-1925.8599033816427,1848.682869198312,3268.272616033755,837.0913924050637,318.1849009900993
2022-06-30,-1556.8792270531394,1671.1630672268911,3314.336134453782,438.02411764705903,630.2789499999999
2022-07-01,924.9951219512186,2156.5946218487397,3609.5614830508475,1137.59849372385,400.45532338308476
2022-07-02,3700.4326923076915,1307.543474576271,1928.555254237288,982.8173640167361,105.42582089552235
2022-07-03,-2568.1826923076915,372.37386554621855,611.0501260504201,207.78523012552319,215.08663366336623
2022-07-04,913.995073891625,2029.4826160337552,3450.2792405063287,1150.8967364016735,513.9166831683169
2022-07-05,-683.8502415458934,1815.9917721518987,3494.9313080168777,1144.9002092050196,-1632.579802955665
2022-07-07,-3339.8792270531394,1814.4830672268909,3582.126134453782,939.9241176470587,-1391.0410499999998
2022-07-08,-648.0048780487814,1820.6846218487399,3534.211483050847,1189.6084937238502,239.2753233830847
2022-07-09,4488.4326923076915,873.5234745762709,1642.415254237288,467.2273640167359,18.805820895522345
2022-07-10,4784.8173076923085,184.46386554621847,477.5501260504201,15.365230125523112,364.71663366336634
2022-07-11,1836.995073891625,1296.5326160337545,3013.659240506329,589.4367364016744,312.2066831683169
2022-07-12,2352.1497584541066,1658.1217721518988,3319.4213080168784,667.8902092050193,401.9501970443348
2022-07-13,-477.85990338164265,1895.0128691983118,3613.232616033755,1160.181392405064,234.5849009900994
2022-07-14,-1784.8792270531394,1512.993067226891,3380.326134453782,359.89411764705983,299.6089500000003
2022-07-15,2044.9951219512186,2078.7946218487396,3503.8214830508477,1186.638493723849,294.91532338308457
2022-07-16,-1263.5673076923085,821.733474576271,1553.5952542372884,329.31736401673606,276.9958208955224
2022-07-17,2610.8173076923085,228.12386554621855,506.0201260504201,48.11523012552311,35.7566336633663
2022-07-18,2555.995073891625,503.30261603375493,2515.159240506329,-520.9832635983257,237.60668316831698
2022-07-19,-1496.8502415458934,1480.8217721518986,3313.771308016878,625.5602092050194,352.44019704433504
2022-07-20,3775.1400966183573,1672.5328691983113,3187.642616033755,430.98139240506316,167.73490099009905
2022-07-21,-1907.8792270531394,1451.1230672268912,3276.116134453782,378.23411764706,514.5389500000001
2022-07-22,2056.9951219512186,2288.3646218487393,3728.1314830508472,1493.3984937238492,454.96532338308475
2022-07-23,3311.4326923076915,817.4134745762713,1619.0952542372884,541.0973640167367,37.32582089552233
2022-07-24,174.81730769230853,140.99386554621844,429.0801260504202,-56.094769874476924,548.0666336633662
2022-07-25,540.995073891625,1934.9626160337548,3424.249240506329,1015.7967364016731,416.9166831683169
2022-07-26,2147.1497584541066,2044.7417721518987,3723.731308016878,1410.2302092050195,688.7201970443348
2022-07-27,523.1400966183573,2073.3228691983113,3546.142616033755,1154.7113924050627,674.8249009900992
2022-07-28,-2838.8792270531394,1629.3030672268906,3532.6961344537817,563.5441176470595,515.0389500000001
2022-07-29,3436.9951219512186,1545.4646218487396,2999.991483050848,90.39849372384924,656.5653233830847
2022-07-30,2221.4326923076915,238.36347457627107,1105.5952542372884,-262.5426359832636,276.94582089552233
2022-07-31,-4262.1826923076915,72.00386554621844,369.60012605042016,-62.13476987447689,-265.05336633663364
2022-08-01,8024.995073891625,-217.5873839662454,1643.6792405063293,-1902.7632635983264,-322.51331683168337
2022-08-02,-230.85024154589337,-133.73822784810181,1833.761308016878,-2068.0097907949803,-481.42980295566485
2022-08-03,-1649.8599033816427,-272.6671308016885,1602.782616033755,-2573.398607594937,-392.9150990099006
2022-08-04,4449.120772946861,72.323067226891,2107.506134453782,-2097.4158823529406,-302.2410500000001
2022-08-05,-1293.0048780487814,167.34462184873973,2103.6814830508474,-1819.9515062761502,-101.10467661691541
2022-08-06,4542.4326923076915,121.15347457627104,971.3352542372882,-435.0626359832636,94.65582089552237
2022-08-07,-1803.1826923076915,214.39386554621854,474.7001260504202,76.60523012552312,-605.4933663366335
2022-08-08,-1427.004926108375,1430.5326160337545,3071.959240506329,506.6067364016744,-53.21331683168319
2022-08-09,-2103.8502415458934,1654.0117721518982,3361.1813080168777,840.3802092050191,67.32019704433515
2022-08-10,-500.85990338164265,1612.892869198312,3446.732616033755,948.101392405064,83.01490099009925
2022-08-11,1999.1207729468606,1289.6430672268907,3269.286134453782,126.76411764705881,196.38895000000002
2022-08-12,-5400.004878048781,1288.39462184874,2995.5114830508473,144.0584937238491,472.92532338308456
2022-08-13,782.4326923076915,799.8934745762713,1467.995254237288,521.7673640167359,66.41582089552236
2022-08-14,46.81730769230853,60.92386554621851,357.22012605042016,-180.10476987447691,-810.1833663366335
2022-08-15,-4382.004926108375,-2252.6673839662453,-45.020759493670994,-4761.043263598326,-111.78331683168335
2022-08-16,-37.85024154589337,1011.5917721518981,2941.8513080168777,-224.71979079497942,179.97019704433478
2022-08-17,-2651.8599033816427,836.1828691983119,2709.342616033755,-408.0486075949375,494.11490099009916
2022-08-18,4902.120772946861,1758.0430672268913,3441.336134453782,365.59411764705874,359.6889500000002
2022-08-19,1783.9951219512186,1909.9546218487394,3562.201483050847,1277.9484937238503,84.98532338308473
2022-08-20,7933.4326923076915,891.0234745762709,1797.915254237288,709.3373640167365,36.615820895522404
2022-08-21,-2789.1826923076915,265.4338655462185,499.22012605042016,-14.16476987447686,440.9166336633666
2022-08-22,-1196.004926108375,2456.092616033755,3876.829240506329,1782.336736401674,325.6766831683167
2022-08-23,1244.1497584541066,2160.211772151898,3740.4713080168776,1159.790209205019,79.59019704433513
2022-08-24,-370.85990338164265,1086.5328691983113,2945.232616033755,-86.25860759493662,447.28490099009923
2022-08-25,993.1207729468606,2151.283067226891,3738.0661344537816,820.1241176470594,467.76895000000013
2022-08-26,-132.0048780487814,2526.2446218487394,3844.781483050848,1346.0484937238489,302.42532338308456
2022-08-27,-6219.5673076923085,1315.863474576271,1930.2752542372882,645.6973640167362,-27.2541791044776
2022-08-28,-3854.1826923076915,323.1638655462185,559.3901260504201,49.2652301255232,465.2366336633663
2022-08-29,-141.004926108375,2486.232616033755,3767.329240506329,1454.6767364016741,415.0266831683166
2022-08-30,6392.149758454107,1957.7217721518982,3880.081308016878,1055.6102092050205,-14.869802955664909
2022-08-31,2287.1400966183573,446.96286919831164,2892.432616033755,-368.27860759493706,183.03490099009923
2022-09-01,-5304.879227053139,809.4430672268909,2906.1361344537822,-886.8558823529402,190.07895000000008
2022-09-02,3980.9951219512186,1608.5546218487398,3330.7214830508474,496.9284937238499,164.16532338308457
2022-09-03,-996.5673076923085,1002.883474576271,1854.955254237288,775.0773640167363,-36.07417910447765
2022-09-04,-3408.1826923076915,249.00386554621844,545.8401260504202,-31.214769874476815,-702.7533663366335
2022-09-07,-3627.8599033816427,2813.312869198312,4041.8326160337547,1637.9913924050634,225.2249009900993
2022-09-08,-25.879227053139402,1475.8030672268906,2999.8161344537816,-247.94588235294032,-2398.19105
2022-09-09,5682.995121951219,-3638.8653781512603,-1027.5285169491526,-7284.24150627615,-1266.4046766169154
2022-09-10,-6967.5673076923085,-2059.556525423729,-838.5947457627119,-3471.722635983264,-179.42417910447762
2022-09-11,-1913.1826923076915,-369.7361344537815,11.930126050420142,-838.7347698744768,-1835.6433663366336
2022-09-12,545.995073891625,-3436.327383966245,-931.720759493671,-6760.943263598326,-190.9933168316834
2022-09-13,-382.85024154589337,1120.921772151898,2893.031308016878,-885.6497907949797,542.920197044335
2022-09-14,-3077.8599033816427,2403.062869198312,3758.172616033755,927.0813924050635,462.76490099009925
2022-09-15,618.1207729468606,2176.5430672268913,3692.376134453782,637.6641176470603,448.2889500000001
2022-09-16,-300.0048780487814,2485.93462184874,3869.461483050847,1739.1884937238501,46.79532338308468
2022-09-17,-1518.5673076923085,1165.403474576271,1880.7752542372882,728.4173640167364,-58.654179104477635
2022-09-20,-2033.8502415458934,2529.2817721518986,3934.0513080168785,1218.5202092050204,230.54019704433495
2022-09-21,2038.1400966183573,2524.5028691983116,3853.8326160337547,1403.181392405064,218.01490099009925
2022-09-22,179.1207729468606,2238.3530672268907,3779.9761344537824,874.2441176470602,471.0589500000001
2022-09-23,3.995121951218607,2725.06462184874,3926.911483050847,1726.2484937238496,241.6253233830846
2022-09-24,3909.4326923076915,1418.9134745762713,1982.265254237288,877.1573640167362,23.385820895522386
2022-09-25,354.81730769230853,360.5138655462184,603.9101260504201,119.2752301255232,320.9066336633664
2022-09-26,-695.004926108375,2418.482616033755,3881.0692405063287,1663.8267364016738,210.09668316831676
2022-09-27,3818.1497584541066,2211.171772151898,3880.371308016878,1022.1402092050193,527.6301970443351
2022-09-28,-1123.8599033816427,2167.062869198312,3647.022616033755,999.7613924050638,334.3249009900992
2022-09-29,3607.1207729468606,2223.2230672268906,3844.1361344537822,1071.7841176470592,505.13895
2022-09-30,1107.9951219512186,2197.944621848739,3669.961483050847,863.138493723849,229.58532338308464
2022-10-01,6092.4326923076915,1058.2434745762712,1726.1252542372881,431.37736401673646,26.725820895522418
2022-10-02,-3607.1826923076915,121.88386554621843,400.5301260504201,-222.09476987447692,-1029.2933663366337
2022-10-03,5805.995073891625,-2215.257383966245,14.279240506329188,-4844.583263598326,-28.65331683168324
2022-10-04,1194.1497584541066,1668.4017721518985,3321.5413080168782,123.18020920502022,488.4501970443348
2022-10-05,-3002.8599033816427,1863.602869198312,3411.852616033755,648.3013924050629,320.75490099009903
2022-10-06,-1050.8792270531394,1712.2330672268909,3563.586134453782,378.1341176470596,625.7089500000002
2022-10-07,-3310.0048780487814,2290.194621848739,3678.6814830508474,1013.59849372385,402.23532338308473
2022-10-08,-6833.5673076923085,1338.4934745762712,1878.6752542372883,654.7573640167366,92.23582089552241
2022-10-09,1081.8173076923085,232.52386554621842,514.5501260504201,-11.864769874476906,-1111.9333663366335
2022-10-10,-3660.004926108375,-2061.117383966245,88.38924050632886,-4911.2232635983255,-11.743316831683387
2022-10-11,-2372.8502415458934,1392.2217721518982,3174.081308016878,-0.8397907949802175,437.0601970443349
2022-10-12,-3280.8599033816427,2016.7928691983116,3550.172616033755,1033.3713924050626,421.89490099009936
2022-10-13,642.1207729468606,2086.583067226891,3632.9361344537815,454.54411764705947,385.8389500000003
2022-10-14,2228.9951219512186,2334.27462184874,3703.491483050848,1203.9384937238501,203.33532338308464
2022-10-15,4175.4326923076915,1332.6834745762712,1957.6352542372883,689.9673640167366,79.34582089552242
2022-10-16,-5696.1826923076915,612.8338655462184,821.9501260504202,466.8952301255231,228.74663366336654
2022-10-17,5108.995073891625,1956.012616033755,3380.1392405063293,699.6967364016746,424.7866831683168
2022-10-18,220.14975845410663,2003.7817721518986,3652.9613080168783,837.790209205019,386.89019704433485
2022-10-19,-5879.859903381643,1700.2628691983118,3348.682616033755,283.641392405063,305.1949009900991
2022-10-20,2451.1207729468606,1654.443067226891,3541.3561344537816,525.3341176470585,175.37895000000026
2022-10-21,-2461.0048780487814,1893.6846218487399,3503.1314830508472,824.2084937238506,-60.34467661691542
2022-10-22,-1995.5673076923085,1385.2634745762712,1963.0052542372882,592.9573640167364,-74.93417910447761
2022-10-23,-1389.1826923076915,578.9838655462185,776.9801260504202,357.3952301255231,281.97663366336656
2022-10-24,1650.995073891625,1856.052616033755,3309.999240506329,965.1767364016741,235.586683168317
2022-10-25,-1231.8502415458934,1949.1617721518987,3386.5013080168783,703.9502092050207,207.84019704433513
2022-10-26,1397.1400966183573,2048.9228691983117,3324.7026160337546,626.5013924050636,359.3449009900992
2022-10-27,1186.1207729468606,1724.573067226891,3296.286134453782,195.15411764706005,258.11895000000004
2022-10-28,511.9951219512186,1919.60462184874,3306.5214830508476,544.7484937238496,-44.734676616915294
2022-10-29,1114.4326923076915,1113.6434745762713,1695.535254237288,356.06736401673606,-69.28417910447763
2022-10-30,-2593.1826923076915,438.25386554621844,623.0401260504201,156.35523012552312,162.30663366336648
2022-10-31,-5321.004926108375,1731.2526160337547,3201.659240506329,611.8567364016744,80.91668316831692
2022-11-01,1789.1497584541066,1698.9317721518983,3318.8413080168784,616.0502092050192,137.89019704433485
2022-11-02,-137.85990338164265,1733.3828691983117,3205.482616033755,327.72139240506294,381.75490099009903
2022-11-03,3091.1207729468606,1480.693067226891,3221.4361344537815,32.75411764705859,279.44894999999997
2022-11-04,-109.00487804878139,1565.2346218487392,3088.201483050847,181.83849372384975,-112.4846766169153
2022-11-05,-594.5673076923085,636.2434745762712,1298.2152542372883,-250.08263598326357,23.605820895522413
2022-11-06,2675.8173076923085,310.61386554621856,553.7301260504202,-46.38476987447689,244.14663366336663
2022-11-07,-1070.004926108375,1772.892616033755,3144.1792405063293,613.2567364016741,277.106683168317
2022-11-08,-4480.850241545893,1883.4717721518982,3353.021308016878,763.6502092050196,259.500197044335
2022-11-09,2760.1400966183573,1728.8428691983117,3230.512616033755,636.4513924050625,303.0949009900992
2022-11-10,-372.8792270531394,1706.1430672268907,3148.616134453782,13.874117647059393,388.61895000000004
2022-11-11,-2171.0048780487814,1661.4946218487394,3047.581483050847,184.69849372385033,89.00532338308471
2022-11-12,824.4326923076915,592.8334745762709,1365.805254237288,-123.28263598326384,182.3558208955224
2022-11-13,-2399.1826923076915,229.01386554621843,495.5501260504201,-101.09476987447692,349.6566336633664
2022-11-14,1715.995073891625,1904.6226160337546,3188.369240506329,732.3567364016744,280.6766831683167
2022-11-15,-3676.8502415458934,1747.3317721518988,3325.7513080168783,553.0802092050199,433.0801970443349
2022-11-16,-1407.8599033816427,1910.7428691983114,3354.1126160337553,705.3013924050629,260.7049009900993
2022-11-17,3017.1207729468606,1851.203067226891,3390.956134453782,584.6941176470591,515.9989500000001
2022-11-18,-3178.0048780487814,1943.6246218487395,3423.5714830508477,856.6184937238504,227.1353233830846
2022-11-19,2899.4326923076915,1278.653474576271,1877.9452542372883,801.6773640167366,62.92582089552235
2022-11-20,6280.8173076923085,669.3138655462184,860.7801260504201,551.4752301255232,833.4166336633666
2022-11-21,-1898.004926108375,2048.6226160337546,3733.549240506329,1735.7667364016743,649.376683168317
2022-11-22,-1041.8502415458934,1608.591772151898,3796.3413080168784,1312.6502092050196,870.1401970443349
2022-11-23,1709.1400966183573,2318.942869198311,4271.112616033755,2714.521392405064,-505.9150990099006
2022-11-24,-4171.879227053139,246.0130672268906,2205.3061344537823,-1875.5858823529406,-635.9410499999999
2022-11-25,-1571.0048780487814,-1118.2953781512606,1429.6314830508472,-3044.61150627615,-299.77467661691526
2022-11-26,-2766.5673076923085,-96.35652542372873,939.6052542372881,-794.0226359832636,11.205820895522379
2022-11-27,-872.1826923076915,3.7938655462185125,320.7601260504201,-308.1347698744769,-754.6933663366335
2022-11-28,340.995073891625,-363.13738396624467,1574.209240506329,-2476.213263598326,-692.2833168316834
2022-11-29,3042.1497584541066,-491.4882278481018,1564.0413080168782,-3034.77979079498,-495.3798029556651
2022-11-30,-386.85990338164265,-208.32713080168833,1700.222616033755,-2639.228607594937,-585.7550990099007
2022-12-01,-2140.8792270531394,-154.88693277310904,1849.956134453782,-2580.5258823529402,-471.3310499999998
2022-12-02,-5924.004878048781,147.58462184873952,1994.081483050847,-2148.1215062761503,-275.04467661691524
2022-12-03,-4989.5673076923085,225.95347457627122,1070.3652542372884,-636.7526359832636,9.97582089552236
2022-12-04,-924.1826923076915,226.76386554621843,504.0201260504201,-51.30476987447673,-423.7433663366337
2022-12-05,-372.004926108375,672.5826160337547,2320.919240506329,-1311.1932635983258,-325.9733168316834
2022-12-06,-1601.8502415458934,628.8617721518985,2576.951308016878,-1094.8997907949797,23.690197044335036
2022-12-07,-6146.859903381643,1287.3228691983113,2899.092616033755,-475.1786075949367,-86.63509900990084
2022-12-08,138.1207729468606,980.9530672268911,2876.336134453782,-801.3558823529402,67.25894999999991
2022-12-09,-3534.0048780487814,1429.2146218487396,3050.951483050847,-145.10150627615076,23.20532338308476
2022-12-10,-2841.5673076923085,1160.463474576271,1894.455254237288,760.8273640167363,-37.46417910447764
2022-12-11,2223.8173076923085,320.0538655462184,592.3901260504201,55.74523012552322,257.7766336633663
2022-12-12,1742.995073891625,1897.6226160337546,3407.8492405063294,503.57673640167377,245.24668316831685
2022-12-13,-1874.8502415458934,2097.8117721518984,3631.331308016878,974.6602092050198,297.54019704433495
2022-12-14,-736.8599033816427,2153.7928691983116,3655.772616033755,1020.3313924050635,374.23490099009905
2022-12-15,-932.8792270531394,1939.5930672268905,3639.5561344537823,596.5941176470587,518.5789500000001
2022-12-16,-2903.0048780487814,1959.6346218487397,3386.3614830508477,679.9184937238497,113.6353233830846
2022-12-17,3956.4326923076915,1179.3334745762709,1776.915254237288,673.937364016736,78.75582089552239
2022-12-18,-2435.1826923076915,516.6838655462185,709.5201260504201,215.2752301255232,81.52663366336628
2022-12-19,5883.995073891625,2016.5026160337547,3433.7192405063292,891.4867364016736,186.67668316831669
2022-12-20,-1039.8502415458934,2087.921772151898,3633.5413080168782,809.6402092050193,88.230197044335
2022-12-21,5089.140096618357,1481.1728691983117,3192.422616033755,-122.72860759493597,153.73490099009905
2022-12-22,-931.8792270531394,1768.153067226891,3475.1461344537815,594.4141176470603,113.23894999999993
2022-12-23,-4022.0048780487814,1290.06462184874,2958.041483050847,-15.691506276150903,231.6453233830846
2022-12-24,-3786.5673076923085,304.4734745762712,1083.6952542372883,-354.6426359832635,-26.174179104477616
2022-12-25,-766.1826923076915,208.09386554621847,463.0501260504201,-75.1247698744769,120.24663366336654
2022-12-26,-2677.004926108375,1634.4226160337548,3241.119240506329,614.7967364016731,332.21668316831665
2022-12-27,2050.1497584541066,1620.2317721518984,3296.5513080168785,343.2302092050195,27.030197044335182
2022-12-28,3570.1400966183573,1824.1728691983117,3358.5026160337547,644.8113924050631,36.324900990099195
2022-12-29,-1761.8792270531394,1437.363067226891,3283.2361344537817,221.7641176470588,-407.5610499999998
2022-12-30,-996.0048780487814,761.0146218487398,2480.501483050847,-902.8715062761512,-130.90467661691537
2022-12-31,-273.56730769230853,-293.836525423729,648.6352542372881,-1097.0226359832636,62.34582089552242
2023-01-01,1080.8173076923085,-195.77613445378154,150.23012605042015,-557.4047698744769,-48.86336633663359
2023-01-02,1058.995073891625,1173.052616033755,2723.2192405063292,-290.6432635983256,240.5366831683168
2023-01-03,-39.85024154589337,1675.8217721518986,3210.021308016878,431.71020920501905,216.480197044335
2023-01-04,-27.859903381642653,1436.1628691983115,3144.142616033755,169.09139240506374,183.52490099009947
2023-01-05,-1988.8792270531394,1484.743067226891,3224.4861344537817,69.91411764706027,289.2089500000002
2023-01-06,3889.9951219512186,1765.5946218487397,3315.7614830508473,965.8684937238504,103.06532338308466
2023-01-07,-2924.5673076923085,711.983474576271,1451.7752542372882,243.76736401673634,7.4258208955223495
2023-01-08,-854.1826923076915,127.52386554621842,429.6501260504201,-141.65476987447687,416.22663366336656
2023-01-09,434.995073891625,1931.592616033755,3449.4392405063295,919.6467364016735,481.0366831683168
2023-01-10,-1908.8502415458934,1646.0317721518986,3450.081308016878,691.7402092050197,551.1601970443348
2023-01-11,-670.8599033816427,1557.852869198312,3345.5026160337547,640.7913924050627,412.25490099009903
2023-01-12,569.1207729468606,1646.5530672268906,3449.6061344537816,551.5741176470601,-72.18104999999969
2023-01-13,131.9951219512186,466.49462184873937,2557.781483050848,-708.2515062761504,31.21532338308475
2023-01-14,-5011.5673076923085,396.443474576271,1190.1252542372881,-200.2926359832636,-5.344179104477632
2023-01-15,1563.8173076923085,216.46386554621847,489.7701260504201,-95.85476987447691,485.07663366336647
2023-01-16,-2095.004926108375,2673.9026160337553,3776.5292405063287,1663.006736401674,446.87668316831696
2023-01-17,258.14975845410663,2352.2817721518986,3804.3913080168777,1248.4902092050197,352.69019704433504
2023-01-18,-4136.859903381643,2462.4128691983115,3847.5826160337547,1358.7513924050636,458.52490099009947
2023-01-19,77.1207729468606,1952.0030672268913,3496.706134453782,871.0441176470595,-112.29104999999981
2023-01-20,-3407.0048780487814,1143.1646218487394,2634.781483050848,-546.5015062761504,-922.4946766169153
2023-01-21,-1697.5673076923085,-789.4865254237288,150.18525423728806,-1832.4826359832637,-323.7041791044776
2023-01-22,-2716.1826923076915,-565.5961344537816,-149.35987394957988,-1127.9947698744768,-2170.1533663366336
2023-01-23,-4004.004926108375,-4243.447383966245,-1629.940759493671,-7839.073263598326,-1969.1233168316833
2023-01-24,-137.85024154589337,-3671.2882278481015,-1058.998691983122,-7539.0597907949805,-597.459802955665
2023-01-25,-3575.8599033816427,313.9928691983114,1998.9826160337552,-2035.568607594937,-155.46509900990077
2023-01-26,-390.8792270531394,1357.5430672268913,3084.166134453782,-151.17588235293988,164.34895000000006
2023-01-27,625.9951219512186,1684.7846218487393,3138.4714830508474,469.22849372384917,-107.7246766169153
2023-01-28,2297.4326923076915,665.9334745762712,1351.1552542372883,242.61736401673625,125.38582089552239
2023-01-29,24.817307692308532,203.21386554621847,460.13012605042013,-79.04476987447674,426.3566336633662
2023-01-30,863.995073891625,1976.2926160337547,3309.0692405063287,931.6267364016749,346.6366831683167
2023-01-31,310.14975845410663,1975.381772151898,3478.771308016878,870.6102092050205,298.92019704433505
2023-02-01,1644.1400966183573,1661.5928691983117,3174.092616033755,295.53139240506243,288.51490099009925
2023-02-02,-6098.879227053139,1561.2730672268908,3257.166134453782,116.64411764705983,228.90895
2023-02-03,2469.9951219512186,1460.1546218487392,3052.7314830508476,441.97849372384917,-70.03467661691525
2023-02-04,3930.4326923076915,451.8434745762711,1219.015254237288,-31.542635983263608,4.875820895522395
2023-02-05,-1707.1826923076915,128.07386554621849,401.24012605042014,-155.83476987447693,312.6066336633662
2023-02-06,-570.004926108375,2099.132616033755,3487.4792405063295,1147.1767364016741,366.2066831683169
2023-02-07,7986.149758454107,1952.961772151898,3487.061308016878,946.7602092050201,239.43019704433482
2023-02-08,1375.1400966183573,1928.7828691983113,3394.7826160337545,731.2513924050636,271.5549009900992
2023-02-09,-3656.8792270531394,1701.5830672268912,3295.506134453782,348.89411764705983,-90.58104999999978
2023-02-10,-1070.0048780487814,826.7346218487392,2498.251483050847,-832.0915062761505,-105.90467661691537
2023-02-11,9448.432692307691,581.6434745762713,1334.4652542372883,106.72736401673637,-23.654179104477635
2023-02-12,-734.1826923076915,187.2938655462185,457.62012605042014,-73.21476987447681,211.92663366336637
2023-02-13,-418.004926108375,1480.1526160337553,3061.3892405063293,112.31673640167355,584.7466831683168
2023-02-14,-4843.850241545893,2246.971772151898,3709.611308016878,1051.3902092050193,583.6101970443351
2023-02-15,4869.140096618357,2243.4228691983117,3587.922616033755,1081.4113924050635,341.75490099009903
2023-02-16,-5657.879227053139,1955.613067226891,3535.5261344537817,751.7241176470598,494.61895000000004
2023-02-17,3727.9951219512186,1598.9846218487392,3171.031483050848,541.4784937238492,-201.3646766169154
2023-02-18,1804.4326923076915,518.7234745762712,1263.0452542372882,-97.31263598326359,-473.9141791044776
2023-02-19,298.81730769230853,190.03386554621852,447.9001260504201,-92.10476987447691,-369.9733663366337
2023-02-20,6715.995073891625,1581.9026160337553,3147.009240506329,905.1767364016741,418.62668316831696
2023-02-21,-3103.8502415458934,1985.791772151898,3626.651308016878,1076.75020920502,502.02019704433496
2023-02-22,430.14009661835735,1774.8828691983117,3426.022616033755,987.851392405064,354.3749009900994
2023-02-23,-155.8792270531394,1889.283067226891,3628.166134453782,1103.6141176470592,-525.13105
2023-02-24,8254.995121951219,2089.5346218487393,3493.791483050847,1092.7784937238503,131.20532338308476
2023-02-25,-1998.5673076923085,814.443474576271,1513.2152542372883,529.6273640167365,-398.5441791044776
2023-02-26,5469.8173076923085,324.49386554621844,570.4401260504202,136.2552301255232,-149.3333663366334
2023-02-27,-1807.004926108375,1966.4926160337545,3480.539240506329,1202.9367364016744,287.12668316831696
2023-02-28,-1616.8502415458934,1899.841772151898,3467.621308016878,998.2202092050193,-906.8798029556651
2023-03-01,2081.1400966183573,-1995.0171308016884,250.78261603375495,-4982.058607594937,371.6249009900994
2023-03-02,4370.120772946861,1581.6730672268905,3413.6561344537818,309.7541176470586,520.7289500000002
2023-03-03,-6072.004878048781,2024.3646218487393,3629.831483050847,1519.0684937238493,53.94532338308477
2023-03-04,4038.4326923076915,838.6634745762713,1541.6152542372884,448.2573640167366,81.81582089552234
2023-03-05,2338.8173076923085,219.24386554621844,483.8901260504201,-19.204769874476824,396.14663366336663
2023-03-06,6366.995073891625,2173.2426160337545,3553.4292405063293,1112.6067364016744,473.2066831683169
2023-03-07,-1968.8502415458934,2025.3517721518983,3550.911308016878,701.6802092050202,509.8501970443349
2023-03-08,-2607.8599033816427,1871.6628691983115,3410.3626160337553,654.1313924050628,-605.2050990099006
2023-03-09,3962.1207729468606,1697.4330672268907,3462.746134453782,461.15411764706005,476.4189500000002
2023-03-10,1678.9951219512186,1495.4246218487397,3383.0714830508477,792.9184937238497,292.44532338308477
2023-03-11,-8803.567307692309,500.2234745762712,1361.705254237288,62.45736401673639,-15.094179104477632
2023-03-12,2528.8173076923085,182.10386554621846,461.35012605042016,-118.88476987447689,448.56663366336625
2023-03-13,-163.004926108375,2090.2826160337545,3700.7192405063292,958.586736401674,689.2166831683166
2023-03-14,-2771.8502415458934,2251.511772151898,3682.821308016878,1002.6102092050205,491.8801970443351
2023-03-15,3870.1400966183573,2144.442869198311,3557.1126160337553,917.9713924050629,644.0249009900995
2023-03-16,-6479.879227053139,1912.0930672268905,3503.3861344537822,538.8341176470585,677.1889500000002
2023-03-17,8573.995121951219,1916.1546218487392,3435.121483050847,826.4184937238497,349.2853233830847
2023-03-18,-2581.5673076923085,688.1034745762709,1469.8852542372883,189.4273640167362,93.98582089552241
2023-03-19,1672.8173076923085,202.95386554621848,470.7601260504201,-61.604769874476915,562.2366336633663
2023-03-20,-2415.004926108375,1964.0326160337545,3483.449240506329,988.9667364016732,594.9066831683167
2023-03-21,4195.149758454107,2103.5717721518986,3858.361308016878,1258.50020920502,705.1201970443349
2023-03-22,-336.85990338164265,2015.5528691983118,3849.6126160337553,1467.0513924050629,124.99490099009927
2023-03-23,3710.1207729468606,181.62306722689118,3003.756134453782,-432.2958823529407,541.2689500000001
2023-03-24,2941.9951219512186,1986.3846218487397,3491.371483050847,830.2384937238494,201.84532338308463
2023-03-25,-3673.5673076923085,1054.213474576271,1704.435254237288,566.8073640167358,157.76582089552238
2023-03-26,5392.8173076923085,402.46386554621847,646.1701260504201,164.3852301255231,1037.3566336633662
2023-03-27,-2156.004926108375,2766.2026160337546,3946.259240506329,1564.3967364016735,710.2666831683168
2023-03-28,5264.149758454107,2231.171772151898,3806.661308016878,1079.3602092050205,781.790197044335
2023-03-29,-3341.8599033816427,2100.942869198311,3633.092616033755,837.6913924050623,493.49490099009927
2023-03-30,15558.12077294686,1880.153067226891,3547.8161344537816,556.1741176470587,368.61895000000004
2023-03-31,-6406.004878048781,1790.9746218487398,3325.621483050847,493.59849372384997,81.25532338308471
2023-04-01,1907.4326923076915,582.8234745762711,1350.685254237288,-139.53263598326384,19.16582089552236
2023-04-02,-4533.1826923076915,264.25386554621844,541.9601260504202,3.0652301255231578,497.1566336633664
2023-04-03,3412.995073891625,2029.5726160337545,3472.7392405063288,974.1167364016746,548.0666831683166
2023-04-04,834.1497584541066,2042.2317721518984,3586.521308016878,985.790209205019,-224.3898029556649
2023-04-05,-960.8599033816427,64.91286919831145,2777.5326160337545,-676.728607594936,250.36490099009916
2023-04-06,2490.1207729468606,1342.5430672268913,2982.286134453782,-69.29588235294068,434.40895
2023-04-07,5843.995121951219,2074.10462184874,3470.8914830508475,759.01849372385,-75.08467661691543
2023-04-08,-3821.5673076923085,931.2034745762712,1612.4652542372883,253.0873640167365,151.21582089552243
2023-04-09,4114.8173076923085,328.62386554621855,563.3501260504202,47.785230125523185,551.7266336633666
2023-04-10,-1832.004926108375,2417.312616033755,3571.1492405063286,1456.1567364016737,302.3066831683168
2023-04-11,-1277.8502415458934,2303.011772151898,3824.3913080168777,1091.3302092050199,431.5901970443351
2023-04-12,-1859.8599033816427,2123.6328691983117,3509.6126160337553,915.8613924050624,594.8249009900992
2023-04-13,-1819.8792270531394,1893.9230672268905,3435.496134453782,438.4441176470591,407.13895
2023-04-14,-362.0048780487814,1681.77462184874,3319.9314830508474,687.1284937238488,-127.02467661691526
2023-04-15,9612.432692307691,598.1434745762713,1434.745254237288,-83.11263598326377,-156.16417910447763
2023-04-16,-1756.1826923076915,271.2838655462184,541.7001260504202,13.185230125523276,643.4166336633666
2023-04-17,-2754.004926108375,2120.2026160337546,3553.3592405063287,1204.8967364016735,524.0966831683168
2023-04-18,2586.1497584541066,2085.1117721518985,3756.111308016878,1357.2802092050206,644.3701970443349
2023-04-19,-2109.8599033816427,1541.4228691983117,3521.4426160337553,1038.8713924050626,629.6749009900991
2023-04-20,1540.1207729468606,2007.8330672268912,3681.996134453782,764.4441176470591,503.8189500000003
2023-04-21,-49.00487804878139,2065.0746218487393,3547.1114830508477,856.4284937238499,3.8153233830846602
2023-04-22,7426.4326923076915,788.0534745762711,1491.0952542372884,132.07736401673628,-75.5041791044776
2023-04-23,2210.8173076923085,296.33386554621836,571.8001260504201,62.2652301255232,527.4966336633665
2023-04-24,-3780.004926108375,2038.4826160337552,3552.1792405063293,1166.8467364016742,222.07668316831678
2023-04-25,128.14975845410663,1700.3217721518986,3338.1713080168784,254.54020920501898,634.980197044335
2023-04-26,7376.140096618357,2089.5028691983116,3527.4526160337546,1000.9913924050634,596.754900990099
2023-04-27,-5646.879227053139,2016.0030672268913,3655.8861344537822,1044.3241176470601,451.8589500000003
2023-04-28,8468.995121951219,1971.2546218487396,3545.3814830508472,1226.1284937238488,-3.514676616915267
2023-04-29,-3487.5673076923085,469.26347457627116,1474.1552542372883,27.517364016736337,-8.964179104477637
2023-04-30,3388.8173076923085,120.88386554621843,418.74012605042014,-158.76476987447677,-1247.4433663366335
2023-05-01,-296.004926108375,-2193.147383966245,15.629240506329097,-5108.2232635983255,266.856683168317
2023-05-02,3691.1497584541066,1380.3517721518983,3211.0513080168785,10.380209205019128,616.0501970443352
2023-05-03,-3921.8599033816427,1455.4428691983112,3267.6126160337553,595.9713924050629,469.03490099009923
2023-05-04,596.1207729468606,1876.8130672268908,3539.326134453782,804.1241176470594,-1730.20105
2023-05-05,-1126.0048780487814,-3184.7953781512606,-390.0485169491526,-6213.15150627615,-523.7546766169154
2023-05-06,733.4326923076915,-759.526525423729,523.6852542372881,-1390.182635983264,-38.3141791044776
2023-05-07,1813.8173076923085,150.5538655462185,431.0201260504201,-199.19476987447683,285.2366336633663
2023-05-08,1696.995073891625,1967.1626160337546,3347.789240506329,190.64673640167348,402.4566831683169
2023-05-09,-2708.8502415458934,1988.2017721518987,3542.4713080168776,977.1202092050207,422.30019704433516
2023-05-10,274.14009661835735,1631.5428691983116,3305.472616033755,8.781392405062434,439.0749009900992
2023-05-11,2388.1207729468606,1349.5230672268908,3640.9461344537817,641.0041176470586,492.65895
2023-05-12,205.9951219512186,1849.4046218487392,3330.9314830508474,461.40849372384946,-249.06467661691545
2023-05-13,2409.4326923076915,739.753474576271,1540.8352542372882,157.11736401673625,-105.85417910447762
2023-05-14,2079.8173076923085,270.8038655462184,524.1301260504201,55.55523012552317,640.9566336633666
2023-05-15,-969.004926108375,2262.932616033755,3660.249240506329,1279.336736401674,540.3266831683168
2023-05-16,1769.1497584541066,1594.0117721518982,3529.191308016878,606.0902092050201,408.5601970443349
2023-05-17,805.1400966183573,1368.7328691983112,3498.142616033755,771.141392405063,105.77490099009947
2023-05-18,1476.1207729468606,1262.2230672268906,3274.036134453782,258.0141176470588,176.91895000000022
2023-05-19,3220.9951219512186,1636.56462184874,3327.331483050847,603.3284937238495,-117.88467661691539
2023-05-20,-5282.5673076923085,898.193474576271,1585.3152542372882,320.4073640167362,-141.53417910447763
2023-05-21,-3160.1826923076915,486.5438655462184,693.9201260504202,307.4352301255233,437.8866336633664
2023-05-22,-2611.004926108375,2144.9426160337553,3588.589240506329,1433.1567364016737,297.4166831683169
2023-05-23,6096.149758454107,1954.5717721518986,3560.7513080168783,1042.960209205019,670.6401970443349
2023-05-24,-161.85990338164265,1762.6128691983113,3602.7426160337545,1154.6113924050624,605.9649009900991
2023-05-25,6416.120772946861,1963.4830672268909,3658.6961344537817,932.3841176470596,628.3989500000002
2023-05-26,-1816.0048780487814,1922.85462184874,3561.831483050847,964.3384937238498,-198.63467661691539
2023-05-27,5110.4326923076915,383.2434745762712,1161.015254237288,-156.95263598326392,-114.8141791044776
2023-05-28,-2076.1826923076915,-8.566134453781501,365.9501260504202,-200.1147698744769,-1218.3733663366336
2023-05-29,-1046.004926108375,-2598.4773839662453,87.15924050632884,-5016.943263598327,329.44668316831667
2023-05-30,4120.149758454107,621.8217721518986,3131.451308016878,27.18020920502022,480.3701970443349
2023-05-31,858.1400966183573,1945.7628691983118,3316.0826160337547,821.141392405063,-1827.8850990099008
2023-06-01,-4550.879227053139,1398.613067226891,3293.3961344537815,483.3041176470597,407.5689500000003
2023-06-02,824.9951219512186,1809.5746218487393,3328.5514830508473,935.7484937238496,141.49532338308472
2023-06-03,-394.56730769230853,831.6234745762708,1555.055254237288,384.0973640167367,-83.85417910447762
2023-06-04,2345.8173076923085,230.37386554621855,499.7801260504201,50.895230125523085,438.39663366336663
2023-06-05,-3876.004926108375,1381.3126160337551,3033.0192405063294,383.36673640167464,-1083.3533168316833
2023-06-06,-1093.8502415458934,-2123.8382278481017,217.66130801687814,-5061.17979079498,225.82019704433515
2023-06-07,7848.140096618357,1890.432869198312,3442.6226160337546,752.8713924050626,583.754900990099
2023-06-08,-4845.879227053139,1826.6630672268911,3493.4061344537818,1023.0741176470601,396.8089500000001
2023-06-09,1470.9951219512186,2134.68462184874,3559.6514830508477,1178.5684937238493,43.17532338308456
2023-06-10,-2880.5673076923085,1090.383474576271,1608.3352542372882,555.3473640167367,-103.72417910447763
2023-06-11,99.81730769230853,303.50386554621844,578.7201260504202,183.83523012552314,344.19663366336636
2023-06-12,2260.995073891625,1837.7426160337545,3474.1092405063287,1263.256736401674,403.1666831683169
2023-06-13,-2002.8502415458934,1962.5117721518982,3576.5913080168784,1103.1302092050191,422.6201970443349
2023-06-14,1538.1400966183573,1310.7628691983118,3311.0726160337554,793.0513924050629,194.64490099009936
2023-06-15,2931.1207729468606,1696.7330672268909,3448.006134453782,559.524117647059,487.47895000000017
2023-06-16,-685.0048780487814,1664.77462184874,3181.1814830508474,463.09849372384997,132.92532338308456
2023-06-17,4055.4326923076915,800.9934745762712,1540.2952542372882,231.19736401673617,-36.54417910447762
2023-06-18,-964.1826923076915,280.47386554621846,526.6701260504201,72.59523012552313,734.7466336633665
2023-06-19,-3554.004926108375,2040.8626160337553,3577.619240506329,1104.256736401674,793.0966831683168
2023-06-20,735.1497584541066,2040.4017721518985,3594.7613080168776,1096.5802092050199,154.4501970443348
2023-06-21,1105.1400966183573,51.232869198311164,3016.2926160337547,-43.12860759493742,798.6649009900993
2023-06-22,-2578.8792270531394,2015.533067226891,3666.926134453782,789.9141176470603,629.2889500000001
2023-06-23,1140.9951219512186,1695.1646218487394,3297.3514830508475,683.26849372385,253.7753233830847
2023-06-24,6766.4326923076915,682.5534745762711,1468.9652542372883,261.8273640167363,-82.67417910447762
2023-06-25,-2260.1826923076915,287.0638655462184,558.0301260504201,185.72523012552324,36.796633663366265
2023-06-26,-4185.004926108375,566.0626160337551,2974.839240506329,15.656736401673697,390.4266831683167
2023-06-27,2002.1497584541066,1722.9917721518987,3527.3913080168777,732.6402092050193,411.9001970443351
2023-06-28,2234.1400966183573,1042.6628691983115,3113.4426160337553,405.5013924050636,98.86490099009916
2023-06-29,2602.1207729468606,838.2430672268911,3175.926134453782,7.224117647059757,-261.36105
2023-06-30,5575.995121951219,-98.39537815126005,2331.8414830508473,-1090.6015062761508,29.67532338308456
2023-07-01,-2778.5673076923085,-1.70652542372909,1034.665254237288,-487.3226359832638,31.715820895522427
2023-07-02,3238.8173076923085,267.2738655462184,557.3901260504201,106.48523012552323,628.3366336633662
2023-07-03,-2360.004926108375,1472.142616033755,3224.8592405063287,841.1767364016741,600.086683168317
2023-07-04,1647.1497584541066,1496.3217721518986,3372.941308016878,774.4902092050197,229.59019704433513
2023-07-05,-1784.8599033816427,1279.0828691983115,3061.962616033755,264.04139240506265,643.0149009900992
2023-07-06,-740.8792270531394,1469.0230672268908,3329.1561344537818,647.0841176470585,169.16895000000022
2023-07-07,-1560.0048780487814,937.0946218487397,3009.2214830508474,-35.491506276150176,-178.57467661691544
2023-07-08,-5479.5673076923085,-172.24652542372905,1068.685254237288,-455.1426359832635,-153.3641791044776
2023-07-09,-6152.1826923076915,122.97386554621846,486.38012605042013,-3.0247698744767604,645.9566336633666
2023-07-10,-2446.004926108375,1453.722616033755,3187.1892405063295,821.3167364016736,-769.9733168316832
2023-07-11,502.14975845410663,1186.2717721518984,3226.651308016878,253.21020920501905,140.6001970443349
2023-07-12,-4194.859903381643,486.47286919831186,2861.5326160337545,-254.77860759493706,234.9549009900993
2023-07-13,6232.120772946861,547.3430672268905,3010.586134453782,-340.7458823529414,144.5589500000001
2023-07-14,-2330.0048780487814,353.81462184874,2631.701483050847,-663.8115062761499,-118.65467661691537
2023-07-15,-1727.5673076923085,125.59347457627109,1071.9052542372883,-423.40263598326374,-87.4441791044776
2023-07-16,10.817307692308532,8.893865546218422,497.97012605042016,-34.604769874476915,436.9866336633663
2023-07-17,-1696.004926108375,1204.9426160337553,3147.169240506329,503.6467364016735,205.54668316831658
2023-07-18,3144.1497584541066,150.60177215189833,2851.7113080168783,-453.80979079497956,500.3501970443349
2023-07-19,-2096.8599033816427,961.4628691983116,3056.062616033755,173.7013924050625,840.7049009900993
2023-07-20,294.1207729468606,1414.113067226891,3454.2661344537823,557.4141176470603,554.67895
2023-07-21,-5093.004878048781,1337.52462184874,3075.9014830508477,113.35849372385019,77.90532338308458
2023-07-22,-7372.5673076923085,398.37347457627084,1310.075254237288,82.93736401673641,-147.7441791044776
2023-07-23,819.8173076923085,32.833865546218476,380.8001260504201,-146.9747698744768,33.2866336633665
2023-07-24,4601.995073891625,1034.552616033755,3022.839240506329,121.13673640167326,337.8266831683168
2023-07-25,-1708.8502415458934,1675.5217721518984,3449.8013080168785,642.0802092050199,245.46019704433502
2023-07-26,898.1400966183573,1980.2528691983116,3508.422616033755,864.8613924050624,336.99490099009927
2023-07-27,-617.8792270531394,2005.0430672268913,3735.996134453782,568.7241176470598,466.3589500000003
2023-07-28,5623.995121951219,1380.4846218487392,3031.461483050847,-68.84150627615054,119.55532338308467
2023-07-29,-3798.5673076923085,401.40347457627104,1145.6552542372883,-114.26263598326386,-86.8141791044776
2023-07-30,4486.8173076923085,109.83386554621848,383.8901260504201,-63.15476987447687,129.47663366336656
2023-07-31,-93.004926108375,140.9126160337546,1811.349240506329,-1489.4732635983264,-380.0933168316833
2023-08-01,-4577.850241545893,80.26177215189819,1965.611308016878,-1922.8997907949797,-292.22980295566504
2023-08-02,691.1400966183573,60.52286919831113,1733.662616033755,-1907.2586075949366,-258.47509900990053
2023-08-03,3402.1207729468606,136.33306722689122,2132.9061344537818,-1750.9458823529403,-128.02104999999983
2023-08-04,-4025.0048780487814,386.28462184873933,2193.961483050847,-1562.4515062761502,48.78532338308469
2023-08-05,-199.56730769230853,34.31347457627089,926.5452542372882,-398.01263598326386,2.945820895522388
2023-08-06,-1366.1826923076915,72.86386554621845,351.3201260504202,-72.63476987447689,121.32663366336647
2023-08-07,-969.004926108375,2411.4126160337546,2752.549240506329,-146.11326359832674,397.86668316831674
2023-08-08,-2491.8502415458934,2916.6117721518985,2862.8013080168785,128.29020920501898,-601.8598029556651
2023-08-11,-3772.0048780487814,3743.404621848739,3542.711483050847,1159.4884937238494,502.58532338308464
2023-08-12,-2268.5673076923085,1852.923474576271,1671.225254237288,817.187364016736,-71.3841791044776
2023-08-13,7136.8173076923085,457.48386554621845,453.4401260504202,46.70523012552326,740.0166336633665
2023-08-14,-2658.004926108375,3203.352616033755,2996.879240506329,454.55673640167333,-790.1833168316832
2023-08-15,-1011.8502415458934,-839.7582278481013,425.7213080168781,-4223.73979079498,828.3901970443349
2023-08-16,-373.85990338164265,3643.892869198312,3505.522616033755,921.6613924050635,971.0249009900995
2023-08-17,2355.1207729468606,4045.0430672268903,3837.706134453782,1539.9141176470603,804.71895
2023-08-18,-1944.0048780487814,3562.4646218487387,3295.621483050847,1048.3584937238502,305.45532338308476
2023-08-19,-1734.5673076923085,1597.173474576271,1670.265254237288,759.5073640167366,95.33582089552243
2023-08-20,-1930.1826923076915,552.1638655462185,509.9201260504201,151.41523012552307,775.7166336633663
2023-08-21,-1580.004926108375,4108.542616033756,3703.549240506329,1895.3167364016736,1057.5966831683168
2023-08-22,3056.1497584541066,3793.501772151899,3627.951308016878,1539.2302092050195,976.420197044335
2023-08-23,-1604.8599033816427,4000.4928691983123,3622.6526160337553,1482.2113924050627,158.28490099009923
2023-08-24,1206.1207729468606,2597.033067226891,3056.5161344537823,-286.3858823529408,600.65895
2023-08-25,5627.995121951219,3853.564621848739,3508.3214830508477,1198.138493723849,480.59532338308463
2023-08-26,-2267.5673076923085,1989.173474576271,1792.745254237288,895.6973640167362,277.2258208955224
2023-08-27,2046.8173076923085,666.1038655462186,614.5701260504202,224.1252301255231,699.7966336633663
2023-08-28,223.995073891625,3949.2826160337554,3689.1092405063287,1467.9567364016748,532.626683168317
2023-08-29,2004.1497584541066,3667.9417721518976,3437.701308016878,1195.1202092050207,277.54019704433495
2023-08-30,2044.1400966183573,2808.3828691983117,3104.772616033755,281.1213924050626,455.06490099009943
2023-08-31,-1063.8792270531394,3104.323067226891,3234.036134453782,180.7641176470588,216.47895000000017
2023-09-01,3366.9951219512186,2359.8846218487397,2805.4414830508476,-468.78150627615105,172.5353233830847
2023-09-02,-1722.5673076923085,1188.9734745762712,1356.2152542372883,-4.642635983263517,98.48582089552241
2023-09-03,3328.8173076923085,627.6638655462185,609.9301260504201,158.2652301255232,723.7566336633663
2023-09-04,-1963.004926108375,3608.932616033755,3549.749240506329,1145.3967364016735,543.8666831683167
2023-09-05,2039.1497584541066,3496.461772151898,3431.2113080168783,1069.9402092050204,440.000197044335
2023-09-06,-3472.8599033816427,3437.062869198312,3431.262616033755,784.6713924050637,309.81490099009943
2023-09-07,2772.1207729468606,2977.8530672268917,3259.9861344537817,124.64411764705983,568.6889500000002
2023-09-08,2975.9951219512186,3544.2446218487394,3420.961483050847,886.9884937238494,-6.954676616915322
2023-09-09,-907.5673076923085,1590.4134745762713,1585.0452542372882,299.1873640167364,-71.46417910447764
2023-09-10,-2936.1826923076915,687.1938655462185,650.7101260504202,214.3852301255231,483.5266336633663
2023-09-11,1118.995073891625,3653.092616033755,3510.5692405063287,1252.7167364016732,771.7866831683168
2023-09-12,4324.149758454107,3810.9017721518985,3722.361308016878,1413.0502092050192,795.4301970443348
2023-09-13,4867.140096618357,3743.5328691983113,3657.022616033755,1299.8413924050637,619.0349009900992
2023-09-14,-1021.8792270531394,2928.9230672268914,3581.536134453782,603.9941176470602,401.34895000000006
2023-09-15,2425.9951219512186,3218.984621848739,3359.3814830508472,767.8584937238502,-74.7246766169153
2023-09-16,484.43269230769147,1150.023474576271,654.9952542372882,158.31736401673606,-144.8641791044776
2023-09-17,-2184.1826923076915,366.48386554621845,579.5501260504201,55.885230125523094,652.5066336633663
2023-09-18,2484.995073891625,3901.182616033755,3667.419240506329,1620.006736401674,609.9466831683167
2023-09-19,-1584.8502415458934,3831.451772151898,3905.1313080168784,1865.4402092050204,446.6101970443351
2023-09-20,480.14009661835735,3652.1228691983115,3726.352616033755,1395.8213924050633,107.13490099009914
2023-09-21,1521.1207729468606,2845.8030672268906,3283.6961344537817,371.0541176470597,703.90895
2023-09-22,2002.9951219512186,3916.2946218487405,3716.0714830508477,1452.6084937238502,330.7753233830847
2023-09-23,3580.4326923076915,2275.0734745762707,2084.8652542372884,1255.937364016736,-108.85417910447762
2023-09-24,-2606.1826923076915,761.3538655462186,706.86012605042,375.7452301255232,779.5166336633665
2023-09-25,2123.995073891625,4644.022616033755,4098.34924050633,2143.9867364016736,627.8266831683168
2023-09-26,1839.1497584541066,4005.2717721518975,4055.0113080168776,2080.1502092050196,61.660197044334836
2023-09-27,1467.1400966183573,3198.6228691983115,3041.8226160337554,295.5113924050638,-2403.1450990099006
2023-09-28,738.1207729468606,-3415.626932773109,-994.2438655462181,-7475.52588235294,-2748.13105
2023-09-29,-6755.004878048781,-4768.77537815126,-1982.5085169491526,-8879.07150627615,-1142.2146766169153
2023-09-30,-1214.5673076923085,-1517.726525423729,-508.54474576271184,-2906.9126359832635,-100.34417910447763
2023-10-01,2503.8173076923085,69.5538655462185,237.2801260504201,-486.69476987447683,-1163.0233663366337
2023-10-02,3067.995073891625,-2448.077383966245,-523.6107594936709,-5901.9732635983255,-1471.1833168316832
2023-10-03,-2450.8502415458934,-2429.758227848102,-439.5686919831219,-6267.84979079498,65.75019704433498
2023-10-04,9380.140096618357,2894.7928691983116,3098.212616033755,48.43139240506389,654.0849009900994
2023-10-05,-1910.8792270531394,3919.653067226891,3674.626134453782,1092.4241176470587,752.11895
2023-10-06,-3473.0048780487814,4125.414621848739,4001.421483050847,1487.3684937238504,743.3653233830848
2023-10-07,-1691.5673076923085,2063.4534745762708,1897.1952542372883,985.9773640167359,-66.01417910447765
2023-10-08,-5937.1826923076915,428.3138655462184,476.10012605042016,-63.094769874476924,-475.88336633663357
2023-10-09,-4390.004926108375,-1111.297383966245,356.80924050632893,-4266.953263598326,476.7966831683166
2023-10-10,-655.8502415458934,3242.761772151899,3482.6313080168784,614.7602092050201,649.190197044335
2023-10-11,-316.85990338164265,3865.682869198311,3733.4926160337545,1321.7113924050627,817.9349009900993
2023-10-12,-911.8792270531394,1574.703067226891,3757.0561344537823,1085.56411764706,726.2789499999999
2023-10-13,-3032.0048780487814,428.6446218487399,3572.831483050847,1216.3984937238492,324.71532338308475
2023-10-14,464.43269230769147,325.4534745762712,1840.8352542372882,663.8873640167367,12.7458208955224
2023-10-15,-3120.1826923076915,212.21386554621847,732.6601260504202,343.59523012552313,694.2166336633663
2023-10-16,2676.995073891625,475.06261603375515,3602.709240506329,1498.666736401674,724.836683168317
2023-10-17,-1426.8502415458934,611.9817721518984,3867.5113080168776,1412.7002092050207,395.44019704433504
2023-10-18,-1940.8599033816427,1916.2328691983112,3623.6226160337546,1112.3313924050635,410.3749009900994
2023-10-19,1203.1207729468606,1685.783067226891,3571.866134453782,737.9341176470589,116.24895000000015
2023-10-20,-3312.0048780487814,1852.2646218487398,3393.4814830508476,726.1584937238495,-44.994676616915285
2023-10-21,-1668.5673076923085,923.653474576271,1708.8852542372883,399.92736401673665,-55.28417910447763
2023-10-22,4542.8173076923085,681.3838655462185,717.8001260504201,357.6052301255231,397.2566336633663
2023-10-23,1521.995073891625,3231.0426160337547,3518.7792405063287,1353.2267364016734,445.1866831683169
2023-10-24,1667.1497584541066,3636.9417721518976,3670.831308016878,1094.92020920502,515.4501970443348
2023-10-25,-2274.8599033816427,3756.682869198311,3750.8726160337546,1274.3413924050637,349.46490099009907
2023-10-26,3079.1207729468606,3533.2930672268903,3610.2261344537824,872.0641176470599,283.0689500000003
2023-10-27,5217.995121951219,3387.9146218487394,3316.6914830508476,611.5384937238505,112.39532338308459
2023-10-28,-98.56730769230853,1631.3034745762711,1596.705254237288,392.7173640167366,-87.49417910447761
2023-10-29,-991.1826923076915,688.9038655462185,631.7801260504201,230.73523012552323,421.6866336633666
2023-10-30,6098.995073891625,3360.2926160337547,3349.999240506329,892.1667364016739,392.6866831683169
2023-10-31,-2254.8502415458934,3471.9817721518984,3664.061308016878,1140.2002092050207,165.62019704433487
2023-11-01,1969.1400966183573,1966.8728691983115,3141.892616033755,326.5813924050635,132.9449009900991
2023-11-02,2500.1207729468606,1197.1830672268907,3334.3561344537816,292.10411764705896,164.47895000000017
2023-11-03,103.99512195121861,1248.27462184874,3083.7214830508474,231.8784937238488,88.54532338308468
2023-11-04,4796.4326923076915,340.13347457627106,1168.3652542372884,-122.24263598326388,24.465820895522427
2023-11-05,276.81730769230853,299.0638655462184,626.0301260504201,136.80523012552317,220.5066336633663
2023-11-06,-381.004926108375,1208.6526160337553,3052.7792405063287,170.78673640167472,412.87668316831696
2023-11-07,-1339.8502415458934,1667.3517721518983,3412.401308016878,564.3502092050203,419.6501970443351
2023-11-08,-341.85990338164265,1677.2828691983113,3358.9126160337546,689.0413924050627,412.50490099009903
2023-11-09,1232.1207729468606,1670.5230672268908,3653.456134453782,527.5741176470601,374.73894999999993
2023-11-10,1517.9951219512186,1673.2946218487396,3269.411483050847,407.64849372384924,78.67532338308456
2023-11-11,2069.4326923076915,647.753474576271,1418.7552542372882,146.04736401673608,-23.73417910447762
2023-11-12,2723.8173076923085,461.1938655462185,686.9701260504202,322.0052301255232,453.89663366336663
2023-11-13,2136.995073891625,1712.2026160337546,3301.409240506329,709.4967364016738,318.37668316831696
2023-11-14,5251.149758454107,1573.4117721518987,3471.611308016878,734.4802092050195,442.6501970443351
2023-11-15,43.14009661835735,1402.8728691983115,3180.7826160337545,497.391392405063,248.75490099009903
2023-11-16,3188.1207729468606,1373.653067226891,3199.426134453782,66.00411764705859,192.82895000000008
2023-11-17,-2640.0048780487814,1493.8346218487395,3163.3614830508477,235.6084937238502,232.41532338308457
2023-11-18,-2167.5673076923085,592.0134745762712,936.4252542372881,49.5273640167361,93.7458208955224
2023-11-19,-3049.1826923076915,345.63386554621854,621.0401260504201,133.2552301255232,499.9266336633664
2023-11-20,1420.995073891625,1866.592616033755,3350.7392405063288,885.5667364016736,483.14668316831694
2023-11-21,1079.1497584541066,1823.0317721518986,3518.6713080168784,1073.2202092050193,579.460197044335
2023-11-22,1184.1400966183573,1753.812869198312,3395.472616033755,785.6113924050624,298.61490099009916
2023-11-23,-2374.8792270531394,1635.0930672268905,3358.086134453782,578.98411764706,316.90895
2023-11-24,2940.9951219512186,1768.27462184874,3343.421483050847,616.8384937238498,495.97532338308474
2023-11-25,5292.4326923076915,806.4934745762712,1575.325254237288,273.6673640167364,207.33582089552243
2023-11-26,-4903.1826923076915,238.8038655462184,539.2901260504201,-23.234769874476797,558.0166336633665
2023-11-27,5877.995073891625,1294.7726160337552,2919.709240506329,273.61673640167464,628.0066831683166
2023-11-28,6766.149758454107,1682.9517721518987,3336.581308016878,591.7602092050201,271.6001970443349
2023-11-29,-17.859903381642653,1647.4228691983117,3187.772616033755,607.1113924050624,263.75490099009903
2023-11-30,-2054.8792270531394,1252.2730672268908,3112.6361344537822,53.99411764706019,212.2789499999999
2023-12-01,-247.0048780487814,1336.2646218487398,3067.2214830508474,121.08849372384975,138.70532338308476
2023-12-02,8209.432692307691,492.713474576271,1314.705254237288,-102.92263598326372,262.1158208955224
2023-12-03,-246.18269230769147,225.9338655462185,523.7301260504202,8.625230125523103,627.0566336633665
2023-12-04,6402.995073891625,1238.6326160337549,2086.209240506329,603.4867364016736,437.1566831683167
2023-12-05,-2078.8502415458934,1610.3517721518983,-2237.968691983122,644.0302092050206,522.4001970443351
2023-12-06,1635.1400966183573,1531.6328691983117,-2254.197383966245,633.271392405064,566.4049009900991
2023-12-07,-5782.879227053139,1139.5830672268912,-2292.293865546218,165.48411764705997,438.79895000000033
2023-12-08,5665.995121951219,1499.1546218487392,-2219.2785169491526,683.4584937238506,458.98532338308473
2023-12-09,-1842.5673076923085,640.2434745762712,-1055.4147457627118,177.0273640167361,181.53582089552236
2023-12-10,-907.1826923076915,166.88386554621843,-356.99987394957986,-16.464769874476815,164.8866336633664
2023-12-11,1483.995073891625,1469.8226160337545,-2086.080759493671,363.05673640167333,272.99668316831685
2023-12-12,9602.149758454107,1739.6917721518985,-2237.968691983122,840.1602092050198,519.0301970443352
2023-12-13,-4912.859903381643,1605.5928691983117,-2254.197383966245,1110.5813924050635,531.7049009900993
2023-12-14,2895.1207729468606,1442.033067226891,-2292.293865546218,144.82411764706012,-37.691049999999905
2023-12-15,1968.9951219512186,254.42462184873966,-2219.2785169491526,-761.4315062761507,37.32532338308465
2023-12-16,-1655.5673076923085,504.76347457627116,-1055.4147457627118,-161.17263598326372,3.21582089552237
2023-12-17,876.8173076923085,252.8038655462184,-356.99987394957986,3.875230125523103,484.1766336633664
2023-12-18,-4565.004926108375,1577.5326160337545,-2086.080759493671,799.4667364016732,381.2966831683166
2023-12-19,2370.1497584541066,1863.291772151898,-2237.968691983122,1052.0302092050206,316.67019704433505
2023-12-20,-6727.859903381643,1647.7728691983111,-2254.197383966245,494.15139240506323,215.65490099009912
2023-12-21,7299.120772946861,1358.5130672268906,-2292.293865546218,206.30411764705968,-23.641049999999723
2023-12-22,-6020.004878048781,1164.0046218487396,-2219.2785169491526,92.32849372384953,102.86532338308461
2023-12-23,3980.4326923076915,353.5734745762711,-1055.4147457627118,55.697364016736174,-6.364179104477614
2023-12-24,-2555.1826923076915,-108.96613445378148,-356.99987394957986,-424.9647698744768,-1207.2933663366337
2023-12-25,1468.995073891625,-2662.877383966245,-2086.080759493671,-5489.453263598326,24.206683168316886
2023-12-26,-2494.8502415458934,919.461772151898,-2237.968691983122,314.040209205019,434.3801970443351
2023-12-27,5500.140096618357,1708.6728691983117,-2254.197383966245,1173.391392405063,212.73490099009905
2023-12-28,1416.1207729468606,1288.5130672268906,-2292.293865546218,362.3041176470597,-250.82105
2023-12-29,-2019.0048780487814,791.0846218487395,-2219.2785169491526,-132.49150627615018,-212.18467661691534
2023-12-30,16.432692307691468,192.03347457627115,-1055.4147457627118,-190.73263598326366,-113.2541791044776
2023-12-31,-4302.1826923076915,-219.34613445378147,-356.99987394957986,-594.5447698744769,-1934.2533663366335
2024-01-01,1235.995073891625,-3957.097383966245,-2086.080759493671,-7339.163263598326,-420.4533168316834
2024-01-02,365.14975845410663,465.60177215189833,-2237.968691983122,-1115.7597907949803,-27.779802955665218
2024-01-03,-1349.8599033816427,1575.062869198312,-2254.197383966245,436.0613924050631,83.59490099009918
2024-01-04,682.1207729468606,1467.653067226891,-2292.293865546218,529.7641176470588,69.5289499999999
2024-01-05,-3806.0048780487814,1336.2146218487396,-2219.2785169491526,547.6284937238488,231.1353233830846
2024-01-06,2616.4326923076915,367.26347457627116,-1055.4147457627118,82.69736401673617,-25.404179104477635
2024-01-07,-2327.1826923076915,171.49386554621844,-356.99987394957986,-9.184769874476842,81.86663366336643
2024-01-08,73.995073891625,1472.7926160337547,-2086.080759493671,651.2567364016741,-41.13331683168326
2024-01-09,-2586.8502415458934,1554.8517721518983,-2237.968691983122,662.210209205019,-64.06980295566518
2024-01-10,-3016.8599033816427,1335.4628691983116,-2254.197383966245,62.81139240506309,129.88490099009914
2024-01-11,47.1207729468606,1581.403067226891,-2292.293865546218,590.4941176470602,215.21894999999995
2024-01-12,3341.9951219512186,1615.77462184874,-2219.2785169491526,775.7984937238489,-29.474676616915303
2024-01-13,250.43269230769147,600.5534745762711,-1055.4147457627118,258.86736401673625,-15.514179104477648
2024-01-14,-1437.1826923076915,115.35386554621846,-356.99987394957986,-90.64476987447688,-98.01336633663368
2024-01-15,4377.995073891625,1685.842616033755,-2086.080759493671,969.7167364016732,-45.14331683168302
2024-01-16,2111.1497584541066,1478.6617721518987,-2237.968691983122,873.4802092050195,-11.979802955665036
2024-01-17,2650.1400966183573,1879.6728691983117,-2254.197383966245,971.5413924050627,-130.5250990099007
2024-01-18,-4755.879227053139,1457.863067226891,-2292.293865546218,-220.14588235294104,214.4389500000002
2024-01-19,-1790.0048780487814,1274.8246218487393,-2219.2785169491526,205.9984937238496,-79.57467661691544
2024-01-20,-2063.5673076923085,461.7234745762712,-1055.4147457627118,-74.48263598326366,-47.27417910447764
2024-01-21,-2083.1826923076915,212.47386554621846,-356.99987394957986,35.84523012552313,135.64663366336663
2024-01-22,-2158.004926108375,1518.802616033755,-2086.080759493671,642.1567364016737,53.406683168316704
2024-01-23,6026.149758454107,1396.0817721518988,-2237.968691983122,573.0902092050201,97.71019704433502
2024-01-24,-3664.8599033816427,1121.3628691983113,-2254.197383966245,121.98139240506316,75.09490099009918
2024-01-25,2666.1207729468606,1281.9130672268911,-2292.293865546218,169.55411764705968,158.3189500000003
2024-01-26,-3505.0048780487814,1499.6346218487397,-2219.2785169491526,1171.6884937238501,54.505323383084715
2024-01-27,2572.4326923076915,582.443474576271,-1055.4147457627118,367.04736401673654,-64.27417910447764
2024-01-28,2249.8173076923085,316.24386554621844,-356.99987394957986,238.33523012552314,209.67663366336637
2024-01-29,-2798.004926108375,1868.4626160337548,-2086.080759493671,1256.9867364016736,304.0466831683166
2024-01-30,2824.1497584541066,1751.251772151898,-2237.968691983122,1247.5802092050199,96.84019704433513
2024-01-31,2189.1400966183573,1312.852869198312,-2254.197383966245,221.39139240506302,73.5749009900992
2024-02-01,180.1207729468606,1099.7230672268906,-2292.293865546218,-205.15588235294126,278.13895
2024-02-02,5812.995121951219,1696.9746218487398,-2219.2785169491526,1113.6484937238492,144.1353233830846
2024-02-03,-690.5673076923085,592.3934745762713,-1055.4147457627118,372.93736401673596,-56.85417910447762
2024-02-04,3085.8173076923085,232.99386554621844,-356.99987394957986,56.545230125523176,159.76663366336652
2024-02-05,4226.995073891625,1488.7726160337552,-2086.080759493671,217.79673640167312,462.6366831683167
2024-02-06,729.1497584541066,1943.131772151898,-2237.968691983122,1288.3102092050194,515.460197044335
2024-02-07,-5067.859903381643,1946.0228691983111,-2254.197383966245,1419.7013924050625,-106.52509900990071
2024-02-08,3959.1207729468606,436.7030672268911,-2292.293865546218,-1030.2058823529405,-2443.4910499999996
2024-02-09,-1888.0048780487814,-3838.06537815126,-2219.2785169491526,-7437.08150627615,-1263.9146766169154
2024-02-11,-6946.1826923076915,-284.7161344537815,-356.99987394957986,-706.8047698744768,-1775.0233663366334
2024-02-12,3453.995073891625,-3371.117383966245,-2086.080759493671,-6606.373263598326,-290.35331683168306
2024-02-13,4172.149758454107,693.6217721518988,-2237.968691983122,-809.8097907949796,220.55019704433516
2024-02-14,-3721.8599033816427,1334.182869198312,-2254.197383966245,417.641392405063,181.14490099009936
2024-02-15,1508.1207729468606,1221.1630672268911,-2292.293865546218,434.7041176470593,268.38895
2024-02-16,-4617.004878048781,1290.3046218487398,-2219.2785169491526,569.4784937238492,484.2753233830847
2024-02-17,-747.5673076923085,619.8534745762709,-1055.4147457627118,640.5773640167363,-7.044179104477621
2024-02-18,5166.8173076923085,356.5938655462186,-356.99987394957986,285.83523012552314,47.956633663366574
2024-02-19,-3596.004926108375,870.2126160337548,-2086.080759493671,-161.92326359832623,-5.463316831683187
2024-02-20,-5571.850241545893,1101.5117721518982,-2237.968691983122,62.330209205019855,-118.39980295566511
2024-02-21,417.14009661835735,845.1228691983115,-2254.197383966245,-748.9486075949371,6.844900990099177
2024-02-22,4963.120772946861,878.6730672268905,-2292.293865546218,-422.76588235294,319.2789499999999
2024-02-23,-3705.0048780487814,1322.02462184874,-2219.2785169491526,641.9084937238495,70.90532338308458
2024-02-24,1246.4326923076915,627.153474576271,-1055.4147457627118,447.49736401673636,66.1158208955224
2024-02-25,8636.817307692309,211.91386554621852,-356.99987394957986,95.5152301255232,424.11663366336643
2024-02-26,-4538.004926108375,1653.762616033755,-2086.080759493671,1273.7167364016732,528.876683168317
2024-02-27,7562.149758454107,1969.0317721518986,-2237.968691983122,1073.8202092050196,546.1501970443351
2024-02-28,8490.140096618357,1911.5428691983116,-2254.197383966245,792.021392405064,309.75490099009903
2024-02-29,5038.120772946861,1062.363067226891,-2292.293865546218,-70.32588235294133,-838.2610500000001
2024-03-01,7592.995121951219,-2232.3253781512603,-2219.2785169491526,-4942.681506276151,-16.43467661691534
2024-03-02,88.43269230769147,-73.69652542372887,-1055.4147457627118,-527.2326359832637,66.94582089552233
2024-03-03,13984.817307692309,164.91386554621852,-356.99987394957986,-34.43476987447684,591.7766336633663
2024-03-04,8391.995073891625,1858.682616033755,-2086.080759493671,1394.506736401674,148.16668316831692
2024-03-05,-2121.8502415458934,1279.5617721518984,-2237.968691983122,-155.83979079498022,308.1001970443349
2024-03-06,1344.1400966183573,2057.0928691983117,-2254.197383966245,1261.521392405064,429.8349009900994
2024-03-07,-1581.8792270531394,1966.8330672268912,-2292.293865546218,1014.1341176470596,328.2889500000001
2024-03-08,2675.9951219512186,1877.5046218487396,-2219.2785169491526,1309.84849372385,43.97532338308474
2024-03-09,3475.4326923076915,693.463474576271,-1055.4147457627118,361.24736401673636,-6.054179104477612
2024-03-10,-4348.1826923076915,206.6938655462185,-356.99987394957986,70.23523012552323,457.8866336633664
2024-03-11,1319.995073891625,1940.602616033755,-2086.080759493671,1338.6067364016744,336.4066831683167
2024-03-12,11878.149758454107,1618.8317721518988,-2237.968691983122,590.5302092050206,642.1201970443349
2024-03-13,2305.1400966183573,2224.682869198312,-2254.197383966245,1420.8613924050624,510.56490099009943
2024-03-14,-4528.879227053139,1925.1230672268912,-2292.293865546218,1027.2841176470592,470.01895000000013
2024-03-15,11431.995121951219,1852.0346218487393,-2219.2785169491526,1459.51849372385,378.56532338308466
2024-03-16,-2420.5673076923085,685.1034745762709,-1055.4147457627118,274.01736401673634,32.57582089552233
2024-03-17,571.8173076923085,354.08386554621836,-356.99987394957986,240.5052301255232,505.39663366336663
2024-03-18,3726.995073891625,2126.842616033755,-2086.080759493671,1445.7667364016743,589.4166831683169
2024-03-19,3631.1497584541066,2054.1817721518983,-2237.968691983122,1519.00020920502,204.93019704433482
2024-03-20,-2843.8599033816427,2152.5828691983115,-2254.197383966245,1511.1913924050623,289.6249009900994
2024-03-21,-464.8792270531394,2037.0930672268905,-2292.293865546218,1256.1641176470603,73.4389500000002
2024-03-22,-1005.0048780487814,2052.404621848739,-2219.2785169491526,1034.5784937238495,-84.02467661691526
2024-03-23,8272.432692307691,665.0334745762711,-1055.4147457627118,358.49736401673636,-27.344179104477632
2024-03-24,-891.1826923076915,167.35386554621846,-356.99987394957986,-41.43476987447684,154.37663366336665
2024-03-25,2063.995073891625,1754.2926160337547,-2086.080759493671,1253.6467364016735,16.916683168316922
2024-03-26,3259.1497584541066,1258.341772151898,-2237.968691983122,243.70020920502066,275.74019704433476
2024-03-27,1049.1400966183573,1951.0028691983116,-2254.197383966245,1471.1913924050623,-221.81509900990068
2024-03-28,3800.1207729468606,486.0230672268908,-2292.293865546218,-634.5658823529411,34.44894999999997
2024-03-29,-1695.0048780487814,1467.85462184874,-2219.2785169491526,370.5484937238489,60.80532338308467
2024-03-30,5841.4326923076915,909.1034745762709,-1055.4147457627118,460.397364016736,5.765820895522381
2024-03-31,-1665.1826923076915,376.58386554621836,-356.99987394957986,175.3852301255231,245.6366336633664
2024-04-01,4538.995073891625,1990.4826160337552,-2086.080759493671,1088.6967364016746,249.48668316831663
2024-04-02,1264.1497584541066,2003.3017721518981,-2237.968691983122,1088.8802092050191,-165.32980295566495
2024-04-03,725.1400966183573,595.6128691983113,-2254.197383966245,-605.2886075949373,405.48490099009905
2024-04-04,3637.1207729468606,1329.3130672268908,-2292.293865546218,241.3841176470596,326.62895000000026
2024-04-05,-1548.0048780487814,2266.0746218487393,-2219.2785169491526,1052.4984937238496,286.8953233830846
2024-04-06,4702.4326923076915,857.0934745762711,-1055.4147457627118,455.897364016736,24.865820895522404
2024-04-07,4567.8173076923085,332.33386554621836,-356.99987394957986,191.8752301255231,439.87663366336665
2024-04-08,-4503.004926108375,1883.142616033755,-2086.080759493671,1250.8967364016735,437.62668316831696
2024-04-09,4210.149758454107,2182.331772151899,-2237.968691983122,1433.8102092050194,-1382.789802955665
2024-04-10,-2353.8599033816427,-1710.0671308016886,-2254.197383966245,-4514.138607594937,196.7049009900993
2024-04-11,1581.1207729468606,1705.3030672268906,-2292.293865546218,718.1141176470592,12.988949999999932
2024-04-12,-782.0048780487814,1813.5446218487396,-2219.2785169491526,1061.3784937238488,277.83532338308464
2024-04-13,3096.4326923076915,1008.923474576271,-1055.4147457627118,505.93736401673596,58.7458208955224
2024-04-14,-3083.1826923076915,345.36386554621856,-356.99987394957986,254.1352301255231,203.54663366336626
2024-04-15,3452.995073891625,783.6926160337553,-2086.080759493671,588.9667364016732,526.356683168317
2024-04-16,2835.1497584541066,1294.251772151898,-2237.968691983122,595.9402092050204,446.05019704433516
2024-04-17,-138.85990338164265,1928.9728691983119,-2254.197383966245,984.1113924050624,289.03490099009923
2024-04-18,-6316.879227053139,1773.3430672268905,-2292.293865546218,760.3141176470599,160.76895000000013
2024-04-19,5111.995121951219,1626.7946218487396,-2219.2785169491526,858.09849372385,283.91532338308457
2024-04-20,-5667.5673076923085,440.68347457627124,-1055.4147457627118,358.37736401673646,42.10582089552241
2024-04-21,-1416.1826923076915,320.2038655462185,-356.99987394957986,188.0152301255232,516.0366336633665
2024-04-22,3871.995073891625,1786.592616033755,-2086.080759493671,1030.8867364016733,363.96668316831665
2024-04-23,154.14975845410663,2125.5217721518984,-2237.968691983122,1126.540209205019,346.750197044335
2024-04-24,2914.1400966183573,1622.3428691983117,-2254.197383966245,565.5413924050627,276.21490099009907
2024-04-25,9829.12077294686,1901.1630672268911,-2292.293865546218,779.1141176470592,233.63895000000002
2024-04-26,-6150.004878048781,1543.6146218487393,-2219.2785169491526,746.3784937238488,401.05532338308467
2024-04-27,-1374.5673076923085,862.7634745762712,-1055.4147457627118,301.9273640167362,5.285820895522363
2024-04-28,4470.8173076923085,471.63386554621854,-356.99987394957986,396.67523012552306,216.1866336633666
2024-04-29,159.995073891625,1286.1226160337546,-2086.080759493671,313.80673640167333,414.51668316831683
2024-04-30,4955.149758454107,1815.131772151898,-2237.968691983122,1376.0302092050206,-1694.189802955665
2024-05-01,-727.8599033816427,-2299.3771308016885,-2254.197383966245,-5517.6686075949365,258.03490099009923
2024-05-02,-166.8792270531394,2100.5430672268913,-2292.293865546218,1032.9241176470587,213.85895000000028
2024-05-03,1819.9951219512186,2454.7046218487394,-2219.2785169491526,1796.5784937238495,212.7853233830847
2024-05-04,2578.4326923076915,911.3734745762708,-1055.4147457627118,426.4773640167359,-45.48417910447762
2024-05-05,3410.8173076923085,55.153865546218526,-356.99987394957986,-118.06476987447672,-1235.1333663366336
2024-05-06,1083.995073891625,-2585.7473839662453,-2086.080759493671,-5341.803263598325,165.41668316831692
2024-05-07,-2479.8502415458934,1871.0817721518988,-2237.968691983122,569.4102092050198,266.05019704433516
2024-05-08,-1759.8599033816427,2265.4028691983112,-2254.197383966245,1404.141392405063,201.63490099009914
2024-05-09,-2358.8792270531394,2130.4230672268905,-2292.293865546218,1046.0741176470601,83.86895000000004
2024-05-10,11127.995121951219,2176.26462184874,-2219.2785169491526,1259.3784937238488,34.2753233830847
2024-05-11,-4252.5673076923085,790.3334745762709,-1055.4147457627118,478.4473640167362,-34.72417910447763
2024-05-12,4504.8173076923085,153.27386554621842,-356.99987394957986,-6.854769874476915,264.7766336633663
2024-05-13,-1161.004926108375,2225.3626160337553,-2086.080759493671,1690.4067364016737,433.97668316831687
2024-05-14,1998.1497584541066,2412.7417721518987,-2237.968691983122,1534.9002092050196,-1289.469802955665
2024-05-15,-2083.8599033816427,-1737.3771308016885,-2254.197383966245,-4432.228607594937,259.31490099009943
2024-05-16,-5960.879227053139,2384.2230672268906,-2292.293865546218,1185.5041176470586,112.26895000000013
2024-05-17,773.9951219512186,2544.694621848739,-2219.2785169491526,1878.2384937238494,124.98532338308473
2024-05-18,2855.4326923076915,1136.6434745762713,-1055.4147457627118,673.7273640167359,27.16582089552236
2024-05-19,149.81730769230853,379.0338655462184,-356.99987394957986,233.3752301255231,203.56663366336625
2024-05-20,1474.995073891625,2390.6526160337553,-2086.080759493671,1685.9767364016734,237.12668316831696
2024-05-21,1245.1497584541066,1961.8117721518984,-2237.968691983122,1134.3502092050203,129.90019704433507
2024-05-22,7600.140096618357,2149.522869198311,-2254.197383966245,1406.6113924050624,95.49490099009927
2024-05-23,-6183.879227053139,2220.523067226891,-2292.293865546218,884.0441176470595,142.64895000000024
2024-05-24,-1348.0048780487814,1883.10462184874,-2219.2785169491526,885.7484937238496,104.99532338308472
2024-05-25,-339.56730769230853,757.423474576271,-1055.4147457627118,358.9473640167362,-40.59417910447763
2024-05-26,677.8173076923085,188.5638655462185,-356.99987394957986,33.19523012552327,200.3866336633664
2024-05-27,4264.995073891625,2040.1526160337553,-2086.080759493671,1002.7667364016743,99.44668316831667
2024-05-28,-2063.8502415458934,1863.8617721518985,-2237.968691983122,955.42020920502,26.220197044334782
2024-05-29,-48.85990338164265,1808.6528691983112,-2254.197383966245,948.7213924050629,101.2049009900993
2024-05-30,4931.120772946861,1315.3930672268907,-2292.293865546218,676.6741176470587,-121.02104999999983
2024-05-31,-2710.0048780487814,1820.4546218487394,-2219.2785169491526,1043.6084937238502,43.2753233830847
2024-06-01,3775.4326923076915,675.8634745762711,-1055.4147457627118,162.66736401673643,-87.97417910447763
2024-06-02,-97.18269230769147,408.96386554621847,-356.99987394957986,307.82523012552315,110.11663366336643
2024-06-03,498.995073891625,2867.632616033755,-2086.080759493671,1237.8267364016738,101.35668316831698
2024-06-04,-4052.8502415458934,3732.471772151898,-2237.968691983122,1071.1502092050196,251.6101970443351
2024-06-05,-792.8599033816427,3662.0028691983107,-2254.197383966245,1068.1613924050635,-1218.0950990099007
2024-06-06,-2185.8792270531394,-1292.096932773109,-2292.293865546218,-4890.7858823529405,39.78895000000011
2024-06-07,505.9951219512186,2821.0946218487397,-2219.2785169491526,202.1284937238488,-194.82467661691544
2024-06-08,-1171.5673076923085,911.7034745762712,-1055.4147457627118,93.74736401673636,14.285820895522363
2024-06-09,222.81730769230853,480.36386554621856,-356.99987394957986,93.72523012552324,150.01663366336652
2024-06-10,-3795.004926108375,3535.022616033755,-2086.080759493671,1466.4467364016746,345.23668316831663
2024-06-11,-1406.8502415458934,3723.011772151899,-2237.968691983122,1292.00020920502,77.54019704433495
2024-06-12,2510.1400966183573,3605.802869198312,-2254.197383966245,1184.6113924050624,-27.575099009900896
2024-06-13,-1887.8792270531394,3454.413067226891,-2292.293865546218,687.3841176470596,172.16895000000022
2024-06-14,-3014.0048780487814,3643.7446218487394,-2219.2785169491526,1059.7384937238494,-148.54467661691524
2024-06-15,5294.4326923076915,1549.963474576271,-1055.4147457627118,425.4773640167359,-40.09417910447763
2024-06-16,-2151.1826923076915,562.7638655462184,-356.99987394957986,153.04523012552318,-25.35336633663337
2024-06-17,2188.995073891625,3496.852616033755,-2086.080759493671,1269.7667364016743,99.19668316831667
2024-06-18,384.14975845410663,3942.1517721518985,-2237.968691983122,1278.8802092050191,55.13019704433509
2024-06-19,-4368.859903381643,3700.0328691983113,-2254.197383966245,1009.3613924050624,78.73490099009905
2024-06-20,3077.1207729468606,1798.1330672268905,-2292.293865546218,486.42411764705867,38.63895000000002
2024-06-21,-557.0048780487814,312.5146218487398,-2219.2785169491526,1082.6284937238488,15.235323383084733
2024-06-22,863.4326923076915,-98.18652542372911,-1055.4147457627118,283.4573640167364,-91.97417910447763
2024-06-23,-668.1826923076915,144.3038655462185,-356.99987394957986,47.50523012552321,154.34663366336645
2024-06-24,3388.995073891625,1571.722616033755,-2086.080759493671,1295.8267364016738,170.47668316831687
2024-06-25,-1512.8502415458934,1810.041772151898,-2237.968691983122,1352.9702092050193,172.34019704433513
2024-06-26,-441.85990338164265,1928.9428691983112,-2254.197383966245,1292.1713924050637,-135.9250990099008
2024-06-27,381.1207729468606,862.4830672268909,-2292.293865546218,220.73411764705997,-236.4610499999999
2024-06-28,-3049.0048780487814,1402.5546218487398,-2219.2785169491526,559.5484937238489,-73.90467661691537
2024-06-29,221.43269230769147,211.73347457627096,-1055.4147457627118,33.367364016736246,-131.16417910447763
2024-06-30,4762.8173076923085,173.0538655462185,-356.99987394957986,60.895230125523085,-101.53336633663366
2024-07-01,-2319.004926108375,1041.342616033755,-2086.080759493671,303.67673640167413,-420.2133168316832
2024-07-02,2980.1497584541066,-560.6282278481012,-2237.968691983122,-547.3597907949807,-262.6898029556651
2024-07-03,-3268.8599033816427,941.1328691983117,-2254.197383966245,-128.22860759493597,-121.4250990099008
2024-07-04,4291.120772946861,1426.0830672268912,-2292.293865546218,476.0141176470588,-182.03105000000005
2024-07-05,-2740.0048780487814,1287.9146218487394,-2219.2785169491526,537.1584937238495,-99.42467661691535
2024-07-06,-4104.5673076923085,224.943474576271,-1055.4147457627118,-236.60263598326355,-100.67417910447762
2024-07-07,2399.8173076923085,95.84386554621847,-356.99987394957986,-55.844769874476924,-86.42336633663353
2024-07-08,-1762.004926108375,1174.7726160337552,-2086.080759493671,644.336736401674,-356.663316831683
2024-07-09,-4076.8502415458934,1043.8017721518981,-2237.968691983122,148.8502092050203,-448.9098029556649
2024-07-10,4061.1400966183573,552.5328691983113,-2254.197383966245,-751.148607594936,-122.0750990099009
2024-07-11,330.1207729468606,722.823067226891,-2292.293865546218,138.11411764705917,9.668950000000223
2024-07-12,-749.0048780487814,1187.8746218487395,-2219.2785169491526,339.3584937238502,-110.99467661691529
2024-07-13,-711.5673076923085,287.5534745762711,-1055.4147457627118,-44.1926359832637,-60.8141791044776
2024-07-14,-859.1826923076915,15.713865546218472,-356.99987394957986,-50.92476987447685,-42.12336633663335
2024-07-15,-67.004926108375,758.5326160337545,-2086.080759493671,184.9567364016748,-293.7133168316832
2024-07-16,-1546.8502415458934,-244.11822784810192,-2237.968691983122,-621.2497907949801,72.78019704433518
2024-07-17,-49.85990338164265,930.4228691983117,-2254.197383966245,680.1313924050628,-101.18509900990057
2024-07-18,-3638.8792270531394,682.4730672268906,-2292.293865546218,128.2641176470588,-71.24105000000009
2024-07-19,1953.9951219512186,344.4646218487396,-2219.2785169491526,-435.60150627615076,121.09532338308463
2024-07-20,44.43269230769147,153.5934745762711,-1055.4147457627118,-322.2926359832636,-35.47417910447763
2024-07-21,465.81730769230853,170.16386554621852,-356.99987394957986,-8.624769874476897,318.79663366336626
2024-07-22,-833.004926108375,1943.6526160337553,-2086.080759493671,1156.9367364016744,305.39668316831694
2024-07-23,1674.1497584541066,1785.9417721518985,-2237.968691983122,1242.1902092050204,131.47019704433478
2024-07-24,1639.1400966183573,1229.0028691983116,-2254.197383966245,840.9413924050623,235.3249009900992
2024-07-25,-776.8792270531394,1469.9330672268907,-2292.293865546218,679.7641176470588,247.0289499999999
2024-07-26,460.9951219512186,1272.8346218487395,-2219.2785169491526,557.6884937238501,72.35532338308462
2024-07-27,4081.4326923076915,250.37347457627084,-1055.4147457627118,-118.85263598326355,-26.474179104477628
2024-07-28,-4130.1826923076915,125.13386554621843,-356.99987394957986,-3.584769874476933,131.1066336633662
2024-07-29,1984.995073891625,851.762616033755,-2086.080759493671,-93.91326359832601,-207.03331683168335
2024-07-30,-3071.8502415458934,616.7317721518984,-2237.968691983122,-615.6097907949807,-161.93980295566507
2024-07-31,4023.1400966183573,-51.837130801688545,-2254.197383966245,-1790.4586075949364,-401.88509900990084
2024-08-01,-4498.879227053139,-869.4969327731087,-2292.293865546218,-3112.265882352941,-982.64105
2024-08-02,6980.995121951219,-1403.2253781512604,-2219.2785169491526,-3716.0015062761504,36.57532338308465
2024-08-03,-1652.5673076923085,-473.74652542372905,-1055.4147457627118,-1112.1726359832637,34.98582089552241
2024-08-04,-3673.1826923076915,28.903865546218526,-356.99987394957986,-86.96476987447681,-402.4633663366335
2024-08-05,-2084.004926108375,755.1326160337549,-2086.080759493671,-483.82326359832587,-268.12331683168304
2024-08-06,875.1497584541066,1257.5717721518986,-2237.968691983122,-534.8097907949796,-169.0498029556652
2024-08-07,-3087.8599033816427,1026.4728691983119,-2254.197383966245,-498.0586075949377,4.834900990099413
2024-08-08,-1099.8792270531394,1096.903067226891,-2292.293865546218,-213.15588235294126,161.96894999999995
2024-08-09,-1006.0048780487814,1131.6746218487397,-2219.2785169491526,32.258493723849824,41.605323383084624
2024-08-10,356.43269230769147,244.96347457627098,-1055.4147457627118,-113.09263598326379,18.715820895522427
2024-08-11,907.8173076923085,105.24386554621844,-356.99987394957986,-36.204769874476824,380.96663366336634
2024-08-12,-6599.004926108375,1729.0426160337547,-2086.080759493671,851.8467364016742,503.0466831683166
2024-08-13,-2731.8502415458934,1969.9317721518983,-2237.968691983122,1230.460209205019,649.6501970443351
2024-08-14,-2748.8599033816427,1769.8628691983113,-2254.197383966245,261.0713924050633,-761.495099009901
2024-08-15,1451.1207729468606,-2424.3969327731093,-2292.293865546218,-5433.81588235294,139.91895000000022
2024-08-16,2027.9951219512186,906.5846218487395,-2219.2785169491526,-170.90150627615003,325.0153233830847
2024-08-17,-6508.5673076923085,246.75347457627095,-1055.4147457627118,-44.6926359832637,-67.5641791044776
2024-08-18,6868.8173076923085,141.4338655462185,-356.99987394957986,-0.2747698744767604,405.4166336633666
2024-08-19,-2392.004926108375,1814.392616033755,-2086.080759493671,1080.7167364016732,-574.6033168316831
2024-08-20,-2105.8502415458934,1337.1417721518983,-2237.968691983122,-4998.07979079498,28.5101970443352
2024-08-21,-1912.8599033816427,960.4328691983119,-2254.197383966245,-51.42860759493669,56.31490099009943
2024-08-22,1352.1207729468606,1223.743067226891,-2292.293865546218,-85.87588235294061,106.70895000000019
2024-08-23,-1282.0048780487814,1646.60462184874,-2219.2785169491526,542.7984937238489,53.14532338308459
2024-08-24,1241.4326923076915,471.5234745762709,-1055.4147457627118,104.81736401673606,27.295820895522354
2024-08-25,2063.8173076923085,182.5638655462185,-356.99987394957986,43.45523012552326,273.3866336633664
2024-08-27,-106.85024154589337,1724.4917721518987,-2237.968691983122,758.2202092050193,-37.61980295566491
2024-08-28,1370.1400966183573,1556.5528691983118,-2254.197383966245,737.0013924050636,-97.91509900990059
2024-08-29,-368.8792270531394,1310.8930672268907,-2292.293865546218,-2341.0358823529405,-641.88105
2024-08-30,82.99512195121861,1619.9246218487397,-2219.2785169491526,433.51849372385004,113.80532338308467
2024-08-31,-3850.5673076923085,434.13347457627106,-1055.4147457627118,-85.12263598326354,-111.66417910447763
2024-09-01,1070.8173076923085,218.22386554621846,-356.99987394957986,-8.27476987447676,76.35663366336621
2024-09-02,5246.995073891625,1920.302616033755,-2086.080759493671,933.9467364016746,50.07668316831678
2024-09-03,-8479.850241545893,1811.8517721518983,-2237.968691983122,1009.8702092050207,236.1101970443351
2024-09-04,-922.8599033816427,1794.1628691983115,-2254.197383966245,1125.5713924050633,271.48490099009905
2024-09-05,1690.1207729468606,1591.2130672268904,-2292.293865546218,542.8841176470596,289.17895
2024-09-06,-3077.0048780487814,2037.6246218487395,-2219.2785169491526,880.968493723849,46.265323383084706
2024-09-07,-1877.5673076923085,733.4334745762712,-1055.4147457627118,279.1873640167364,-119.15417910447763
2024-09-08,2466.8173076923085,332.48386554621845,-356.99987394957986,185.32523012552315,257.6566336633664
2024-09-09,-6205.004926108375,2307.9926160337545,-2086.080759493671,1737.0667364016736,245.38668316831672
2024-09-10,1829.1497584541066,2183.831772151899,-2237.968691983122,1687.8802092050191,137.18019704433482
2024-09-11,2096.1400966183573,1603.5428691983116,-2254.197383966245,1099.8613924050624,-130.61509900990086
2024-09-12,1937.1207729468606,2246.5930672268905,-2292.293865546218,1377.1741176470587,120.0589500000001
2024-09-13,1233.9951219512186,1420.0546218487398,-2219.2785169491526,534.3984937238492,-296.41467661691536
2024-09-14,55.43269230769147,284.713474576271,-1055.4147457627118,80.22736401673637,-194.04417910447762
2024-09-15,-3992.1826923076915,13.603865546218458,-356.99987394957986,-280.83476987447693,-2179.8133663366334
2024-09-16,-4120.004926108375,-4036.9773839662453,-2086.080759493671,-7533.163263598326,-2653.693316831683
2024-09-17,-2157.8502415458934,-4854.338227848101,-2237.968691983122,-8921.289790794981,-2210.459802955665
2024-09-18,-6289.859903381643,-3918.9271308016887,-2254.197383966245,-7691.868607594937,-622.4350990099006
2024-09-19,-4290.879227053139,566.2430672268911,-2292.293865546218,-1200.26588235294,-206.1910499999999
2024-09-20,1660.9951219512186,1015.3246218487393,-2219.2785169491526,-99.70150627615112,-393.67467661691535
2024-09-21,1460.4326923076915,-455.1965254237289,-1055.4147457627118,-325.5726359832638,-6.884179104477596
2024-09-22,-1575.1826923076915,230.6838655462185,-356.99987394957986,50.55523012552317,-7.753366336633462
2024-09-23,-2910.004926108375,1994.0326160337545,-2086.080759493671,1078.2267364016734,-25.28331683168335
2024-09-24,199.14975845410663,2037.7617721518982,-2237.968691983122,1165.92020920502,-7.789802955664982
2024-09-26,-2820.8792270531394,1506.2230672268906,-2292.293865546218,696.6641176470603,169.8389500000003
2024-09-27,-5051.004878048781,2074.6746218487397,-2219.2785169491526,1014.9784937238492,192.00532338308471
2024-09-28,6325.4326923076915,963.213474576271,-1055.4147457627118,575.4173640167364,-94.6941791044776
2024-09-29,-2790.1826923076915,389.9238655462185,-356.99987394957986,207.19523012552327,375.0066336633663
2024-09-30,-1637.004926108375,1971.2026160337546,-2086.080759493671,1422.2967364016731,-856.3733168316833
2024-10-01,4720.149758454107,-945.8582278481017,-2237.968691983122,-3316.6497907949797,336.480197044335
2024-10-02,-2961.8599033816427,2141.1628691983115,-2254.197383966245,954.8213924050633,-1379.6850990099008
2024-10-03,-2790.8792270531394,-2116.866932773109,-2292.293865546218,-5259.69588235294,24.578950000000077
2024-10-04,-532.0048780487814,1245.4946218487394,-2219.2785169491526,321.3584937238502,70.74532338308472
2024-10-05,-2747.5673076923085,678.8534745762709,-1055.4147457627118,299.12736401673646,-112.8841791044776
2024-10-06,2319.8173076923085,270.0538655462184,-356.99987394957986,63.16523012552307,-123.14336633663379
2024-10-07,-2143.004926108375,1671.9626160337548,-2086.080759493671,795.3167364016736,257.4066831683167
2024-10-08,50.14975845410663,2042.0117721518982,-2237.968691983122,1167.4402092050204,-1057.219802955665
2024-10-09,-4165.859903381643,-1377.0671308016886,-2254.197383966245,-4199.648607594937,191.66490099009934
2024-10-10,-3632.8792270531394,1746.283067226891,-2292.293865546218,589.4941176470602,362.64895000000024
2024-10-11,-79.00487804878139,2024.9646218487396,-2219.2785169491526,1492.9184937238497,-259.8846766169154
2024-10-12,-113.56730769230853,805.3234745762711,-1055.4147457627118,501.0273640167361,3.9858208955223517
2024-10-13,-2066.1826923076915,348.75386554621844,-356.99987394957986,212.95523012552326,287.0066336633663
2024-10-14,1856.995073891625,1828.142616033755,-2086.080759493671,1165.0567364016733,78.26668316831683
2024-10-15,-1655.8502415458934,687.921772151898,-2237.968691983122,208.42020920502,309.30019704433516
2024-10-16,4930.140096618357,1895.7628691983118,-2254.197383966245,1277.2113924050627,230.38490099009914
2024-10-17,-4863.879227053139,1962.6330672268905,-2292.293865546218,619.9541176470593,-52.30105000000003
2024-10-18,-1898.0048780487814,1339.1646218487394,-2219.2785169491526,371.95849372385055,74.35532338308462
2024-10-19,-1367.5673076923085,528.423474576271,-1055.4147457627118,-186.18263598326394,-45.6941791044776
2024-10-20,-625.1826923076915,438.73386554621845,-356.99987394957986,290.2952301255232,372.0166336633665
2024-10-21,-3037.004926108375,1986.012616033755,-2086.080759493671,1468.7867364016747,-315.9533168316834
2024-10-22,-100.85024154589337,-310.1182278481019,-2237.968691983122,-741.1797907949804,-154.4898029556648
2024-10-25,2334.9951219512186,1654.7446218487394,-2219.2785169491526,838.0384937238505,236.23532338308473
2024-10-26,-2755.5673076923085,703.3434745762711,-1055.4147457627118,299.11736401673625,-58.454179104477646
2024-10-27,-3900.1826923076915,390.8538655462186,-356.99987394957986,288.9052301255231,98.35663366336621
2024-10-28,1620.995073891625,1894.302616033755,-2086.080759493671,1430.1067364016744,91.51668316831683
2024-10-29,-2762.8502415458934,2100.3917721518983,-2237.968691983122,1246.1802092050202,53.730197044335
2024-10-30,-4117.859903381643,1864.182869198312,-2254.197383966245,1261.4013924050632,67.43490099009932
2024-12-30,2551.995073891625,1608.7726160337552,-2086.080759493671,822.8567364016744,-2447.8933168316835
2024-12-31,-350.85024154589337,518.421772151898,-2237.968691983122,-1308.0497907949803,-2174.979802955665
2025-01-01,-3501.8599033816427,-3966.5871308016885,-2254.197383966245,-7645.208607594937,-460.6550990099008
2025-01-02,-811.8792270531394,419.073067226891,-2292.293865546218,-1287.0058823529398,-139.75104999999985
2025-01-03,4214.995121951219,1251.2146218487396,-2219.2785169491526,-30.931506276150685,217.57532338308465
2025-01-04,-2858.5673076923085,254.5934745762711,-1055.4147457627118,-175.33263598326357,154.93582089552234
2025-01-05,-1768.1826923076915,126.62386554621844,-356.99987394957986,-108.52476987447676,-21.14336633663379
2025-01-07,-1504.8502415458934,1292.5617721518984,-2237.968691983122,375.7202092050193,-186.20980295566505
2025-01-08,-298.85990338164265,1145.0328691983113,-2254.197383966245,42.211392405062725,-103.69509900990079
2025-01-11,-3791.5673076923085,784.9734745762712,-1055.4147457627118,-257.7926359832636,242.54582089552235
2025-01-12,-2328.1826923076915,401.21386554621847,-356.99987394957986,-6.184769874476842,244.99663366336654
2025-01-13,-2406.004926108375,3044.172616033755,-2086.080759493671,645.2467364016738,104.46668316831665
2025-01-14,3373.1497584541066,3272.421772151899,-2237.968691983122,725.2402092050197,-18.7998029556652
2025-01-15,1073.1400966183573,3324.692869198311,-2254.197383966245,814.5313924050624,54.48490099009905
2025-01-16,-1634.8792270531394,3002.6330672268905,-2292.293865546218,495.4441176470591,132.0889500000003
2025-01-17,462.9951219512186,3236.3446218487397,-2219.2785169491526,646.8084937238491,402.5153233830847
2025-01-18,-3237.5673076923085,1205.063474576271,-1055.4147457627118,293.62736401673646,128.31582089552234
2025-01-19,573.8173076923085,406.86386554621856,-356.99987394957986,18.84523012552313,279.64663366336663
2025-01-20,-4913.004926108375,3639.8626160337553,-2086.080759493671,947.8567364016744,253.0066831683166
2025-01-21,10323.149758454107,3625.9417721518976,-2237.968691983122,1056.790209205019,218.7601970443352
2025-01-22,-2471.8599033816427,3792.762869198311,-2254.197383966245,1140.5313924050624,281.79490099009945
2025-01-25,-983.5673076923085,1324.093474576271,-1055.4147457627118,589.7673640167359,-162.91417910447763
2025-01-26,3708.8173076923085,265.49386554621844,-356.99987394957986,-122.41476987447686,-1724.8733663366336
2025-01-27,718.995073891625,-2019.9173839662453,-2086.080759493671,-5542.903263598326,-2457.673316831683
2025-01-28,2028.1497584541066,-4271.198227848102,-2237.968691983122,-8381.30979079498,-2603.599802955665
2025-01-29,-6483.859903381643,-4715.247130801688,-2254.197383966245,-8880.638607594938,-2457.905099009901
2025-01-30,-3870.8792270531394,-4178.826932773109,-2292.293865546218,-8467.065882352941,-790.1910499999999
2025-08-17,-5042.1826923076915,-813.0361344537815,-356.99987394957986,35.98523012552323,-1508.0433663366337
2025-08-18,-4021.004926108375,-4799.907383966245,-2086.080759493671,241.42673640167413,26.39668316831694
2025-08-19,-3604.8502415458934,-5158.188227848102,-2237.968691983122,491.92020920502,-47.329802955664945
2025-08-20,1806.1400966183573,-5069.457130801688,-2254.197383966245,275.28139240506243,-105.94509900990079
2025-08-21,-2649.8792270531394,-5306.766932773109,-2292.293865546218,-453.5658823529411,6.398950000000241
2025-08-22,-1775.0048780487814,-5106.49537815126,-2219.2785169491526,-144.52150627615083,-21.894676616915376
2025-08-23,250.43269230769147,-2319.116525423729,-1055.4147457627118,-13.742635983263881,-1.134179104477596
2025-08-24,310.81730769230853,-813.0361344537815,-356.99987394957986,7.065230125523158,133.55663366336648
2025-08-26,-1842.8502415458934,-5158.188227848102,-2237.968691983122,217.5502092050192,-108.45980295566505
2025-08-27,-4534.859903381643,-5069.457130801688,-2254.197383966245,512.601392405064,-207.0450990099007
2025-08-28,6924.120772946861,-5306.766932773109,-2292.293865546218,346.7041176470593,-80.28105000000005
2025-08-29,-2654.0048780487814,-5106.49537815126,-2219.2785169491526,9.058493723849097,-64.20467661691532
2025-08-30,-2249.5673076923085,-2319.116525423729,-1055.4147457627118,-146.12263598326354,-46.01417910447765
2025-08-31,3147.8173076923085,-813.0361344537815,-356.99987394957986,-41.32476987447694,-389.5133663366337
2025-09-01,1617.995073891625,-4799.907383966245,-2086.080759493671,-189.92326359832623,-483.2433168316834
2025-09-02,-1005.8502415458934,-5158.188227848102,-2237.968691983122,-550.789790794981,-341.75980295566524
2025-09-03,-6735.859903381643,-5069.457130801688,-2254.197383966245,-308.0386075949373,-247.13509900990084
2025-09-04,-2520.8792270531394,-5306.766932773109,-2292.293865546218,-276.20588235294053,-313.40104999999994
2025-09-05,-3406.0048780487814,-5106.49537815126,-2219.2785169491526,-276.90150627615003,-78.26467661691527
2025-09-06,2208.4326923076915,-2319.116525423729,-1055.4147457627118,-356.26263598326386,-47.98417910447762
2025-09-07,4019.8173076923085,-813.0361344537815,-356.99987394957986,57.185230125523276,177.26663366336652
2025-09-08,-6537.004926108375,-4799.907383966245,-2086.080759493671,272.42673640167413,-429.40331683168324
2025-09-09,646.1497584541066,-5158.188227848102,-2237.968691983122,-343.67979079498036,-288.4198029556651
2025-09-10,-1851.8599033816427,-5069.457130801688,-2254.197383966245,426.60139240506396,-312.1250990099006
2025-09-11,1716.1207729468606,-5306.766932773109,-2292.293865546218,-84.12588235294061,-431.30105000000003
2025-09-12,-1280.0048780487814,-5106.49537815126,-2219.2785169491526,65.25849372384982,-414.7146766169153
2025-09-13,-850.5673076923085,-2319.116525423729,-1055.4147457627118,-628.7226359832639,-10.014179104477648
2025-09-14,-691.1826923076915,-813.0361344537815,-356.99987394957986,132.16523012552307,-129.32336633663363
2025-09-15,-2413.004926108375,-4799.907383966245,-2086.080759493671,145.18673640167435,-134.18331683168344
2025-09-16,-1481.8502415458934,-5158.188227848102,-2237.968691983122,261.6002092050203,-92.72980295566504
2025-09-17,4452.140096618357,-5069.457130801688,-2254.197383966245,415.7113924050627,-385.38509900990084
2025-09-18,1758.1207729468606,-5306.766932773109,-2292.293865546218,-242.83588235293973,-4.101049999999759
2025-09-19,-1695.0048780487814,-5106.49537815126,-2219.2785169491526,-140.80150627614967,-127.30467661691523
2025-09-20,-1828.5673076923085,-2319.116525423729,-1055.4147457627118,-377.0626359832636,-78.45417910447765
2025-09-21,3197.8173076923085,-813.0361344537815,-356.99987394957986,110.72523012552324,46.59663366336645
2025-09-22,-6011.004926108375,-4799.907383966245,-2086.080759493671,235.9067364016737,127.91668316831692
2025-09-23,-2811.8502415458934,-5158.188227848102,-2237.968691983122,455.83020920501986,37.9501970443348
2025-09-24,-2737.8599033816427,-5069.457130801688,-2254.197383966245,382.0813924050635,-1273.8350990099007
2025-09-25,424.1207729468606,-5306.766932773109,-2292.293865546218,58.21411764705954,-143.32105
2025-09-26,6503.995121951219,-5106.49537815126,-2219.2785169491526,254.5584937238491,17.29532338308468
2025-09-27,-1059.5673076923085,-2319.116525423729,-1055.4147457627118,331.6073640167365,-41.71417910447764
2025-09-28,682.8173076923085,-813.0361344537815,-356.99987394957986,385.96523012552325,95.60663366336621
2025-09-29,-2282.004926108375,-4799.907383966245,-2086.080759493671,1458.8167364016736,133.37668316831696
2025-09-30,-484.85024154589337,-5158.188227848102,-2237.968691983122,1057.3702092050207,168.2601970443352
2025-10-01,301.14009661835735,-5069.457130801688,-2254.197383966245,659.3413924050637,-244.53509900990093
2025-10-02,-2010.8792270531394,-5306.766932773109,-2292.293865546218,-258.0458823529407,-1829.43105
2025-10-03,1356.9951219512186,-5106.49537815126,-2219.2785169491526,-5421.33150627615,-762.7246766169153
2025-10-04,-2522.5673076923085,-2319.116525423729,-1055.4147457627118,-1433.5226359832636,-208.60417910447762
2025-10-05,-4664.1826923076915,-813.0361344537815,-356.99987394957986,-570.3547698744768,-2329.6433663366333
2025-10-06,-3965.004926108375,-4799.907383966245,-2086.080759493671,-8144.153263598326,-2396.1433168316835
2025-10-07,-7442.850241545893,-5158.188227848102,-2237.968691983122,-8483.33979079498,-2177.019802955665
2025-10-08,2980.1400966183573,-5069.457130801688,-2254.197383966245,-7681.748607594936,-1994.4050990099008
2025-10-09,-4223.879227053139,-5306.766932773109,-2292.293865546218,-7253.585882352941,-913.87105
2025-10-10,-3162.0048780487814,-5106.49537815126,-2219.2785169491526,-2200.06150627615,-267.42467661691535
2025-10-11,-3149.5673076923085,-2319.116525423729,-1055.4147457627118,-364.4426359832637,-44.114179104477614
2025-10-12,-7575.1826923076915,-813.0361344537815,-356.99987394957986,28.10523012552312,-119.36336633663359
2025-10-13,1577.995073891625,-4799.907383966245,-2086.080759493671,501.18673640167435,-346.27331683168313
2025-10-14,-2107.8502415458934,-5158.188227848102,-2237.968691983122,56.520209205020365,-181.85980295566515
2025-10-15,-2207.8599033816427,-5069.457130801688,-2254.197383966245,861.2013924050625,-297.7950990099007
2025-10-16,-6735.879227053139,-5306.766932773109,-2292.293865546218,-617.895882352941,-406.0810499999998
2025-10-17,-1546.0048780487814,-5106.49537815126,-2219.2785169491526,46.47849372384917,-290.92467661691535
2025-10-18,-2861.5673076923085,-2319.116525423729,-1055.4147457627118,-242.60263598326355,-88.34417910447763
2025-10-19,725.8173076923085,-813.0361344537815,-356.99987394957986,232.14523012552309,-215.3133663366334
2025-10-20,-2878.004926108375,-4799.907383966245,-2086.080759493671,651.8167364016736,-113.89331683168302
2025-10-21,-5914.850241545893,-5158.188227848102,-2237.968691983122,484.08020920501986,-215.19980295566484
2025-10-22,-1746.8599033816427,-5069.457130801688,-2254.197383966245,152.79139240506265,-100.86509900990086
2025-10-23,-535.8792270531394,-5306.766932773109,-2292.293865546218,-297.1858823529401,-119.79104999999981
2025-10-24,-519.0048780487814,-5106.49537815126,-2219.2785169491526,-55.741506276150176,-272.66467661691536
2025-10-25,-6171.5673076923085,-2319.116525423729,-1055.4147457627118,101.07736401673628,29.625820895522395
2025-10-26,-118.18269230769147,-813.0361344537815,-356.99987394957986,387.7852301255232,-58.56336633663341
2025-10-27,3095.995073891625,-4799.907383966245,-2086.080759493671,626.4667364016732,-250.3433168316833
2025-10-29,-556.8599033816427,-5069.457130801688,-2254.197383966245,464.6213924050626,-378.1650990099006
2025-10-30,2171.1207729468606,-5306.766932773109,-2292.293865546218,91.11411764705917,-410.63104999999996
2025-10-31,-401.0048780487814,-5106.49537815126,-2219.2785169491526,-39.111506276150976,-367.94467661691533
2025-11-01,-962.5673076923085,-2319.116525423729,-1055.4147457627118,-209.3126359832636,-81.15417910447763
2025-11-02,-5657.1826923076915,-813.0361344537815,-356.99987394957986,167.6252301255231,-250.95336633663374
2025-11-03,-2689.004926108375,-4799.907383966245,-2086.080759493671,406.4567364016748,-398.2933168316831
2025-11-04,-4923.850241545893,-5158.188227848102,-2237.968691983122,254.09020920502007,-322.749802955665
2025-11-05,-625.8599033816427,-5069.457130801688,-2254.197383966245,114.11139240506236,-350.24509900990097
2025-11-06,8451.12077294686,-5306.766932773109,-2292.293865546218,-153.59588235293995,-542.6610499999997
2025-11-07,-5000.004878048781,-5106.49537815126,-2219.2785169491526,-27.501506276150394,-501.5046766169154
2025-11-08,-2423.5673076923085,-2319.116525423729,-1055.4147457627118,-344.2926359832636,-197.45417910447765
2025-11-09,-2565.1826923076915,-813.0361344537815,-356.99987394957986,91.28523012552319,-140.40336633663355
2025-11-11,-1068.8502415458934,-5158.188227848102,-2237.968691983122,-48.6997907949808,-283.249802955665
2025-11-12,-2147.8599033816427,-5069.457130801688,-2254.197383966245,355.29139240506265,-234.8050990099009
2025-11-13,-5185.879227053139,-5306.766932773109,-2292.293865546218,-255.46588235294075,-343.32105
2025-11-14,-3012.0048780487814,-5106.49537815126,-2219.2785169491526,-63.881506276149594,-285.33467661691543
2025-11-17,-3502.004926108375,-4799.907383966245,-2086.080759493671,372.9567364016748,-238.9433168316832
2025-11-18,-3685.8502415458934,-5158.188227848102,-2237.968691983122,394.42020920502,-160.71980295566482
2025-11-19,1446.1400966183573,-5069.457130801688,-2254.197383966245,212.6813924050639,-118.13509900990084
2025-11-20,-2208.8792270531394,-5306.766932773109,-2292.293865546218,-111.87588235294061,-290.26105000000007
2025-11-22,-2962.5673076923085,-2319.116525423729,-1055.4147457627118,-94.85263598326355,-44.914179104477626
2025-11-23,5209.8173076923085,-813.0361344537815,-356.99987394957986,91.3752301255231,-44.98336633663348
2025-11-24,-5836.004926108375,-4799.907383966245,-2086.080759493671,443.5367364016747,-337.9433168316832
2025-11-25,-2057.8502415458934,-5158.188227848102,-2237.968691983122,354.02020920502036,-309.32980295566495
2025-11-26,2038.1400966183573,-5069.457130801688,-2254.197383966245,268.72139240506294,-289.53509900990093
2025-11-27,7496.120772946861,-5306.766932773109,-2292.293865546218,-171.9358823529401,-718.36105
2025-11-28,-2773.0048780487814,-5106.49537815126,-2219.2785169491526,-136.30150627614967,-281.58467661691543
2025-11-29,-3698.5673076923085,-2319.116525423729,-1055.4147457627118,-266.9426359832637,-3.4941791044776096
2025-11-30,-5059.1826923076915,-813.0361344537815,-356.99987394957986,-47.92476987447685,-321.1433663366338
2025-12-01,-1671.004926108375,-4799.907383966245,-2086.080759493671,183.38673640167326,-370.7933168316831
2025-12-02,-2085.8502415458934,-5158.188227848102,-2237.968691983122,-12.229790794979635,-301.499802955665
2025-12-03,533.1400966183573,-5069.457130801688,-2254.197383966245,-193.4386075949369,-246.40509900990082
2025-12-04,3230.1207729468606,-5306.766932773109,-2292.293865546218,-491.5458823529407,-469.6710499999999
2025-12-05,-3700.0048780487814,-5106.49537815126,-2219.2785169491526,-123.67150627615047,-258.5046766169153
2025-12-07,-673.1826923076915,-813.0361344537815,-356.99987394957986,-86.25476987447678,-132.07336633663363
2025-12-08,-3723.004926108375,-4799.907383966245,-2086.080759493671,402.2167364016732,-250.03331683168335
2025-12-09,-6121.850241545893,-5158.188227848102,-2237.968691983122,518.1802092050202,-296.20980295566505
2025-12-10,-1431.8599033816427,-5069.457130801688,-2254.197383966245,320.2613924050638,-173.7750990099007
2025-12-11,392.1207729468606,-5306.766932773109,-2292.293865546218,-200.01588235294003,-138.34105
2025-12-12,1608.9951219512186,-5106.49537815126,-2219.2785169491526,100.29849372384888,-165.6146766169154
2025-12-13,-8105.5673076923085,-2319.116525423729,-1055.4147457627118,-179.2926359832636,-24.724179104477628
2025-12-14,343.81730769230853,-813.0361344537815,-356.99987394957986,46.56523012552316,59.15663366336639
2025-12-15,-1254.004926108375,-4799.907383966245,-2086.080759493671,681.5267364016745,-84.95331683168342
2025-12-16,-3109.8502415458934,-5158.188227848102,-2237.968691983122,157.84020920502007,-122.75980295566524
2025-12-17,-1829.8599033816427,-5069.457130801688,-2254.197383966245,1.4213924050636706,-148.61509900990086
2025-12-18,-542.8792270531394,-5306.766932773109,-2292.293865546218,-79.90588235294126,-225.2210500000001
2025-12-19,-96.00487804878139,-5106.49537815126,-2219.2785169491526,-221.7615062761506,-165.84467661691542
2025-12-20,-458.56730769230853,-2319.116525423729,-1055.4147457627118,-332.0826359832636,-64.10417910447762
2025-12-21,-2544.1826923076915,-813.0361344537815,-356.99987394957986,-31.334769874476933,102.68663366336659
2025-12-22,3341.995073891625,-4799.907383966245,-2086.080759493671,641.1867364016744,30.086683168316995
2025-12-23,-6391.850241545893,-5158.188227848102,-2237.968691983122,339.5002092050199,-166.09980295566493
2025-12-24,3411.1400966183573,-5069.457130801688,-2254.197383966245,-211.96860759493757,-1639.2450990099007
2025-12-25,4528.120772946861,-5306.766932773109,-2292.293865546218,-6447.875882352941,-589.13105
2025-12-26,-2946.0048780487814,-5106.49537815126,-2219.2785169491526,-1092.9315062761507,-12.234676616915294
2025-12-27,367.43269230769147,-2319.116525423729,-1055.4147457627118,-208.42263598326372,-52.3141791044776
2025-12-28,-538.1826923076915,-813.0361344537815,-356.99987394957986,-61.864769874476906,45.08663366336623
2025-12-29,-3202.004926108375,-4799.907383966245,-2086.080759493671,331.2867364016747,-407.55331683168333
2025-12-30,-1615.8502415458934,-5158.188227848102,-2237.968691983122,-195.05979079497956,-860.259802955665
2025-12-31,-1362.8599033816427,-5069.457130801688,-2254.197383966245,-1969.3686075949372,-2264.945099009901
