날짜,북컨물동량,남해선(순천-부산)_김해JC-동김해IC_lag0,남해선(순천-부산)_북부산TG-김해JC_lag0,중앙선_대감JC-대동IC_lag0,부산신항선_대청IC-진해IC_lag1
2022-01-01,946.4326923076915,-1428.306525423729,-383.6847457627118,-2633.2326359832637,44.84577114427884
2022-01-02,641.8173076923085,-24.726134453781583,264.61012605042015,-344.7547698744768,-626.1732673267325
2022-01-03,-2535.004926108375,1221.432616033755,2575.499240506329,-317.42326359832623,-66.85148514851608
2022-01-04,6113.149758454107,1501.0817721518988,2928.831308016878,137.70020920502066,77.42857142857247
2022-01-05,-5778.859903381643,1690.8228691983113,3032.7826160337545,297.22139240506294,140.0891089108918
2022-01-06,-5826.879227053139,1899.4630672268904,3162.756134453782,245.79411764705947,376.2999999999993
2022-01-07,4645.995121951219,1383.1546218487392,2884.8214830508477,-123.9415062761509,168.23383084577108
2022-01-08,-1474.5673076923085,848.943474576271,1392.0052542372882,281.51736401673634,169.84577114427884
2022-01-09,-3523.1826923076915,75.39386554621842,340.61012605042015,-241.69476987447683,1131.8267326732675
2022-01-10,1462.995073891625,1915.9626160337548,3172.839240506329,783.5467364016731,332.1485148514839
2022-01-11,-812.8502415458934,1947.4717721518982,3115.941308016878,509.19020920502044,247.42857142857247
2022-01-12,1254.1400966183573,1784.6928691983112,3084.932616033755,235.09139240506374,211.0891089108918
2022-01-13,-3833.8792270531394,1736.033067226891,3141.366134453782,279.1241176470594,640.2999999999993
2022-01-14,-3343.0048780487814,1669.1546218487392,2972.7214830508474,238.44849372385033,103.23383084577108
2022-01-15,8035.4326923076915,882.3334745762709,1424.3752542372881,391.5973640167367,104.84577114427884
2022-01-16,-3758.1826923076915,44.21386554621847,314.62012605042014,-249.8647698744769,801.8267326732675
2022-01-17,2135.995073891625,1864.7526160337547,3077.589240506329,808.7467364016738,542.1485148514839
2022-01-18,1688.1497584541066,2305.081772151899,3142.491308016878,534.7302092050195,498.42857142857247
2022-01-19,-337.85990338164265,3466.6128691983113,3199.812616033755,748.7413924050634,496.0891089108918
2022-01-20,-4129.879227053139,3072.653067226891,3039.866134453782,-53.29588235294068,603.2999999999993
2022-01-21,2722.9951219512186,3202.234621848739,2996.241483050848,389.51849372385004,611.2338308457711
2022-01-22,-165.56730769230853,1772.7434745762712,1539.725254237288,702.0473640167365,-62.15422885572116
2022-01-23,-1926.1826923076915,333.9338655462185,364.09012605042017,-199.39476987447688,1400.8267326732675
2022-01-24,2781.995073891625,4097.282616033755,3530.659240506329,1553.3267364016738,1556.148514851484
2022-01-25,-1114.8502415458934,4009.2317721518984,3532.9313080168777,1157.0502092050192,2330.4285714285725
2022-01-26,-532.8599033816427,3998.222869198312,3470.672616033755,1442.601392405064,1942.0891089108918
2022-01-27,7917.120772946861,3438.6230672268903,3222.6361344537822,598.3841176470596,1505.2999999999993
2022-01-28,569.9951219512186,2946.85462184874,2643.5614830508475,110.15849372384946,334.2338308457711
2022-01-29,5657.4326923076915,1127.0334745762711,1132.5852542372882,303.14736401673645,38.84577114427884
2022-01-30,-1446.1826923076915,175.73386554621845,271.0601260504201,-346.2547698744768,-8251.173267326732
2022-01-31,-4309.004926108375,-3546.907383966245,-1284.230759493671,-7343.003263598326,-7698.851485148516
2022-02-01,-5011.850241545893,-4895.498227848102,-2066.418691983122,-9043.90979079498,-7886.5714285714275
2022-02-02,-2670.8599033816427,-3741.527130801688,-1399.0373839662452,-7837.968607594937,-1742.9108910891082
2022-02-03,-771.8792270531394,1513.9230672268905,2072.086134453782,-2150.4958823529405,-808.7000000000007
2022-02-04,-2055.0048780487814,2623.0946218487397,2623.9314830508474,-229.2615062761506,-950.7661691542289
2022-02-05,1209.4326923076915,1460.443474576271,1377.0652542372882,339.36736401673625,-1113.1542288557212
2022-02-06,1499.8173076923085,365.2738655462184,388.72012605042016,-157.60476987447691,988.8267326732675
2022-02-07,-1924.004926108375,3321.672616033755,3145.7692405063294,803.2267364016734,702.1485148514839
2022-02-08,5477.149758454107,3315.371772151898,3150.831308016878,737.2802092050206,620.4285714285725
2022-02-09,-3836.8599033816427,3243.7528691983107,3007.4926160337545,590.6513924050632,593.0891089108918
2022-02-10,1352.1207729468606,3349.6830672268916,3094.8461344537823,320.23411764706,476.2999999999993
2022-02-11,-2608.0048780487814,2874.1346218487397,2801.491483050848,147.4884937238494,-306.7661691542289
2022-02-12,1987.4326923076915,1481.213474576271,1370.7352542372882,462.61736401673625,-809.1542288557212
2022-02-13,122.81730769230853,375.37386554621855,377.09012605042017,-109.89476987447688,863.8267326732675
2022-02-14,1677.995073891625,3615.092616033755,3111.839240506329,1013.7867364016747,549.1485148514839
2022-02-15,-282.85024154589337,3286.301772151898,2955.231308016878,456.21020920501905,337.42857142857247
2022-02-16,5940.140096618357,3022.5328691983113,2843.462616033755,25.281392405062434,463.0891089108918
2022-02-17,388.1207729468606,2852.783067226891,2890.076134453782,58.75411764705859,998.2999999999993
2022-02-18,40.99512195121861,3389.394621848739,2979.2714830508476,467.90849372384946,-172.76616915422892
2022-02-19,1444.4326923076915,1444.8034745762711,1358.0052542372882,289.3073640167363,-389.15422885572116
2022-02-20,39.81730769230853,294.5638655462184,345.0401260504201,-198.6147698744769,811.8267326732675
2022-02-21,4251.995073891625,3355.732616033755,3142.379240506329,1125.506736401674,506.1485148514839
2022-02-22,434.14975845410663,3128.8617721518976,3104.941308016878,590.4502092050207,625.4285714285725
2022-02-23,2687.1400966183573,3623.2128691983116,3143.012616033755,730.7813924050624,982.0891089108918
2022-02-24,3570.1207729468606,2943.8030672268906,3119.746134453782,835.2141176470595,1028.2999999999993
2022-02-25,2616.9951219512186,3431.9546218487403,3132.741483050848,1037.34849372385,694.2338308457711
2022-02-26,4136.4326923076915,2366.4434745762715,1823.245254237288,1593.857364016736,508.84577114427884
2022-02-27,2422.8173076923085,412.2938655462184,390.0801260504202,-19.294769874476742,1822.8267326732675
2022-02-28,3747.995073891625,3337.6526160337553,2953.039240506329,1222.3267364016738,-6462.851485148516
2022-03-01,257.14975845410663,-1561.6782278481014,-33.8286919831221,-5275.55979079498,254.42857142857247
2022-03-02,634.1400966183573,2537.9228691983117,2751.132616033755,-56.798607594937494,807.0891089108918
2022-03-03,-1240.8792270531394,2146.0930672268905,3360.7261344537824,1214.0941176470587,546.2999999999993
2022-03-04,8718.995121951219,1890.0546218487398,3009.751483050847,1125.3384937238498,-344.7661691542289
2022-03-05,129.43269230769147,912.483474576271,1420.2752542372882,519.7173640167366,-667.1542288557212
2022-03-06,-1563.1826923076915,213.58386554621836,413.3201260504202,-18.604769874476915,1333.8267326732675
2022-03-07,-1199.004926108375,2508.5726160337545,3475.9792405063295,2017.9967364016738,1247.148514851484
2022-03-08,546.1497584541066,2060.8617721518985,3229.4613080168783,1281.2202092050193,-6912.5714285714275
2022-03-09,694.1400966183573,-2256.2971308016886,-37.09738396624516,-5342.268607594937,763.0891089108918
2022-03-10,3871.1207729468606,1664.3330672268912,3102.496134453782,439.78411764705925,1033.2999999999993
2022-03-11,-1703.0048780487814,2257.2846218487393,3309.241483050848,1901.8284937238495,55.23383084577108
2022-03-12,396.43269230769147,1717.213474576271,2093.3852542372883,1907.857364016736,-1839.1542288557212
2022-03-13,1463.8173076923085,43.39386554621842,318.8901260504201,-216.71476987447681,325.82673267326754
2022-03-14,906.995073891625,1765.6626160337546,2887.0192405063294,859.5167364016743,88.14851485148392
2022-03-15,400.14975845410663,1891.4817721518984,3078.991308016878,909.2002092050207,57.42857142857247
2022-03-16,-68.85990338164265,2005.2928691983116,3136.212616033755,929.7513924050636,-570.9108910891082
2022-03-17,683.1207729468606,1729.4330672268907,3041.916134453782,579.9541176470593,-1164.7000000000007
2022-03-18,-153.0048780487814,1100.14462184874,2426.411483050847,-587.65150627615,-1703.766169154229
2022-03-19,-1755.5673076923085,466.63347457627106,1166.265254237288,-308.4226359832637,-659.1542288557212
2022-03-20,356.81730769230853,51.513865546218426,310.3001260504201,-281.8547698744769,893.8267326732675
2022-03-21,1235.995073891625,2198.8226160337545,3219.169240506329,1236.1267364016749,313.1485148514839
2022-03-22,2274.1497584541066,1920.0117721518982,3168.371308016878,867.710209205019,464.42857142857247
2022-03-23,1855.1400966183573,1883.0228691983111,3155.462616033755,861.8613924050624,225.0891089108918
2022-03-24,-409.8792270531394,1936.4130672268911,3204.5161344537823,529.4941176470602,1.2999999999992724
2022-03-25,5840.995121951219,1791.2346218487392,3000.371483050847,931.5484937238489,-718.7661691542289
2022-03-26,-4662.5673076923085,396.88347457627106,1066.1952542372883,-177.36263598326377,828.8457711442788
2022-03-27,3620.8173076923085,112.47386554621846,345.59012605042017,-189.64476987447688,933.8267326732675
2022-03-28,7868.995073891625,2094.732616033755,3075.999240506329,1113.336736401674,456.1485148514839
2022-03-29,-1277.8502415458934,1978.4117721518987,3138.7213080168776,682.2802092050206,-65.57142857142753
2022-03-30,4099.140096618357,1714.6128691983113,2978.922616033755,587.521392405064,-257.9108910891082
2022-03-31,-1356.8792270531394,1556.403067226891,2909.6961344537817,78.1941176470591,552.2999999999993
2022-04-01,2391.9951219512186,1733.4346218487399,2864.041483050847,321.5484937238489,2547.233830845771
2022-04-02,-4300.5673076923085,483.2934745762709,1082.495254237288,-326.7926359832636,1198.8457711442788
2022-04-03,6494.8173076923085,103.29386554621851,349.5501260504201,-209.67476987447685,936.8267326732675
2022-04-04,2429.995073891625,2200.7526160337547,3275.999240506329,1055.9567364016748,791.1485148514839
2022-04-05,-659.8502415458934,1876.381772151898,3195.1713080168784,609.7402092050197,520.4285714285725
2022-04-06,692.1400966183573,1971.9728691983119,3031.7426160337545,393.141392405063,554.0891089108918
2022-04-07,2707.1207729468606,1489.3530672268907,2779.3861344537822,-200.85588235294017,1149.2999999999993
2022-04-08,-2037.0048780487814,2001.8246218487393,3040.9814830508476,541.8684937238504,1349.233830845771
2022-04-09,-1032.5673076923085,1418.2034745762712,1844.1052542372881,954.5773640167363,1111.8457711442788
2022-04-10,1172.8173076923085,191.1738655462185,415.7801260504201,-109.34476987447692,1145.8267326732675
2022-04-11,-556.004926108375,1877.2826160337545,3021.999240506329,854.1267364016749,975.1485148514839
2022-04-12,-5127.850241545893,1994.6917721518985,3268.371308016878,788.0702092050196,369.42857142857247
2022-04-13,5269.140096618357,1807.7128691983116,3095.762616033755,944.2313924050632,242.0891089108918
2022-04-14,7001.120772946861,1718.9330672268907,3037.2361344537817,472.8841176470596,1325.2999999999993
2022-04-15,-686.0048780487814,1920.3746218487395,2978.911483050847,554.4984937238496,1828.233830845771
2022-04-16,-285.56730769230853,1142.753474576271,1559.955254237288,584.9573640167364,1141.8457711442788
2022-04-17,358.81730769230853,361.1038655462186,535.5301260504201,104.28523012552319,1699.8267326732675
2022-04-18,1659.995073891625,2292.432616033755,3251.2692405063294,1407.7067364016748,1241.148514851484
2022-04-19,2327.1497584541066,2105.9017721518985,3202.731308016878,899.2802092050206,1263.4285714285725
2022-04-20,909.1400966183573,2063.7028691983114,3068.312616033755,616.7013924050625,797.0891089108918
2022-04-21,13.120772946860598,1625.2230672268906,2839.0561344537823,124.86411764705917,1365.2999999999993
2022-04-22,759.9951219512186,1515.4046218487392,2854.781483050848,183.82849372384953,1616.233830845771
2022-04-23,5447.4326923076915,1092.5334745762711,1547.5452542372882,650.897364016736,1329.8457711442788
2022-04-24,2757.8173076923085,172.22386554621846,402.09012605042017,-121.05476987447673,1453.8267326732675
2022-04-25,7458.995073891625,1944.3826160337549,3124.049240506329,961.9567364016748,-818.8514851485161
2022-04-26,1809.1497584541066,145.13177215189808,2148.0413080168782,-932.7397907949799,1074.4285714285725
2022-04-27,1819.1400966183573,1813.4728691983119,2892.022616033755,271.34139240506374,1157.0891089108918
2022-04-28,-219.8792270531394,1872.2130672268904,3103.456134453782,504.7441176470602,18.299999999999272
2022-04-29,2792.9951219512186,1176.3846218487397,2339.451483050847,-542.2115062761495,926.2338308457711
2022-04-30,2960.4326923076915,626.4734745762712,1174.185254237288,-128.9426359832637,1163.8457711442788
2022-05-01,4873.8173076923085,107.57386554621849,333.6701260504201,-223.07476987447694,961.8267326732675
2022-05-02,122.995073891625,2172.5826160337547,3113.1892405063295,1059.0467364016731,1111.148514851484
2022-05-03,3434.1497584541066,2188.721772151898,3231.4713080168776,943.3502092050203,2515.4285714285725
2022-05-05,-1788.8792270531394,-2066.216932773109,161.06613445378207,-5296.335882352941,1094.2999999999993
2022-05-06,-1709.0048780487814,1410.7546218487396,2654.371483050847,-467.05150627614967,1833.233830845771
2022-05-07,4789.4326923076915,674.233474576271,1234.0852542372882,-173.58263598326357,2443.845771144279
2022-05-08,4606.8173076923085,157.70386554621848,385.6501260504201,-190.75476987447678,1501.8267326732675
2022-05-09,-1565.004926108375,1839.4526160337546,2884.0992405063294,392.586736401674,1299.148514851484
2022-05-10,2891.1497584541066,1533.2817721518986,2829.9713080168776,-130.53979079498095,752.4285714285725
2022-05-11,-1605.8599033816427,1542.8228691983113,2883.6926160337553,-99.88860759493764,206.0891089108918
2022-05-12,-1988.8792270531394,1282.7630672268906,2919.6061344537816,-123.8058823529409,524.2999999999993
2022-05-13,2450.9951219512186,1171.3746218487395,2642.3114830508475,-97.35150627615076,873.2338308457711
2022-05-14,809.4326923076915,942.633474576271,1472.645254237288,281.56736401673606,1057.8457711442788
2022-05-15,1677.8173076923085,179.58386554621848,396.3101260504201,-132.64476987447688,928.8267326732675
2022-05-16,4104.995073891625,1895.682616033755,3020.629240506329,412.4067364016737,539.1485148514839
2022-05-17,-5492.850241545893,1767.4917721518987,3113.571308016878,369.790209205019,932.4285714285725
2022-05-18,834.1400966183573,1762.0928691983117,3023.4126160337546,214.51139240506382,628.0891089108918
2022-05-19,5901.120772946861,1657.1730672268905,3109.706134453782,22.77411764705903,768.2999999999993
2022-05-20,-1619.0048780487814,1615.3346218487395,2960.9014830508477,195.18849372385012,1281.233830845771
2022-05-21,-908.5673076923085,928.5234745762709,1521.015254237288,322.1773640167362,1126.8457711442788
2022-05-22,11065.817307692309,291.71386554621847,500.2801260504201,13.075230125523149,1457.8267326732675
2022-05-23,4305.995073891625,4204.062616033754,3607.1392405063293,1786.3967364016735,1375.148514851484
2022-05-24,-1093.8502415458934,4316.581772151899,3803.661308016878,1638.0302092050206,1311.4285714285725
2022-05-25,4499.140096618357,4553.082869198312,3822.102616033755,1937.4113924050635,1523.0891089108918
2022-05-26,-903.8792270531394,3984.743067226891,3471.256134453782,874.9141176470603,1171.2999999999993
2022-05-27,-1997.0048780487814,4068.9946218487394,3420.2214830508474,1189.0284937238503,788.2338308457711
2022-05-28,6121.4326923076915,2682.4834745762714,2176.835254237288,1454.4673640167366,1292.8457711442788
2022-05-29,3679.8173076923085,698.2938655462184,591.4601260504202,175.6252301255231,1763.8267326732675
2022-05-30,-3205.004926108375,3643.8826160337558,3202.8092405063294,996.7967364016731,2024.148514851484
2022-05-31,4791.149758454107,3649.511772151899,3531.3513080168777,1381.1202092050207,-5862.5714285714275
2022-06-01,883.1400966183573,-352.83713080168855,744.2126160337548,-4059.1286075949365,1946.0891089108918
2022-06-02,-369.8792270531394,2943.7130672268904,3515.616134453782,963.0041176470586,3215.2999999999993
2022-06-03,-2845.0048780487814,2751.9946218487394,3846.5214830508476,2174.388493723849,4568.233830845771
2022-06-04,-1710.5673076923085,2176.0234745762714,2456.305254237288,1982.937364016736,563.8457711442788
2022-06-05,1074.8173076923085,260.36386554621856,446.7701260504201,8.055230125523167,-3813.1732673267325
2022-06-06,-5038.004926108375,-1536.3273839662452,350.709240506329,-3953.9232635983262,-2899.851485148516
2022-06-07,1554.1497584541066,-196.038227848102,1617.531308016878,-2575.3497907949804,-3138.5714285714275
2022-06-08,703.1400966183573,-238.59713080168876,1507.322616033755,-2467.318607594937,-2865.910891089108
2022-06-09,343.1207729468606,-294.7269327731092,1638.566134453782,-2894.8358823529406,-2241.7000000000007
2022-06-10,-3595.0048780487814,-441.8653781512603,1469.0014830508476,-2815.56150627615,278.2338308457711
2022-06-11,-2192.5673076923085,273.7234745762712,1052.9452542372883,-417.1626359832635,1022.8457711442788
2022-06-12,4514.8173076923085,123.32386554621849,392.00012605042014,-137.10476987447691,-1894.1732673267325
2022-06-13,-7778.004926108375,-179.04738396624543,1696.5292405063292,-2084.123263598326,-3211.851485148516
2022-06-14,-2112.8502415458934,-588.5082278481013,1360.6813080168781,-3153.8897907949804,140.42857142857247
2022-06-15,-1402.8599033816427,1193.5828691983115,2839.5426160337547,-236.72860759493597,2089.089108910892
2022-06-16,-1171.8792270531394,2569.7630672268906,4023.4461344537817,1710.8441176470587,2385.2999999999993
2022-06-17,-4359.004878048781,2801.9546218487394,4015.3914830508475,2063.3984937238492,2897.233830845771
2022-06-18,942.4326923076915,1964.7434745762707,2389.9652542372883,1553.9173640167364,1460.8457711442788
2022-06-19,2181.8173076923085,559.4538655462185,747.5701260504201,448.06523012552316,2584.8267326732675
2022-06-20,-1640.004926108375,2635.632616033755,3944.0692405063287,2132.0567364016733,2500.148514851484
2022-06-21,-385.85024154589337,2649.4317721518983,4029.5913080168784,2033.210209205019,2386.4285714285725
2022-06-22,-608.8599033816427,2559.3628691983113,3936.052616033755,1928.5013924050636,1634.0891089108918
2022-06-23,991.1207729468606,1752.5530672268906,3827.966134453782,1692.3641176470592,675.2999999999993
2022-06-24,4519.995121951219,1157.3046218487398,2892.8914830508475,-44.16150627615025,1957.233830845771
2022-06-25,-5227.5673076923085,1194.4934745762712,1897.1252542372881,850.5173640167359,1644.8457711442788
2022-06-26,3314.8173076923085,256.9238655462185,537.5801260504202,110.5252301255232,1682.8267326732675
2022-06-27,1167.995073891625,1375.342616033755,3390.499240506329,1023.6667364016739,1278.148514851484
2022-06-28,3271.1497584541066,1836.2717721518984,3522.6313080168784,1142.9402092050204,1388.4285714285725
2022-06-29,-1925.8599033816427,1848.682869198312,3268.272616033755,837.0913924050637,1508.0891089108918
2022-06-30,-1556.8792270531394,1671.1630672268911,3314.336134453782,438.02411764705903,1539.2999999999993
2022-07-01,924.9951219512186,2156.5946218487397,3609.5614830508475,1137.59849372385,2032.233830845771
2022-07-02,3700.4326923076915,1307.543474576271,1928.555254237288,982.8173640167361,1276.8457711442788
2022-07-03,-2568.1826923076915,372.37386554621855,611.0501260504201,207.78523012552319,730.8267326732675
2022-07-04,913.995073891625,2029.4826160337552,3450.2792405063287,1150.8967364016735,793.1485148514839
2022-07-05,-683.8502415458934,1815.9917721518987,3494.9313080168777,1144.9002092050196,-10563.571428571428
2022-07-07,-3339.8792270531394,1814.4830672268909,3582.126134453782,939.9241176470587,-9186.7
2022-07-08,-648.0048780487814,1820.6846218487399,3534.211483050847,1189.6084937238502,1240.233830845771
2022-07-09,4488.4326923076915,873.5234745762709,1642.415254237288,467.2273640167359,1094.8457711442788
2022-07-10,4784.8173076923085,184.46386554621847,477.5501260504201,15.365230125523112,1039.8267326732675
2022-07-11,1836.995073891625,1296.5326160337545,3013.659240506329,589.4367364016744,1391.148514851484
2022-07-12,2352.1497584541066,1658.1217721518988,3319.4213080168784,667.8902092050193,1289.4285714285725
2022-07-13,-477.85990338164265,1895.0128691983118,3613.232616033755,1160.181392405064,980.0891089108918
2022-07-14,-1784.8792270531394,1512.993067226891,3380.326134453782,359.89411764705983,1252.2999999999993
2022-07-15,2044.9951219512186,2078.7946218487396,3503.8214830508477,1186.638493723849,1355.233830845771
2022-07-16,-1263.5673076923085,821.733474576271,1553.5952542372884,329.31736401673606,797.8457711442788
2022-07-17,2610.8173076923085,228.12386554621855,506.0201260504201,48.11523012552311,211.82673267326754
2022-07-18,2555.995073891625,503.30261603375493,2515.159240506329,-520.9832635983257,1348.148514851484
2022-07-19,-1496.8502415458934,1480.8217721518986,3313.771308016878,625.5602092050194,1453.4285714285725
2022-07-20,3775.1400966183573,1672.5328691983113,3187.642616033755,430.98139240506316,774.0891089108918
2022-07-21,-1907.8792270531394,1451.1230672268912,3276.116134453782,378.23411764706,1530.2999999999993
2022-07-22,2056.9951219512186,2288.3646218487393,3728.1314830508472,1493.3984937238492,1352.233830845771
2022-07-23,3311.4326923076915,817.4134745762713,1619.0952542372884,541.0973640167367,514.8457711442788
2022-07-24,174.81730769230853,140.99386554621844,429.0801260504202,-56.094769874476924,1860.8267326732675
2022-07-25,540.995073891625,1934.9626160337548,3424.249240506329,1015.7967364016731,1399.148514851484
2022-07-26,2147.1497584541066,2044.7417721518987,3723.731308016878,1410.2302092050195,1778.4285714285725
2022-07-27,523.1400966183573,2073.3228691983113,3546.142616033755,1154.7113924050627,1979.0891089108918
2022-07-28,-2838.8792270531394,1629.3030672268906,3532.6961344537817,563.5441176470595,1779.2999999999993
2022-07-29,3436.9951219512186,1545.4646218487396,2999.991483050848,90.39849372384924,1921.233830845771
2022-07-30,2221.4326923076915,238.36347457627107,1105.5952542372884,-262.5426359832636,915.8457711442788
2022-07-31,-4262.1826923076915,72.00386554621844,369.60012605042016,-62.13476987447689,-1068.1732673267325
2022-08-01,8024.995073891625,-217.5873839662454,1643.6792405063293,-1902.7632635983264,-1692.851485148516
2022-08-02,-230.85024154589337,-133.73822784810181,1833.761308016878,-2068.0097907949803,-1410.5714285714275
2022-08-03,-1649.8599033816427,-272.6671308016885,1602.782616033755,-2573.398607594937,-767.9108910891082
2022-08-04,4449.120772946861,72.323067226891,2107.506134453782,-2097.4158823529406,-688.7000000000007
2022-08-05,-1293.0048780487814,167.34462184873973,2103.6814830508474,-1819.9515062761502,1218.233830845771
2022-08-06,4542.4326923076915,121.15347457627104,971.3352542372882,-435.0626359832636,1087.8457711442788
2022-08-07,-1803.1826923076915,214.39386554621854,474.7001260504202,76.60523012552312,-3765.1732673267325
2022-08-08,-1427.004926108375,1430.5326160337545,3071.959240506329,506.6067364016744,173.14851485148392
2022-08-09,-2103.8502415458934,1654.0117721518982,3361.1813080168777,840.3802092050191,648.4285714285725
2022-08-10,-500.85990338164265,1612.892869198312,3446.732616033755,948.101392405064,755.0891089108918
2022-08-11,1999.1207729468606,1289.6430672268907,3269.286134453782,126.76411764705881,1418.2999999999993
2022-08-12,-5400.004878048781,1288.39462184874,2995.5114830508473,144.0584937238491,2958.233830845771
2022-08-13,782.4326923076915,799.8934745762713,1467.995254237288,521.7673640167359,2495.845771144279
2022-08-14,46.81730769230853,60.92386554621851,357.22012605042016,-180.10476987447691,-4042.1732673267325
2022-08-15,-4382.004926108375,-2252.6673839662453,-45.020759493670994,-4761.043263598326,-89.85148514851608
2022-08-16,-37.85024154589337,1011.5917721518981,2941.8513080168777,-224.71979079497942,1089.4285714285725
2022-08-17,-2651.8599033816427,836.1828691983119,2709.342616033755,-408.0486075949375,2299.089108910892
2022-08-18,4902.120772946861,1758.0430672268913,3441.336134453782,365.59411764705874,1887.2999999999993
2022-08-19,1783.9951219512186,1909.9546218487394,3562.201483050847,1277.9484937238503,455.2338308457711
2022-08-20,7933.4326923076915,891.0234745762709,1797.915254237288,709.3373640167365,1266.8457711442788
2022-08-21,-2789.1826923076915,265.4338655462185,499.22012605042016,-14.16476987447686,1646.8267326732675
2022-08-22,-1196.004926108375,2456.092616033755,3876.829240506329,1782.336736401674,806.1485148514839
2022-08-23,1244.1497584541066,2160.211772151898,3740.4713080168776,1159.790209205019,859.4285714285725
2022-08-24,-370.85990338164265,1086.5328691983113,2945.232616033755,-86.25860759493662,1620.0891089108918
2022-08-25,993.1207729468606,2151.283067226891,3738.0661344537816,820.1241176470594,1850.2999999999993
2022-08-26,-132.0048780487814,2526.2446218487394,3844.781483050848,1346.0484937238489,2390.233830845771
2022-08-27,-6219.5673076923085,1315.863474576271,1930.2752542372882,645.6973640167362,2025.8457711442788
2022-08-28,-3854.1826923076915,323.1638655462185,559.3901260504201,49.2652301255232,1988.8267326732675
2022-08-29,-141.004926108375,2486.232616033755,3767.329240506329,1454.6767364016741,1191.148514851484
2022-08-30,6392.149758454107,1957.7217721518982,3880.081308016878,1055.6102092050205,-3.571428571427532
2022-08-31,2287.1400966183573,446.96286919831164,2892.432616033755,-368.27860759493706,760.0891089108918
2022-09-01,-5304.879227053139,809.4430672268909,2906.1361344537822,-886.8558823529402,926.2999999999993
2022-09-02,3980.9951219512186,1608.5546218487398,3330.7214830508474,496.9284937238499,331.2338308457711
2022-09-03,-996.5673076923085,1002.883474576271,1854.955254237288,775.0773640167363,-203.15422885572116
2022-09-04,-3408.1826923076915,249.00386554621844,545.8401260504202,-31.214769874476815,-3508.1732673267325
2022-09-07,-3627.8599033816427,2813.312869198312,4041.8326160337547,1637.9913924050634,3994.089108910892
2022-09-08,-25.879227053139402,1475.8030672268906,2999.8161344537816,-247.94588235294032,-5125.700000000001
2022-09-09,5682.995121951219,-3638.8653781512603,-1027.5285169491526,-7284.24150627615,1320.233830845771
2022-09-10,-6967.5673076923085,-2059.556525423729,-838.5947457627119,-3471.722635983264,4677.845771144279
2022-09-11,-1913.1826923076915,-369.7361344537815,11.930126050420142,-838.7347698744768,-3843.1732673267325
2022-09-12,545.995073891625,-3436.327383966245,-931.720759493671,-6760.943263598326,477.1485148514839
2022-09-13,-382.85024154589337,1120.921772151898,2893.031308016878,-885.6497907949797,1875.4285714285725
2022-09-14,-3077.8599033816427,2403.062869198312,3758.172616033755,927.0813924050635,1611.0891089108918
2022-09-15,618.1207729468606,2176.5430672268913,3692.376134453782,637.6641176470603,1749.2999999999993
2022-09-16,-300.0048780487814,2485.93462184874,3869.461483050847,1739.1884937238501,1489.233830845771
2022-09-17,-1518.5673076923085,1165.403474576271,1880.7752542372882,728.4173640167364,21.845771144278842
2022-09-20,-2033.8502415458934,2529.2817721518986,3934.0513080168785,1218.5202092050204,1904.4285714285725
2022-09-21,2038.1400966183573,2524.5028691983116,3853.8326160337547,1403.181392405064,1424.0891089108918
2022-09-22,179.1207729468606,2238.3530672268907,3779.9761344537824,874.2441176470602,2641.2999999999993
2022-09-23,3.995121951218607,2725.06462184874,3926.911483050847,1726.2484937238496,2397.233830845771
2022-09-24,3909.4326923076915,1418.9134745762713,1982.265254237288,877.1573640167362,1392.8457711442788
2022-09-25,354.81730769230853,360.5138655462184,603.9101260504201,119.2752301255232,1683.8267326732675
2022-09-26,-695.004926108375,2418.482616033755,3881.0692405063287,1663.8267364016738,1205.148514851484
2022-09-27,3818.1497584541066,2211.171772151898,3880.371308016878,1022.1402092050193,2028.4285714285725
2022-09-28,-1123.8599033816427,2167.062869198312,3647.022616033755,999.7613924050638,2134.089108910892
2022-09-29,3607.1207729468606,2223.2230672268906,3844.1361344537822,1071.7841176470592,2485.2999999999993
2022-09-30,1107.9951219512186,2197.944621848739,3669.961483050847,863.138493723849,3298.233830845771
2022-10-01,6092.4326923076915,1058.2434745762712,1726.1252542372881,431.37736401673646,2986.845771144279
2022-10-02,-3607.1826923076915,121.88386554621843,400.5301260504201,-222.09476987447692,-3976.1732673267325
2022-10-03,5805.995073891625,-2215.257383966245,14.279240506329188,-4844.583263598326,76.14851485148392
2022-10-04,1194.1497584541066,1668.4017721518985,3321.5413080168782,123.18020920502022,1508.4285714285725
2022-10-05,-3002.8599033816427,1863.602869198312,3411.852616033755,648.3013924050629,1160.0891089108918
2022-10-06,-1050.8792270531394,1712.2330672268909,3563.586134453782,378.1341176470596,2411.2999999999993
2022-10-07,-3310.0048780487814,2290.194621848739,3678.6814830508474,1013.59849372385,4057.233830845771
2022-10-08,-6833.5673076923085,1338.4934745762712,1878.6752542372883,654.7573640167366,2233.845771144279
2022-10-09,1081.8173076923085,232.52386554621842,514.5501260504201,-11.864769874476906,-4135.1732673267325
2022-10-10,-3660.004926108375,-2061.117383966245,88.38924050632886,-4911.2232635983255,-76.85148514851608
2022-10-11,-2372.8502415458934,1392.2217721518982,3174.081308016878,-0.8397907949802175,1525.4285714285725
2022-10-12,-3280.8599033816427,2016.7928691983116,3550.172616033755,1033.3713924050626,1450.0891089108918
2022-10-13,642.1207729468606,2086.583067226891,3632.9361344537815,454.54411764705947,2087.2999999999993
2022-10-14,2228.9951219512186,2334.27462184874,3703.491483050848,1203.9384937238501,2091.233830845771
2022-10-15,4175.4326923076915,1332.6834745762712,1957.6352542372883,689.9673640167366,1733.8457711442788
2022-10-16,-5696.1826923076915,612.8338655462184,821.9501260504202,466.8952301255231,1328.8267326732675
2022-10-17,5108.995073891625,1956.012616033755,3380.1392405063293,699.6967364016746,1889.148514851484
2022-10-18,220.14975845410663,2003.7817721518986,3652.9613080168783,837.790209205019,1586.4285714285725
2022-10-19,-5879.859903381643,1700.2628691983118,3348.682616033755,283.641392405063,1867.0891089108918
2022-10-20,2451.1207729468606,1654.443067226891,3541.3561344537816,525.3341176470585,2198.2999999999993
2022-10-21,-2461.0048780487814,1893.6846218487399,3503.1314830508472,824.2084937238506,2229.233830845771
2022-10-22,-1995.5673076923085,1385.2634745762712,1963.0052542372882,592.9573640167364,2086.845771144279
2022-10-23,-1389.1826923076915,578.9838655462185,776.9801260504202,357.3952301255231,1526.8267326732675
2022-10-24,1650.995073891625,1856.052616033755,3309.999240506329,965.1767364016741,1429.148514851484
2022-10-25,-1231.8502415458934,1949.1617721518987,3386.5013080168783,703.9502092050207,1902.4285714285725
2022-10-26,1397.1400966183573,2048.9228691983117,3324.7026160337546,626.5013924050636,2055.089108910892
2022-10-27,1186.1207729468606,1724.573067226891,3296.286134453782,195.15411764706005,1873.2999999999993
2022-10-28,511.9951219512186,1919.60462184874,3306.5214830508476,544.7484937238496,2134.233830845771
2022-10-29,1114.4326923076915,1113.6434745762713,1695.535254237288,356.06736401673606,1505.8457711442788
2022-10-30,-2593.1826923076915,438.25386554621844,623.0401260504201,156.35523012552312,798.8267326732675
2022-10-31,-5321.004926108375,1731.2526160337547,3201.659240506329,611.8567364016744,476.1485148514839
2022-11-01,1789.1497584541066,1698.9317721518983,3318.8413080168784,616.0502092050192,557.4285714285725
2022-11-02,-137.85990338164265,1733.3828691983117,3205.482616033755,327.72139240506294,1029.0891089108918
2022-11-03,3091.1207729468606,1480.693067226891,3221.4361344537815,32.75411764705859,1396.2999999999993
2022-11-04,-109.00487804878139,1565.2346218487392,3088.201483050847,181.83849372384975,1559.233830845771
2022-11-05,-594.5673076923085,636.2434745762712,1298.2152542372883,-250.08263598326357,1351.8457711442788
2022-11-06,2675.8173076923085,310.61386554621856,553.7301260504202,-46.38476987447689,940.8267326732675
2022-11-07,-1070.004926108375,1772.892616033755,3144.1792405063293,613.2567364016741,562.1485148514839
2022-11-08,-4480.850241545893,1883.4717721518982,3353.021308016878,763.6502092050196,1133.4285714285725
2022-11-09,2760.1400966183573,1728.8428691983117,3230.512616033755,636.4513924050625,1236.0891089108918
2022-11-10,-372.8792270531394,1706.1430672268907,3148.616134453782,13.874117647059393,2044.2999999999993
2022-11-11,-2171.0048780487814,1661.4946218487394,3047.581483050847,184.69849372385033,1099.233830845771
2022-11-12,824.4326923076915,592.8334745762709,1365.805254237288,-123.28263598326384,1115.8457711442788
2022-11-13,-2399.1826923076915,229.01386554621843,495.5501260504201,-101.09476987447692,1186.8267326732675
2022-11-14,1715.995073891625,1904.6226160337546,3188.369240506329,732.3567364016744,1185.148514851484
2022-11-15,-3676.8502415458934,1747.3317721518988,3325.7513080168783,553.0802092050199,1505.4285714285725
2022-11-16,-1407.8599033816427,1910.7428691983114,3354.1126160337553,705.3013924050629,1503.0891089108918
2022-11-17,3017.1207729468606,1851.203067226891,3390.956134453782,584.6941176470591,2423.2999999999993
2022-11-18,-3178.0048780487814,1943.6246218487395,3423.5714830508477,856.6184937238504,2662.233830845771
2022-11-19,2899.4326923076915,1278.653474576271,1877.9452542372883,801.6773640167366,1718.8457711442788
2022-11-20,6280.8173076923085,669.3138655462184,860.7801260504201,551.4752301255232,3001.8267326732675
2022-11-21,-1898.004926108375,2048.6226160337546,3733.549240506329,1735.7667364016743,3161.148514851484
2022-11-22,-1041.8502415458934,1608.591772151898,3796.3413080168784,1312.6502092050196,3633.4285714285725
2022-11-23,1709.1400966183573,2318.942869198311,4271.112616033755,2714.521392405064,-1735.9108910891082
2022-11-24,-4171.879227053139,246.0130672268906,2205.3061344537823,-1875.5858823529406,-1985.7000000000007
2022-11-25,-1571.0048780487814,-1118.2953781512606,1429.6314830508472,-3044.61150627615,912.2338308457711
2022-11-26,-2766.5673076923085,-96.35652542372873,939.6052542372881,-794.0226359832636,1433.8457711442788
2022-11-27,-872.1826923076915,3.7938655462185125,320.7601260504201,-308.1347698744769,-2127.1732673267325
2022-11-28,340.995073891625,-363.13738396624467,1574.209240506329,-2476.213263598326,-2538.851485148516
2022-11-29,3042.1497584541066,-491.4882278481018,1564.0413080168782,-3034.77979079498,-1971.5714285714275
2022-11-30,-386.85990338164265,-208.32713080168833,1700.222616033755,-2639.228607594937,-1637.9108910891082
2022-12-01,-2140.8792270531394,-154.88693277310904,1849.956134453782,-2580.5258823529402,-501.7000000000007
2022-12-02,-5924.004878048781,147.58462184873952,1994.081483050847,-2148.1215062761503,98.23383084577108
2022-12-03,-4989.5673076923085,225.95347457627122,1070.3652542372884,-636.7526359832636,940.8457711442788
2022-12-04,-924.1826923076915,226.76386554621843,504.0201260504201,-51.30476987447673,-145.17326732673246
2022-12-05,-372.004926108375,672.5826160337547,2320.919240506329,-1311.1932635983258,47.148514851483924
2022-12-06,-1601.8502415458934,628.8617721518985,2576.951308016878,-1094.8997907949797,793.4285714285725
2022-12-07,-6146.859903381643,1287.3228691983113,2899.092616033755,-475.1786075949367,224.0891089108918
2022-12-08,138.1207729468606,980.9530672268911,2876.336134453782,-801.3558823529402,1408.2999999999993
2022-12-09,-3534.0048780487814,1429.2146218487396,3050.951483050847,-145.10150627615076,1328.233830845771
2022-12-10,-2841.5673076923085,1160.463474576271,1894.455254237288,760.8273640167363,929.8457711442788
2022-12-11,2223.8173076923085,320.0538655462184,592.3901260504201,55.74523012552322,1397.8267326732675
2022-12-12,1742.995073891625,1897.6226160337546,3407.8492405063294,503.57673640167377,1590.148514851484
2022-12-13,-1874.8502415458934,2097.8117721518984,3631.331308016878,974.6602092050198,1298.4285714285725
2022-12-14,-736.8599033816427,2153.7928691983116,3655.772616033755,1020.3313924050635,1209.0891089108918
2022-12-15,-932.8792270531394,1939.5930672268905,3639.5561344537823,596.5941176470587,1581.2999999999993
2022-12-16,-2903.0048780487814,1959.6346218487397,3386.3614830508477,679.9184937238497,1040.233830845771
2022-12-17,3956.4326923076915,1179.3334745762709,1776.915254237288,673.937364016736,338.84577114427884
2022-12-18,-2435.1826923076915,516.6838655462185,709.5201260504201,215.2752301255232,998.8267326732675
2022-12-19,5883.995073891625,2016.5026160337547,3433.7192405063292,891.4867364016736,1491.148514851484
2022-12-20,-1039.8502415458934,2087.921772151898,3633.5413080168782,809.6402092050193,215.42857142857247
2022-12-21,5089.140096618357,1481.1728691983117,3192.422616033755,-122.72860759493597,975.0891089108918
2022-12-22,-931.8792270531394,1768.153067226891,3475.1461344537815,594.4141176470603,414.2999999999993
2022-12-23,-4022.0048780487814,1290.06462184874,2958.041483050847,-15.691506276150903,66.23383084577108
2022-12-24,-3786.5673076923085,304.4734745762712,1083.6952542372883,-354.6426359832635,186.84577114427884
2022-12-25,-766.1826923076915,208.09386554621847,463.0501260504201,-75.1247698744769,1413.8267326732675
2022-12-26,-2677.004926108375,1634.4226160337548,3241.119240506329,614.7967364016731,1319.148514851484
2022-12-27,2050.1497584541066,1620.2317721518984,3296.5513080168785,343.2302092050195,735.4285714285725
2022-12-28,3570.1400966183573,1824.1728691983117,3358.5026160337547,644.8113924050631,609.0891089108918
2022-12-29,-1761.8792270531394,1437.363067226891,3283.2361344537817,221.7641176470588,-502.7000000000007
2022-12-30,-996.0048780487814,761.0146218487398,2480.501483050847,-902.8715062761512,969.2338308457711
2022-12-31,-273.56730769230853,-293.836525423729,648.6352542372881,-1097.0226359832636,1617.8457711442788
2023-01-01,1080.8173076923085,-195.77613445378154,150.23012605042015,-557.4047698744769,-681.1732673267325
2023-01-02,1058.995073891625,1173.052616033755,2723.2192405063292,-290.6432635983256,-157.85148514851608
2023-01-03,-39.85024154589337,1675.8217721518986,3210.021308016878,431.71020920501905,-73.57142857142753
2023-01-04,-27.859903381642653,1436.1628691983115,3144.142616033755,169.09139240506374,75.08910891089181
2023-01-05,-1988.8792270531394,1484.743067226891,3224.4861344537817,69.91411764706027,482.2999999999993
2023-01-06,3889.9951219512186,1765.5946218487397,3315.7614830508473,965.8684937238504,120.23383084577108
2023-01-07,-2924.5673076923085,711.983474576271,1451.7752542372882,243.76736401673634,157.84577114427884
2023-01-08,-854.1826923076915,127.52386554621842,429.6501260504201,-141.65476987447687,1381.8267326732675
2023-01-09,434.995073891625,1931.592616033755,3449.4392405063295,919.6467364016735,1352.148514851484
2023-01-10,-1908.8502415458934,1646.0317721518986,3450.081308016878,691.7402092050197,1581.4285714285725
2023-01-11,-670.8599033816427,1557.852869198312,3345.5026160337547,640.7913924050627,1400.0891089108918
2023-01-12,569.1207729468606,1646.5530672268906,3449.6061344537816,551.5741176470601,-464.7000000000007
2023-01-13,131.9951219512186,466.49462184873937,2557.781483050848,-708.2515062761504,-319.7661691542289
2023-01-14,-5011.5673076923085,396.443474576271,1190.1252542372881,-200.2926359832636,-272.15422885572116
2023-01-15,1563.8173076923085,216.46386554621847,489.7701260504201,-95.85476987447691,1812.8267326732675
2023-01-16,-2095.004926108375,2673.9026160337553,3776.5292405063287,1663.006736401674,2212.148514851484
2023-01-17,258.14975845410663,2352.2817721518986,3804.3913080168777,1248.4902092050197,2316.4285714285725
2023-01-18,-4136.859903381643,2462.4128691983115,3847.5826160337547,1358.7513924050636,2600.089108910892
2023-01-19,77.1207729468606,1952.0030672268913,3496.706134453782,871.0441176470595,1772.2999999999993
2023-01-20,-3407.0048780487814,1143.1646218487394,2634.781483050848,-546.5015062761504,326.2338308457711
2023-01-21,-1697.5673076923085,-789.4865254237288,150.18525423728806,-1832.4826359832637,4026.845771144279
2023-01-22,-2716.1826923076915,-565.5961344537816,-149.35987394957988,-1127.9947698744768,-2954.1732673267325
2023-01-23,-4004.004926108375,-4243.447383966245,-1629.940759493671,-7839.073263598326,-5706.851485148516
2023-01-24,-137.85024154589337,-3671.2882278481015,-1058.998691983122,-7539.0597907949805,-1670.5714285714275
2023-01-25,-3575.8599033816427,313.9928691983114,1998.9826160337552,-2035.568607594937,156.0891089108918
2023-01-26,-390.8792270531394,1357.5430672268913,3084.166134453782,-151.17588235293988,268.2999999999993
2023-01-27,625.9951219512186,1684.7846218487393,3138.4714830508474,469.22849372384917,-555.7661691542289
2023-01-28,2297.4326923076915,665.9334745762712,1351.1552542372883,242.61736401673625,-376.15422885572116
2023-01-29,24.817307692308532,203.21386554621847,460.13012605042013,-79.04476987447674,1343.8267326732675
2023-01-30,863.995073891625,1976.2926160337547,3309.0692405063287,931.6267364016749,649.1485148514839
2023-01-31,310.14975845410663,1975.381772151898,3478.771308016878,870.6102092050205,541.4285714285725
2023-02-01,1644.1400966183573,1661.5928691983117,3174.092616033755,295.53139240506243,647.0891089108918
2023-02-02,-6098.879227053139,1561.2730672268908,3257.166134453782,116.64411764705983,568.2999999999993
2023-02-03,2469.9951219512186,1460.1546218487392,3052.7314830508476,441.97849372384917,66.23383084577108
2023-02-04,3930.4326923076915,451.8434745762711,1219.015254237288,-31.542635983263608,538.8457711442788
2023-02-05,-1707.1826923076915,128.07386554621849,401.24012605042014,-155.83476987447693,1335.8267326732675
2023-02-06,-570.004926108375,2099.132616033755,3487.4792405063295,1147.1767364016741,1420.148514851484
2023-02-07,7986.149758454107,1952.961772151898,3487.061308016878,946.7602092050201,886.4285714285725
2023-02-08,1375.1400966183573,1928.7828691983113,3394.7826160337545,731.2513924050636,1000.0891089108918
2023-02-09,-3656.8792270531394,1701.5830672268912,3295.506134453782,348.89411764705983,137.29999999999927
2023-02-10,-1070.0048780487814,826.7346218487392,2498.251483050847,-832.0915062761505,598.2338308457711
2023-02-11,9448.432692307691,581.6434745762713,1334.4652542372883,106.72736401673637,359.84577114427884
2023-02-12,-734.1826923076915,187.2938655462185,457.62012605042014,-73.21476987447681,1200.8267326732675
2023-02-13,-418.004926108375,1480.1526160337553,3061.3892405063293,112.31673640167355,2186.148514851484
2023-02-14,-4843.850241545893,2246.971772151898,3709.611308016878,1051.3902092050193,1916.4285714285725
2023-02-15,4869.140096618357,2243.4228691983117,3587.922616033755,1081.4113924050635,1793.0891089108918
2023-02-16,-5657.879227053139,1955.613067226891,3535.5261344537817,751.7241176470598,2010.2999999999993
2023-02-17,3727.9951219512186,1598.9846218487392,3171.031483050848,541.4784937238492,-632.7661691542289
2023-02-18,1804.4326923076915,518.7234745762712,1263.0452542372882,-97.31263598326359,-8209.154228855721
2023-02-19,298.81730769230853,190.03386554621852,447.9001260504201,-92.10476987447691,-3468.1732673267325
2023-02-20,6715.995073891625,1581.9026160337553,3147.009240506329,905.1767364016741,2170.148514851484
2023-02-21,-3103.8502415458934,1985.791772151898,3626.651308016878,1076.75020920502,2390.4285714285725
2023-02-22,430.14009661835735,1774.8828691983117,3426.022616033755,987.851392405064,1297.0891089108918
2023-02-23,-155.8792270531394,1889.283067226891,3628.166134453782,1103.6141176470592,-3814.7000000000007
2023-02-24,8254.995121951219,2089.5346218487393,3493.791483050847,1092.7784937238503,1700.233830845771
2023-02-25,-1998.5673076923085,814.443474576271,1513.2152542372883,529.6273640167365,-6759.154228855721
2023-02-26,5469.8173076923085,324.49386554621844,570.4401260504202,136.2552301255232,-1760.1732673267325
2023-02-27,-1807.004926108375,1966.4926160337545,3480.539240506329,1202.9367364016744,1640.148514851484
2023-02-28,-1616.8502415458934,1899.841772151898,3467.621308016878,998.2202092050193,-5559.5714285714275
2023-03-01,2081.1400966183573,-1995.0171308016884,250.78261603375495,-4982.058607594937,1163.0891089108918
2023-03-02,4370.120772946861,1581.6730672268905,3413.6561344537818,309.7541176470586,1362.2999999999993
2023-03-03,-6072.004878048781,2024.3646218487393,3629.831483050847,1519.0684937238493,681.2338308457711
2023-03-04,4038.4326923076915,838.6634745762713,1541.6152542372884,448.2573640167366,962.8457711442788
2023-03-05,2338.8173076923085,219.24386554621844,483.8901260504201,-19.204769874476824,1508.8267326732675
2023-03-06,6366.995073891625,2173.2426160337545,3553.4292405063293,1112.6067364016744,1437.148514851484
2023-03-07,-1968.8502415458934,2025.3517721518983,3550.911308016878,701.6802092050202,1453.4285714285725
2023-03-08,-2607.8599033816427,1871.6628691983115,3410.3626160337553,654.1313924050628,-4753.910891089108
2023-03-09,3962.1207729468606,1697.4330672268907,3462.746134453782,461.15411764706005,1934.2999999999993
2023-03-10,1678.9951219512186,1495.4246218487397,3383.0714830508477,792.9184937238497,1261.233830845771
2023-03-11,-8803.567307692309,500.2234745762712,1361.705254237288,62.45736401673639,49.84577114427884
2023-03-12,2528.8173076923085,182.10386554621846,461.35012605042016,-118.88476987447689,2388.8267326732675
2023-03-13,-163.004926108375,2090.2826160337545,3700.7192405063292,958.586736401674,2333.148514851484
2023-03-14,-2771.8502415458934,2251.511772151898,3682.821308016878,1002.6102092050205,1897.4285714285725
2023-03-15,3870.1400966183573,2144.442869198311,3557.1126160337553,917.9713924050629,1854.0891089108918
2023-03-16,-6479.879227053139,1912.0930672268905,3503.3861344537822,538.8341176470585,1974.2999999999993
2023-03-17,8573.995121951219,1916.1546218487392,3435.121483050847,826.4184937238497,1900.233830845771
2023-03-18,-2581.5673076923085,688.1034745762709,1469.8852542372883,189.4273640167362,1603.8457711442788
2023-03-19,1672.8173076923085,202.95386554621848,470.7601260504201,-61.604769874476915,2270.8267326732675
2023-03-20,-2415.004926108375,1964.0326160337545,3483.449240506329,988.9667364016732,2234.148514851484
2023-03-21,4195.149758454107,2103.5717721518986,3858.361308016878,1258.50020920502,2108.4285714285725
2023-03-22,-336.85990338164265,2015.5528691983118,3849.6126160337553,1467.0513924050629,701.0891089108918
2023-03-23,3710.1207729468606,181.62306722689118,3003.756134453782,-432.2958823529407,2500.2999999999993
2023-03-24,2941.9951219512186,1986.3846218487397,3491.371483050847,830.2384937238494,3189.233830845771
2023-03-25,-3673.5673076923085,1054.213474576271,1704.435254237288,566.8073640167358,3286.845771144279
2023-03-26,5392.8173076923085,402.46386554621847,646.1701260504201,164.3852301255231,3871.8267326732675
2023-03-27,-2156.004926108375,2766.2026160337546,3946.259240506329,1564.3967364016735,2941.148514851484
2023-03-28,5264.149758454107,2231.171772151898,3806.661308016878,1079.3602092050205,2769.4285714285725
2023-03-29,-3341.8599033816427,2100.942869198311,3633.092616033755,837.6913924050623,2172.089108910892
2023-03-30,15558.12077294686,1880.153067226891,3547.8161344537816,556.1741176470587,2523.2999999999993
2023-03-31,-6406.004878048781,1790.9746218487398,3325.621483050847,493.59849372384997,3027.233830845771
2023-04-01,1907.4326923076915,582.8234745762711,1350.685254237288,-139.53263598326384,2020.8457711442788
2023-04-02,-4533.1826923076915,264.25386554621844,541.9601260504202,3.0652301255231578,2036.8267326732675
2023-04-03,3412.995073891625,2029.5726160337545,3472.7392405063288,974.1167364016746,1763.148514851484
2023-04-04,834.1497584541066,2042.2317721518984,3586.521308016878,985.790209205019,-650.5714285714275
2023-04-05,-960.8599033816427,64.91286919831145,2777.5326160337545,-676.728607594936,1118.0891089108918
2023-04-06,2490.1207729468606,1342.5430672268913,2982.286134453782,-69.29588235294068,2015.2999999999993
2023-04-07,5843.995121951219,2074.10462184874,3470.8914830508475,759.01849372385,1723.233830845771
2023-04-08,-3821.5673076923085,931.2034745762712,1612.4652542372883,253.0873640167365,1952.8457711442788
2023-04-09,4114.8173076923085,328.62386554621855,563.3501260504202,47.785230125523185,2543.8267326732675
2023-04-10,-1832.004926108375,2417.312616033755,3571.1492405063286,1456.1567364016737,1942.148514851484
2023-04-11,-1277.8502415458934,2303.011772151898,3824.3913080168777,1091.3302092050199,1808.4285714285725
2023-04-12,-1859.8599033816427,2123.6328691983117,3509.6126160337553,915.8613924050624,2189.089108910892
2023-04-13,-1819.8792270531394,1893.9230672268905,3435.496134453782,438.4441176470591,1853.2999999999993
2023-04-14,-362.0048780487814,1681.77462184874,3319.9314830508474,687.1284937238488,721.2338308457711
2023-04-15,9612.432692307691,598.1434745762713,1434.745254237288,-83.11263598326377,1373.8457711442788
2023-04-16,-1756.1826923076915,271.2838655462184,541.7001260504202,13.185230125523276,2918.8267326732675
2023-04-17,-2754.004926108375,2120.2026160337546,3553.3592405063287,1204.8967364016735,2020.148514851484
2023-04-18,2586.1497584541066,2085.1117721518985,3756.111308016878,1357.2802092050206,2431.4285714285725
2023-04-19,-2109.8599033816427,1541.4228691983117,3521.4426160337553,1038.8713924050626,2725.089108910892
2023-04-20,1540.1207729468606,2007.8330672268912,3681.996134453782,764.4441176470591,2496.2999999999993
2023-04-21,-49.00487804878139,2065.0746218487393,3547.1114830508477,856.4284937238499,1375.233830845771
2023-04-22,7426.4326923076915,788.0534745762711,1491.0952542372884,132.07736401673628,1244.8457711442788
2023-04-23,2210.8173076923085,296.33386554621836,571.8001260504201,62.2652301255232,2696.8267326732675
2023-04-24,-3780.004926108375,2038.4826160337552,3552.1792405063293,1166.8467364016742,1308.148514851484
2023-04-25,128.14975845410663,1700.3217721518986,3338.1713080168784,254.54020920501898,2572.4285714285725
2023-04-26,7376.140096618357,2089.5028691983116,3527.4526160337546,1000.9913924050634,3026.089108910892
2023-04-27,-5646.879227053139,2016.0030672268913,3655.8861344537822,1044.3241176470601,2492.2999999999993
2023-04-28,8468.995121951219,1971.2546218487396,3545.3814830508472,1226.1284937238488,1280.233830845771
2023-04-29,-3487.5673076923085,469.26347457627116,1474.1552542372883,27.517364016736337,3039.845771144279
2023-04-30,3388.8173076923085,120.88386554621843,418.74012605042014,-158.76476987447677,-3713.1732673267325
2023-05-01,-296.004926108375,-2193.147383966245,15.629240506329097,-5108.2232635983255,1873.148514851484
2023-05-02,3691.1497584541066,1380.3517721518983,3211.0513080168785,10.380209205019128,2807.4285714285725
2023-05-03,-3921.8599033816427,1455.4428691983112,3267.6126160337553,595.9713924050629,3332.089108910892
2023-05-04,596.1207729468606,1876.8130672268908,3539.326134453782,804.1241176470594,-7298.700000000001
2023-05-05,-1126.0048780487814,-3184.7953781512606,-390.0485169491526,-6213.15150627615,-949.7661691542289
2023-05-06,733.4326923076915,-759.526525423729,523.6852542372881,-1390.182635983264,2006.8457711442788
2023-05-07,1813.8173076923085,150.5538655462185,431.0201260504201,-199.19476987447683,2219.8267326732675
2023-05-08,1696.995073891625,1967.1626160337546,3347.789240506329,190.64673640167348,2154.148514851484
2023-05-09,-2708.8502415458934,1988.2017721518987,3542.4713080168776,977.1202092050207,2355.4285714285725
2023-05-10,274.14009661835735,1631.5428691983116,3305.472616033755,8.781392405062434,2301.089108910892
2023-05-11,2388.1207729468606,1349.5230672268908,3640.9461344537817,641.0041176470586,2547.2999999999993
2023-05-12,205.9951219512186,1849.4046218487392,3330.9314830508474,461.40849372384946,709.2338308457711
2023-05-13,2409.4326923076915,739.753474576271,1540.8352542372882,157.11736401673625,1684.8457711442788
2023-05-14,2079.8173076923085,270.8038655462184,524.1301260504201,55.55523012552317,2701.8267326732675
2023-05-15,-969.004926108375,2262.932616033755,3660.249240506329,1279.336736401674,2537.148514851484
2023-05-16,1769.1497584541066,1594.0117721518982,3529.191308016878,606.0902092050201,2662.4285714285725
2023-05-17,805.1400966183573,1368.7328691983112,3498.142616033755,771.141392405063,1446.0891089108918
2023-05-18,1476.1207729468606,1262.2230672268906,3274.036134453782,258.0141176470588,2183.2999999999993
2023-05-19,3220.9951219512186,1636.56462184874,3327.331483050847,603.3284937238495,2070.233830845771
2023-05-20,-5282.5673076923085,898.193474576271,1585.3152542372882,320.4073640167362,1617.8457711442788
2023-05-21,-3160.1826923076915,486.5438655462184,693.9201260504202,307.4352301255233,2800.8267326732675
2023-05-22,-2611.004926108375,2144.9426160337553,3588.589240506329,1433.1567364016737,2449.148514851484
2023-05-23,6096.149758454107,1954.5717721518986,3560.7513080168783,1042.960209205019,2819.4285714285725
2023-05-24,-161.85990338164265,1762.6128691983113,3602.7426160337545,1154.6113924050624,3066.089108910892
2023-05-25,6416.120772946861,1963.4830672268909,3658.6961344537817,932.3841176470596,3499.2999999999993
2023-05-26,-1816.0048780487814,1922.85462184874,3561.831483050847,964.3384937238498,3637.233830845771
2023-05-27,5110.4326923076915,383.2434745762712,1161.015254237288,-156.95263598326392,1530.8457711442788
2023-05-28,-2076.1826923076915,-8.566134453781501,365.9501260504202,-200.1147698744769,-5229.1732673267325
2023-05-29,-1046.004926108375,-2598.4773839662453,87.15924050632884,-5016.943263598327,2143.148514851484
2023-05-30,4120.149758454107,621.8217721518986,3131.451308016878,27.18020920502022,2490.4285714285725
2023-05-31,858.1400966183573,1945.7628691983118,3316.0826160337547,821.141392405063,-11136.910891089108
2023-06-01,-4550.879227053139,1398.613067226891,3293.3961344537815,483.3041176470597,2735.2999999999993
2023-06-02,824.9951219512186,1809.5746218487393,3328.5514830508473,935.7484937238496,2881.233830845771
2023-06-03,-394.56730769230853,831.6234745762708,1555.055254237288,384.0973640167367,2307.845771144279
2023-06-04,2345.8173076923085,230.37386554621855,499.7801260504201,50.895230125523085,2563.8267326732675
2023-06-05,-3876.004926108375,1381.3126160337551,3033.0192405063294,383.36673640167464,-4739.851485148516
2023-06-06,-1093.8502415458934,-2123.8382278481017,217.66130801687814,-5061.17979079498,1964.4285714285725
2023-06-07,7848.140096618357,1890.432869198312,3442.6226160337546,752.8713924050626,2716.089108910892
2023-06-08,-4845.879227053139,1826.6630672268911,3493.4061344537818,1023.0741176470601,2429.2999999999993
2023-06-09,1470.9951219512186,2134.68462184874,3559.6514830508477,1178.5684937238493,2416.233830845771
2023-06-10,-2880.5673076923085,1090.383474576271,1608.3352542372882,555.3473640167367,1470.8457711442788
2023-06-11,99.81730769230853,303.50386554621844,578.7201260504202,183.83523012552314,2821.8267326732675
2023-06-12,2260.995073891625,1837.7426160337545,3474.1092405063287,1263.256736401674,2509.148514851484
2023-06-13,-2002.8502415458934,1962.5117721518982,3576.5913080168784,1103.1302092050191,2469.4285714285725
2023-06-14,1538.1400966183573,1310.7628691983118,3311.0726160337554,793.0513924050629,2517.089108910892
2023-06-15,2931.1207729468606,1696.7330672268909,3448.006134453782,559.524117647059,3091.2999999999993
2023-06-16,-685.0048780487814,1664.77462184874,3181.1814830508474,463.09849372384997,2531.233830845771
2023-06-17,4055.4326923076915,800.9934745762712,1540.2952542372882,231.19736401673617,2286.845771144279
2023-06-18,-964.1826923076915,280.47386554621846,526.6701260504201,72.59523012552313,3398.8267326732675
2023-06-19,-3554.004926108375,2040.8626160337553,3577.619240506329,1104.256736401674,3113.148514851484
2023-06-20,735.1497584541066,2040.4017721518985,3594.7613080168776,1096.5802092050199,2066.4285714285725
2023-06-21,1105.1400966183573,51.232869198311164,3016.2926160337547,-43.12860759493742,3885.089108910892
2023-06-22,-2578.8792270531394,2015.533067226891,3666.926134453782,789.9141176470603,3659.2999999999993
2023-06-23,1140.9951219512186,1695.1646218487394,3297.3514830508475,683.26849372385,3154.233830845771
2023-06-24,6766.4326923076915,682.5534745762711,1468.9652542372883,261.8273640167363,1850.8457711442788
2023-06-25,-2260.1826923076915,287.0638655462184,558.0301260504201,185.72523012552324,1435.8267326732675
2023-06-26,-4185.004926108375,566.0626160337551,2974.839240506329,15.656736401673697,2565.148514851484
2023-06-27,2002.1497584541066,1722.9917721518987,3527.3913080168777,732.6402092050193,2387.4285714285725
2023-06-28,2234.1400966183573,1042.6628691983115,3113.4426160337553,405.5013924050636,2061.089108910892
2023-06-29,2602.1207729468606,838.2430672268911,3175.926134453782,7.224117647059757,1134.2999999999993
2023-06-30,5575.995121951219,-98.39537815126005,2331.8414830508473,-1090.6015062761508,1896.233830845771
2023-07-01,-2778.5673076923085,-1.70652542372909,1034.665254237288,-487.3226359832638,2154.845771144279
2023-07-02,3238.8173076923085,267.2738655462184,557.3901260504201,106.48523012552323,2993.8267326732675
2023-07-03,-2360.004926108375,1472.142616033755,3224.8592405063287,841.1767364016741,2234.148514851484
2023-07-04,1647.1497584541066,1496.3217721518986,3372.941308016878,774.4902092050197,2035.4285714285725
2023-07-05,-1784.8599033816427,1279.0828691983115,3061.962616033755,264.04139240506265,2847.089108910892
2023-07-06,-740.8792270531394,1469.0230672268908,3329.1561344537818,647.0841176470585,1897.2999999999993
2023-07-07,-1560.0048780487814,937.0946218487397,3009.2214830508474,-35.491506276150176,1126.233830845771
2023-07-08,-5479.5673076923085,-172.24652542372905,1068.685254237288,-455.1426359832635,1793.8457711442788
2023-07-09,-6152.1826923076915,122.97386554621846,486.38012605042013,-3.0247698744767604,3172.8267326732675
2023-07-10,-2446.004926108375,1453.722616033755,3187.1892405063295,821.3167364016736,-4504.851485148516
2023-07-11,502.14975845410663,1186.2717721518984,3226.651308016878,253.21020920501905,2145.4285714285725
2023-07-12,-4194.859903381643,486.47286919831186,2861.5326160337545,-254.77860759493706,1947.0891089108918
2023-07-13,6232.120772946861,547.3430672268905,3010.586134453782,-340.7458823529414,1509.2999999999993
2023-07-14,-2330.0048780487814,353.81462184874,2631.701483050847,-663.8115062761499,193.23383084577108
2023-07-15,-1727.5673076923085,125.59347457627109,1071.9052542372883,-423.40263598326374,-534.1542288557212
2023-07-16,10.817307692308532,8.893865546218422,497.97012605042016,-34.604769874476915,3220.8267326732675
2023-07-17,-1696.004926108375,1204.9426160337553,3147.169240506329,503.6467364016735,2191.148514851484
2023-07-18,3144.1497584541066,150.60177215189833,2851.7113080168783,-453.80979079497956,3920.4285714285725
2023-07-19,-2096.8599033816427,961.4628691983116,3056.062616033755,173.7013924050625,4461.089108910892
2023-07-20,294.1207729468606,1414.113067226891,3454.2661344537823,557.4141176470603,4442.299999999999
2023-07-21,-5093.004878048781,1337.52462184874,3075.9014830508477,113.35849372385019,2082.233830845771
2023-07-22,-7372.5673076923085,398.37347457627084,1310.075254237288,82.93736401673641,623.8457711442788
2023-07-23,819.8173076923085,32.833865546218476,380.8001260504201,-146.9747698744768,2269.8267326732675
2023-07-24,4601.995073891625,1034.552616033755,3022.839240506329,121.13673640167326,2614.148514851484
2023-07-25,-1708.8502415458934,1675.5217721518984,3449.8013080168785,642.0802092050199,2379.4285714285725
2023-07-26,898.1400966183573,1980.2528691983116,3508.422616033755,864.8613924050624,3771.089108910892
2023-07-27,-617.8792270531394,2005.0430672268913,3735.996134453782,568.7241176470598,4051.2999999999993
2023-07-28,5623.995121951219,1380.4846218487392,3031.461483050847,-68.84150627615054,2979.233830845771
2023-07-29,-3798.5673076923085,401.40347457627104,1145.6552542372883,-114.26263598326386,2895.845771144279
2023-07-30,4486.8173076923085,109.83386554621848,383.8901260504201,-63.15476987447687,1935.8267326732675
2023-07-31,-93.004926108375,140.9126160337546,1811.349240506329,-1489.4732635983264,-246.85148514851608
2023-08-01,-4577.850241545893,80.26177215189819,1965.611308016878,-1922.8997907949797,294.42857142857247
2023-08-02,691.1400966183573,60.52286919831113,1733.662616033755,-1907.2586075949366,255.0891089108918
2023-08-03,3402.1207729468606,136.33306722689122,2132.9061344537818,-1750.9458823529403,600.2999999999993
2023-08-04,-4025.0048780487814,386.28462184873933,2193.961483050847,-1562.4515062761502,2277.233830845771
2023-08-05,-199.56730769230853,34.31347457627089,926.5452542372882,-398.01263598326386,2269.845771144279
2023-08-06,-1366.1826923076915,72.86386554621845,351.3201260504202,-72.63476987447689,1968.8267326732675
2023-08-07,-969.004926108375,2411.4126160337546,2752.549240506329,-146.11326359832674,2542.148514851484
2023-08-08,-2491.8502415458934,2916.6117721518985,2862.8013080168785,128.29020920501898,-2125.5714285714275
2023-08-11,-3772.0048780487814,3743.404621848739,3542.711483050847,1159.4884937238494,4840.233830845771
2023-08-12,-2268.5673076923085,1852.923474576271,1671.225254237288,817.187364016736,2982.845771144279
2023-08-13,7136.8173076923085,457.48386554621845,453.4401260504202,46.70523012552326,5162.8267326732675
2023-08-14,-2658.004926108375,3203.352616033755,2996.879240506329,454.55673640167333,-3152.851485148516
2023-08-15,-1011.8502415458934,-839.7582278481013,425.7213080168781,-4223.73979079498,3903.4285714285725
2023-08-16,-373.85990338164265,3643.892869198312,3505.522616033755,921.6613924050635,4266.089108910892
2023-08-17,2355.1207729468606,4045.0430672268903,3837.706134453782,1539.9141176470603,3561.2999999999993
2023-08-18,-1944.0048780487814,3562.4646218487387,3295.621483050847,1048.3584937238502,2503.233830845771
2023-08-19,-1734.5673076923085,1597.173474576271,1670.265254237288,759.5073640167366,1745.8457711442788
2023-08-20,-1930.1826923076915,552.1638655462185,509.9201260504201,151.41523012552307,4294.8267326732675
2023-08-21,-1580.004926108375,4108.542616033756,3703.549240506329,1895.3167364016736,3878.148514851484
2023-08-22,3056.1497584541066,3793.501772151899,3627.951308016878,1539.2302092050195,3865.4285714285725
2023-08-23,-1604.8599033816427,4000.4928691983123,3622.6526160337553,1482.2113924050627,2039.0891089108918
2023-08-24,1206.1207729468606,2597.033067226891,3056.5161344537823,-286.3858823529408,3823.2999999999993
2023-08-25,5627.995121951219,3853.564621848739,3508.3214830508477,1198.138493723849,3991.233830845771
2023-08-26,-2267.5673076923085,1989.173474576271,1792.745254237288,895.6973640167362,1841.8457711442788
2023-08-27,2046.8173076923085,666.1038655462186,614.5701260504202,224.1252301255231,3787.8267326732675
2023-08-28,223.995073891625,3949.2826160337554,3689.1092405063287,1467.9567364016748,2276.148514851484
2023-08-29,2004.1497584541066,3667.9417721518976,3437.701308016878,1195.1202092050207,2195.4285714285725
2023-08-30,2044.1400966183573,2808.3828691983117,3104.772616033755,281.1213924050626,2682.089108910892
2023-08-31,-1063.8792270531394,3104.323067226891,3234.036134453782,180.7641176470588,2127.2999999999993
2023-09-01,3366.9951219512186,2359.8846218487397,2805.4414830508476,-468.78150627615105,1268.233830845771
2023-09-02,-1722.5673076923085,1188.9734745762712,1356.2152542372883,-4.642635983263517,1396.8457711442788
2023-09-03,3328.8173076923085,627.6638655462185,609.9301260504201,158.2652301255232,3569.8267326732675
2023-09-04,-1963.004926108375,3608.932616033755,3549.749240506329,1145.3967364016735,2983.148514851484
2023-09-05,2039.1497584541066,3496.461772151898,3431.2113080168783,1069.9402092050204,2785.4285714285725
2023-09-06,-3472.8599033816427,3437.062869198312,3431.262616033755,784.6713924050637,3000.089108910892
2023-09-07,2772.1207729468606,2977.8530672268917,3259.9861344537817,124.64411764705983,3371.2999999999993
2023-09-08,2975.9951219512186,3544.2446218487394,3420.961483050847,886.9884937238494,3085.233830845771
2023-09-09,-907.5673076923085,1590.4134745762713,1585.0452542372882,299.1873640167364,2291.845771144279
2023-09-10,-2936.1826923076915,687.1938655462185,650.7101260504202,214.3852301255231,3337.8267326732675
2023-09-11,1118.995073891625,3653.092616033755,3510.5692405063287,1252.7167364016732,3575.148514851484
2023-09-12,4324.149758454107,3810.9017721518985,3722.361308016878,1413.0502092050192,3475.4285714285725
2023-09-13,4867.140096618357,3743.5328691983113,3657.022616033755,1299.8413924050637,2948.089108910892
2023-09-14,-1021.8792270531394,2928.9230672268914,3581.536134453782,603.9941176470602,3134.2999999999993
2023-09-15,2425.9951219512186,3218.984621848739,3359.3814830508472,767.8584937238502,1327.233830845771
2023-09-16,484.43269230769147,1150.023474576271,654.9952542372882,158.31736401673606,819.8457711442788
2023-09-17,-2184.1826923076915,366.48386554621845,579.5501260504201,55.885230125523094,4512.8267326732675
2023-09-18,2484.995073891625,3901.182616033755,3667.419240506329,1620.006736401674,3700.148514851484
2023-09-19,-1584.8502415458934,3831.451772151898,3905.1313080168784,1865.4402092050204,3236.4285714285725
2023-09-20,480.14009661835735,3652.1228691983115,3726.352616033755,1395.8213924050633,2610.089108910892
2023-09-21,1521.1207729468606,2845.8030672268906,3283.6961344537817,371.0541176470597,4873.299999999999
2023-09-22,2002.9951219512186,3916.2946218487405,3716.0714830508477,1452.6084937238502,3514.233830845771
2023-09-23,3580.4326923076915,2275.0734745762707,2084.8652542372884,1255.937364016736,2151.845771144279
2023-09-24,-2606.1826923076915,761.3538655462186,706.86012605042,375.7452301255232,5271.8267326732675
2023-09-25,2123.995073891625,4644.022616033755,4098.34924050633,2143.9867364016736,4851.148514851484
2023-09-26,1839.1497584541066,4005.2717721518975,4055.0113080168776,2080.1502092050196,4228.4285714285725
2023-09-27,1467.1400966183573,3198.6228691983115,3041.8226160337554,295.5113924050638,-2930.910891089108
2023-09-28,738.1207729468606,-3415.626932773109,-994.2438655462181,-7475.52588235294,-2701.7000000000007
2023-09-29,-6755.004878048781,-4768.77537815126,-1982.5085169491526,-8879.07150627615,2780.233830845771
2023-09-30,-1214.5673076923085,-1517.726525423729,-508.54474576271184,-2906.9126359832635,6255.845771144279
2023-10-01,2503.8173076923085,69.5538655462185,237.2801260504201,-486.69476987447683,-3438.1732673267325
2023-10-02,3067.995073891625,-2448.077383966245,-523.6107594936709,-5901.9732635983255,-6183.851485148516
2023-10-03,-2450.8502415458934,-2429.758227848102,-439.5686919831219,-6267.84979079498,1372.4285714285725
2023-10-04,9380.140096618357,2894.7928691983116,3098.212616033755,48.43139240506389,2790.089108910892
2023-10-05,-1910.8792270531394,3919.653067226891,3674.626134453782,1092.4241176470587,3322.2999999999993
2023-10-06,-3473.0048780487814,4125.414621848739,4001.421483050847,1487.3684937238504,3056.233830845771
2023-10-07,-1691.5673076923085,2063.4534745762708,1897.1952542372883,985.9773640167359,1596.8457711442788
2023-10-08,-5937.1826923076915,428.3138655462184,476.10012605042016,-63.094769874476924,-3371.1732673267325
2023-10-09,-4390.004926108375,-1111.297383966245,356.80924050632893,-4266.953263598326,2968.148514851484
2023-10-10,-655.8502415458934,3242.761772151899,3482.6313080168784,614.7602092050201,3443.4285714285725
2023-10-11,-316.85990338164265,3865.682869198311,3733.4926160337545,1321.7113924050627,3283.089108910892
2023-10-12,-911.8792270531394,1574.703067226891,3757.0561344537823,1085.56411764706,3211.2999999999993
2023-10-13,-3032.0048780487814,428.6446218487399,3572.831483050847,1216.3984937238492,2514.233830845771
2023-10-14,464.43269230769147,325.4534745762712,1840.8352542372882,663.8873640167367,2042.8457711442788
2023-10-15,-3120.1826923076915,212.21386554621847,732.6601260504202,343.59523012552313,3215.8267326732675
2023-10-16,2676.995073891625,475.06261603375515,3602.709240506329,1498.666736401674,3220.148514851484
2023-10-17,-1426.8502415458934,611.9817721518984,3867.5113080168776,1412.7002092050207,2831.4285714285725
2023-10-18,-1940.8599033816427,1916.2328691983112,3623.6226160337546,1112.3313924050635,2841.089108910892
2023-10-19,1203.1207729468606,1685.783067226891,3571.866134453782,737.9341176470589,2247.2999999999993
2023-10-20,-3312.0048780487814,1852.2646218487398,3393.4814830508476,726.1584937238495,2440.233830845771
2023-10-21,-1668.5673076923085,923.653474576271,1708.8852542372883,399.92736401673665,2178.845771144279
2023-10-22,4542.8173076923085,681.3838655462185,717.8001260504201,357.6052301255231,2967.8267326732675
2023-10-23,1521.995073891625,3231.0426160337547,3518.7792405063287,1353.2267364016734,3119.148514851484
2023-10-24,1667.1497584541066,3636.9417721518976,3670.831308016878,1094.92020920502,3236.4285714285725
2023-10-25,-2274.8599033816427,3756.682869198311,3750.8726160337546,1274.3413924050637,2898.089108910892
2023-10-26,3079.1207729468606,3533.2930672268903,3610.2261344537824,872.0641176470599,2920.2999999999993
2023-10-27,5217.995121951219,3387.9146218487394,3316.6914830508476,611.5384937238505,3048.233830845771
2023-10-28,-98.56730769230853,1631.3034745762711,1596.705254237288,392.7173640167366,2512.845771144279
2023-10-29,-991.1826923076915,688.9038655462185,631.7801260504201,230.73523012552323,2980.8267326732675
2023-10-30,6098.995073891625,3360.2926160337547,3349.999240506329,892.1667364016739,2384.148514851484
2023-10-31,-2254.8502415458934,3471.9817721518984,3664.061308016878,1140.2002092050207,1925.4285714285725
2023-11-01,1969.1400966183573,1966.8728691983115,3141.892616033755,326.5813924050635,2050.089108910892
2023-11-02,2500.1207729468606,1197.1830672268907,3334.3561344537816,292.10411764705896,2174.2999999999993
2023-11-03,103.99512195121861,1248.27462184874,3083.7214830508474,231.8784937238488,1620.233830845771
2023-11-04,4796.4326923076915,340.13347457627106,1168.3652542372884,-122.24263598326388,1005.8457711442788
2023-11-05,276.81730769230853,299.0638655462184,626.0301260504201,136.80523012552317,1747.8267326732675
2023-11-06,-381.004926108375,1208.6526160337553,3052.7792405063287,170.78673640167472,2439.148514851484
2023-11-07,-1339.8502415458934,1667.3517721518983,3412.401308016878,564.3502092050203,2719.4285714285725
2023-11-08,-341.85990338164265,1677.2828691983113,3358.9126160337546,689.0413924050627,2635.089108910892
2023-11-09,1232.1207729468606,1670.5230672268908,3653.456134453782,527.5741176470601,2274.2999999999993
2023-11-10,1517.9951219512186,1673.2946218487396,3269.411483050847,407.64849372384924,2230.233830845771
2023-11-11,2069.4326923076915,647.753474576271,1418.7552542372882,146.04736401673608,1406.8457711442788
2023-11-12,2723.8173076923085,461.1938655462185,686.9701260504202,322.0052301255232,2702.8267326732675
2023-11-13,2136.995073891625,1712.2026160337546,3301.409240506329,709.4967364016738,2354.148514851484
2023-11-14,5251.149758454107,1573.4117721518987,3471.611308016878,734.4802092050195,2639.4285714285725
2023-11-15,43.14009661835735,1402.8728691983115,3180.7826160337545,497.391392405063,2373.089108910892
2023-11-16,3188.1207729468606,1373.653067226891,3199.426134453782,66.00411764705859,2234.2999999999993
2023-11-17,-2640.0048780487814,1493.8346218487395,3163.3614830508477,235.6084937238502,1577.233830845771
2023-11-18,-2167.5673076923085,592.0134745762712,936.4252542372881,49.5273640167361,1646.8457711442788
2023-11-19,-3049.1826923076915,345.63386554621854,621.0401260504201,133.2552301255232,3232.8267326732675
2023-11-20,1420.995073891625,1866.592616033755,3350.7392405063288,885.5667364016736,2888.148514851484
2023-11-21,1079.1497584541066,1823.0317721518986,3518.6713080168784,1073.2202092050193,2965.4285714285725
2023-11-22,1184.1400966183573,1753.812869198312,3395.472616033755,785.6113924050624,2392.089108910892
2023-11-23,-2374.8792270531394,1635.0930672268905,3358.086134453782,578.98411764706,2601.2999999999993
2023-11-24,2940.9951219512186,1768.27462184874,3343.421483050847,616.8384937238498,2148.233830845771
2023-11-25,5292.4326923076915,806.4934745762712,1575.325254237288,273.6673640167364,1777.8457711442788
2023-11-26,-4903.1826923076915,238.8038655462184,539.2901260504201,-23.234769874476797,2891.8267326732675
2023-11-27,5877.995073891625,1294.7726160337552,2919.709240506329,273.61673640167464,2410.148514851484
2023-11-28,6766.149758454107,1682.9517721518987,3336.581308016878,591.7602092050201,2139.4285714285725
2023-11-29,-17.859903381642653,1647.4228691983117,3187.772616033755,607.1113924050624,1922.0891089108918
2023-11-30,-2054.8792270531394,1252.2730672268908,3112.6361344537822,53.99411764706019,1347.2999999999993
2023-12-01,-247.0048780487814,1336.2646218487398,3067.2214830508474,121.08849372384975,672.2338308457711
2023-12-02,8209.432692307691,492.713474576271,1314.705254237288,-102.92263598326372,1047.8457711442788
2023-12-03,-246.18269230769147,225.9338655462185,523.7301260504202,8.625230125523103,2007.8267326732675
2023-12-04,6402.995073891625,1238.6326160337549,2086.209240506329,603.4867364016736,1857.148514851484
2023-12-05,-2078.8502415458934,1610.3517721518983,-2237.968691983122,644.0302092050206,1441.4285714285725
2023-12-06,1635.1400966183573,1531.6328691983117,-2254.197383966245,633.271392405064,1589.0891089108918
2023-12-07,-5782.879227053139,1139.5830672268912,-2292.293865546218,165.48411764705997,1779.2999999999993
2023-12-08,5665.995121951219,1499.1546218487392,-2219.2785169491526,683.4584937238506,1263.233830845771
2023-12-09,-1842.5673076923085,640.2434745762712,-1055.4147457627118,177.0273640167361,965.8457711442788
2023-12-10,-907.1826923076915,166.88386554621843,-356.99987394957986,-16.464769874476815,730.8267326732675
2023-12-11,1483.995073891625,1469.8226160337545,-2086.080759493671,363.05673640167333,1579.148514851484
2023-12-12,9602.149758454107,1739.6917721518985,-2237.968691983122,840.1602092050198,1975.4285714285725
2023-12-13,-4912.859903381643,1605.5928691983117,-2254.197383966245,1110.5813924050635,1434.0891089108918
2023-12-14,2895.1207729468606,1442.033067226891,-2292.293865546218,144.82411764706012,811.2999999999993
2023-12-15,1968.9951219512186,254.42462184873966,-2219.2785169491526,-761.4315062761507,498.2338308457711
2023-12-16,-1655.5673076923085,504.76347457627116,-1055.4147457627118,-161.17263598326372,276.84577114427884
2023-12-17,876.8173076923085,252.8038655462184,-356.99987394957986,3.875230125523103,1721.8267326732675
2023-12-18,-4565.004926108375,1577.5326160337545,-2086.080759493671,799.4667364016732,1907.148514851484
2023-12-19,2370.1497584541066,1863.291772151898,-2237.968691983122,1052.0302092050206,2041.4285714285725
2023-12-20,-6727.859903381643,1647.7728691983111,-2254.197383966245,494.15139240506323,1842.0891089108918
2023-12-21,7299.120772946861,1358.5130672268906,-2292.293865546218,206.30411764705968,1197.2999999999993
2023-12-22,-6020.004878048781,1164.0046218487396,-2219.2785169491526,92.32849372384953,951.2338308457711
2023-12-23,3980.4326923076915,353.5734745762711,-1055.4147457627118,55.697364016736174,518.8457711442788
2023-12-24,-2555.1826923076915,-108.96613445378148,-356.99987394957986,-424.9647698744768,-5807.1732673267325
2023-12-25,1468.995073891625,-2662.877383966245,-2086.080759493671,-5489.453263598326,989.1485148514839
2023-12-26,-2494.8502415458934,919.461772151898,-2237.968691983122,314.040209205019,1907.4285714285725
2023-12-27,5500.140096618357,1708.6728691983117,-2254.197383966245,1173.391392405063,892.0891089108918
2023-12-28,1416.1207729468606,1288.5130672268906,-2292.293865546218,362.3041176470597,-295.7000000000007
2023-12-29,-2019.0048780487814,791.0846218487395,-2219.2785169491526,-132.49150627615018,242.23383084577108
2023-12-30,16.432692307691468,192.03347457627115,-1055.4147457627118,-190.73263598326366,1373.8457711442788
2023-12-31,-4302.1826923076915,-219.34613445378147,-356.99987394957986,-594.5447698744769,-5493.1732673267325
2024-01-01,1235.995073891625,-3957.097383966245,-2086.080759493671,-7339.163263598326,-1166.851485148516
2024-01-02,365.14975845410663,465.60177215189833,-2237.968691983122,-1115.7597907949803,-2.571428571427532
2024-01-03,-1349.8599033816427,1575.062869198312,-2254.197383966245,436.0613924050631,402.0891089108918
2024-01-04,682.1207729468606,1467.653067226891,-2292.293865546218,529.7641176470588,115.29999999999927
2024-01-05,-3806.0048780487814,1336.2146218487396,-2219.2785169491526,547.6284937238488,62.23383084577108
2024-01-06,2616.4326923076915,367.26347457627116,-1055.4147457627118,82.69736401673617,-391.15422885572116
2024-01-07,-2327.1826923076915,171.49386554621844,-356.99987394957986,-9.184769874476842,773.8267326732675
2024-01-08,73.995073891625,1472.7926160337547,-2086.080759493671,651.2567364016741,154.14851485148392
2024-01-09,-2586.8502415458934,1554.8517721518983,-2237.968691983122,662.210209205019,360.42857142857247
2024-01-10,-3016.8599033816427,1335.4628691983116,-2254.197383966245,62.81139240506309,855.0891089108918
2024-01-11,47.1207729468606,1581.403067226891,-2292.293865546218,590.4941176470602,1239.2999999999993
2024-01-12,3341.9951219512186,1615.77462184874,-2219.2785169491526,775.7984937238489,322.2338308457711
2024-01-13,250.43269230769147,600.5534745762711,-1055.4147457627118,258.86736401673625,157.84577114427884
2024-01-14,-1437.1826923076915,115.35386554621846,-356.99987394957986,-90.64476987447688,659.8267326732675
2024-01-15,4377.995073891625,1685.842616033755,-2086.080759493671,969.7167364016732,425.1485148514839
2024-01-16,2111.1497584541066,1478.6617721518987,-2237.968691983122,873.4802092050195,957.4285714285725
2024-01-17,2650.1400966183573,1879.6728691983117,-2254.197383966245,971.5413924050627,-268.9108910891082
2024-01-18,-4755.879227053139,1457.863067226891,-2292.293865546218,-220.14588235294104,966.2999999999993
2024-01-19,-1790.0048780487814,1274.8246218487393,-2219.2785169491526,205.9984937238496,-926.7661691542289
2024-01-20,-2063.5673076923085,461.7234745762712,-1055.4147457627118,-74.48263598326366,-290.15422885572116
2024-01-21,-2083.1826923076915,212.47386554621846,-356.99987394957986,35.84523012552313,1138.8267326732675
2024-01-22,-2158.004926108375,1518.802616033755,-2086.080759493671,642.1567364016737,908.1485148514839
2024-01-23,6026.149758454107,1396.0817721518988,-2237.968691983122,573.0902092050201,794.4285714285725
2024-01-24,-3664.8599033816427,1121.3628691983113,-2254.197383966245,121.98139240506316,673.0891089108918
2024-01-25,2666.1207729468606,1281.9130672268911,-2292.293865546218,169.55411764705968,875.2999999999993
2024-01-26,-3505.0048780487814,1499.6346218487397,-2219.2785169491526,1171.6884937238501,377.2338308457711
2024-01-27,2572.4326923076915,582.443474576271,-1055.4147457627118,367.04736401673654,-27.154228855721158
2024-01-28,2249.8173076923085,316.24386554621844,-356.99987394957986,238.33523012552314,1490.8267326732675
2024-01-29,-2798.004926108375,1868.4626160337548,-2086.080759493671,1256.9867364016736,1518.148514851484
2024-01-30,2824.1497584541066,1751.251772151898,-2237.968691983122,1247.5802092050199,677.4285714285725
2024-01-31,2189.1400966183573,1312.852869198312,-2254.197383966245,221.39139240506302,292.0891089108918
2024-02-01,180.1207729468606,1099.7230672268906,-2292.293865546218,-205.15588235294126,913.2999999999993
2024-02-02,5812.995121951219,1696.9746218487398,-2219.2785169491526,1113.6484937238492,-66.76616915422892
2024-02-03,-690.5673076923085,592.3934745762713,-1055.4147457627118,372.93736401673596,-704.1542288557212
2024-02-04,3085.8173076923085,232.99386554621844,-356.99987394957986,56.545230125523176,1323.8267326732675
2024-02-05,4226.995073891625,1488.7726160337552,-2086.080759493671,217.79673640167312,2642.148514851484
2024-02-06,729.1497584541066,1943.131772151898,-2237.968691983122,1288.3102092050194,3245.4285714285725
2024-02-07,-5067.859903381643,1946.0228691983111,-2254.197383966245,1419.7013924050625,1854.0891089108918
2024-02-08,3959.1207729468606,436.7030672268911,-2292.293865546218,-1030.2058823529405,-5798.700000000001
2024-02-09,-1888.0048780487814,-3838.06537815126,-2219.2785169491526,-7437.08150627615,804.2338308457711
2024-02-11,-6946.1826923076915,-284.7161344537815,-356.99987394957986,-706.8047698744768,-3408.1732673267325
2024-02-12,3453.995073891625,-3371.117383966245,-2086.080759493671,-6606.373263598326,-450.8514851485161
2024-02-13,4172.149758454107,693.6217721518988,-2237.968691983122,-809.8097907949796,854.4285714285725
2024-02-14,-3721.8599033816427,1334.182869198312,-2254.197383966245,417.641392405063,988.0891089108918
2024-02-15,1508.1207729468606,1221.1630672268911,-2292.293865546218,434.7041176470593,1205.2999999999993
2024-02-16,-4617.004878048781,1290.3046218487398,-2219.2785169491526,569.4784937238492,447.2338308457711
2024-02-17,-747.5673076923085,619.8534745762709,-1055.4147457627118,640.5773640167363,-211.15422885572116
2024-02-18,5166.8173076923085,356.5938655462186,-356.99987394957986,285.83523012552314,1049.8267326732675
2024-02-19,-3596.004926108375,870.2126160337548,-2086.080759493671,-161.92326359832623,972.1485148514839
2024-02-20,-5571.850241545893,1101.5117721518982,-2237.968691983122,62.330209205019855,140.42857142857247
2024-02-21,417.14009661835735,845.1228691983115,-2254.197383966245,-748.9486075949371,849.0891089108918
2024-02-22,4963.120772946861,878.6730672268905,-2292.293865546218,-422.76588235294,1362.2999999999993
2024-02-23,-3705.0048780487814,1322.02462184874,-2219.2785169491526,641.9084937238495,395.2338308457711
2024-02-24,1246.4326923076915,627.153474576271,-1055.4147457627118,447.49736401673636,157.84577114427884
2024-02-25,8636.817307692309,211.91386554621852,-356.99987394957986,95.5152301255232,2398.8267326732675
2024-02-26,-4538.004926108375,1653.762616033755,-2086.080759493671,1273.7167364016732,2022.148514851484
2024-02-27,7562.149758454107,1969.0317721518986,-2237.968691983122,1073.8202092050196,2537.4285714285725
2024-02-28,8490.140096618357,1911.5428691983116,-2254.197383966245,792.021392405064,1464.0891089108918
2024-02-29,5038.120772946861,1062.363067226891,-2292.293865546218,-70.32588235294133,-4941.700000000001
2024-03-01,7592.995121951219,-2232.3253781512603,-2219.2785169491526,-4942.681506276151,-781.7661691542289
2024-03-02,88.43269230769147,-73.69652542372887,-1055.4147457627118,-527.2326359832637,412.84577114427884
2024-03-03,13984.817307692309,164.91386554621852,-356.99987394957986,-34.43476987447684,1278.8267326732675
2024-03-04,8391.995073891625,1858.682616033755,-2086.080759493671,1394.506736401674,509.1485148514839
2024-03-05,-2121.8502415458934,1279.5617721518984,-2237.968691983122,-155.83979079498022,1427.4285714285725
2024-03-06,1344.1400966183573,2057.0928691983117,-2254.197383966245,1261.521392405064,1231.0891089108918
2024-03-07,-1581.8792270531394,1966.8330672268912,-2292.293865546218,1014.1341176470596,1259.2999999999993
2024-03-08,2675.9951219512186,1877.5046218487396,-2219.2785169491526,1309.84849372385,237.23383084577108
2024-03-09,3475.4326923076915,693.463474576271,-1055.4147457627118,361.24736401673636,201.84577114427884
2024-03-10,-4348.1826923076915,206.6938655462185,-356.99987394957986,70.23523012552323,2164.8267326732675
2024-03-11,1319.995073891625,1940.602616033755,-2086.080759493671,1338.6067364016744,1574.148514851484
2024-03-12,11878.149758454107,1618.8317721518988,-2237.968691983122,590.5302092050206,1850.4285714285725
2024-03-13,2305.1400966183573,2224.682869198312,-2254.197383966245,1420.8613924050624,1973.0891089108918
2024-03-14,-4528.879227053139,1925.1230672268912,-2292.293865546218,1027.2841176470592,1668.2999999999993
2024-03-15,11431.995121951219,1852.0346218487393,-2219.2785169491526,1459.51849372385,1279.233830845771
2024-03-16,-2420.5673076923085,685.1034745762709,-1055.4147457627118,274.01736401673634,757.8457711442788
2024-03-17,571.8173076923085,354.08386554621836,-356.99987394957986,240.5052301255232,2463.8267326732675
2024-03-18,3726.995073891625,2126.842616033755,-2086.080759493671,1445.7667364016743,2460.148514851484
2024-03-19,3631.1497584541066,2054.1817721518983,-2237.968691983122,1519.00020920502,1883.4285714285725
2024-03-20,-2843.8599033816427,2152.5828691983115,-2254.197383966245,1511.1913924050623,1497.0891089108918
2024-03-21,-464.8792270531394,2037.0930672268905,-2292.293865546218,1256.1641176470603,880.2999999999993
2024-03-22,-1005.0048780487814,2052.404621848739,-2219.2785169491526,1034.5784937238495,204.23383084577108
2024-03-23,8272.432692307691,665.0334745762711,-1055.4147457627118,358.49736401673636,-688.1542288557212
2024-03-24,-891.1826923076915,167.35386554621846,-356.99987394957986,-41.43476987447684,946.8267326732675
2024-03-25,2063.995073891625,1754.2926160337547,-2086.080759493671,1253.6467364016735,432.1485148514839
2024-03-26,3259.1497584541066,1258.341772151898,-2237.968691983122,243.70020920502066,1368.4285714285725
2024-03-27,1049.1400966183573,1951.0028691983116,-2254.197383966245,1471.1913924050623,-568.9108910891082
2024-03-28,3800.1207729468606,486.0230672268908,-2292.293865546218,-634.5658823529411,174.29999999999927
2024-03-29,-1695.0048780487814,1467.85462184874,-2219.2785169491526,370.5484937238489,356.2338308457711
2024-03-30,5841.4326923076915,909.1034745762709,-1055.4147457627118,460.397364016736,278.84577114427884
2024-03-31,-1665.1826923076915,376.58386554621836,-356.99987394957986,175.3852301255231,494.82673267326754
2024-04-01,4538.995073891625,1990.4826160337552,-2086.080759493671,1088.6967364016746,502.1485148514839
2024-04-02,1264.1497584541066,2003.3017721518981,-2237.968691983122,1088.8802092050191,-1339.5714285714275
2024-04-03,725.1400966183573,595.6128691983113,-2254.197383966245,-605.2886075949373,426.0891089108918
2024-04-04,3637.1207729468606,1329.3130672268908,-2292.293865546218,241.3841176470596,995.2999999999993
2024-04-05,-1548.0048780487814,2266.0746218487393,-2219.2785169491526,1052.4984937238496,50.23383084577108
2024-04-06,4702.4326923076915,857.0934745762711,-1055.4147457627118,455.897364016736,-242.15422885572116
2024-04-07,4567.8173076923085,332.33386554621836,-356.99987394957986,191.8752301255231,1326.8267326732675
2024-04-08,-4503.004926108375,1883.142616033755,-2086.080759493671,1250.8967364016735,1417.148514851484
2024-04-09,4210.149758454107,2182.331772151899,-2237.968691983122,1433.8102092050194,-7418.5714285714275
2024-04-10,-2353.8599033816427,-1710.0671308016886,-2254.197383966245,-4514.138607594937,401.0891089108918
2024-04-11,1581.1207729468606,1705.3030672268906,-2292.293865546218,718.1141176470592,243.29999999999927
2024-04-12,-782.0048780487814,1813.5446218487396,-2219.2785169491526,1061.3784937238488,-109.76616915422892
2024-04-13,3096.4326923076915,1008.923474576271,-1055.4147457627118,505.93736401673596,-477.15422885572116
2024-04-14,-3083.1826923076915,345.36386554621856,-356.99987394957986,254.1352301255231,285.82673267326754
2024-04-15,3452.995073891625,783.6926160337553,-2086.080759493671,588.9667364016732,983.1485148514839
2024-04-16,2835.1497584541066,1294.251772151898,-2237.968691983122,595.9402092050204,1122.4285714285725
2024-04-17,-138.85990338164265,1928.9728691983119,-2254.197383966245,984.1113924050624,763.0891089108918
2024-04-18,-6316.879227053139,1773.3430672268905,-2292.293865546218,760.3141176470599,625.2999999999993
2024-04-19,5111.995121951219,1626.7946218487396,-2219.2785169491526,858.09849372385,-848.7661691542289
2024-04-20,-5667.5673076923085,440.68347457627124,-1055.4147457627118,358.37736401673646,-899.1542288557212
2024-04-21,-1416.1826923076915,320.2038655462185,-356.99987394957986,188.0152301255232,1490.8267326732675
2024-04-22,3871.995073891625,1786.592616033755,-2086.080759493671,1030.8867364016733,876.1485148514839
2024-04-23,154.14975845410663,2125.5217721518984,-2237.968691983122,1126.540209205019,744.4285714285725
2024-04-24,2914.1400966183573,1622.3428691983117,-2254.197383966245,565.5413924050627,816.0891089108918
2024-04-25,9829.12077294686,1901.1630672268911,-2292.293865546218,779.1141176470592,447.2999999999993
2024-04-26,-6150.004878048781,1543.6146218487393,-2219.2785169491526,746.3784937238488,218.23383084577108
2024-04-27,-1374.5673076923085,862.7634745762712,-1055.4147457627118,301.9273640167362,-518.1542288557212
2024-04-28,4470.8173076923085,471.63386554621854,-356.99987394957986,396.67523012552306,305.82673267326754
2024-04-29,159.995073891625,1286.1226160337546,-2086.080759493671,313.80673640167333,1548.148514851484
2024-04-30,4955.149758454107,1815.131772151898,-2237.968691983122,1376.0302092050206,-7435.5714285714275
2024-05-01,-727.8599033816427,-2299.3771308016885,-2254.197383966245,-5517.6686075949365,222.0891089108918
2024-05-02,-166.8792270531394,2100.5430672268913,-2292.293865546218,1032.9241176470587,832.2999999999993
2024-05-03,1819.9951219512186,2454.7046218487394,-2219.2785169491526,1796.5784937238495,1670.233830845771
2024-05-04,2578.4326923076915,911.3734745762708,-1055.4147457627118,426.4773640167359,-710.1542288557212
2024-05-05,3410.8173076923085,55.153865546218526,-356.99987394957986,-118.06476987447672,-6110.1732673267325
2024-05-06,1083.995073891625,-2585.7473839662453,-2086.080759493671,-5341.803263598325,536.1485148514839
2024-05-07,-2479.8502415458934,1871.0817721518988,-2237.968691983122,569.4102092050198,1097.4285714285725
2024-05-08,-1759.8599033816427,2265.4028691983112,-2254.197383966245,1404.141392405063,802.0891089108918
2024-05-09,-2358.8792270531394,2130.4230672268905,-2292.293865546218,1046.0741176470601,265.2999999999993
2024-05-10,11127.995121951219,2176.26462184874,-2219.2785169491526,1259.3784937238488,-595.7661691542289
2024-05-11,-4252.5673076923085,790.3334745762709,-1055.4147457627118,478.4473640167362,-1056.1542288557212
2024-05-12,4504.8173076923085,153.27386554621842,-356.99987394957986,-6.854769874476915,1142.8267326732675
2024-05-13,-1161.004926108375,2225.3626160337553,-2086.080759493671,1690.4067364016737,1791.148514851484
2024-05-14,1998.1497584541066,2412.7417721518987,-2237.968691983122,1534.9002092050196,-6499.5714285714275
2024-05-15,-2083.8599033816427,-1737.3771308016885,-2254.197383966245,-4432.228607594937,926.0891089108918
2024-05-16,-5960.879227053139,2384.2230672268906,-2292.293865546218,1185.5041176470586,599.2999999999993
2024-05-17,773.9951219512186,2544.694621848739,-2219.2785169491526,1878.2384937238494,48.23383084577108
2024-05-18,2855.4326923076915,1136.6434745762713,-1055.4147457627118,673.7273640167359,-448.15422885572116
2024-05-19,149.81730769230853,379.0338655462184,-356.99987394957986,233.3752301255231,687.8267326732675
2024-05-20,1474.995073891625,2390.6526160337553,-2086.080759493671,1685.9767364016734,405.1485148514839
2024-05-21,1245.1497584541066,1961.8117721518984,-2237.968691983122,1134.3502092050203,577.4285714285725
2024-05-22,7600.140096618357,2149.522869198311,-2254.197383966245,1406.6113924050624,411.0891089108918
2024-05-23,-6183.879227053139,2220.523067226891,-2292.293865546218,884.0441176470595,718.2999999999993
2024-05-24,-1348.0048780487814,1883.10462184874,-2219.2785169491526,885.7484937238496,-387.7661691542289
2024-05-25,-339.56730769230853,757.423474576271,-1055.4147457627118,358.9473640167362,-932.1542288557212
2024-05-26,677.8173076923085,188.5638655462185,-356.99987394957986,33.19523012552327,562.8267326732675
2024-05-27,4264.995073891625,2040.1526160337553,-2086.080759493671,1002.7667364016743,93.14851485148392
2024-05-28,-2063.8502415458934,1863.8617721518985,-2237.968691983122,955.42020920502,22.428571428572468
2024-05-29,-48.85990338164265,1808.6528691983112,-2254.197383966245,948.7213924050629,9.08910891089181
2024-05-30,4931.120772946861,1315.3930672268907,-2292.293865546218,676.6741176470587,-487.7000000000007
2024-05-31,-2710.0048780487814,1820.4546218487394,-2219.2785169491526,1043.6084937238502,-575.7661691542289
2024-06-01,3775.4326923076915,675.8634745762711,-1055.4147457627118,162.66736401673643,-713.1542288557212
2024-06-02,-97.18269230769147,408.96386554621847,-356.99987394957986,307.82523012552315,294.82673267326754
2024-06-03,498.995073891625,2867.632616033755,-2086.080759493671,1237.8267364016738,701.1485148514839
2024-06-04,-4052.8502415458934,3732.471772151898,-2237.968691983122,1071.1502092050196,1686.4285714285725
2024-06-05,-792.8599033816427,3662.0028691983107,-2254.197383966245,1068.1613924050635,-5718.910891089108
2024-06-06,-2185.8792270531394,-1292.096932773109,-2292.293865546218,-4890.7858823529405,-128.70000000000073
2024-06-07,505.9951219512186,2821.0946218487397,-2219.2785169491526,202.1284937238488,-1959.766169154229
2024-06-08,-1171.5673076923085,911.7034745762712,-1055.4147457627118,93.74736401673636,-438.15422885572116
2024-06-09,222.81730769230853,480.36386554621856,-356.99987394957986,93.72523012552324,581.8267326732675
2024-06-10,-3795.004926108375,3535.022616033755,-2086.080759493671,1466.4467364016746,750.1485148514839
2024-06-11,-1406.8502415458934,3723.011772151899,-2237.968691983122,1292.00020920502,204.42857142857247
2024-06-12,2510.1400966183573,3605.802869198312,-2254.197383966245,1184.6113924050624,-9.91089108910819
2024-06-13,-1887.8792270531394,3454.413067226891,-2292.293865546218,687.3841176470596,352.2999999999993
2024-06-14,-3014.0048780487814,3643.7446218487394,-2219.2785169491526,1059.7384937238494,-641.7661691542289
2024-06-15,5294.4326923076915,1549.963474576271,-1055.4147457627118,425.4773640167359,-254.15422885572116
2024-06-16,-2151.1826923076915,562.7638655462184,-356.99987394957986,153.04523012552318,506.82673267326754
2024-06-17,2188.995073891625,3496.852616033755,-2086.080759493671,1269.7667364016743,425.1485148514839
2024-06-18,384.14975845410663,3942.1517721518985,-2237.968691983122,1278.8802092050191,467.42857142857247
2024-06-19,-4368.859903381643,3700.0328691983113,-2254.197383966245,1009.3613924050624,218.0891089108918
2024-06-20,3077.1207729468606,1798.1330672268905,-2292.293865546218,486.42411764705867,-180.70000000000073
2024-06-21,-557.0048780487814,312.5146218487398,-2219.2785169491526,1082.6284937238488,-1300.766169154229
2024-06-22,863.4326923076915,-98.18652542372911,-1055.4147457627118,283.4573640167364,-664.1542288557212
2024-06-23,-668.1826923076915,144.3038655462185,-356.99987394957986,47.50523012552321,854.8267326732675
2024-06-24,3388.995073891625,1571.722616033755,-2086.080759493671,1295.8267364016738,683.1485148514839
2024-06-25,-1512.8502415458934,1810.041772151898,-2237.968691983122,1352.9702092050193,850.4285714285725
2024-06-26,-441.85990338164265,1928.9428691983112,-2254.197383966245,1292.1713924050637,-148.9108910891082
2024-06-27,381.1207729468606,862.4830672268909,-2292.293865546218,220.73411764705997,-356.7000000000007
2024-06-28,-3049.0048780487814,1402.5546218487398,-2219.2785169491526,559.5484937238489,-1398.766169154229
2024-06-29,221.43269230769147,211.73347457627096,-1055.4147457627118,33.367364016736246,-1822.1542288557212
2024-06-30,4762.8173076923085,173.0538655462185,-356.99987394957986,60.895230125523085,-360.17326732673246
2024-07-01,-2319.004926108375,1041.342616033755,-2086.080759493671,303.67673640167413,-1604.851485148516
2024-07-02,2980.1497584541066,-560.6282278481012,-2237.968691983122,-547.3597907949807,-717.5714285714275
2024-07-03,-3268.8599033816427,941.1328691983117,-2254.197383966245,-128.22860759493597,-290.9108910891082
2024-07-04,4291.120772946861,1426.0830672268912,-2292.293865546218,476.0141176470588,-690.7000000000007
2024-07-05,-2740.0048780487814,1287.9146218487394,-2219.2785169491526,537.1584937238495,-980.7661691542289
2024-07-06,-4104.5673076923085,224.943474576271,-1055.4147457627118,-236.60263598326355,-803.1542288557212
2024-07-07,2399.8173076923085,95.84386554621847,-356.99987394957986,-55.844769874476924,25.826732673267543
2024-07-08,-1762.004926108375,1174.7726160337552,-2086.080759493671,644.336736401674,-877.8514851485161
2024-07-09,-4076.8502415458934,1043.8017721518981,-2237.968691983122,148.8502092050203,-1127.5714285714275
2024-07-10,4061.1400966183573,552.5328691983113,-2254.197383966245,-751.148607594936,91.08910891089181
2024-07-11,330.1207729468606,722.823067226891,-2292.293865546218,138.11411764705917,260.2999999999993
2024-07-12,-749.0048780487814,1187.8746218487395,-2219.2785169491526,339.3584937238502,-436.7661691542289
2024-07-13,-711.5673076923085,287.5534745762711,-1055.4147457627118,-44.1926359832637,-1454.1542288557212
2024-07-14,-859.1826923076915,15.713865546218472,-356.99987394957986,-50.92476987447685,-54.17326732673246
2024-07-15,-67.004926108375,758.5326160337545,-2086.080759493671,184.9567364016748,-894.8514851485161
2024-07-16,-1546.8502415458934,-244.11822784810192,-2237.968691983122,-621.2497907949801,30.428571428572468
2024-07-17,-49.85990338164265,930.4228691983117,-2254.197383966245,680.1313924050628,-612.9108910891082
2024-07-18,-3638.8792270531394,682.4730672268906,-2292.293865546218,128.2641176470588,-622.7000000000007
2024-07-19,1953.9951219512186,344.4646218487396,-2219.2785169491526,-435.60150627615076,-563.7661691542289
2024-07-20,44.43269230769147,153.5934745762711,-1055.4147457627118,-322.2926359832636,-515.1542288557212
2024-07-21,465.81730769230853,170.16386554621852,-356.99987394957986,-8.624769874476897,773.8267326732675
2024-07-22,-833.004926108375,1943.6526160337553,-2086.080759493671,1156.9367364016744,738.1485148514839
2024-07-23,1674.1497584541066,1785.9417721518985,-2237.968691983122,1242.1902092050204,-134.57142857142753
2024-07-24,1639.1400966183573,1229.0028691983116,-2254.197383966245,840.9413924050623,266.0891089108918
2024-07-25,-776.8792270531394,1469.9330672268907,-2292.293865546218,679.7641176470588,288.2999999999993
2024-07-26,460.9951219512186,1272.8346218487395,-2219.2785169491526,557.6884937238501,-245.76616915422892
2024-07-27,4081.4326923076915,250.37347457627084,-1055.4147457627118,-118.85263598326355,-206.15422885572116
2024-07-28,-4130.1826923076915,125.13386554621843,-356.99987394957986,-3.584769874476933,-35.17326732673246
2024-07-29,1984.995073891625,851.762616033755,-2086.080759493671,-93.91326359832601,-1323.851485148516
2024-07-30,-3071.8502415458934,616.7317721518984,-2237.968691983122,-615.6097907949807,-2052.5714285714275
2024-07-31,4023.1400966183573,-51.837130801688545,-2254.197383966245,-1790.4586075949364,-2926.910891089108
2024-08-01,-4498.879227053139,-869.4969327731087,-2292.293865546218,-3112.265882352941,-5846.700000000001
2024-08-02,6980.995121951219,-1403.2253781512604,-2219.2785169491526,-3716.0015062761504,-646.7661691542289
2024-08-03,-1652.5673076923085,-473.74652542372905,-1055.4147457627118,-1112.1726359832637,-387.15422885572116
2024-08-04,-3673.1826923076915,28.903865546218526,-356.99987394957986,-86.96476987447681,-1060.1732673267325
2024-08-05,-2084.004926108375,755.1326160337549,-2086.080759493671,-483.82326359832587,-749.8514851485161
2024-08-06,875.1497584541066,1257.5717721518986,-2237.968691983122,-534.8097907949796,-901.5714285714275
2024-08-07,-3087.8599033816427,1026.4728691983119,-2254.197383966245,-498.0586075949377,-298.9108910891082
2024-08-08,-1099.8792270531394,1096.903067226891,-2292.293865546218,-213.15588235294126,-222.70000000000073
2024-08-09,-1006.0048780487814,1131.6746218487397,-2219.2785169491526,32.258493723849824,-554.7661691542289
2024-08-10,356.43269230769147,244.96347457627098,-1055.4147457627118,-113.09263598326379,-586.1542288557212
2024-08-11,907.8173076923085,105.24386554621844,-356.99987394957986,-36.204769874476824,755.8267326732675
2024-08-12,-6599.004926108375,1729.0426160337547,-2086.080759493671,851.8467364016742,747.1485148514839
2024-08-13,-2731.8502415458934,1969.9317721518983,-2237.968691983122,1230.460209205019,1745.4285714285725
2024-08-14,-2748.8599033816427,1769.8628691983113,-2254.197383966245,261.0713924050633,-6015.910891089108
2024-08-15,1451.1207729468606,-2424.3969327731093,-2292.293865546218,-5433.81588235294,-895.7000000000007
2024-08-16,2027.9951219512186,906.5846218487395,-2219.2785169491526,-170.90150627615003,-404.7661691542289
2024-08-17,-6508.5673076923085,246.75347457627095,-1055.4147457627118,-44.6926359832637,-314.15422885572116
2024-08-18,6868.8173076923085,141.4338655462185,-356.99987394957986,-0.2747698744767604,1003.8267326732675
2024-08-19,-2392.004926108375,1814.392616033755,-2086.080759493671,1080.7167364016732,-4236.851485148516
2024-08-20,-2105.8502415458934,1337.1417721518983,-2237.968691983122,-4998.07979079498,-518.5714285714275
2024-08-21,-1912.8599033816427,960.4328691983119,-2254.197383966245,-51.42860759493669,-305.9108910891082
2024-08-22,1352.1207729468606,1223.743067226891,-2292.293865546218,-85.87588235294061,407.2999999999993
2024-08-23,-1282.0048780487814,1646.60462184874,-2219.2785169491526,542.7984937238489,-483.7661691542289
2024-08-24,1241.4326923076915,471.5234745762709,-1055.4147457627118,104.81736401673606,-514.1542288557212
2024-08-25,2063.8173076923085,182.5638655462185,-356.99987394957986,43.45523012552326,567.8267326732675
2024-08-27,-106.85024154589337,1724.4917721518987,-2237.968691983122,758.2202092050193,18.428571428572468
2024-08-28,1370.1400966183573,1556.5528691983118,-2254.197383966245,737.0013924050636,-480.9108910891082
2024-08-29,-368.8792270531394,1310.8930672268907,-2292.293865546218,-2341.0358823529405,-3757.7000000000007
2024-08-30,82.99512195121861,1619.9246218487397,-2219.2785169491526,433.51849372385004,-527.7661691542289
2024-08-31,-3850.5673076923085,434.13347457627106,-1055.4147457627118,-85.12263598326354,-523.1542288557212
2024-09-01,1070.8173076923085,218.22386554621846,-356.99987394957986,-8.27476987447676,-169.17326732673246
2024-09-02,5246.995073891625,1920.302616033755,-2086.080759493671,933.9467364016746,-210.85148514851608
2024-09-03,-8479.850241545893,1811.8517721518983,-2237.968691983122,1009.8702092050207,77.42857142857247
2024-09-04,-922.8599033816427,1794.1628691983115,-2254.197383966245,1125.5713924050633,372.0891089108918
2024-09-05,1690.1207729468606,1591.2130672268904,-2292.293865546218,542.8841176470596,617.2999999999993
2024-09-06,-3077.0048780487814,2037.6246218487395,-2219.2785169491526,880.968493723849,-214.76616915422892
2024-09-07,-1877.5673076923085,733.4334745762712,-1055.4147457627118,279.1873640167364,-752.1542288557212
2024-09-08,2466.8173076923085,332.48386554621845,-356.99987394957986,185.32523012552315,1305.8267326732675
2024-09-09,-6205.004926108375,2307.9926160337545,-2086.080759493671,1737.0667364016736,1209.148514851484
2024-09-10,1829.1497584541066,2183.831772151899,-2237.968691983122,1687.8802092050191,1312.4285714285725
2024-09-11,2096.1400966183573,1603.5428691983116,-2254.197383966245,1099.8613924050624,1168.0891089108918
2024-09-12,1937.1207729468606,2246.5930672268905,-2292.293865546218,1377.1741176470587,1302.2999999999993
2024-09-13,1233.9951219512186,1420.0546218487398,-2219.2785169491526,534.3984937238492,-305.7661691542289
2024-09-14,55.43269230769147,284.713474576271,-1055.4147457627118,80.22736401673637,1910.8457711442788
2024-09-15,-3992.1826923076915,13.603865546218458,-356.99987394957986,-280.83476987447693,-5964.1732673267325
2024-09-16,-4120.004926108375,-4036.9773839662453,-2086.080759493671,-7533.163263598326,-5857.851485148516
2024-09-17,-2157.8502415458934,-4854.338227848101,-2237.968691983122,-8921.289790794981,-5116.5714285714275
2024-09-18,-6289.859903381643,-3918.9271308016887,-2254.197383966245,-7691.868607594937,-2021.9108910891082
2024-09-19,-4290.879227053139,566.2430672268911,-2292.293865546218,-1200.26588235294,-1336.7000000000007
2024-09-20,1660.9951219512186,1015.3246218487393,-2219.2785169491526,-99.70150627615112,-3670.766169154229
2024-09-21,1460.4326923076915,-455.1965254237289,-1055.4147457627118,-325.5726359832638,-2038.1542288557212
2024-09-22,-1575.1826923076915,230.6838655462185,-356.99987394957986,50.55523012552317,367.82673267326754
2024-09-23,-2910.004926108375,1994.0326160337545,-2086.080759493671,1078.2267364016734,690.1485148514839
2024-09-24,199.14975845410663,2037.7617721518982,-2237.968691983122,1165.92020920502,526.4285714285725
2024-09-26,-2820.8792270531394,1506.2230672268906,-2292.293865546218,696.6641176470603,1024.2999999999993
2024-09-27,-5051.004878048781,2074.6746218487397,-2219.2785169491526,1014.9784937238492,414.2338308457711
2024-09-28,6325.4326923076915,963.213474576271,-1055.4147457627118,575.4173640167364,-493.15422885572116
2024-09-29,-2790.1826923076915,389.9238655462185,-356.99987394957986,207.19523012552327,2254.8267326732675
2024-09-30,-1637.004926108375,1971.2026160337546,-2086.080759493671,1422.2967364016731,-5145.851485148516
2024-10-01,4720.149758454107,-945.8582278481017,-2237.968691983122,-3316.6497907949797,1108.4285714285725
2024-10-02,-2961.8599033816427,2141.1628691983115,-2254.197383966245,954.8213924050633,-7392.910891089108
2024-10-03,-2790.8792270531394,-2116.866932773109,-2292.293865546218,-5259.69588235294,-477.7000000000007
2024-10-04,-532.0048780487814,1245.4946218487394,-2219.2785169491526,321.3584937238502,-196.76616915422892
2024-10-05,-2747.5673076923085,678.8534745762709,-1055.4147457627118,299.12736401673646,-1043.1542288557212
2024-10-06,2319.8173076923085,270.0538655462184,-356.99987394957986,63.16523012552307,-95.17326732673246
2024-10-07,-2143.004926108375,1671.9626160337548,-2086.080759493671,795.3167364016736,1242.148514851484
2024-10-08,50.14975845410663,2042.0117721518982,-2237.968691983122,1167.4402092050204,-6336.5714285714275
2024-10-09,-4165.859903381643,-1377.0671308016886,-2254.197383966245,-4199.648607594937,555.0891089108918
2024-10-10,-3632.8792270531394,1746.283067226891,-2292.293865546218,589.4941176470602,1065.2999999999993
2024-10-11,-79.00487804878139,2024.9646218487396,-2219.2785169491526,1492.9184937238497,-347.7661691542289
2024-10-12,-113.56730769230853,805.3234745762711,-1055.4147457627118,501.0273640167361,-301.15422885572116
2024-10-13,-2066.1826923076915,348.75386554621844,-356.99987394957986,212.95523012552326,773.8267326732675
2024-10-14,1856.995073891625,1828.142616033755,-2086.080759493671,1165.0567364016733,176.14851485148392
2024-10-15,-1655.8502415458934,687.921772151898,-2237.968691983122,208.42020920502,447.42857142857247
2024-10-16,4930.140096618357,1895.7628691983118,-2254.197383966245,1277.2113924050627,280.0891089108918
2024-10-17,-4863.879227053139,1962.6330672268905,-2292.293865546218,619.9541176470593,-973.7000000000007
2024-10-18,-1898.0048780487814,1339.1646218487394,-2219.2785169491526,371.95849372385055,-1279.766169154229
2024-10-19,-1367.5673076923085,528.423474576271,-1055.4147457627118,-186.18263598326394,-636.1542288557212
2024-10-20,-625.1826923076915,438.73386554621845,-356.99987394957986,290.2952301255232,800.8267326732675
2024-10-21,-3037.004926108375,1986.012616033755,-2086.080759493671,1468.7867364016747,-1293.851485148516
2024-10-22,-100.85024154589337,-310.1182278481019,-2237.968691983122,-741.1797907949804,-1393.5714285714275
2024-10-25,2334.9951219512186,1654.7446218487394,-2219.2785169491526,838.0384937238505,249.23383084577108
2024-10-26,-2755.5673076923085,703.3434745762711,-1055.4147457627118,299.11736401673625,-625.1542288557212
2024-10-27,-3900.1826923076915,390.8538655462186,-356.99987394957986,288.9052301255231,-126.17326732673246
2024-10-28,1620.995073891625,1894.302616033755,-2086.080759493671,1430.1067364016744,13.148514851483924
2024-10-29,-2762.8502415458934,2100.3917721518983,-2237.968691983122,1246.1802092050202,-57.57142857142753
2024-10-30,-4117.859903381643,1864.182869198312,-2254.197383966245,1261.4013924050632,-131.9108910891082
2024-12-30,2551.995073891625,1608.7726160337552,-2086.080759493671,822.8567364016744,-14354.851485148516
2024-12-31,-350.85024154589337,518.421772151898,-2237.968691983122,-1308.0497907949803,-8804.571428571428
2025-01-01,-3501.8599033816427,-3966.5871308016885,-2254.197383966245,-7645.208607594937,-1946.9108910891082
2025-01-02,-811.8792270531394,419.073067226891,-2292.293865546218,-1287.0058823529398,-1030.7000000000007
2025-01-03,4214.995121951219,1251.2146218487396,-2219.2785169491526,-30.931506276150685,-2029.766169154229
2025-01-04,-2858.5673076923085,254.5934745762711,-1055.4147457627118,-175.33263598326357,-1717.1542288557212
2025-01-05,-1768.1826923076915,126.62386554621844,-356.99987394957986,-108.52476987447676,-337.17326732673246
2025-01-07,-1504.8502415458934,1292.5617721518984,-2237.968691983122,375.7202092050193,-907.5714285714275
2025-01-08,-298.85990338164265,1145.0328691983113,-2254.197383966245,42.211392405062725,-1080.9108910891082
2025-01-11,-3791.5673076923085,784.9734745762712,-1055.4147457627118,-257.7926359832636,-1532.1542288557212
2025-01-12,-2328.1826923076915,401.21386554621847,-356.99987394957986,-6.184769874476842,396.82673267326754
2025-01-13,-2406.004926108375,3044.172616033755,-2086.080759493671,645.2467364016738,-12.851485148516076
2025-01-14,3373.1497584541066,3272.421772151899,-2237.968691983122,725.2402092050197,-202.57142857142753
2025-01-15,1073.1400966183573,3324.692869198311,-2254.197383966245,814.5313924050624,-51.91089108910819
2025-01-16,-1634.8792270531394,3002.6330672268905,-2292.293865546218,495.4441176470591,-398.7000000000007
2025-01-17,462.9951219512186,3236.3446218487397,-2219.2785169491526,646.8084937238491,-1102.766169154229
2025-01-18,-3237.5673076923085,1205.063474576271,-1055.4147457627118,293.62736401673646,-1247.1542288557212
2025-01-19,573.8173076923085,406.86386554621856,-356.99987394957986,18.84523012552313,968.8267326732675
2025-01-20,-4913.004926108375,3639.8626160337553,-2086.080759493671,947.8567364016744,1162.148514851484
2025-01-21,10323.149758454107,3625.9417721518976,-2237.968691983122,1056.790209205019,1036.4285714285725
2025-01-22,-2471.8599033816427,3792.762869198311,-2254.197383966245,1140.5313924050624,1405.0891089108918
2025-01-25,-983.5673076923085,1324.093474576271,-1055.4147457627118,589.7673640167359,-1026.1542288557212
2025-01-26,3708.8173076923085,265.49386554621844,-356.99987394957986,-122.41476987447686,-5668.1732673267325
2025-01-27,718.995073891625,-2019.9173839662453,-2086.080759493671,-5542.903263598326,-8195.851485148516
2025-01-28,2028.1497584541066,-4271.198227848102,-2237.968691983122,-8381.30979079498,-7371.5714285714275
2025-01-29,-6483.859903381643,-4715.247130801688,-2254.197383966245,-8880.638607594938,-6889.910891089108
2025-01-30,-3870.8792270531394,-4178.826932773109,-2292.293865546218,-8467.065882352941,-4092.7000000000007
2025-08-17,-5042.1826923076915,-813.0361344537815,-356.99987394957986,35.98523012552323,-9675.173267326732
2025-08-18,-4021.004926108375,-4799.907383966245,-2086.080759493671,241.42673640167413,275.1485148514839
2025-08-19,-3604.8502415458934,-5158.188227848102,-2237.968691983122,491.92020920502,158.42857142857247
2025-08-20,1806.1400966183573,-5069.457130801688,-2254.197383966245,275.28139240506243,-303.9108910891082
2025-08-21,-2649.8792270531394,-5306.766932773109,-2292.293865546218,-453.5658823529411,-384.7000000000007
2025-08-22,-1775.0048780487814,-5106.49537815126,-2219.2785169491526,-144.52150627615083,-1120.766169154229
2025-08-23,250.43269230769147,-2319.116525423729,-1055.4147457627118,-13.742635983263881,-1335.1542288557212
2025-08-24,310.81730769230853,-813.0361344537815,-356.99987394957986,7.065230125523158,160.82673267326754
2025-08-26,-1842.8502415458934,-5158.188227848102,-2237.968691983122,217.5502092050192,-576.5714285714275
2025-08-27,-4534.859903381643,-5069.457130801688,-2254.197383966245,512.601392405064,-413.9108910891082
2025-08-28,6924.120772946861,-5306.766932773109,-2292.293865546218,346.7041176470593,-819.7000000000007
2025-08-29,-2654.0048780487814,-5106.49537815126,-2219.2785169491526,9.058493723849097,-1446.766169154229
2025-08-30,-2249.5673076923085,-2319.116525423729,-1055.4147457627118,-146.12263598326354,-1780.1542288557212
2025-08-31,3147.8173076923085,-813.0361344537815,-356.99987394957986,-41.32476987447694,-1589.1732673267325
2025-09-01,1617.995073891625,-4799.907383966245,-2086.080759493671,-189.92326359832623,-1417.851485148516
2025-09-02,-1005.8502415458934,-5158.188227848102,-2237.968691983122,-550.789790794981,-728.5714285714275
2025-09-03,-6735.859903381643,-5069.457130801688,-2254.197383966245,-308.0386075949373,-952.9108910891082
2025-09-04,-2520.8792270531394,-5306.766932773109,-2292.293865546218,-276.20588235294053,-1280.7000000000007
2025-09-05,-3406.0048780487814,-5106.49537815126,-2219.2785169491526,-276.90150627615003,-1545.766169154229
2025-09-06,2208.4326923076915,-2319.116525423729,-1055.4147457627118,-356.26263598326386,-1603.1542288557212
2025-09-07,4019.8173076923085,-813.0361344537815,-356.99987394957986,57.185230125523276,-78.17326732673246
2025-09-08,-6537.004926108375,-4799.907383966245,-2086.080759493671,272.42673640167413,-1197.851485148516
2025-09-09,646.1497584541066,-5158.188227848102,-2237.968691983122,-343.67979079498036,-627.5714285714275
2025-09-10,-1851.8599033816427,-5069.457130801688,-2254.197383966245,426.60139240506396,-628.9108910891082
2025-09-11,1716.1207729468606,-5306.766932773109,-2292.293865546218,-84.12588235294061,-917.7000000000007
2025-09-12,-1280.0048780487814,-5106.49537815126,-2219.2785169491526,65.25849372384982,-2539.766169154229
2025-09-13,-850.5673076923085,-2319.116525423729,-1055.4147457627118,-628.7226359832639,-1178.1542288557212
2025-09-14,-691.1826923076915,-813.0361344537815,-356.99987394957986,132.16523012552307,-260.17326732673246
2025-09-15,-2413.004926108375,-4799.907383966245,-2086.080759493671,145.18673640167435,-600.8514851485161
2025-09-16,-1481.8502415458934,-5158.188227848102,-2237.968691983122,261.6002092050203,-783.5714285714275
2025-09-17,4452.140096618357,-5069.457130801688,-2254.197383966245,415.7113924050627,-1011.9108910891082
2025-09-18,1758.1207729468606,-5306.766932773109,-2292.293865546218,-242.83588235293973,-582.7000000000007
2025-09-19,-1695.0048780487814,-5106.49537815126,-2219.2785169491526,-140.80150627614967,-1638.766169154229
2025-09-20,-1828.5673076923085,-2319.116525423729,-1055.4147457627118,-377.0626359832636,-1257.1542288557212
2025-09-21,3197.8173076923085,-813.0361344537815,-356.99987394957986,110.72523012552324,471.82673267326754
2025-09-22,-6011.004926108375,-4799.907383966245,-2086.080759493671,235.9067364016737,309.1485148514839
2025-09-23,-2811.8502415458934,-5158.188227848102,-2237.968691983122,455.83020920501986,142.42857142857247
2025-09-24,-2737.8599033816427,-5069.457130801688,-2254.197383966245,382.0813924050635,-7345.910891089108
2025-09-25,424.1207729468606,-5306.766932773109,-2292.293865546218,58.21411764705954,-331.7000000000007
2025-09-26,6503.995121951219,-5106.49537815126,-2219.2785169491526,254.5584937238491,-1126.766169154229
2025-09-27,-1059.5673076923085,-2319.116525423729,-1055.4147457627118,331.6073640167365,-1391.1542288557212
2025-09-28,682.8173076923085,-813.0361344537815,-356.99987394957986,385.96523012552325,1190.8267326732675
2025-09-29,-2282.004926108375,-4799.907383966245,-2086.080759493671,1458.8167364016736,804.1485148514839
2025-09-30,-484.85024154589337,-5158.188227848102,-2237.968691983122,1057.3702092050207,1180.4285714285725
2025-10-01,301.14009661835735,-5069.457130801688,-2254.197383966245,659.3413924050637,-319.9108910891082
2025-10-02,-2010.8792270531394,-5306.766932773109,-2292.293865546218,-258.0458823529407,-8369.7
2025-10-03,1356.9951219512186,-5106.49537815126,-2219.2785169491526,-5421.33150627615,-585.7661691542289
2025-10-04,-2522.5673076923085,-2319.116525423729,-1055.4147457627118,-1433.5226359832636,766.8457711442788
2025-10-05,-4664.1826923076915,-813.0361344537815,-356.99987394957986,-570.3547698744768,-6627.1732673267325
2025-10-06,-3965.004926108375,-4799.907383966245,-2086.080759493671,-8144.153263598326,-5865.851485148516
2025-10-07,-7442.850241545893,-5158.188227848102,-2237.968691983122,-8483.33979079498,-7907.5714285714275
2025-10-08,2980.1400966183573,-5069.457130801688,-2254.197383966245,-7681.748607594936,-8931.910891089108
2025-10-09,-4223.879227053139,-5306.766932773109,-2292.293865546218,-7253.585882352941,-4597.700000000001
2025-10-10,-3162.0048780487814,-5106.49537815126,-2219.2785169491526,-2200.06150627615,-2306.766169154229
2025-10-11,-3149.5673076923085,-2319.116525423729,-1055.4147457627118,-364.4426359832637,-1994.1542288557212
2025-10-12,-7575.1826923076915,-813.0361344537815,-356.99987394957986,28.10523012552312,-332.17326732673246
2025-10-13,1577.995073891625,-4799.907383966245,-2086.080759493671,501.18673640167435,-1008.8514851485161
2025-10-14,-2107.8502415458934,-5158.188227848102,-2237.968691983122,56.520209205020365,100.42857142857247
2025-10-15,-2207.8599033816427,-5069.457130801688,-2254.197383966245,861.2013924050625,-296.9108910891082
2025-10-16,-6735.879227053139,-5306.766932773109,-2292.293865546218,-617.895882352941,-1045.7000000000007
2025-10-17,-1546.0048780487814,-5106.49537815126,-2219.2785169491526,46.47849372384917,-2146.766169154229
2025-10-18,-2861.5673076923085,-2319.116525423729,-1055.4147457627118,-242.60263598326355,-1581.1542288557212
2025-10-19,725.8173076923085,-813.0361344537815,-356.99987394957986,232.14523012552309,-15.173267326732457
2025-10-20,-2878.004926108375,-4799.907383966245,-2086.080759493671,651.8167364016736,117.14851485148392
2025-10-21,-5914.850241545893,-5158.188227848102,-2237.968691983122,484.08020920501986,-29.571428571427532
2025-10-22,-1746.8599033816427,-5069.457130801688,-2254.197383966245,152.79139240506265,-484.9108910891082
2025-10-23,-535.8792270531394,-5306.766932773109,-2292.293865546218,-297.1858823529401,-585.7000000000007
2025-10-24,-519.0048780487814,-5106.49537815126,-2219.2785169491526,-55.741506276150176,-1541.766169154229
2025-10-25,-6171.5673076923085,-2319.116525423729,-1055.4147457627118,101.07736401673628,-1129.1542288557212
2025-10-26,-118.18269230769147,-813.0361344537815,-356.99987394957986,387.7852301255232,38.82673267326754
2025-10-27,3095.995073891625,-4799.907383966245,-2086.080759493671,626.4667364016732,-688.8514851485161
2025-10-29,-556.8599033816427,-5069.457130801688,-2254.197383966245,464.6213924050626,-934.9108910891082
2025-10-30,2171.1207729468606,-5306.766932773109,-2292.293865546218,91.11411764705917,-1283.7000000000007
2025-10-31,-401.0048780487814,-5106.49537815126,-2219.2785169491526,-39.111506276150976,-1743.766169154229
2025-11-01,-962.5673076923085,-2319.116525423729,-1055.4147457627118,-209.3126359832636,-1236.1542288557212
2025-11-02,-5657.1826923076915,-813.0361344537815,-356.99987394957986,167.6252301255231,-677.1732673267325
2025-11-03,-2689.004926108375,-4799.907383966245,-2086.080759493671,406.4567364016748,-1215.851485148516
2025-11-04,-4923.850241545893,-5158.188227848102,-2237.968691983122,254.09020920502007,-872.5714285714275
2025-11-05,-625.8599033816427,-5069.457130801688,-2254.197383966245,114.11139240506236,-1003.9108910891082
2025-11-06,8451.12077294686,-5306.766932773109,-2292.293865546218,-153.59588235293995,-1390.7000000000007
2025-11-07,-5000.004878048781,-5106.49537815126,-2219.2785169491526,-27.501506276150394,-2095.766169154229
2025-11-08,-2423.5673076923085,-2319.116525423729,-1055.4147457627118,-344.2926359832636,-1337.1542288557212
2025-11-09,-2565.1826923076915,-813.0361344537815,-356.99987394957986,91.28523012552319,-99.17326732673246
2025-11-11,-1068.8502415458934,-5158.188227848102,-2237.968691983122,-48.6997907949808,-722.5714285714275
2025-11-12,-2147.8599033816427,-5069.457130801688,-2254.197383966245,355.29139240506265,-607.9108910891082
2025-11-13,-5185.879227053139,-5306.766932773109,-2292.293865546218,-255.46588235294075,-1215.7000000000007
2025-11-14,-3012.0048780487814,-5106.49537815126,-2219.2785169491526,-63.881506276149594,-1809.766169154229
2025-11-17,-3502.004926108375,-4799.907383966245,-2086.080759493671,372.9567364016748,-577.8514851485161
2025-11-18,-3685.8502415458934,-5158.188227848102,-2237.968691983122,394.42020920502,-604.5714285714275
2025-11-19,1446.1400966183573,-5069.457130801688,-2254.197383966245,212.6813924050639,-377.9108910891082
2025-11-20,-2208.8792270531394,-5306.766932773109,-2292.293865546218,-111.87588235294061,-1048.7000000000007
2025-11-22,-2962.5673076923085,-2319.116525423729,-1055.4147457627118,-94.85263598326355,-1316.1542288557212
2025-11-23,5209.8173076923085,-813.0361344537815,-356.99987394957986,91.3752301255231,-153.17326732673246
2025-11-24,-5836.004926108375,-4799.907383966245,-2086.080759493671,443.5367364016747,-789.8514851485161
2025-11-25,-2057.8502415458934,-5158.188227848102,-2237.968691983122,354.02020920502036,-174.57142857142753
2025-11-26,2038.1400966183573,-5069.457130801688,-2254.197383966245,268.72139240506294,-960.9108910891082
2025-11-27,7496.120772946861,-5306.766932773109,-2292.293865546218,-171.9358823529401,-3549.7000000000007
2025-11-28,-2773.0048780487814,-5106.49537815126,-2219.2785169491526,-136.30150627614967,-2059.766169154229
2025-11-29,-3698.5673076923085,-2319.116525423729,-1055.4147457627118,-266.9426359832637,-1434.1542288557212
2025-11-30,-5059.1826923076915,-813.0361344537815,-356.99987394957986,-47.92476987447685,-1073.1732673267325
2025-12-01,-1671.004926108375,-4799.907383966245,-2086.080759493671,183.38673640167326,-1523.851485148516
2025-12-02,-2085.8502415458934,-5158.188227848102,-2237.968691983122,-12.229790794979635,-1103.5714285714275
2025-12-03,533.1400966183573,-5069.457130801688,-2254.197383966245,-193.4386075949369,-1370.9108910891082
2025-12-04,3230.1207729468606,-5306.766932773109,-2292.293865546218,-491.5458823529407,-1746.7000000000007
2025-12-05,-3700.0048780487814,-5106.49537815126,-2219.2785169491526,-123.67150627615047,-2375.766169154229
2025-12-07,-673.1826923076915,-813.0361344537815,-356.99987394957986,-86.25476987447678,-561.1732673267325
2025-12-08,-3723.004926108375,-4799.907383966245,-2086.080759493671,402.2167364016732,-1012.8514851485161
2025-12-09,-6121.850241545893,-5158.188227848102,-2237.968691983122,518.1802092050202,-765.5714285714275
2025-12-10,-1431.8599033816427,-5069.457130801688,-2254.197383966245,320.2613924050638,-810.9108910891082
2025-12-11,392.1207729468606,-5306.766932773109,-2292.293865546218,-200.01588235294003,-959.7000000000007
2025-12-12,1608.9951219512186,-5106.49537815126,-2219.2785169491526,100.29849372384888,-2261.766169154229
2025-12-13,-8105.5673076923085,-2319.116525423729,-1055.4147457627118,-179.2926359832636,-1695.1542288557212
2025-12-14,343.81730769230853,-813.0361344537815,-356.99987394957986,46.56523012552316,-54.17326732673246
2025-12-15,-1254.004926108375,-4799.907383966245,-2086.080759493671,681.5267364016745,-191.85148514851608
2025-12-16,-3109.8502415458934,-5158.188227848102,-2237.968691983122,157.84020920502007,-496.57142857142753
2025-12-17,-1829.8599033816427,-5069.457130801688,-2254.197383966245,1.4213924050636706,-398.9108910891082
2025-12-18,-542.8792270531394,-5306.766932773109,-2292.293865546218,-79.90588235294126,-813.7000000000007
2025-12-19,-96.00487804878139,-5106.49537815126,-2219.2785169491526,-221.7615062761506,-2210.766169154229
2025-12-20,-458.56730769230853,-2319.116525423729,-1055.4147457627118,-332.0826359832636,-1773.1542288557212
2025-12-21,-2544.1826923076915,-813.0361344537815,-356.99987394957986,-31.334769874476933,298.82673267326754
2025-12-22,3341.995073891625,-4799.907383966245,-2086.080759493671,641.1867364016744,202.14851485148392
2025-12-23,-6391.850241545893,-5158.188227848102,-2237.968691983122,339.5002092050199,-161.57142857142753
2025-12-24,3411.1400966183573,-5069.457130801688,-2254.197383966245,-211.96860759493757,-8995.910891089108
2025-12-25,4528.120772946861,-5306.766932773109,-2292.293865546218,-6447.875882352941,-2595.7000000000007
2025-12-26,-2946.0048780487814,-5106.49537815126,-2219.2785169491526,-1092.9315062761507,-2863.766169154229
2025-12-27,367.43269230769147,-2319.116525423729,-1055.4147457627118,-208.42263598326372,-1836.1542288557212
2025-12-28,-538.1826923076915,-813.0361344537815,-356.99987394957986,-61.864769874476906,-315.17326732673246
2025-12-29,-3202.004926108375,-4799.907383966245,-2086.080759493671,331.2867364016747,-1461.851485148516
2025-12-30,-1615.8502415458934,-5158.188227848102,-2237.968691983122,-195.05979079497956,-2416.5714285714275
2025-12-31,-1362.8599033816427,-5069.457130801688,-2254.197383966245,-1969.3686075949372,-9929.910891089108
